# https://github.com/mikedh/trimesh
v 0.07656827 -0.01592296 0.00000000
v 0.07647370 -0.01496268 0.00547232
v 0.07620137 -0.01219769 0.01028460
v 0.07578414 -0.00796148 0.01385641
v 0.07527233 -0.00276499 0.01575692
v 0.07328657 0.01739677 0.01575692
v 0.07277476 0.02259325 0.01385641
v 0.07235753 0.02682947 0.01028460
v 0.07208520 0.02959446 0.00547232
v 0.07199062 0.03055473 0.00000000
v 0.07855778 -0.01475742 0.00505577
v 0.08011816 -0.01181192 0.00950173
v 0.08106122 -0.00744173 0.01280165
v 0.08127321 -0.00217396 0.01455750
v 0.07928745 0.01798780 0.01455750
v 0.07805184 0.02311300 0.01280165
v 0.07627432 0.02721524 0.00950173
v 0.07416928 0.02979972 0.00505577
v 0.08032458 -0.01458340 0.00386952
v 0.08343866 -0.01148488 0.00727231
v 0.08553492 -0.00700111 0.00979796
v 0.08636050 -0.00167290 0.01114183
v 0.08437474 0.01848886 0.01114183
v 0.08252554 0.02355362 0.00979796
v 0.07959482 0.02754228 0.00727231
v 0.07593608 0.02997374 0.00386952
v 0.08150512 -0.01446713 0.00209417
v 0.08565735 -0.01126636 0.00393575
v 0.08852414 -0.00670670 0.00530262
v 0.08975973 -0.00133811 0.00602991
v 0.08777397 0.01882365 0.00602991
v 0.08551477 0.02384803 0.00530262
v 0.08181351 0.02776080 0.00393575
v 0.07711662 0.03009001 0.00209417
v 0.08191967 -0.01442630 0.00000000
v 0.08643645 -0.01118962 0.00000000
v 0.08957382 -0.00660331 0.00000000
v 0.09095338 -0.00122054 0.00000000
v 0.08896762 0.01894122 0.00000000
v 0.08656444 0.02395142 0.00000000
v 0.08259261 0.02783753 0.00000000
v 0.07753117 0.03013084 0.00000000
v 0.08150512 -0.01446713 -0.00209417
v 0.08565735 -0.01126636 -0.00393575
v 0.08852414 -0.00670670 -0.00530262
v 0.08975973 -0.00133811 -0.00602991
v 0.08777397 0.01882365 -0.00602991
v 0.08551477 0.02384803 -0.00530262
v 0.08181351 0.02776080 -0.00393575
v 0.07711662 0.03009001 -0.00209417
v 0.08032458 -0.01458340 -0.00386952
v 0.08343866 -0.01148488 -0.00727231
v 0.08553492 -0.00700111 -0.00979796
v 0.08636050 -0.00167290 -0.01114183
v 0.08437474 0.01848886 -0.01114183
v 0.08252554 0.02355362 -0.00979796
v 0.07959482 0.02754228 -0.00727231
v 0.07593608 0.02997374 -0.00386952
v 0.07855778 -0.01475742 -0.00505577
v 0.08011816 -0.01181192 -0.00950173
v 0.08106122 -0.00744173 -0.01280165
v 0.08127321 -0.00217396 -0.01455750
v 0.07928745 0.01798780 -0.01455750
v 0.07805184 0.02311300 -0.01280165
v 0.07627432 0.02721524 -0.00950173
v 0.07416928 0.02979972 -0.00505577
v 0.07647370 -0.01496268 -0.00547232
v 0.07620137 -0.01219769 -0.01028460
v 0.07578414 -0.00796148 -0.01385641
v 0.07527233 -0.00276499 -0.01575692
v 0.07328657 0.01739677 -0.01575692
v 0.07277476 0.02259325 -0.01385641
v 0.07235753 0.02682947 -0.01028460
v 0.07208520 0.02959446 -0.00547232
v 0.07438961 -0.01516795 -0.00505577
v 0.07228457 -0.01258346 -0.00950173
v 0.07050705 -0.00848123 -0.01280165
v 0.06927145 -0.00335603 -0.01455750
v 0.06728569 0.01680573 -0.01455750
v 0.06749768 0.02207350 -0.01280165
v 0.06844073 0.02644370 -0.00950173
v 0.07000112 0.02938919 -0.00505577
v 0.07262281 -0.01534196 -0.00386952
v 0.06896407 -0.01291050 -0.00727231
v 0.06603336 -0.00892185 -0.00979796
v 0.06418415 -0.00385708 -0.01114183
v 0.06219839 0.01630468 -0.01114183
v 0.06302398 0.02163288 -0.00979796
v 0.06512023 0.02611665 -0.00727231
v 0.06823432 0.02921518 -0.00386952
v 0.07144227 -0.01545824 -0.00209417
v 0.06674539 -0.01312902 -0.00393575
v 0.06304413 -0.00921626 -0.00530262
v 0.06078493 -0.00419188 -0.00602991
v 0.05879917 0.01596988 -0.00602991
v 0.06003475 0.02133847 -0.00530262
v 0.06290155 0.02589813 -0.00393575
v 0.06705378 0.02909891 -0.00209417
v 0.07102772 -0.01549907 -0.00000000
v 0.06596629 -0.01320576 -0.00000000
v 0.06199445 -0.00931964 -0.00000000
v 0.05959128 -0.00430944 -0.00000000
v 0.05760552 0.01585232 -0.00000000
v 0.05898507 0.02123509 -0.00000000
v 0.06212245 0.02582140 -0.00000000
v 0.06663923 0.02905808 -0.00000000
v 0.07144227 -0.01545824 0.00209417
v 0.06674539 -0.01312902 0.00393575
v 0.06304413 -0.00921626 0.00530262
v 0.06078493 -0.00419188 0.00602991
v 0.05879917 0.01596988 0.00602991
v 0.06003475 0.02133847 0.00530262
v 0.06290155 0.02589813 0.00393575
v 0.06705378 0.02909891 0.00209417
v 0.07262281 -0.01534196 0.00386952
v 0.06896407 -0.01291050 0.00727231
v 0.06603336 -0.00892185 0.00979796
v 0.06418415 -0.00385708 0.01114183
v 0.06219839 0.01630468 0.01114183
v 0.06302398 0.02163288 0.00979796
v 0.06512023 0.02611665 0.00727231
v 0.06823432 0.02921518 0.00386952
v 0.07438961 -0.01516795 0.00505577
v 0.07228457 -0.01258346 0.00950173
v 0.07050705 -0.00848123 0.01280165
v 0.06927145 -0.00335603 0.01455750
v 0.06728569 0.01680573 0.01455750
v 0.06749768 0.02207350 0.01280165
v 0.06844073 0.02644370 0.00950173
v 0.07000112 0.02938919 0.00505577
v 0.07820345 -0.00067927 0.00000000
v 0.07792335 0.00024410 0.00547232
v 0.07711683 0.00290283 0.01028460
v 0.07588117 0.00697625 0.01385641
v 0.07436541 0.01197304 0.01575692
v 0.06848445 0.03135999 0.01575692
v 0.06696869 0.03635678 0.01385641
v 0.06573303 0.04043020 0.01028460
v 0.06492651 0.04308893 0.00547232
v 0.06464641 0.04401230 0.00000000
v 0.07992734 0.00085200 0.00505577
v 0.08088311 0.00404532 0.00950173
v 0.08095546 0.00851552 0.01280165
v 0.08013568 0.01372343 0.01455750
v 0.07425471 0.03311038 0.01455750
v 0.07204298 0.03789605 0.01280165
v 0.06949930 0.04157269 0.00950173
v 0.06693050 0.04369684 0.00505577
v 0.08162625 0.00136736 0.00386952
v 0.08407600 0.00501387 0.00727231
v 0.08525724 0.00982045 0.00979796
v 0.08502748 0.01520734 0.01114183
v 0.07914651 0.03459429 0.01114183
v 0.07634475 0.03920098 0.00979796
v 0.07269220 0.04254124 0.00727231
v 0.06862941 0.04421220 0.00386952
v 0.08276142 0.00171171 0.00209417
v 0.08620942 0.00566104 0.00393575
v 0.08813159 0.01069237 0.00530262
v 0.08829607 0.01619886 0.00602991
v 0.08241511 0.03558581 0.00602991
v 0.07921910 0.04007290 0.00530262
v 0.07482562 0.04318841 0.00393575
v 0.06976458 0.04455655 0.00209417
v 0.08316004 0.00183263 0.00000000
v 0.08695858 0.00588830 0.00000000
v 0.08914093 0.01099855 0.00000000
v 0.08944385 0.01654703 0.00000000
v 0.08356288 0.03593399 0.00000000
v 0.08022844 0.04037908 0.00000000
v 0.07557478 0.04341566 0.00000000
v 0.07016320 0.04467747 0.00000000
v 0.08276142 0.00171171 -0.00209417
v 0.08620942 0.00566104 -0.00393575
v 0.08813159 0.01069237 -0.00530262
v 0.08829607 0.01619886 -0.00602991
v 0.08241511 0.03558581 -0.00602991
v 0.07921910 0.04007290 -0.00530262
v 0.07482562 0.04318841 -0.00393575
v 0.06976458 0.04455655 -0.00209417
v 0.08162625 0.00136736 -0.00386952
v 0.08407600 0.00501387 -0.00727231
v 0.08525724 0.00982045 -0.00979796
v 0.08502748 0.01520734 -0.01114183
v 0.07914651 0.03459429 -0.01114183
v 0.07634475 0.03920098 -0.00979796
v 0.07269220 0.04254124 -0.00727231
v 0.06862941 0.04421220 -0.00386952
v 0.07992734 0.00085200 -0.00505577
v 0.08088311 0.00404532 -0.00950173
v 0.08095546 0.00851552 -0.01280165
v 0.08013568 0.01372343 -0.01455750
v 0.07425471 0.03311038 -0.01455750
v 0.07204298 0.03789605 -0.01280165
v 0.06949930 0.04157269 -0.00950173
v 0.06693050 0.04369684 -0.00505577
v 0.07792335 0.00024410 -0.00547232
v 0.07711683 0.00290283 -0.01028460
v 0.07588117 0.00697625 -0.01385641
v 0.07436541 0.01197304 -0.01575692
v 0.06848445 0.03135999 -0.01575692
v 0.06696869 0.03635678 -0.01385641
v 0.06573303 0.04043020 -0.01028460
v 0.06492651 0.04308893 -0.00547232
v 0.07591936 -0.00036381 -0.00505577
v 0.07335056 0.00176035 -0.00950173
v 0.07080689 0.00543698 -0.01280165
v 0.06859515 0.01022265 -0.01455750
v 0.06271418 0.02960960 -0.01455750
v 0.06189440 0.03481751 -0.01280165
v 0.06196675 0.03928771 -0.00950173
v 0.06292252 0.04248103 -0.00505577
v 0.07422045 -0.00087916 -0.00386952
v 0.07015766 0.00079179 -0.00727231
v 0.06650511 0.00413205 -0.00979796
v 0.06370335 0.00873874 -0.01114183
v 0.05782238 0.02812569 -0.01114183
v 0.05759263 0.03351258 -0.00979796
v 0.05877386 0.03831916 -0.00727231
v 0.06122361 0.04196567 -0.00386952
v 0.07308528 -0.00122351 -0.00209417
v 0.06802424 0.00014463 -0.00393575
v 0.06363076 0.00326013 -0.00530262
v 0.06043476 0.00774722 -0.00602991
v 0.05455379 0.02713417 -0.00602991
v 0.05471827 0.03264066 -0.00530262
v 0.05664044 0.03767199 -0.00393575
v 0.06008844 0.04162132 -0.00209417
v 0.07268666 -0.00134443 -0.00000000
v 0.06727508 -0.00008263 -0.00000000
v 0.06262142 0.00295395 -0.00000000
v 0.05928698 0.00739905 -0.00000000
v 0.05340601 0.02678600 -0.00000000
v 0.05370893 0.03233448 -0.00000000
v 0.05589128 0.03744474 -0.00000000
v 0.05968983 0.04150040 -0.00000000
v 0.07308528 -0.00122351 0.00209417
v 0.06802424 0.00014463 0.00393575
v 0.06363076 0.00326013 0.00530262
v 0.06043476 0.00774722 0.00602991
v 0.05455379 0.02713417 0.00602991
v 0.05471827 0.03264066 0.00530262
v 0.05664044 0.03767199 0.00393575
v 0.06008844 0.04162132 0.00209417
v 0.07422045 -0.00087916 0.00386952
v 0.07015766 0.00079179 0.00727231
v 0.06650511 0.00413205 0.00979796
v 0.06370335 0.00873874 0.01114183
v 0.05782238 0.02812569 0.01114183
v 0.05759263 0.03351258 0.00979796
v 0.05877386 0.03831916 0.00727231
v 0.06122361 0.04196567 0.00386952
v 0.07591936 -0.00036381 0.00505577
v 0.07335056 0.00176035 0.00950173
v 0.07080689 0.00543698 0.01280165
v 0.06859515 0.01022265 0.01455750
v 0.06271418 0.02960960 0.01455750
v 0.06189440 0.03481751 0.01280165
v 0.06196675 0.03928771 0.00950173
v 0.06292252 0.04248103 0.00505577
v 0.07683331 0.01459052 0.00000000
v 0.07637845 0.01544150 0.00547232
v 0.07506874 0.01789180 0.01028460
v 0.07306214 0.02164589 0.01385641
v 0.07060068 0.02625095 0.01575692
v 0.06105051 0.04411807 0.01575692
v 0.05858905 0.04872314 0.01385641
v 0.05658245 0.05247722 0.01028460
v 0.05527273 0.05492753 0.00547232
v 0.05481787 0.05577851 0.00000000
v 0.07822534 0.01642868 0.00505577
v 0.07853976 0.01974710 0.00950173
v 0.07773863 0.02414552 0.01280165
v 0.07591859 0.02909343 0.01455750
v 0.06636842 0.04696055 0.01455750
v 0.06326554 0.05122277 0.01280165
v 0.06005347 0.05433252 0.00950173
v 0.05711962 0.05591471 0.00505577
v 0.07979106 0.01726558 0.00386952
v 0.08148234 0.02131995 0.00727231
v 0.08170317 0.02626461 0.00979796
v 0.08042689 0.03150317 0.01114183
v 0.07087672 0.04937029 0.01114183
v 0.06723008 0.05334186 0.00979796
v 0.06299605 0.05590537 0.00727231
v 0.05868534 0.05675160 0.00386952
v 0.08083724 0.01782477 0.00209417
v 0.08344852 0.02237089 0.00393575
v 0.08435219 0.02768054 0.00530262
v 0.08343925 0.03311331 0.00602991
v 0.07388907 0.05098043 0.00602991
v 0.06987909 0.05475779 0.00530262
v 0.06496223 0.05695631 0.00393575
v 0.05973152 0.05731080 0.00209417
v 0.08120461 0.01802113 0.00000000
v 0.08413895 0.02273993 0.00000000
v 0.08528240 0.02817775 0.00000000
v 0.08449705 0.03367872 0.00000000
v 0.07494687 0.05154583 0.00000000
v 0.07080931 0.05525500 0.00000000
v 0.06565266 0.05732535 0.00000000
v 0.06009889 0.05750716 0.00000000
v 0.08083724 0.01782477 -0.00209417
v 0.08344852 0.02237089 -0.00393575
v 0.08435219 0.02768054 -0.00530262
v 0.08343925 0.03311331 -0.00602991
v 0.07388907 0.05098043 -0.00602991
v 0.06987909 0.05475779 -0.00530262
v 0.06496223 0.05695631 -0.00393575
v 0.05973152 0.05731080 -0.00209417
v 0.07979106 0.01726558 -0.00386952
v 0.08148234 0.02131995 -0.00727231
v 0.08170317 0.02626461 -0.00979796
v 0.08042689 0.03150317 -0.01114183
v 0.07087672 0.04937029 -0.01114183
v 0.06723008 0.05334186 -0.00979796
v 0.06299605 0.05590537 -0.00727231
v 0.05868534 0.05675160 -0.00386952
v 0.07822534 0.01642868 -0.00505577
v 0.07853976 0.01974710 -0.00950173
v 0.07773863 0.02414552 -0.01280165
v 0.07591859 0.02909343 -0.01455750
v 0.06636842 0.04696055 -0.01455750
v 0.06326554 0.05122277 -0.01280165
v 0.06005347 0.05433252 -0.00950173
v 0.05711962 0.05591471 -0.00505577
v 0.07637845 0.01544150 -0.00547232
v 0.07506874 0.01789180 -0.01028460
v 0.07306214 0.02164589 -0.01385641
v 0.07060068 0.02625095 -0.01575692
v 0.06105051 0.04411807 -0.01575692
v 0.05858905 0.04872314 -0.01385641
v 0.05658245 0.05247722 -0.01028460
v 0.05527273 0.05492753 -0.00547232
v 0.07453156 0.01445432 -0.00505577
v 0.07159772 0.01603651 -0.00950173
v 0.06838565 0.01914625 -0.01280165
v 0.06528277 0.02340847 -0.01455750
v 0.05573260 0.04127559 -0.01455750
v 0.05391256 0.04622350 -0.01280165
v 0.05311143 0.05062192 -0.00950173
v 0.05342584 0.05394034 -0.00505577
v 0.07296584 0.01361742 -0.00386952
v 0.06865513 0.01446366 -0.00727231
v 0.06442111 0.01702716 -0.00979796
v 0.06077446 0.02099873 -0.01114183
v 0.05122429 0.03886585 -0.01114183
v 0.04994802 0.04410441 -0.00979796
v 0.05016884 0.04904908 -0.00727231
v 0.05186012 0.05310345 -0.00386952
v 0.07191967 0.01305823 -0.00209417
v 0.06668896 0.01341272 -0.00393575
v 0.06177209 0.01561123 -0.00530262
v 0.05776211 0.01938860 -0.00602991
v 0.04821194 0.03725571 -0.00602991
v 0.04729900 0.04268848 -0.00530262
v 0.04820267 0.04799814 -0.00393575
v 0.05081394 0.05254425 -0.00209417
v 0.07155230 0.01286186 -0.00000000
v 0.06599853 0.01304368 -0.00000000
v 0.06084188 0.01511402 -0.00000000
v 0.05670431 0.01882319 -0.00000000
v 0.04715414 0.03669031 -0.00000000
v 0.04636879 0.04219127 -0.00000000
v 0.04751224 0.04762909 -0.00000000
v 0.05044657 0.05234789 -0.00000000
v 0.07191967 0.01305823 0.00209417
v 0.06668896 0.01341272 0.00393575
v 0.06177209 0.01561123 0.00530262
v 0.05776211 0.01938860 0.00602991
v 0.04821194 0.03725571 0.00602991
v 0.04729900 0.04268848 0.00530262
v 0.04820267 0.04799814 0.00393575
v 0.05081394 0.05254425 0.00209417
v 0.07296584 0.01361742 0.00386952
v 0.06865513 0.01446366 0.00727231
v 0.06442111 0.01702716 0.00979796
v 0.06077446 0.02099873 0.01114183
v 0.05122429 0.03886585 0.01114183
v 0.04994802 0.04410441 0.00979796
v 0.05016884 0.04904908 0.00727231
v 0.05186012 0.05310345 0.00386952
v 0.07453156 0.01445432 0.00505577
v 0.07159772 0.01603651 0.00950173
v 0.06838565 0.01914625 0.01280165
v 0.06528277 0.02340847 0.01455750
v 0.05573260 0.04127559 0.01455750
v 0.05391256 0.04622350 0.01280165
v 0.05311143 0.05062192 0.00950173
v 0.05342584 0.05394034 0.00505577
v 0.07251051 0.02929960 0.00000000
v 0.07189838 0.03004549 0.00547232
v 0.07013580 0.03219320 0.01028460
v 0.06743537 0.03548368 0.01385641
v 0.06412280 0.03952006 0.01575692
v 0.05127043 0.05518072 0.01575692
v 0.04795786 0.05921709 0.01385641
v 0.04525743 0.06250757 0.01028460
v 0.04349485 0.06465528 0.00547232
v 0.04288272 0.06540118 0.00000000
v 0.07351719 0.03137402 0.00505577
v 0.07317817 0.03469001 0.00950173
v 0.07153435 0.03884763 0.01280165
v 0.06878399 0.04334539 0.01455750
v 0.05593162 0.05900606 0.01455750
v 0.05205684 0.06258104 0.01280165
v 0.04829981 0.06500439 0.00950173
v 0.04511367 0.06598381 0.00505577
v 0.07488955 0.03250029 0.00386952
v 0.07575737 0.03680671 0.00727231
v 0.07500929 0.04169944 0.00979796
v 0.07273555 0.04658836 0.01114183
v 0.05988318 0.06224902 0.01114183
v 0.05553179 0.06543285 0.00979796
v 0.05087901 0.06712108 0.00727231
v 0.04648603 0.06711008 0.00386952
v 0.07580654 0.03325284 0.00209417
v 0.07748074 0.03822104 0.00393575
v 0.07733118 0.04360496 0.00530262
v 0.07537590 0.04875524 0.00602991
v 0.06252353 0.06441590 0.00602991
v 0.05785367 0.06733837 0.00530262
v 0.05260237 0.06853541 0.00393575
v 0.04740301 0.06786263 0.00209417
v 0.07612854 0.03351710 0.00000000
v 0.07808590 0.03871768 0.00000000
v 0.07814651 0.04427410 0.00000000
v 0.07630307 0.04951614 0.00000000
v 0.06345070 0.06517681 0.00000000
v 0.05866901 0.06800750 0.00000000
v 0.05320754 0.06903206 0.00000000
v 0.04772502 0.06812689 0.00000000
v 0.07580654 0.03325284 -0.00209417
v 0.07748074 0.03822104 -0.00393575
v 0.07733118 0.04360496 -0.00530262
v 0.07537590 0.04875524 -0.00602991
v 0.06252353 0.06441590 -0.00602991
v 0.05785367 0.06733837 -0.00530262
v 0.05260237 0.06853541 -0.00393575
v 0.04740301 0.06786263 -0.00209417
v 0.07488955 0.03250029 -0.00386952
v 0.07575737 0.03680671 -0.00727231
v 0.07500929 0.04169944 -0.00979796
v 0.07273555 0.04658836 -0.01114183
v 0.05988318 0.06224902 -0.01114183
v 0.05553179 0.06543285 -0.00979796
v 0.05087901 0.06712108 -0.00727231
v 0.04648603 0.06711008 -0.00386952
v 0.07351719 0.03137402 -0.00505577
v 0.07317817 0.03469001 -0.00950173
v 0.07153435 0.03884763 -0.01280165
v 0.06878399 0.04334539 -0.01455750
v 0.05593162 0.05900606 -0.01455750
v 0.05205684 0.06258104 -0.01280165
v 0.04829981 0.06500439 -0.00950173
v 0.04511367 0.06598381 -0.00505577
v 0.07189838 0.03004549 -0.00547232
v 0.07013580 0.03219320 -0.01028460
v 0.06743537 0.03548368 -0.01385641
v 0.06412280 0.03952006 -0.01575692
v 0.05127043 0.05518072 -0.01575692
v 0.04795786 0.05921709 -0.01385641
v 0.04525743 0.06250757 -0.01028460
v 0.04349485 0.06465528 -0.00547232
v 0.07027956 0.02871697 -0.00505577
v 0.06709342 0.02969639 -0.00950173
v 0.06333639 0.03211974 -0.01280165
v 0.05946161 0.03569472 -0.01455750
v 0.04660924 0.05135538 -0.01455750
v 0.04385888 0.05585315 -0.01280165
v 0.04221506 0.06001076 -0.00950173
v 0.04187604 0.06332676 -0.00505577
v 0.06890720 0.02759070 -0.00386952
v 0.06451422 0.02757970 -0.00727231
v 0.05986144 0.02926792 -0.00979796
v 0.05551005 0.03245176 -0.01114183
v 0.04265768 0.04811242 -0.01114183
v 0.04038394 0.05300133 -0.00979796
v 0.03963586 0.05789407 -0.00727231
v 0.04050368 0.06220049 -0.00386952
v 0.06799022 0.02683815 -0.00209417
v 0.06279086 0.02616537 -0.00393575
v 0.05753956 0.02736240 -0.00530262
v 0.05286970 0.03028488 -0.00602991
v 0.04001733 0.04594554 -0.00602991
v 0.03806205 0.05109581 -0.00530262
v 0.03791249 0.05647974 -0.00393575
v 0.03958669 0.06144794 -0.00209417
v 0.06766821 0.02657389 -0.00000000
v 0.06218569 0.02566872 -0.00000000
v 0.05672422 0.02669327 -0.00000000
v 0.05194253 0.02952397 -0.00000000
v 0.03909016 0.04518463 -0.00000000
v 0.03724672 0.05042668 -0.00000000
v 0.03730733 0.05598309 -0.00000000
v 0.03926469 0.06118368 -0.00000000
v 0.06799022 0.02683815 0.00209417
v 0.06279086 0.02616537 0.00393575
v 0.05753956 0.02736240 0.00530262
v 0.05286970 0.03028488 0.00602991
v 0.04001733 0.04594554 0.00602991
v 0.03806205 0.05109581 0.00530262
v 0.03791249 0.05647974 0.00393575
v 0.03958669 0.06144794 0.00209417
v 0.06890720 0.02759070 0.00386952
v 0.06451422 0.02757970 0.00727231
v 0.05986144 0.02926792 0.00979796
v 0.05551005 0.03245176 0.01114183
v 0.04265768 0.04811242 0.01114183
v 0.04038394 0.05300133 0.00979796
v 0.03963586 0.05789407 0.00727231
v 0.04050368 0.06220049 0.00386952
v 0.07027956 0.02871697 0.00505577
v 0.06709342 0.02969639 0.00950173
v 0.06333639 0.03211974 0.01280165
v 0.05946161 0.03569472 0.01455750
v 0.04660924 0.05135538 0.01455750
v 0.04385888 0.05585315 0.01280165
v 0.04221506 0.06001076 0.00950173
v 0.04187604 0.06332676 0.00505577
v 0.06540118 0.04288272 0.00000000
v 0.06465528 0.04349485 0.00547232
v 0.06250757 0.04525743 0.01028460
v 0.05921709 0.04795786 0.01385641
v 0.05518072 0.05127043 0.01575692
v 0.03952006 0.06412280 0.01575692
v 0.03548368 0.06743537 0.01385641
v 0.03219320 0.07013580 0.01028460
v 0.03004549 0.07189838 0.00547232
v 0.02929960 0.07251051 0.00000000
v 0.06598381 0.04511367 0.00505577
v 0.06500439 0.04829981 0.00950173
v 0.06258104 0.05205684 0.01280165
v 0.05900606 0.05593162 0.01455750
v 0.04334539 0.06878399 0.01455750
v 0.03884763 0.07153435 0.01280165
v 0.03469001 0.07317817 0.00950173
v 0.03137402 0.07351719 0.00505577
v 0.06711008 0.04648603 0.00386952
v 0.06712108 0.05087901 0.00727231
v 0.06543285 0.05553179 0.00979796
v 0.06224902 0.05988318 0.01114183
v 0.04658836 0.07273555 0.01114183
v 0.04169944 0.07500929 0.00979796
v 0.03680671 0.07575737 0.00727231
v 0.03250029 0.07488955 0.00386952
v 0.06786263 0.04740301 0.00209417
v 0.06853541 0.05260237 0.00393575
v 0.06733837 0.05785367 0.00530262
v 0.06441590 0.06252353 0.00602991
v 0.04875524 0.07537590 0.00602991
v 0.04360496 0.07733118 0.00530262
v 0.03822104 0.07748074 0.00393575
v 0.03325284 0.07580654 0.00209417
v 0.06812689 0.04772502 0.00000000
v 0.06903206 0.05320754 0.00000000
v 0.06800750 0.05866901 0.00000000
v 0.06517681 0.06345070 0.00000000
v 0.04951614 0.07630307 0.00000000
v 0.04427410 0.07814651 0.00000000
v 0.03871768 0.07808590 0.00000000
v 0.03351710 0.07612854 0.00000000
v 0.06786263 0.04740301 -0.00209417
v 0.06853541 0.05260237 -0.00393575
v 0.06733837 0.05785367 -0.00530262
v 0.06441590 0.06252353 -0.00602991
v 0.04875524 0.07537590 -0.00602991
v 0.04360496 0.07733118 -0.00530262
v 0.03822104 0.07748074 -0.00393575
v 0.03325284 0.07580654 -0.00209417
v 0.06711008 0.04648603 -0.00386952
v 0.06712108 0.05087901 -0.00727231
v 0.06543285 0.05553179 -0.00979796
v 0.06224902 0.05988318 -0.01114183
v 0.04658836 0.07273555 -0.01114183
v 0.04169944 0.07500929 -0.00979796
v 0.03680671 0.07575737 -0.00727231
v 0.03250029 0.07488955 -0.00386952
v 0.06598381 0.04511367 -0.00505577
v 0.06500439 0.04829981 -0.00950173
v 0.06258104 0.05205684 -0.01280165
v 0.05900606 0.05593162 -0.01455750
v 0.04334539 0.06878399 -0.01455750
v 0.03884763 0.07153435 -0.01280165
v 0.03469001 0.07317817 -0.00950173
v 0.03137402 0.07351719 -0.00505577
v 0.06465528 0.04349485 -0.00547232
v 0.06250757 0.04525743 -0.01028460
v 0.05921709 0.04795786 -0.01385641
v 0.05518072 0.05127043 -0.01575692
v 0.03952006 0.06412280 -0.01575692
v 0.03548368 0.06743537 -0.01385641
v 0.03219320 0.07013580 -0.01028460
v 0.03004549 0.07189838 -0.00547232
v 0.06332676 0.04187604 -0.00505577
v 0.06001076 0.04221506 -0.00950173
v 0.05585315 0.04385888 -0.01280165
v 0.05135538 0.04660924 -0.01455750
v 0.03569472 0.05946161 -0.01455750
v 0.03211974 0.06333639 -0.01280165
v 0.02969639 0.06709342 -0.00950173
v 0.02871697 0.07027956 -0.00505577
v 0.06220049 0.04050368 -0.00386952
v 0.05789407 0.03963586 -0.00727231
v 0.05300133 0.04038394 -0.00979796
v 0.04811242 0.04265768 -0.01114183
v 0.03245176 0.05551005 -0.01114183
v 0.02926792 0.05986144 -0.00979796
v 0.02757970 0.06451422 -0.00727231
v 0.02759070 0.06890720 -0.00386952
v 0.06144794 0.03958669 -0.00209417
v 0.05647974 0.03791249 -0.00393575
v 0.05109581 0.03806205 -0.00530262
v 0.04594554 0.04001733 -0.00602991
v 0.03028488 0.05286970 -0.00602991
v 0.02736240 0.05753956 -0.00530262
v 0.02616537 0.06279086 -0.00393575
v 0.02683815 0.06799022 -0.00209417
v 0.06118368 0.03926469 -0.00000000
v 0.05598309 0.03730733 -0.00000000
v 0.05042668 0.03724672 -0.00000000
v 0.04518463 0.03909016 -0.00000000
v 0.02952397 0.05194253 -0.00000000
v 0.02669327 0.05672422 -0.00000000
v 0.02566872 0.06218569 -0.00000000
v 0.02657389 0.06766821 -0.00000000
v 0.06144794 0.03958669 0.00209417
v 0.05647974 0.03791249 0.00393575
v 0.05109581 0.03806205 0.00530262
v 0.04594554 0.04001733 0.00602991
v 0.03028488 0.05286970 0.00602991
v 0.02736240 0.05753956 0.00530262
v 0.02616537 0.06279086 0.00393575
v 0.02683815 0.06799022 0.00209417
v 0.06220049 0.04050368 0.00386952
v 0.05789407 0.03963586 0.00727231
v 0.05300133 0.04038394 0.00979796
v 0.04811242 0.04265768 0.01114183
v 0.03245176 0.05551005 0.01114183
v 0.02926792 0.05986144 0.00979796
v 0.02757970 0.06451422 0.00727231
v 0.02759070 0.06890720 0.00386952
v 0.06332676 0.04187604 0.00505577
v 0.06001076 0.04221506 0.00950173
v 0.05585315 0.04385888 0.01280165
v 0.05135538 0.04660924 0.01455750
v 0.03569472 0.05946161 0.01455750
v 0.03211974 0.06333639 0.01280165
v 0.02969639 0.06709342 0.00950173
v 0.02871697 0.07027956 0.00505577
v 0.05577851 0.05481787 0.00000000
v 0.05492753 0.05527273 0.00547232
v 0.05247722 0.05658245 0.01028460
v 0.04872314 0.05858905 0.01385641
v 0.04411807 0.06105051 0.01575692
v 0.02625095 0.07060068 0.01575692
v 0.02164589 0.07306214 0.01385641
v 0.01789180 0.07506874 0.01028460
v 0.01544150 0.07637845 0.00547232
v 0.01459052 0.07683331 0.00000000
v 0.05591471 0.05711962 0.00505577
v 0.05433252 0.06005347 0.00950173
v 0.05122277 0.06326554 0.01280165
v 0.04696055 0.06636842 0.01455750
v 0.02909343 0.07591859 0.01455750
v 0.02414552 0.07773863 0.01280165
v 0.01974710 0.07853976 0.00950173
v 0.01642868 0.07822534 0.00505577
v 0.05675160 0.05868534 0.00386952
v 0.05590537 0.06299605 0.00727231
v 0.05334186 0.06723008 0.00979796
v 0.04937029 0.07087672 0.01114183
v 0.03150317 0.08042689 0.01114183
v 0.02626461 0.08170317 0.00979796
v 0.02131995 0.08148234 0.00727231
v 0.01726558 0.07979106 0.00386952
v 0.05731080 0.05973152 0.00209417
v 0.05695631 0.06496223 0.00393575
v 0.05475779 0.06987909 0.00530262
v 0.05098043 0.07388907 0.00602991
v 0.03311331 0.08343925 0.00602991
v 0.02768054 0.08435219 0.00530262
v 0.02237089 0.08344852 0.00393575
v 0.01782477 0.08083724 0.00209417
v 0.05750716 0.06009889 0.00000000
v 0.05732535 0.06565266 0.00000000
v 0.05525500 0.07080931 0.00000000
v 0.05154583 0.07494687 0.00000000
v 0.03367872 0.08449705 0.00000000
v 0.02817775 0.08528240 0.00000000
v 0.02273993 0.08413895 0.00000000
v 0.01802113 0.08120461 0.00000000
v 0.05731080 0.05973152 -0.00209417
v 0.05695631 0.06496223 -0.00393575
v 0.05475779 0.06987909 -0.00530262
v 0.05098043 0.07388907 -0.00602991
v 0.03311331 0.08343925 -0.00602991
v 0.02768054 0.08435219 -0.00530262
v 0.02237089 0.08344852 -0.00393575
v 0.01782477 0.08083724 -0.00209417
v 0.05675160 0.05868534 -0.00386952
v 0.05590537 0.06299605 -0.00727231
v 0.05334186 0.06723008 -0.00979796
v 0.04937029 0.07087672 -0.01114183
v 0.03150317 0.08042689 -0.01114183
v 0.02626461 0.08170317 -0.00979796
v 0.02131995 0.08148234 -0.00727231
v 0.01726558 0.07979106 -0.00386952
v 0.05591471 0.05711962 -0.00505577
v 0.05433252 0.06005347 -0.00950173
v 0.05122277 0.06326554 -0.01280165
v 0.04696055 0.06636842 -0.01455750
v 0.02909343 0.07591859 -0.01455750
v 0.02414552 0.07773863 -0.01280165
v 0.01974710 0.07853976 -0.00950173
v 0.01642868 0.07822534 -0.00505577
v 0.05492753 0.05527273 -0.00547232
v 0.05247722 0.05658245 -0.01028460
v 0.04872314 0.05858905 -0.01385641
v 0.04411807 0.06105051 -0.01575692
v 0.02625095 0.07060068 -0.01575692
v 0.02164589 0.07306214 -0.01385641
v 0.01789180 0.07506874 -0.01028460
v 0.01544150 0.07637845 -0.00547232
v 0.05394034 0.05342584 -0.00505577
v 0.05062192 0.05311143 -0.00950173
v 0.04622350 0.05391256 -0.01280165
v 0.04127559 0.05573260 -0.01455750
v 0.02340847 0.06528277 -0.01455750
v 0.01914625 0.06838565 -0.01280165
v 0.01603651 0.07159772 -0.00950173
v 0.01445432 0.07453156 -0.00505577
v 0.05310345 0.05186012 -0.00386952
v 0.04904908 0.05016884 -0.00727231
v 0.04410441 0.04994802 -0.00979796
v 0.03886585 0.05122429 -0.01114183
v 0.02099873 0.06077446 -0.01114183
v 0.01702716 0.06442111 -0.00979796
v 0.01446366 0.06865513 -0.00727231
v 0.01361742 0.07296584 -0.00386952
v 0.05254425 0.05081394 -0.00209417
v 0.04799814 0.04820267 -0.00393575
v 0.04268848 0.04729900 -0.00530262
v 0.03725571 0.04821194 -0.00602991
v 0.01938860 0.05776211 -0.00602991
v 0.01561123 0.06177209 -0.00530262
v 0.01341272 0.06668896 -0.00393575
v 0.01305823 0.07191967 -0.00209417
v 0.05234789 0.05044657 -0.00000000
v 0.04762909 0.04751224 -0.00000000
v 0.04219127 0.04636879 -0.00000000
v 0.03669031 0.04715414 -0.00000000
v 0.01882319 0.05670431 -0.00000000
v 0.01511402 0.06084188 -0.00000000
v 0.01304368 0.06599853 -0.00000000
v 0.01286186 0.07155230 -0.00000000
v 0.05254425 0.05081394 0.00209417
v 0.04799814 0.04820267 0.00393575
v 0.04268848 0.04729900 0.00530262
v 0.03725571 0.04821194 0.00602991
v 0.01938860 0.05776211 0.00602991
v 0.01561123 0.06177209 0.00530262
v 0.01341272 0.06668896 0.00393575
v 0.01305823 0.07191967 0.00209417
v 0.05310345 0.05186012 0.00386952
v 0.04904908 0.05016884 0.00727231
v 0.04410441 0.04994802 0.00979796
v 0.03886585 0.05122429 0.01114183
v 0.02099873 0.06077446 0.01114183
v 0.01702716 0.06442111 0.00979796
v 0.01446366 0.06865513 0.00727231
v 0.01361742 0.07296584 0.00386952
v 0.05394034 0.05342584 0.00505577
v 0.05062192 0.05311143 0.00950173
v 0.04622350 0.05391256 0.01280165
v 0.04127559 0.05573260 0.01455750
v 0.02340847 0.06528277 0.01455750
v 0.01914625 0.06838565 0.01280165
v 0.01603651 0.07159772 0.00950173
v 0.01445432 0.07453156 0.00505577
v 0.04401230 0.06464641 0.00000000
v 0.04308893 0.06492651 0.00547232
v 0.04043020 0.06573303 0.01028460
v 0.03635678 0.06696869 0.01385641
v 0.03135999 0.06848445 0.01575692
v 0.01197304 0.07436541 0.01575692
v 0.00697625 0.07588117 0.01385641
v 0.00290283 0.07711683 0.01028460
v 0.00024410 0.07792335 0.00547232
v -0.00067927 0.07820345 0.00000000
v 0.04369684 0.06693050 0.00505577
v 0.04157269 0.06949930 0.00950173
v 0.03789605 0.07204298 0.01280165
v 0.03311038 0.07425471 0.01455750
v 0.01372343 0.08013568 0.01455750
v 0.00851552 0.08095546 0.01280165
v 0.00404532 0.08088311 0.00950173
v 0.00085200 0.07992734 0.00505577
v 0.04421220 0.06862941 0.00386952
v 0.04254124 0.07269220 0.00727231
v 0.03920098 0.07634475 0.00979796
v 0.03459429 0.07914651 0.01114183
v 0.01520734 0.08502748 0.01114183
v 0.00982045 0.08525724 0.00979796
v 0.00501387 0.08407600 0.00727231
v 0.00136736 0.08162625 0.00386952
v 0.04455655 0.06976458 0.00209417
v 0.04318841 0.07482562 0.00393575
v 0.04007290 0.07921910 0.00530262
v 0.03558581 0.08241511 0.00602991
v 0.01619886 0.08829607 0.00602991
v 0.01069237 0.08813159 0.00530262
v 0.00566104 0.08620942 0.00393575
v 0.00171171 0.08276142 0.00209417
v 0.04467747 0.07016320 0.00000000
v 0.04341566 0.07557478 0.00000000
v 0.04037908 0.08022844 0.00000000
v 0.03593399 0.08356288 0.00000000
v 0.01654703 0.08944385 0.00000000
v 0.01099855 0.08914093 0.00000000
v 0.00588830 0.08695858 0.00000000
v 0.00183263 0.08316004 0.00000000
v 0.04455655 0.06976458 -0.00209417
v 0.04318841 0.07482562 -0.00393575
v 0.04007290 0.07921910 -0.00530262
v 0.03558581 0.08241511 -0.00602991
v 0.01619886 0.08829607 -0.00602991
v 0.01069237 0.08813159 -0.00530262
v 0.00566104 0.08620942 -0.00393575
v 0.00171171 0.08276142 -0.00209417
v 0.04421220 0.06862941 -0.00386952
v 0.04254124 0.07269220 -0.00727231
v 0.03920098 0.07634475 -0.00979796
v 0.03459429 0.07914651 -0.01114183
v 0.01520734 0.08502748 -0.01114183
v 0.00982045 0.08525724 -0.00979796
v 0.00501387 0.08407600 -0.00727231
v 0.00136736 0.08162625 -0.00386952
v 0.04369684 0.06693050 -0.00505577
v 0.04157269 0.06949930 -0.00950173
v 0.03789605 0.07204298 -0.01280165
v 0.03311038 0.07425471 -0.01455750
v 0.01372343 0.08013568 -0.01455750
v 0.00851552 0.08095546 -0.01280165
v 0.00404532 0.08088311 -0.00950173
v 0.00085200 0.07992734 -0.00505577
v 0.04308893 0.06492651 -0.00547232
v 0.04043020 0.06573303 -0.01028460
v 0.03635678 0.06696869 -0.01385641
v 0.03135999 0.06848445 -0.01575692
v 0.01197304 0.07436541 -0.01575692
v 0.00697625 0.07588117 -0.01385641
v 0.00290283 0.07711683 -0.01028460
v 0.00024410 0.07792335 -0.00547232
v 0.04248103 0.06292252 -0.00505577
v 0.03928771 0.06196675 -0.00950173
v 0.03481751 0.06189440 -0.01280165
v 0.02960960 0.06271418 -0.01455750
v 0.01022265 0.06859515 -0.01455750
v 0.00543698 0.07080689 -0.01280165
v 0.00176035 0.07335056 -0.00950173
v -0.00036381 0.07591936 -0.00505577
v 0.04196567 0.06122361 -0.00386952
v 0.03831916 0.05877386 -0.00727231
v 0.03351258 0.05759263 -0.00979796
v 0.02812569 0.05782238 -0.01114183
v 0.00873874 0.06370335 -0.01114183
v 0.00413205 0.06650511 -0.00979796
v 0.00079179 0.07015766 -0.00727231
v -0.00087916 0.07422045 -0.00386952
v 0.04162132 0.06008844 -0.00209417
v 0.03767199 0.05664044 -0.00393575
v 0.03264066 0.05471827 -0.00530262
v 0.02713417 0.05455379 -0.00602991
v 0.00774722 0.06043476 -0.00602991
v 0.00326013 0.06363076 -0.00530262
v 0.00014463 0.06802424 -0.00393575
v -0.00122351 0.07308528 -0.00209417
v 0.04150040 0.05968983 -0.00000000
v 0.03744474 0.05589128 -0.00000000
v 0.03233448 0.05370893 -0.00000000
v 0.02678600 0.05340601 -0.00000000
v 0.00739905 0.05928698 -0.00000000
v 0.00295395 0.06262142 -0.00000000
v -0.00008263 0.06727508 -0.00000000
v -0.00134443 0.07268666 -0.00000000
v 0.04162132 0.06008844 0.00209417
v 0.03767199 0.05664044 0.00393575
v 0.03264066 0.05471827 0.00530262
v 0.02713417 0.05455379 0.00602991
v 0.00774722 0.06043476 0.00602991
v 0.00326013 0.06363076 0.00530262
v 0.00014463 0.06802424 0.00393575
v -0.00122351 0.07308528 0.00209417
v 0.04196567 0.06122361 0.00386952
v 0.03831916 0.05877386 0.00727231
v 0.03351258 0.05759263 0.00979796
v 0.02812569 0.05782238 0.01114183
v 0.00873874 0.06370335 0.01114183
v 0.00413205 0.06650511 0.00979796
v 0.00079179 0.07015766 0.00727231
v -0.00087916 0.07422045 0.00386952
v 0.04248103 0.06292252 0.00505577
v 0.03928771 0.06196675 0.00950173
v 0.03481751 0.06189440 0.01280165
v 0.02960960 0.06271418 0.01455750
v 0.01022265 0.06859515 0.01455750
v 0.00543698 0.07080689 0.01280165
v 0.00176035 0.07335056 0.00950173
v -0.00036381 0.07591936 0.00505577
v 0.03055473 0.07199062 0.00000000
v 0.02959446 0.07208520 0.00547232
v 0.02682947 0.07235753 0.01028460
v 0.02259325 0.07277476 0.01385641
v 0.01739677 0.07328657 0.01575692
v -0.00276499 0.07527233 0.01575692
v -0.00796148 0.07578414 0.01385641
v -0.01219769 0.07620137 0.01028460
v -0.01496268 0.07647370 0.00547232
v -0.01592296 0.07656827 0.00000000
v 0.02979972 0.07416928 0.00505577
v 0.02721524 0.07627432 0.00950173
v 0.02311300 0.07805184 0.01280165
v 0.01798780 0.07928745 0.01455750
v -0.00217396 0.08127321 0.01455750
v -0.00744173 0.08106122 0.01280165
v -0.01181192 0.08011816 0.00950173
v -0.01475742 0.07855778 0.00505577
v 0.02997374 0.07593608 0.00386952
v 0.02754228 0.07959482 0.00727231
v 0.02355362 0.08252554 0.00979796
v 0.01848886 0.08437474 0.01114183
v -0.00167290 0.08636050 0.01114183
v -0.00700111 0.08553492 0.00979796
v -0.01148488 0.08343866 0.00727231
v -0.01458340 0.08032458 0.00386952
v 0.03009001 0.07711662 0.00209417
v 0.02776080 0.08181351 0.00393575
v 0.02384803 0.08551477 0.00530262
v 0.01882365 0.08777397 0.00602991
v -0.00133811 0.08975973 0.00602991
v -0.00670670 0.08852414 0.00530262
v -0.01126636 0.08565735 0.00393575
v -0.01446713 0.08150512 0.00209417
v 0.03013084 0.07753117 0.00000000
v 0.02783753 0.08259261 0.00000000
v 0.02395142 0.08656444 0.00000000
v 0.01894122 0.08896762 0.00000000
v -0.00122054 0.09095338 0.00000000
v -0.00660331 0.08957382 0.00000000
v -0.01118962 0.08643645 0.00000000
v -0.01442630 0.08191967 0.00000000
v 0.03009001 0.07711662 -0.00209417
v 0.02776080 0.08181351 -0.00393575
v 0.02384803 0.08551477 -0.00530262
v 0.01882365 0.08777397 -0.00602991
v -0.00133811 0.08975973 -0.00602991
v -0.00670670 0.08852414 -0.00530262
v -0.01126636 0.08565735 -0.00393575
v -0.01446713 0.08150512 -0.00209417
v 0.02997374 0.07593608 -0.00386952
v 0.02754228 0.07959482 -0.00727231
v 0.02355362 0.08252554 -0.00979796
v 0.01848886 0.08437474 -0.01114183
v -0.00167290 0.08636050 -0.01114183
v -0.00700111 0.08553492 -0.00979796
v -0.01148488 0.08343866 -0.00727231
v -0.01458340 0.08032458 -0.00386952
v 0.02979972 0.07416928 -0.00505577
v 0.02721524 0.07627432 -0.00950173
v 0.02311300 0.07805184 -0.01280165
v 0.01798780 0.07928745 -0.01455750
v -0.00217396 0.08127321 -0.01455750
v -0.00744173 0.08106122 -0.01280165
v -0.01181192 0.08011816 -0.00950173
v -0.01475742 0.07855778 -0.00505577
v 0.02959446 0.07208520 -0.00547232
v 0.02682947 0.07235753 -0.01028460
v 0.02259325 0.07277476 -0.01385641
v 0.01739677 0.07328657 -0.01575692
v -0.00276499 0.07527233 -0.01575692
v -0.00796148 0.07578414 -0.01385641
v -0.01219769 0.07620137 -0.01028460
v -0.01496268 0.07647370 -0.00547232
v 0.02938919 0.07000112 -0.00505577
v 0.02644370 0.06844073 -0.00950173
v 0.02207350 0.06749768 -0.01280165
v 0.01680573 0.06728569 -0.01455750
v -0.00335603 0.06927145 -0.01455750
v -0.00848123 0.07050705 -0.01280165
v -0.01258346 0.07228457 -0.00950173
v -0.01516795 0.07438961 -0.00505577
v 0.02921518 0.06823432 -0.00386952
v 0.02611665 0.06512023 -0.00727231
v 0.02163288 0.06302398 -0.00979796
v 0.01630468 0.06219839 -0.01114183
v -0.00385708 0.06418415 -0.01114183
v -0.00892185 0.06603336 -0.00979796
v -0.01291050 0.06896407 -0.00727231
v -0.01534196 0.07262281 -0.00386952
v 0.02909891 0.06705378 -0.00209417
v 0.02589813 0.06290155 -0.00393575
v 0.02133847 0.06003475 -0.00530262
v 0.01596988 0.05879917 -0.00602991
v -0.00419188 0.06078493 -0.00602991
v -0.00921626 0.06304413 -0.00530262
v -0.01312902 0.06674539 -0.00393575
v -0.01545824 0.07144227 -0.00209417
v 0.02905808 0.06663923 -0.00000000
v 0.02582140 0.06212245 -0.00000000
v 0.02123509 0.05898507 -0.00000000
v 0.01585232 0.05760552 -0.00000000
v -0.00430944 0.05959128 -0.00000000
v -0.00931964 0.06199445 -0.00000000
v -0.01320576 0.06596629 -0.00000000
v -0.01549907 0.07102772 -0.00000000
v 0.02909891 0.06705378 0.00209417
v 0.02589813 0.06290155 0.00393575
v 0.02133847 0.06003475 0.00530262
v 0.01596988 0.05879917 0.00602991
v -0.00419188 0.06078493 0.00602991
v -0.00921626 0.06304413 0.00530262
v -0.01312902 0.06674539 0.00393575
v -0.01545824 0.07144227 0.00209417
v 0.02921518 0.06823432 0.00386952
v 0.02611665 0.06512023 0.00727231
v 0.02163288 0.06302398 0.00979796
v 0.01630468 0.06219839 0.01114183
v -0.00385708 0.06418415 0.01114183
v -0.00892185 0.06603336 0.00979796
v -0.01291050 0.06896407 0.00727231
v -0.01534196 0.07262281 0.00386952
v 0.02938919 0.07000112 0.00505577
v 0.02644370 0.06844073 0.00950173
v 0.02207350 0.06749768 0.01280165
v 0.01680573 0.06728569 0.01455750
v -0.00335603 0.06927145 0.01455750
v -0.00848123 0.07050705 0.01280165
v -0.01258346 0.07228457 0.00950173
v -0.01516795 0.07438961 0.00505577
v 0.01592296 0.07656827 0.00000000
v 0.01496268 0.07647370 0.00547232
v 0.01219769 0.07620137 0.01028460
v 0.00796148 0.07578414 0.01385641
v 0.00276499 0.07527233 0.01575692
v -0.01739677 0.07328657 0.01575692
v -0.02259325 0.07277476 0.01385641
v -0.02682947 0.07235753 0.01028460
v -0.02959446 0.07208520 0.00547232
v -0.03055473 0.07199062 0.00000000
v 0.01475742 0.07855778 0.00505577
v 0.01181192 0.08011816 0.00950173
v 0.00744173 0.08106122 0.01280165
v 0.00217396 0.08127321 0.01455750
v -0.01798780 0.07928745 0.01455750
v -0.02311300 0.07805184 0.01280165
v -0.02721524 0.07627432 0.00950173
v -0.02979972 0.07416928 0.00505577
v 0.01458340 0.08032458 0.00386952
v 0.01148488 0.08343866 0.00727231
v 0.00700111 0.08553492 0.00979796
v 0.00167290 0.08636050 0.01114183
v -0.01848886 0.08437474 0.01114183
v -0.02355362 0.08252554 0.00979796
v -0.02754228 0.07959482 0.00727231
v -0.02997374 0.07593608 0.00386952
v 0.01446713 0.08150512 0.00209417
v 0.01126636 0.08565735 0.00393575
v 0.00670670 0.08852414 0.00530262
v 0.00133811 0.08975973 0.00602991
v -0.01882365 0.08777397 0.00602991
v -0.02384803 0.08551477 0.00530262
v -0.02776080 0.08181351 0.00393575
v -0.03009001 0.07711662 0.00209417
v 0.01442630 0.08191967 0.00000000
v 0.01118962 0.08643645 0.00000000
v 0.00660331 0.08957382 0.00000000
v 0.00122054 0.09095338 0.00000000
v -0.01894122 0.08896762 0.00000000
v -0.02395142 0.08656444 0.00000000
v -0.02783753 0.08259261 0.00000000
v -0.03013084 0.07753117 0.00000000
v 0.01446713 0.08150512 -0.00209417
v 0.01126636 0.08565735 -0.00393575
v 0.00670670 0.08852414 -0.00530262
v 0.00133811 0.08975973 -0.00602991
v -0.01882365 0.08777397 -0.00602991
v -0.02384803 0.08551477 -0.00530262
v -0.02776080 0.08181351 -0.00393575
v -0.03009001 0.07711662 -0.00209417
v 0.01458340 0.08032458 -0.00386952
v 0.01148488 0.08343866 -0.00727231
v 0.00700111 0.08553492 -0.00979796
v 0.00167290 0.08636050 -0.01114183
v -0.01848886 0.08437474 -0.01114183
v -0.02355362 0.08252554 -0.00979796
v -0.02754228 0.07959482 -0.00727231
v -0.02997374 0.07593608 -0.00386952
v 0.01475742 0.07855778 -0.00505577
v 0.01181192 0.08011816 -0.00950173
v 0.00744173 0.08106122 -0.01280165
v 0.00217396 0.08127321 -0.01455750
v -0.01798780 0.07928745 -0.01455750
v -0.02311300 0.07805184 -0.01280165
v -0.02721524 0.07627432 -0.00950173
v -0.02979972 0.07416928 -0.00505577
v 0.01496268 0.07647370 -0.00547232
v 0.01219769 0.07620137 -0.01028460
v 0.00796148 0.07578414 -0.01385641
v 0.00276499 0.07527233 -0.01575692
v -0.01739677 0.07328657 -0.01575692
v -0.02259325 0.07277476 -0.01385641
v -0.02682947 0.07235753 -0.01028460
v -0.02959446 0.07208520 -0.00547232
v 0.01516795 0.07438961 -0.00505577
v 0.01258346 0.07228457 -0.00950173
v 0.00848123 0.07050705 -0.01280165
v 0.00335603 0.06927145 -0.01455750
v -0.01680573 0.06728569 -0.01455750
v -0.02207350 0.06749768 -0.01280165
v -0.02644370 0.06844073 -0.00950173
v -0.02938919 0.07000112 -0.00505577
v 0.01534196 0.07262281 -0.00386952
v 0.01291050 0.06896407 -0.00727231
v 0.00892185 0.06603336 -0.00979796
v 0.00385708 0.06418415 -0.01114183
v -0.01630468 0.06219839 -0.01114183
v -0.02163288 0.06302398 -0.00979796
v -0.02611665 0.06512023 -0.00727231
v -0.02921518 0.06823432 -0.00386952
v 0.01545824 0.07144227 -0.00209417
v 0.01312902 0.06674539 -0.00393575
v 0.00921626 0.06304413 -0.00530262
v 0.00419188 0.06078493 -0.00602991
v -0.01596988 0.05879917 -0.00602991
v -0.02133847 0.06003475 -0.00530262
v -0.02589813 0.06290155 -0.00393575
v -0.02909891 0.06705378 -0.00209417
v 0.01549907 0.07102772 -0.00000000
v 0.01320576 0.06596629 -0.00000000
v 0.00931964 0.06199445 -0.00000000
v 0.00430944 0.05959128 -0.00000000
v -0.01585232 0.05760552 -0.00000000
v -0.02123509 0.05898507 -0.00000000
v -0.02582140 0.06212245 -0.00000000
v -0.02905808 0.06663923 -0.00000000
v 0.01545824 0.07144227 0.00209417
v 0.01312902 0.06674539 0.00393575
v 0.00921626 0.06304413 0.00530262
v 0.00419188 0.06078493 0.00602991
v -0.01596988 0.05879917 0.00602991
v -0.02133847 0.06003475 0.00530262
v -0.02589813 0.06290155 0.00393575
v -0.02909891 0.06705378 0.00209417
v 0.01534196 0.07262281 0.00386952
v 0.01291050 0.06896407 0.00727231
v 0.00892185 0.06603336 0.00979796
v 0.00385708 0.06418415 0.01114183
v -0.01630468 0.06219839 0.01114183
v -0.02163288 0.06302398 0.00979796
v -0.02611665 0.06512023 0.00727231
v -0.02921518 0.06823432 0.00386952
v 0.01516795 0.07438961 0.00505577
v 0.01258346 0.07228457 0.00950173
v 0.00848123 0.07050705 0.01280165
v 0.00335603 0.06927145 0.01455750
v -0.01680573 0.06728569 0.01455750
v -0.02207350 0.06749768 0.01280165
v -0.02644370 0.06844073 0.00950173
v -0.02938919 0.07000112 0.00505577
v 0.00067927 0.07820345 0.00000000
v -0.00024410 0.07792335 0.00547232
v -0.00290283 0.07711683 0.01028460
v -0.00697625 0.07588117 0.01385641
v -0.01197304 0.07436541 0.01575692
v -0.03135999 0.06848445 0.01575692
v -0.03635678 0.06696869 0.01385641
v -0.04043020 0.06573303 0.01028460
v -0.04308893 0.06492651 0.00547232
v -0.04401230 0.06464641 0.00000000
v -0.00085200 0.07992734 0.00505577
v -0.00404532 0.08088311 0.00950173
v -0.00851552 0.08095546 0.01280165
v -0.01372343 0.08013568 0.01455750
v -0.03311038 0.07425471 0.01455750
v -0.03789605 0.07204298 0.01280165
v -0.04157269 0.06949930 0.00950173
v -0.04369684 0.06693050 0.00505577
v -0.00136736 0.08162625 0.00386952
v -0.00501387 0.08407600 0.00727231
v -0.00982045 0.08525724 0.00979796
v -0.01520734 0.08502748 0.01114183
v -0.03459429 0.07914651 0.01114183
v -0.03920098 0.07634475 0.00979796
v -0.04254124 0.07269220 0.00727231
v -0.04421220 0.06862941 0.00386952
v -0.00171171 0.08276142 0.00209417
v -0.00566104 0.08620942 0.00393575
v -0.01069237 0.08813159 0.00530262
v -0.01619886 0.08829607 0.00602991
v -0.03558581 0.08241511 0.00602991
v -0.04007290 0.07921910 0.00530262
v -0.04318841 0.07482562 0.00393575
v -0.04455655 0.06976458 0.00209417
v -0.00183263 0.08316004 0.00000000
v -0.00588830 0.08695858 0.00000000
v -0.01099855 0.08914093 0.00000000
v -0.01654703 0.08944385 0.00000000
v -0.03593399 0.08356288 0.00000000
v -0.04037908 0.08022844 0.00000000
v -0.04341566 0.07557478 0.00000000
v -0.04467747 0.07016320 0.00000000
v -0.00171171 0.08276142 -0.00209417
v -0.00566104 0.08620942 -0.00393575
v -0.01069237 0.08813159 -0.00530262
v -0.01619886 0.08829607 -0.00602991
v -0.03558581 0.08241511 -0.00602991
v -0.04007290 0.07921910 -0.00530262
v -0.04318841 0.07482562 -0.00393575
v -0.04455655 0.06976458 -0.00209417
v -0.00136736 0.08162625 -0.00386952
v -0.00501387 0.08407600 -0.00727231
v -0.00982045 0.08525724 -0.00979796
v -0.01520734 0.08502748 -0.01114183
v -0.03459429 0.07914651 -0.01114183
v -0.03920098 0.07634475 -0.00979796
v -0.04254124 0.07269220 -0.00727231
v -0.04421220 0.06862941 -0.00386952
v -0.00085200 0.07992734 -0.00505577
v -0.00404532 0.08088311 -0.00950173
v -0.00851552 0.08095546 -0.01280165
v -0.01372343 0.08013568 -0.01455750
v -0.03311038 0.07425471 -0.01455750
v -0.03789605 0.07204298 -0.01280165
v -0.04157269 0.06949930 -0.00950173
v -0.04369684 0.06693050 -0.00505577
v -0.00024410 0.07792335 -0.00547232
v -0.00290283 0.07711683 -0.01028460
v -0.00697625 0.07588117 -0.01385641
v -0.01197304 0.07436541 -0.01575692
v -0.03135999 0.06848445 -0.01575692
v -0.03635678 0.06696869 -0.01385641
v -0.04043020 0.06573303 -0.01028460
v -0.04308893 0.06492651 -0.00547232
v 0.00036381 0.07591936 -0.00505577
v -0.00176035 0.07335056 -0.00950173
v -0.00543698 0.07080689 -0.01280165
v -0.01022265 0.06859515 -0.01455750
v -0.02960960 0.06271418 -0.01455750
v -0.03481751 0.06189440 -0.01280165
v -0.03928771 0.06196675 -0.00950173
v -0.04248103 0.06292252 -0.00505577
v 0.00087916 0.07422045 -0.00386952
v -0.00079179 0.07015766 -0.00727231
v -0.00413205 0.06650511 -0.00979796
v -0.00873874 0.06370335 -0.01114183
v -0.02812569 0.05782238 -0.01114183
v -0.03351258 0.05759263 -0.00979796
v -0.03831916 0.05877386 -0.00727231
v -0.04196567 0.06122361 -0.00386952
v 0.00122351 0.07308528 -0.00209417
v -0.00014463 0.06802424 -0.00393575
v -0.00326013 0.06363076 -0.00530262
v -0.00774722 0.06043476 -0.00602991
v -0.02713417 0.05455379 -0.00602991
v -0.03264066 0.05471827 -0.00530262
v -0.03767199 0.05664044 -0.00393575
v -0.04162132 0.06008844 -0.00209417
v 0.00134443 0.07268666 -0.00000000
v 0.00008263 0.06727508 -0.00000000
v -0.00295395 0.06262142 -0.00000000
v -0.00739905 0.05928698 -0.00000000
v -0.02678600 0.05340601 -0.00000000
v -0.03233448 0.05370893 -0.00000000
v -0.03744474 0.05589128 -0.00000000
v -0.04150040 0.05968983 -0.00000000
v 0.00122351 0.07308528 0.00209417
v -0.00014463 0.06802424 0.00393575
v -0.00326013 0.06363076 0.00530262
v -0.00774722 0.06043476 0.00602991
v -0.02713417 0.05455379 0.00602991
v -0.03264066 0.05471827 0.00530262
v -0.03767199 0.05664044 0.00393575
v -0.04162132 0.06008844 0.00209417
v 0.00087916 0.07422045 0.00386952
v -0.00079179 0.07015766 0.00727231
v -0.00413205 0.06650511 0.00979796
v -0.00873874 0.06370335 0.01114183
v -0.02812569 0.05782238 0.01114183
v -0.03351258 0.05759263 0.00979796
v -0.03831916 0.05877386 0.00727231
v -0.04196567 0.06122361 0.00386952
v 0.00036381 0.07591936 0.00505577
v -0.00176035 0.07335056 0.00950173
v -0.00543698 0.07080689 0.01280165
v -0.01022265 0.06859515 0.01455750
v -0.02960960 0.06271418 0.01455750
v -0.03481751 0.06189440 0.01280165
v -0.03928771 0.06196675 0.00950173
v -0.04248103 0.06292252 0.00505577
v -0.01459052 0.07683331 0.00000000
v -0.01544150 0.07637845 0.00547232
v -0.01789180 0.07506874 0.01028460
v -0.02164589 0.07306214 0.01385641
v -0.02625095 0.07060068 0.01575692
v -0.04411807 0.06105051 0.01575692
v -0.04872314 0.05858905 0.01385641
v -0.05247722 0.05658245 0.01028460
v -0.05492753 0.05527273 0.00547232
v -0.05577851 0.05481787 0.00000000
v -0.01642868 0.07822534 0.00505577
v -0.01974710 0.07853976 0.00950173
v -0.02414552 0.07773863 0.01280165
v -0.02909343 0.07591859 0.01455750
v -0.04696055 0.06636842 0.01455750
v -0.05122277 0.06326554 0.01280165
v -0.05433252 0.06005347 0.00950173
v -0.05591471 0.05711962 0.00505577
v -0.01726558 0.07979106 0.00386952
v -0.02131995 0.08148234 0.00727231
v -0.02626461 0.08170317 0.00979796
v -0.03150317 0.08042689 0.01114183
v -0.04937029 0.07087672 0.01114183
v -0.05334186 0.06723008 0.00979796
v -0.05590537 0.06299605 0.00727231
v -0.05675160 0.05868534 0.00386952
v -0.01782477 0.08083724 0.00209417
v -0.02237089 0.08344852 0.00393575
v -0.02768054 0.08435219 0.00530262
v -0.03311331 0.08343925 0.00602991
v -0.05098043 0.07388907 0.00602991
v -0.05475779 0.06987909 0.00530262
v -0.05695631 0.06496223 0.00393575
v -0.05731080 0.05973152 0.00209417
v -0.01802113 0.08120461 0.00000000
v -0.02273993 0.08413895 0.00000000
v -0.02817775 0.08528240 0.00000000
v -0.03367872 0.08449705 0.00000000
v -0.05154583 0.07494687 0.00000000
v -0.05525500 0.07080931 0.00000000
v -0.05732535 0.06565266 0.00000000
v -0.05750716 0.06009889 0.00000000
v -0.01782477 0.08083724 -0.00209417
v -0.02237089 0.08344852 -0.00393575
v -0.02768054 0.08435219 -0.00530262
v -0.03311331 0.08343925 -0.00602991
v -0.05098043 0.07388907 -0.00602991
v -0.05475779 0.06987909 -0.00530262
v -0.05695631 0.06496223 -0.00393575
v -0.05731080 0.05973152 -0.00209417
v -0.01726558 0.07979106 -0.00386952
v -0.02131995 0.08148234 -0.00727231
v -0.02626461 0.08170317 -0.00979796
v -0.03150317 0.08042689 -0.01114183
v -0.04937029 0.07087672 -0.01114183
v -0.05334186 0.06723008 -0.00979796
v -0.05590537 0.06299605 -0.00727231
v -0.05675160 0.05868534 -0.00386952
v -0.01642868 0.07822534 -0.00505577
v -0.01974710 0.07853976 -0.00950173
v -0.02414552 0.07773863 -0.01280165
v -0.02909343 0.07591859 -0.01455750
v -0.04696055 0.06636842 -0.01455750
v -0.05122277 0.06326554 -0.01280165
v -0.05433252 0.06005347 -0.00950173
v -0.05591471 0.05711962 -0.00505577
v -0.01544150 0.07637845 -0.00547232
v -0.01789180 0.07506874 -0.01028460
v -0.02164589 0.07306214 -0.01385641
v -0.02625095 0.07060068 -0.01575692
v -0.04411807 0.06105051 -0.01575692
v -0.04872314 0.05858905 -0.01385641
v -0.05247722 0.05658245 -0.01028460
v -0.05492753 0.05527273 -0.00547232
v -0.01445432 0.07453156 -0.00505577
v -0.01603651 0.07159772 -0.00950173
v -0.01914625 0.06838565 -0.01280165
v -0.02340847 0.06528277 -0.01455750
v -0.04127559 0.05573260 -0.01455750
v -0.04622350 0.05391256 -0.01280165
v -0.05062192 0.05311143 -0.00950173
v -0.05394034 0.05342584 -0.00505577
v -0.01361742 0.07296584 -0.00386952
v -0.01446366 0.06865513 -0.00727231
v -0.01702716 0.06442111 -0.00979796
v -0.02099873 0.06077446 -0.01114183
v -0.03886585 0.05122429 -0.01114183
v -0.04410441 0.04994802 -0.00979796
v -0.04904908 0.05016884 -0.00727231
v -0.05310345 0.05186012 -0.00386952
v -0.01305823 0.07191967 -0.00209417
v -0.01341272 0.06668896 -0.00393575
v -0.01561123 0.06177209 -0.00530262
v -0.01938860 0.05776211 -0.00602991
v -0.03725571 0.04821194 -0.00602991
v -0.04268848 0.04729900 -0.00530262
v -0.04799814 0.04820267 -0.00393575
v -0.05254425 0.05081394 -0.00209417
v -0.01286186 0.07155230 -0.00000000
v -0.01304368 0.06599853 -0.00000000
v -0.01511402 0.06084188 -0.00000000
v -0.01882319 0.05670431 -0.00000000
v -0.03669031 0.04715414 -0.00000000
v -0.04219127 0.04636879 -0.00000000
v -0.04762909 0.04751224 -0.00000000
v -0.05234789 0.05044657 -0.00000000
v -0.01305823 0.07191967 0.00209417
v -0.01341272 0.06668896 0.00393575
v -0.01561123 0.06177209 0.00530262
v -0.01938860 0.05776211 0.00602991
v -0.03725571 0.04821194 0.00602991
v -0.04268848 0.04729900 0.00530262
v -0.04799814 0.04820267 0.00393575
v -0.05254425 0.05081394 0.00209417
v -0.01361742 0.07296584 0.00386952
v -0.01446366 0.06865513 0.00727231
v -0.01702716 0.06442111 0.00979796
v -0.02099873 0.06077446 0.01114183
v -0.03886585 0.05122429 0.01114183
v -0.04410441 0.04994802 0.00979796
v -0.04904908 0.05016884 0.00727231
v -0.05310345 0.05186012 0.00386952
v -0.01445432 0.07453156 0.00505577
v -0.01603651 0.07159772 0.00950173
v -0.01914625 0.06838565 0.01280165
v -0.02340847 0.06528277 0.01455750
v -0.04127559 0.05573260 0.01455750
v -0.04622350 0.05391256 0.01280165
v -0.05062192 0.05311143 0.00950173
v -0.05394034 0.05342584 0.00505577
v -0.02929960 0.07251051 0.00000000
v -0.03004549 0.07189838 0.00547232
v -0.03219320 0.07013580 0.01028460
v -0.03548368 0.06743537 0.01385641
v -0.03952006 0.06412280 0.01575692
v -0.05518072 0.05127043 0.01575692
v -0.05921709 0.04795786 0.01385641
v -0.06250757 0.04525743 0.01028460
v -0.06465528 0.04349485 0.00547232
v -0.06540118 0.04288272 0.00000000
v -0.03137402 0.07351719 0.00505577
v -0.03469001 0.07317817 0.00950173
v -0.03884763 0.07153435 0.01280165
v -0.04334539 0.06878399 0.01455750
v -0.05900606 0.05593162 0.01455750
v -0.06258104 0.05205684 0.01280165
v -0.06500439 0.04829981 0.00950173
v -0.06598381 0.04511367 0.00505577
v -0.03250029 0.07488955 0.00386952
v -0.03680671 0.07575737 0.00727231
v -0.04169944 0.07500929 0.00979796
v -0.04658836 0.07273555 0.01114183
v -0.06224902 0.05988318 0.01114183
v -0.06543285 0.05553179 0.00979796
v -0.06712108 0.05087901 0.00727231
v -0.06711008 0.04648603 0.00386952
v -0.03325284 0.07580654 0.00209417
v -0.03822104 0.07748074 0.00393575
v -0.04360496 0.07733118 0.00530262
v -0.04875524 0.07537590 0.00602991
v -0.06441590 0.06252353 0.00602991
v -0.06733837 0.05785367 0.00530262
v -0.06853541 0.05260237 0.00393575
v -0.06786263 0.04740301 0.00209417
v -0.03351710 0.07612854 0.00000000
v -0.03871768 0.07808590 0.00000000
v -0.04427410 0.07814651 0.00000000
v -0.04951614 0.07630307 0.00000000
v -0.06517681 0.06345070 0.00000000
v -0.06800750 0.05866901 0.00000000
v -0.06903206 0.05320754 0.00000000
v -0.06812689 0.04772502 0.00000000
v -0.03325284 0.07580654 -0.00209417
v -0.03822104 0.07748074 -0.00393575
v -0.04360496 0.07733118 -0.00530262
v -0.04875524 0.07537590 -0.00602991
v -0.06441590 0.06252353 -0.00602991
v -0.06733837 0.05785367 -0.00530262
v -0.06853541 0.05260237 -0.00393575
v -0.06786263 0.04740301 -0.00209417
v -0.03250029 0.07488955 -0.00386952
v -0.03680671 0.07575737 -0.00727231
v -0.04169944 0.07500929 -0.00979796
v -0.04658836 0.07273555 -0.01114183
v -0.06224902 0.05988318 -0.01114183
v -0.06543285 0.05553179 -0.00979796
v -0.06712108 0.05087901 -0.00727231
v -0.06711008 0.04648603 -0.00386952
v -0.03137402 0.07351719 -0.00505577
v -0.03469001 0.07317817 -0.00950173
v -0.03884763 0.07153435 -0.01280165
v -0.04334539 0.06878399 -0.01455750
v -0.05900606 0.05593162 -0.01455750
v -0.06258104 0.05205684 -0.01280165
v -0.06500439 0.04829981 -0.00950173
v -0.06598381 0.04511367 -0.00505577
v -0.03004549 0.07189838 -0.00547232
v -0.03219320 0.07013580 -0.01028460
v -0.03548368 0.06743537 -0.01385641
v -0.03952006 0.06412280 -0.01575692
v -0.05518072 0.05127043 -0.01575692
v -0.05921709 0.04795786 -0.01385641
v -0.06250757 0.04525743 -0.01028460
v -0.06465528 0.04349485 -0.00547232
v -0.02871697 0.07027956 -0.00505577
v -0.02969639 0.06709342 -0.00950173
v -0.03211974 0.06333639 -0.01280165
v -0.03569472 0.05946161 -0.01455750
v -0.05135538 0.04660924 -0.01455750
v -0.05585315 0.04385888 -0.01280165
v -0.06001076 0.04221506 -0.00950173
v -0.06332676 0.04187604 -0.00505577
v -0.02759070 0.06890720 -0.00386952
v -0.02757970 0.06451422 -0.00727231
v -0.02926792 0.05986144 -0.00979796
v -0.03245176 0.05551005 -0.01114183
v -0.04811242 0.04265768 -0.01114183
v -0.05300133 0.04038394 -0.00979796
v -0.05789407 0.03963586 -0.00727231
v -0.06220049 0.04050368 -0.00386952
v -0.02683815 0.06799022 -0.00209417
v -0.02616537 0.06279086 -0.00393575
v -0.02736240 0.05753956 -0.00530262
v -0.03028488 0.05286970 -0.00602991
v -0.04594554 0.04001733 -0.00602991
v -0.05109581 0.03806205 -0.00530262
v -0.05647974 0.03791249 -0.00393575
v -0.06144794 0.03958669 -0.00209417
v -0.02657389 0.06766821 -0.00000000
v -0.02566872 0.06218569 -0.00000000
v -0.02669327 0.05672422 -0.00000000
v -0.02952397 0.05194253 -0.00000000
v -0.04518463 0.03909016 -0.00000000
v -0.05042668 0.03724672 -0.00000000
v -0.05598309 0.03730733 -0.00000000
v -0.06118368 0.03926469 -0.00000000
v -0.02683815 0.06799022 0.00209417
v -0.02616537 0.06279086 0.00393575
v -0.02736240 0.05753956 0.00530262
v -0.03028488 0.05286970 0.00602991
v -0.04594554 0.04001733 0.00602991
v -0.05109581 0.03806205 0.00530262
v -0.05647974 0.03791249 0.00393575
v -0.06144794 0.03958669 0.00209417
v -0.02759070 0.06890720 0.00386952
v -0.02757970 0.06451422 0.00727231
v -0.02926792 0.05986144 0.00979796
v -0.03245176 0.05551005 0.01114183
v -0.04811242 0.04265768 0.01114183
v -0.05300133 0.04038394 0.00979796
v -0.05789407 0.03963586 0.00727231
v -0.06220049 0.04050368 0.00386952
v -0.02871697 0.07027956 0.00505577
v -0.02969639 0.06709342 0.00950173
v -0.03211974 0.06333639 0.01280165
v -0.03569472 0.05946161 0.01455750
v -0.05135538 0.04660924 0.01455750
v -0.05585315 0.04385888 0.01280165
v -0.06001076 0.04221506 0.00950173
v -0.06332676 0.04187604 0.00505577
v -0.04288272 0.06540118 0.00000000
v -0.04349485 0.06465528 0.00547232
v -0.04525743 0.06250757 0.01028460
v -0.04795786 0.05921709 0.01385641
v -0.05127043 0.05518072 0.01575692
v -0.06412280 0.03952006 0.01575692
v -0.06743537 0.03548368 0.01385641
v -0.07013580 0.03219320 0.01028460
v -0.07189838 0.03004549 0.00547232
v -0.07251051 0.02929960 0.00000000
v -0.04511367 0.06598381 0.00505577
v -0.04829981 0.06500439 0.00950173
v -0.05205684 0.06258104 0.01280165
v -0.05593162 0.05900606 0.01455750
v -0.06878399 0.04334539 0.01455750
v -0.07153435 0.03884763 0.01280165
v -0.07317817 0.03469001 0.00950173
v -0.07351719 0.03137402 0.00505577
v -0.04648603 0.06711008 0.00386952
v -0.05087901 0.06712108 0.00727231
v -0.05553179 0.06543285 0.00979796
v -0.05988318 0.06224902 0.01114183
v -0.07273555 0.04658836 0.01114183
v -0.07500929 0.04169944 0.00979796
v -0.07575737 0.03680671 0.00727231
v -0.07488955 0.03250029 0.00386952
v -0.04740301 0.06786263 0.00209417
v -0.05260237 0.06853541 0.00393575
v -0.05785367 0.06733837 0.00530262
v -0.06252353 0.06441590 0.00602991
v -0.07537590 0.04875524 0.00602991
v -0.07733118 0.04360496 0.00530262
v -0.07748074 0.03822104 0.00393575
v -0.07580654 0.03325284 0.00209417
v -0.04772502 0.06812689 0.00000000
v -0.05320754 0.06903206 0.00000000
v -0.05866901 0.06800750 0.00000000
v -0.06345070 0.06517681 0.00000000
v -0.07630307 0.04951614 0.00000000
v -0.07814651 0.04427410 0.00000000
v -0.07808590 0.03871768 0.00000000
v -0.07612854 0.03351710 0.00000000
v -0.04740301 0.06786263 -0.00209417
v -0.05260237 0.06853541 -0.00393575
v -0.05785367 0.06733837 -0.00530262
v -0.06252353 0.06441590 -0.00602991
v -0.07537590 0.04875524 -0.00602991
v -0.07733118 0.04360496 -0.00530262
v -0.07748074 0.03822104 -0.00393575
v -0.07580654 0.03325284 -0.00209417
v -0.04648603 0.06711008 -0.00386952
v -0.05087901 0.06712108 -0.00727231
v -0.05553179 0.06543285 -0.00979796
v -0.05988318 0.06224902 -0.01114183
v -0.07273555 0.04658836 -0.01114183
v -0.07500929 0.04169944 -0.00979796
v -0.07575737 0.03680671 -0.00727231
v -0.07488955 0.03250029 -0.00386952
v -0.04511367 0.06598381 -0.00505577
v -0.04829981 0.06500439 -0.00950173
v -0.05205684 0.06258104 -0.01280165
v -0.05593162 0.05900606 -0.01455750
v -0.06878399 0.04334539 -0.01455750
v -0.07153435 0.03884763 -0.01280165
v -0.07317817 0.03469001 -0.00950173
v -0.07351719 0.03137402 -0.00505577
v -0.04349485 0.06465528 -0.00547232
v -0.04525743 0.06250757 -0.01028460
v -0.04795786 0.05921709 -0.01385641
v -0.05127043 0.05518072 -0.01575692
v -0.06412280 0.03952006 -0.01575692
v -0.06743537 0.03548368 -0.01385641
v -0.07013580 0.03219320 -0.01028460
v -0.07189838 0.03004549 -0.00547232
v -0.04187604 0.06332676 -0.00505577
v -0.04221506 0.06001076 -0.00950173
v -0.04385888 0.05585315 -0.01280165
v -0.04660924 0.05135538 -0.01455750
v -0.05946161 0.03569472 -0.01455750
v -0.06333639 0.03211974 -0.01280165
v -0.06709342 0.02969639 -0.00950173
v -0.07027956 0.02871697 -0.00505577
v -0.04050368 0.06220049 -0.00386952
v -0.03963586 0.05789407 -0.00727231
v -0.04038394 0.05300133 -0.00979796
v -0.04265768 0.04811242 -0.01114183
v -0.05551005 0.03245176 -0.01114183
v -0.05986144 0.02926792 -0.00979796
v -0.06451422 0.02757970 -0.00727231
v -0.06890720 0.02759070 -0.00386952
v -0.03958669 0.06144794 -0.00209417
v -0.03791249 0.05647974 -0.00393575
v -0.03806205 0.05109581 -0.00530262
v -0.04001733 0.04594554 -0.00602991
v -0.05286970 0.03028488 -0.00602991
v -0.05753956 0.02736240 -0.00530262
v -0.06279086 0.02616537 -0.00393575
v -0.06799022 0.02683815 -0.00209417
v -0.03926469 0.06118368 -0.00000000
v -0.03730733 0.05598309 -0.00000000
v -0.03724672 0.05042668 -0.00000000
v -0.03909016 0.04518463 -0.00000000
v -0.05194253 0.02952397 -0.00000000
v -0.05672422 0.02669327 -0.00000000
v -0.06218569 0.02566872 -0.00000000
v -0.06766821 0.02657389 -0.00000000
v -0.03958669 0.06144794 0.00209417
v -0.03791249 0.05647974 0.00393575
v -0.03806205 0.05109581 0.00530262
v -0.04001733 0.04594554 0.00602991
v -0.05286970 0.03028488 0.00602991
v -0.05753956 0.02736240 0.00530262
v -0.06279086 0.02616537 0.00393575
v -0.06799022 0.02683815 0.00209417
v -0.04050368 0.06220049 0.00386952
v -0.03963586 0.05789407 0.00727231
v -0.04038394 0.05300133 0.00979796
v -0.04265768 0.04811242 0.01114183
v -0.05551005 0.03245176 0.01114183
v -0.05986144 0.02926792 0.00979796
v -0.06451422 0.02757970 0.00727231
v -0.06890720 0.02759070 0.00386952
v -0.04187604 0.06332676 0.00505577
v -0.04221506 0.06001076 0.00950173
v -0.04385888 0.05585315 0.01280165
v -0.04660924 0.05135538 0.01455750
v -0.05946161 0.03569472 0.01455750
v -0.06333639 0.03211974 0.01280165
v -0.06709342 0.02969639 0.00950173
v -0.07027956 0.02871697 0.00505577
v -0.05481787 0.05577851 0.00000000
v -0.05527273 0.05492753 0.00547232
v -0.05658245 0.05247722 0.01028460
v -0.05858905 0.04872314 0.01385641
v -0.06105051 0.04411807 0.01575692
v -0.07060068 0.02625095 0.01575692
v -0.07306214 0.02164589 0.01385641
v -0.07506874 0.01789180 0.01028460
v -0.07637845 0.01544150 0.00547232
v -0.07683331 0.01459052 0.00000000
v -0.05711962 0.05591471 0.00505577
v -0.06005347 0.05433252 0.00950173
v -0.06326554 0.05122277 0.01280165
v -0.06636842 0.04696055 0.01455750
v -0.07591859 0.02909343 0.01455750
v -0.07773863 0.02414552 0.01280165
v -0.07853976 0.01974710 0.00950173
v -0.07822534 0.01642868 0.00505577
v -0.05868534 0.05675160 0.00386952
v -0.06299605 0.05590537 0.00727231
v -0.06723008 0.05334186 0.00979796
v -0.07087672 0.04937029 0.01114183
v -0.08042689 0.03150317 0.01114183
v -0.08170317 0.02626461 0.00979796
v -0.08148234 0.02131995 0.00727231
v -0.07979106 0.01726558 0.00386952
v -0.05973152 0.05731080 0.00209417
v -0.06496223 0.05695631 0.00393575
v -0.06987909 0.05475779 0.00530262
v -0.07388907 0.05098043 0.00602991
v -0.08343925 0.03311331 0.00602991
v -0.08435219 0.02768054 0.00530262
v -0.08344852 0.02237089 0.00393575
v -0.08083724 0.01782477 0.00209417
v -0.06009889 0.05750716 0.00000000
v -0.06565266 0.05732535 0.00000000
v -0.07080931 0.05525500 0.00000000
v -0.07494687 0.05154583 0.00000000
v -0.08449705 0.03367872 0.00000000
v -0.08528240 0.02817775 0.00000000
v -0.08413895 0.02273993 0.00000000
v -0.08120461 0.01802113 0.00000000
v -0.05973152 0.05731080 -0.00209417
v -0.06496223 0.05695631 -0.00393575
v -0.06987909 0.05475779 -0.00530262
v -0.07388907 0.05098043 -0.00602991
v -0.08343925 0.03311331 -0.00602991
v -0.08435219 0.02768054 -0.00530262
v -0.08344852 0.02237089 -0.00393575
v -0.08083724 0.01782477 -0.00209417
v -0.05868534 0.05675160 -0.00386952
v -0.06299605 0.05590537 -0.00727231
v -0.06723008 0.05334186 -0.00979796
v -0.07087672 0.04937029 -0.01114183
v -0.08042689 0.03150317 -0.01114183
v -0.08170317 0.02626461 -0.00979796
v -0.08148234 0.02131995 -0.00727231
v -0.07979106 0.01726558 -0.00386952
v -0.05711962 0.05591471 -0.00505577
v -0.06005347 0.05433252 -0.00950173
v -0.06326554 0.05122277 -0.01280165
v -0.06636842 0.04696055 -0.01455750
v -0.07591859 0.02909343 -0.01455750
v -0.07773863 0.02414552 -0.01280165
v -0.07853976 0.01974710 -0.00950173
v -0.07822534 0.01642868 -0.00505577
v -0.05527273 0.05492753 -0.00547232
v -0.05658245 0.05247722 -0.01028460
v -0.05858905 0.04872314 -0.01385641
v -0.06105051 0.04411807 -0.01575692
v -0.07060068 0.02625095 -0.01575692
v -0.07306214 0.02164589 -0.01385641
v -0.07506874 0.01789180 -0.01028460
v -0.07637845 0.01544150 -0.00547232
v -0.05342584 0.05394034 -0.00505577
v -0.05311143 0.05062192 -0.00950173
v -0.05391256 0.04622350 -0.01280165
v -0.05573260 0.04127559 -0.01455750
v -0.06528277 0.02340847 -0.01455750
v -0.06838565 0.01914625 -0.01280165
v -0.07159772 0.01603651 -0.00950173
v -0.07453156 0.01445432 -0.00505577
v -0.05186012 0.05310345 -0.00386952
v -0.05016884 0.04904908 -0.00727231
v -0.04994802 0.04410441 -0.00979796
v -0.05122429 0.03886585 -0.01114183
v -0.06077446 0.02099873 -0.01114183
v -0.06442111 0.01702716 -0.00979796
v -0.06865513 0.01446366 -0.00727231
v -0.07296584 0.01361742 -0.00386952
v -0.05081394 0.05254425 -0.00209417
v -0.04820267 0.04799814 -0.00393575
v -0.04729900 0.04268848 -0.00530262
v -0.04821194 0.03725571 -0.00602991
v -0.05776211 0.01938860 -0.00602991
v -0.06177209 0.01561123 -0.00530262
v -0.06668896 0.01341272 -0.00393575
v -0.07191967 0.01305823 -0.00209417
v -0.05044657 0.05234789 -0.00000000
v -0.04751224 0.04762909 -0.00000000
v -0.04636879 0.04219127 -0.00000000
v -0.04715414 0.03669031 -0.00000000
v -0.05670431 0.01882319 -0.00000000
v -0.06084188 0.01511402 -0.00000000
v -0.06599853 0.01304368 -0.00000000
v -0.07155230 0.01286186 -0.00000000
v -0.05081394 0.05254425 0.00209417
v -0.04820267 0.04799814 0.00393575
v -0.04729900 0.04268848 0.00530262
v -0.04821194 0.03725571 0.00602991
v -0.05776211 0.01938860 0.00602991
v -0.06177209 0.01561123 0.00530262
v -0.06668896 0.01341272 0.00393575
v -0.07191967 0.01305823 0.00209417
v -0.05186012 0.05310345 0.00386952
v -0.05016884 0.04904908 0.00727231
v -0.04994802 0.04410441 0.00979796
v -0.05122429 0.03886585 0.01114183
v -0.06077446 0.02099873 0.01114183
v -0.06442111 0.01702716 0.00979796
v -0.06865513 0.01446366 0.00727231
v -0.07296584 0.01361742 0.00386952
v -0.05342584 0.05394034 0.00505577
v -0.05311143 0.05062192 0.00950173
v -0.05391256 0.04622350 0.01280165
v -0.05573260 0.04127559 0.01455750
v -0.06528277 0.02340847 0.01455750
v -0.06838565 0.01914625 0.01280165
v -0.07159772 0.01603651 0.00950173
v -0.07453156 0.01445432 0.00505577
v -0.06464641 0.04401230 0.00000000
v -0.06492651 0.04308893 0.00547232
v -0.06573303 0.04043020 0.01028460
v -0.06696869 0.03635678 0.01385641
v -0.06848445 0.03135999 0.01575692
v -0.07436541 0.01197304 0.01575692
v -0.07588117 0.00697625 0.01385641
v -0.07711683 0.00290283 0.01028460
v -0.07792335 0.00024410 0.00547232
v -0.07820345 -0.00067927 0.00000000
v -0.06693050 0.04369684 0.00505577
v -0.06949930 0.04157269 0.00950173
v -0.07204298 0.03789605 0.01280165
v -0.07425471 0.03311038 0.01455750
v -0.08013568 0.01372343 0.01455750
v -0.08095546 0.00851552 0.01280165
v -0.08088311 0.00404532 0.00950173
v -0.07992734 0.00085200 0.00505577
v -0.06862941 0.04421220 0.00386952
v -0.07269220 0.04254124 0.00727231
v -0.07634475 0.03920098 0.00979796
v -0.07914651 0.03459429 0.01114183
v -0.08502748 0.01520734 0.01114183
v -0.08525724 0.00982045 0.00979796
v -0.08407600 0.00501387 0.00727231
v -0.08162625 0.00136736 0.00386952
v -0.06976458 0.04455655 0.00209417
v -0.07482562 0.04318841 0.00393575
v -0.07921910 0.04007290 0.00530262
v -0.08241511 0.03558581 0.00602991
v -0.08829607 0.01619886 0.00602991
v -0.08813159 0.01069237 0.00530262
v -0.08620942 0.00566104 0.00393575
v -0.08276142 0.00171171 0.00209417
v -0.07016320 0.04467747 0.00000000
v -0.07557478 0.04341566 0.00000000
v -0.08022844 0.04037908 0.00000000
v -0.08356288 0.03593399 0.00000000
v -0.08944385 0.01654703 0.00000000
v -0.08914093 0.01099855 0.00000000
v -0.08695858 0.00588830 0.00000000
v -0.08316004 0.00183263 0.00000000
v -0.06976458 0.04455655 -0.00209417
v -0.07482562 0.04318841 -0.00393575
v -0.07921910 0.04007290 -0.00530262
v -0.08241511 0.03558581 -0.00602991
v -0.08829607 0.01619886 -0.00602991
v -0.08813159 0.01069237 -0.00530262
v -0.08620942 0.00566104 -0.00393575
v -0.08276142 0.00171171 -0.00209417
v -0.06862941 0.04421220 -0.00386952
v -0.07269220 0.04254124 -0.00727231
v -0.07634475 0.03920098 -0.00979796
v -0.07914651 0.03459429 -0.01114183
v -0.08502748 0.01520734 -0.01114183
v -0.08525724 0.00982045 -0.00979796
v -0.08407600 0.00501387 -0.00727231
v -0.08162625 0.00136736 -0.00386952
v -0.06693050 0.04369684 -0.00505577
v -0.06949930 0.04157269 -0.00950173
v -0.07204298 0.03789605 -0.01280165
v -0.07425471 0.03311038 -0.01455750
v -0.08013568 0.01372343 -0.01455750
v -0.08095546 0.00851552 -0.01280165
v -0.08088311 0.00404532 -0.00950173
v -0.07992734 0.00085200 -0.00505577
v -0.06492651 0.04308893 -0.00547232
v -0.06573303 0.04043020 -0.01028460
v -0.06696869 0.03635678 -0.01385641
v -0.06848445 0.03135999 -0.01575692
v -0.07436541 0.01197304 -0.01575692
v -0.07588117 0.00697625 -0.01385641
v -0.07711683 0.00290283 -0.01028460
v -0.07792335 0.00024410 -0.00547232
v -0.06292252 0.04248103 -0.00505577
v -0.06196675 0.03928771 -0.00950173
v -0.06189440 0.03481751 -0.01280165
v -0.06271418 0.02960960 -0.01455750
v -0.06859515 0.01022265 -0.01455750
v -0.07080689 0.00543698 -0.01280165
v -0.07335056 0.00176035 -0.00950173
v -0.07591936 -0.00036381 -0.00505577
v -0.06122361 0.04196567 -0.00386952
v -0.05877386 0.03831916 -0.00727231
v -0.05759263 0.03351258 -0.00979796
v -0.05782238 0.02812569 -0.01114183
v -0.06370335 0.00873874 -0.01114183
v -0.06650511 0.00413205 -0.00979796
v -0.07015766 0.00079179 -0.00727231
v -0.07422045 -0.00087916 -0.00386952
v -0.06008844 0.04162132 -0.00209417
v -0.05664044 0.03767199 -0.00393575
v -0.05471827 0.03264066 -0.00530262
v -0.05455379 0.02713417 -0.00602991
v -0.06043476 0.00774722 -0.00602991
v -0.06363076 0.00326013 -0.00530262
v -0.06802424 0.00014463 -0.00393575
v -0.07308528 -0.00122351 -0.00209417
v -0.05968983 0.04150040 -0.00000000
v -0.05589128 0.03744474 -0.00000000
v -0.05370893 0.03233448 -0.00000000
v -0.05340601 0.02678600 -0.00000000
v -0.05928698 0.00739905 -0.00000000
v -0.06262142 0.00295395 -0.00000000
v -0.06727508 -0.00008263 -0.00000000
v -0.07268666 -0.00134443 -0.00000000
v -0.06008844 0.04162132 0.00209417
v -0.05664044 0.03767199 0.00393575
v -0.05471827 0.03264066 0.00530262
v -0.05455379 0.02713417 0.00602991
v -0.06043476 0.00774722 0.00602991
v -0.06363076 0.00326013 0.00530262
v -0.06802424 0.00014463 0.00393575
v -0.07308528 -0.00122351 0.00209417
v -0.06122361 0.04196567 0.00386952
v -0.05877386 0.03831916 0.00727231
v -0.05759263 0.03351258 0.00979796
v -0.05782238 0.02812569 0.01114183
v -0.06370335 0.00873874 0.01114183
v -0.06650511 0.00413205 0.00979796
v -0.07015766 0.00079179 0.00727231
v -0.07422045 -0.00087916 0.00386952
v -0.06292252 0.04248103 0.00505577
v -0.06196675 0.03928771 0.00950173
v -0.06189440 0.03481751 0.01280165
v -0.06271418 0.02960960 0.01455750
v -0.06859515 0.01022265 0.01455750
v -0.07080689 0.00543698 0.01280165
v -0.07335056 0.00176035 0.00950173
v -0.07591936 -0.00036381 0.00505577
v -0.07199062 0.03055473 0.00000000
v -0.07208520 0.02959446 0.00547232
v -0.07235753 0.02682947 0.01028460
v -0.07277476 0.02259325 0.01385641
v -0.07328657 0.01739677 0.01575692
v -0.07527233 -0.00276499 0.01575692
v -0.07578414 -0.00796148 0.01385641
v -0.07620137 -0.01219769 0.01028460
v -0.07647370 -0.01496268 0.00547232
v -0.07656827 -0.01592296 0.00000000
v -0.07416928 0.02979972 0.00505577
v -0.07627432 0.02721524 0.00950173
v -0.07805184 0.02311300 0.01280165
v -0.07928745 0.01798780 0.01455750
v -0.08127321 -0.00217396 0.01455750
v -0.08106122 -0.00744173 0.01280165
v -0.08011816 -0.01181192 0.00950173
v -0.07855778 -0.01475742 0.00505577
v -0.07593608 0.02997374 0.00386952
v -0.07959482 0.02754228 0.00727231
v -0.08252554 0.02355362 0.00979796
v -0.08437474 0.01848886 0.01114183
v -0.08636050 -0.00167290 0.01114183
v -0.08553492 -0.00700111 0.00979796
v -0.08343866 -0.01148488 0.00727231
v -0.08032458 -0.01458340 0.00386952
v -0.07711662 0.03009001 0.00209417
v -0.08181351 0.02776080 0.00393575
v -0.08551477 0.02384803 0.00530262
v -0.08777397 0.01882365 0.00602991
v -0.08975973 -0.00133811 0.00602991
v -0.08852414 -0.00670670 0.00530262
v -0.08565735 -0.01126636 0.00393575
v -0.08150512 -0.01446713 0.00209417
v -0.07753117 0.03013084 0.00000000
v -0.08259261 0.02783753 0.00000000
v -0.08656444 0.02395142 0.00000000
v -0.08896762 0.01894122 0.00000000
v -0.09095338 -0.00122054 0.00000000
v -0.08957382 -0.00660331 0.00000000
v -0.08643645 -0.01118962 0.00000000
v -0.08191967 -0.01442630 0.00000000
v -0.07711662 0.03009001 -0.00209417
v -0.08181351 0.02776080 -0.00393575
v -0.08551477 0.02384803 -0.00530262
v -0.08777397 0.01882365 -0.00602991
v -0.08975973 -0.00133811 -0.00602991
v -0.08852414 -0.00670670 -0.00530262
v -0.08565735 -0.01126636 -0.00393575
v -0.08150512 -0.01446713 -0.00209417
v -0.07593608 0.02997374 -0.00386952
v -0.07959482 0.02754228 -0.00727231
v -0.08252554 0.02355362 -0.00979796
v -0.08437474 0.01848886 -0.01114183
v -0.08636050 -0.00167290 -0.01114183
v -0.08553492 -0.00700111 -0.00979796
v -0.08343866 -0.01148488 -0.00727231
v -0.08032458 -0.01458340 -0.00386952
v -0.07416928 0.02979972 -0.00505577
v -0.07627432 0.02721524 -0.00950173
v -0.07805184 0.02311300 -0.01280165
v -0.07928745 0.01798780 -0.01455750
v -0.08127321 -0.00217396 -0.01455750
v -0.08106122 -0.00744173 -0.01280165
v -0.08011816 -0.01181192 -0.00950173
v -0.07855778 -0.01475742 -0.00505577
v -0.07208520 0.02959446 -0.00547232
v -0.07235753 0.02682947 -0.01028460
v -0.07277476 0.02259325 -0.01385641
v -0.07328657 0.01739677 -0.01575692
v -0.07527233 -0.00276499 -0.01575692
v -0.07578414 -0.00796148 -0.01385641
v -0.07620137 -0.01219769 -0.01028460
v -0.07647370 -0.01496268 -0.00547232
v -0.07000112 0.02938919 -0.00505577
v -0.06844073 0.02644370 -0.00950173
v -0.06749768 0.02207350 -0.01280165
v -0.06728569 0.01680573 -0.01455750
v -0.06927145 -0.00335603 -0.01455750
v -0.07050705 -0.00848123 -0.01280165
v -0.07228457 -0.01258346 -0.00950173
v -0.07438961 -0.01516795 -0.00505577
v -0.06823432 0.02921518 -0.00386952
v -0.06512023 0.02611665 -0.00727231
v -0.06302398 0.02163288 -0.00979796
v -0.06219839 0.01630468 -0.01114183
v -0.06418415 -0.00385708 -0.01114183
v -0.06603336 -0.00892185 -0.00979796
v -0.06896407 -0.01291050 -0.00727231
v -0.07262281 -0.01534196 -0.00386952
v -0.06705378 0.02909891 -0.00209417
v -0.06290155 0.02589813 -0.00393575
v -0.06003475 0.02133847 -0.00530262
v -0.05879917 0.01596988 -0.00602991
v -0.06078493 -0.00419188 -0.00602991
v -0.06304413 -0.00921626 -0.00530262
v -0.06674539 -0.01312902 -0.00393575
v -0.07144227 -0.01545824 -0.00209417
v -0.06663923 0.02905808 -0.00000000
v -0.06212245 0.02582140 -0.00000000
v -0.05898507 0.02123509 -0.00000000
v -0.05760552 0.01585232 -0.00000000
v -0.05959128 -0.00430944 -0.00000000
v -0.06199445 -0.00931964 -0.00000000
v -0.06596629 -0.01320576 -0.00000000
v -0.07102772 -0.01549907 -0.00000000
v -0.06705378 0.02909891 0.00209417
v -0.06290155 0.02589813 0.00393575
v -0.06003475 0.02133847 0.00530262
v -0.05879917 0.01596988 0.00602991
v -0.06078493 -0.00419188 0.00602991
v -0.06304413 -0.00921626 0.00530262
v -0.06674539 -0.01312902 0.00393575
v -0.07144227 -0.01545824 0.00209417
v -0.06823432 0.02921518 0.00386952
v -0.06512023 0.02611665 0.00727231
v -0.06302398 0.02163288 0.00979796
v -0.06219839 0.01630468 0.01114183
v -0.06418415 -0.00385708 0.01114183
v -0.06603336 -0.00892185 0.00979796
v -0.06896407 -0.01291050 0.00727231
v -0.07262281 -0.01534196 0.00386952
v -0.07000112 0.02938919 0.00505577
v -0.06844073 0.02644370 0.00950173
v -0.06749768 0.02207350 0.01280165
v -0.06728569 0.01680573 0.01455750
v -0.06927145 -0.00335603 0.01455750
v -0.07050705 -0.00848123 0.01280165
v -0.07228457 -0.01258346 0.00950173
v -0.07438961 -0.01516795 0.00505577
v -0.07656827 0.01592296 -0.00000000
v -0.07647370 0.01496268 -0.00547232
v -0.07620137 0.01219769 -0.01028460
v -0.07578414 0.00796148 -0.01385641
v -0.07527233 0.00276499 -0.01575692
v -0.07328657 -0.01739677 -0.01575692
v -0.07277476 -0.02259325 -0.01385641
v -0.07235753 -0.02682947 -0.01028460
v -0.07208520 -0.02959446 -0.00547232
v -0.07199062 -0.03055473 -0.00000000
v -0.07438961 0.01516795 -0.00505577
v -0.07228457 0.01258346 -0.00950173
v -0.07050705 0.00848123 -0.01280165
v -0.06927145 0.00335603 -0.01455750
v -0.06728569 -0.01680573 -0.01455750
v -0.06749768 -0.02207350 -0.01280165
v -0.06844073 -0.02644370 -0.00950173
v -0.07000112 -0.02938919 -0.00505577
v -0.07262281 0.01534196 -0.00386952
v -0.06896407 0.01291050 -0.00727231
v -0.06603336 0.00892185 -0.00979796
v -0.06418415 0.00385708 -0.01114183
v -0.06219839 -0.01630468 -0.01114183
v -0.06302398 -0.02163288 -0.00979796
v -0.06512023 -0.02611665 -0.00727231
v -0.06823432 -0.02921518 -0.00386952
v -0.07144227 0.01545824 -0.00209417
v -0.06674539 0.01312902 -0.00393575
v -0.06304413 0.00921626 -0.00530262
v -0.06078493 0.00419188 -0.00602991
v -0.05879917 -0.01596988 -0.00602991
v -0.06003475 -0.02133847 -0.00530262
v -0.06290155 -0.02589813 -0.00393575
v -0.06705378 -0.02909891 -0.00209417
v -0.07102772 0.01549907 -0.00000000
v -0.06596629 0.01320576 -0.00000000
v -0.06199445 0.00931964 -0.00000000
v -0.05959128 0.00430944 -0.00000000
v -0.05760552 -0.01585232 -0.00000000
v -0.05898507 -0.02123509 -0.00000000
v -0.06212245 -0.02582140 -0.00000000
v -0.06663923 -0.02905808 -0.00000000
v -0.07144227 0.01545824 0.00209417
v -0.06674539 0.01312902 0.00393575
v -0.06304413 0.00921626 0.00530262
v -0.06078493 0.00419188 0.00602991
v -0.05879917 -0.01596988 0.00602991
v -0.06003475 -0.02133847 0.00530262
v -0.06290155 -0.02589813 0.00393575
v -0.06705378 -0.02909891 0.00209417
v -0.07262281 0.01534196 0.00386952
v -0.06896407 0.01291050 0.00727231
v -0.06603336 0.00892185 0.00979796
v -0.06418415 0.00385708 0.01114183
v -0.06219839 -0.01630468 0.01114183
v -0.06302398 -0.02163288 0.00979796
v -0.06512023 -0.02611665 0.00727231
v -0.06823432 -0.02921518 0.00386952
v -0.07438961 0.01516795 0.00505577
v -0.07228457 0.01258346 0.00950173
v -0.07050705 0.00848123 0.01280165
v -0.06927145 0.00335603 0.01455750
v -0.06728569 -0.01680573 0.01455750
v -0.06749768 -0.02207350 0.01280165
v -0.06844073 -0.02644370 0.00950173
v -0.07000112 -0.02938919 0.00505577
v -0.07647370 0.01496268 0.00547232
v -0.07620137 0.01219769 0.01028460
v -0.07578414 0.00796148 0.01385641
v -0.07527233 0.00276499 0.01575692
v -0.07328657 -0.01739677 0.01575692
v -0.07277476 -0.02259325 0.01385641
v -0.07235753 -0.02682947 0.01028460
v -0.07208520 -0.02959446 0.00547232
v -0.07855778 0.01475742 0.00505577
v -0.08011816 0.01181192 0.00950173
v -0.08106122 0.00744173 0.01280165
v -0.08127321 0.00217396 0.01455750
v -0.07928745 -0.01798780 0.01455750
v -0.07805184 -0.02311300 0.01280165
v -0.07627432 -0.02721524 0.00950173
v -0.07416928 -0.02979972 0.00505577
v -0.08032458 0.01458340 0.00386952
v -0.08343866 0.01148488 0.00727231
v -0.08553492 0.00700111 0.00979796
v -0.08636050 0.00167290 0.01114183
v -0.08437474 -0.01848886 0.01114183
v -0.08252554 -0.02355362 0.00979796
v -0.07959482 -0.02754228 0.00727231
v -0.07593608 -0.02997374 0.00386952
v -0.08150512 0.01446713 0.00209417
v -0.08565735 0.01126636 0.00393575
v -0.08852414 0.00670670 0.00530262
v -0.08975973 0.00133811 0.00602991
v -0.08777397 -0.01882365 0.00602991
v -0.08551477 -0.02384803 0.00530262
v -0.08181351 -0.02776080 0.00393575
v -0.07711662 -0.03009001 0.00209417
v -0.08191967 0.01442630 0.00000000
v -0.08643645 0.01118962 0.00000000
v -0.08957382 0.00660331 0.00000000
v -0.09095338 0.00122054 0.00000000
v -0.08896762 -0.01894122 0.00000000
v -0.08656444 -0.02395142 0.00000000
v -0.08259261 -0.02783753 0.00000000
v -0.07753117 -0.03013084 0.00000000
v -0.08150512 0.01446713 -0.00209417
v -0.08565735 0.01126636 -0.00393575
v -0.08852414 0.00670670 -0.00530262
v -0.08975973 0.00133811 -0.00602991
v -0.08777397 -0.01882365 -0.00602991
v -0.08551477 -0.02384803 -0.00530262
v -0.08181351 -0.02776080 -0.00393575
v -0.07711662 -0.03009001 -0.00209417
v -0.08032458 0.01458340 -0.00386952
v -0.08343866 0.01148488 -0.00727231
v -0.08553492 0.00700111 -0.00979796
v -0.08636050 0.00167290 -0.01114183
v -0.08437474 -0.01848886 -0.01114183
v -0.08252554 -0.02355362 -0.00979796
v -0.07959482 -0.02754228 -0.00727231
v -0.07593608 -0.02997374 -0.00386952
v -0.07855778 0.01475742 -0.00505577
v -0.08011816 0.01181192 -0.00950173
v -0.08106122 0.00744173 -0.01280165
v -0.08127321 0.00217396 -0.01455750
v -0.07928745 -0.01798780 -0.01455750
v -0.07805184 -0.02311300 -0.01280165
v -0.07627432 -0.02721524 -0.00950173
v -0.07416928 -0.02979972 -0.00505577
v -0.07820345 0.00067927 -0.00000000
v -0.07792335 -0.00024410 -0.00547232
v -0.07711683 -0.00290283 -0.01028460
v -0.07588117 -0.00697625 -0.01385641
v -0.07436541 -0.01197304 -0.01575692
v -0.06848445 -0.03135999 -0.01575692
v -0.06696869 -0.03635678 -0.01385641
v -0.06573303 -0.04043020 -0.01028460
v -0.06492651 -0.04308893 -0.00547232
v -0.06464641 -0.04401230 -0.00000000
v -0.07591936 0.00036381 -0.00505577
v -0.07335056 -0.00176035 -0.00950173
v -0.07080689 -0.00543698 -0.01280165
v -0.06859515 -0.01022265 -0.01455750
v -0.06271418 -0.02960960 -0.01455750
v -0.06189440 -0.03481751 -0.01280165
v -0.06196675 -0.03928771 -0.00950173
v -0.06292252 -0.04248103 -0.00505577
v -0.07422045 0.00087916 -0.00386952
v -0.07015766 -0.00079179 -0.00727231
v -0.06650511 -0.00413205 -0.00979796
v -0.06370335 -0.00873874 -0.01114183
v -0.05782238 -0.02812569 -0.01114183
v -0.05759263 -0.03351258 -0.00979796
v -0.05877386 -0.03831916 -0.00727231
v -0.06122361 -0.04196567 -0.00386952
v -0.07308528 0.00122351 -0.00209417
v -0.06802424 -0.00014463 -0.00393575
v -0.06363076 -0.00326013 -0.00530262
v -0.06043476 -0.00774722 -0.00602991
v -0.05455379 -0.02713417 -0.00602991
v -0.05471827 -0.03264066 -0.00530262
v -0.05664044 -0.03767199 -0.00393575
v -0.06008844 -0.04162132 -0.00209417
v -0.07268666 0.00134443 -0.00000000
v -0.06727508 0.00008263 -0.00000000
v -0.06262142 -0.00295395 -0.00000000
v -0.05928698 -0.00739905 -0.00000000
v -0.05340601 -0.02678600 -0.00000000
v -0.05370893 -0.03233448 -0.00000000
v -0.05589128 -0.03744474 -0.00000000
v -0.05968983 -0.04150040 -0.00000000
v -0.07308528 0.00122351 0.00209417
v -0.06802424 -0.00014463 0.00393575
v -0.06363076 -0.00326013 0.00530262
v -0.06043476 -0.00774722 0.00602991
v -0.05455379 -0.02713417 0.00602991
v -0.05471827 -0.03264066 0.00530262
v -0.05664044 -0.03767199 0.00393575
v -0.06008844 -0.04162132 0.00209417
v -0.07422045 0.00087916 0.00386952
v -0.07015766 -0.00079179 0.00727231
v -0.06650511 -0.00413205 0.00979796
v -0.06370335 -0.00873874 0.01114183
v -0.05782238 -0.02812569 0.01114183
v -0.05759263 -0.03351258 0.00979796
v -0.05877386 -0.03831916 0.00727231
v -0.06122361 -0.04196567 0.00386952
v -0.07591936 0.00036381 0.00505577
v -0.07335056 -0.00176035 0.00950173
v -0.07080689 -0.00543698 0.01280165
v -0.06859515 -0.01022265 0.01455750
v -0.06271418 -0.02960960 0.01455750
v -0.06189440 -0.03481751 0.01280165
v -0.06196675 -0.03928771 0.00950173
v -0.06292252 -0.04248103 0.00505577
v -0.07792335 -0.00024410 0.00547232
v -0.07711683 -0.00290283 0.01028460
v -0.07588117 -0.00697625 0.01385641
v -0.07436541 -0.01197304 0.01575692
v -0.06848445 -0.03135999 0.01575692
v -0.06696869 -0.03635678 0.01385641
v -0.06573303 -0.04043020 0.01028460
v -0.06492651 -0.04308893 0.00547232
v -0.07992734 -0.00085200 0.00505577
v -0.08088311 -0.00404532 0.00950173
v -0.08095546 -0.00851552 0.01280165
v -0.08013568 -0.01372343 0.01455750
v -0.07425471 -0.03311038 0.01455750
v -0.07204298 -0.03789605 0.01280165
v -0.06949930 -0.04157269 0.00950173
v -0.06693050 -0.04369684 0.00505577
v -0.08162625 -0.00136736 0.00386952
v -0.08407600 -0.00501387 0.00727231
v -0.08525724 -0.00982045 0.00979796
v -0.08502748 -0.01520734 0.01114183
v -0.07914651 -0.03459429 0.01114183
v -0.07634475 -0.03920098 0.00979796
v -0.07269220 -0.04254124 0.00727231
v -0.06862941 -0.04421220 0.00386952
v -0.08276142 -0.00171171 0.00209417
v -0.08620942 -0.00566104 0.00393575
v -0.08813159 -0.01069237 0.00530262
v -0.08829607 -0.01619886 0.00602991
v -0.08241511 -0.03558581 0.00602991
v -0.07921910 -0.04007290 0.00530262
v -0.07482562 -0.04318841 0.00393575
v -0.06976458 -0.04455655 0.00209417
v -0.08316004 -0.00183263 0.00000000
v -0.08695858 -0.00588830 0.00000000
v -0.08914093 -0.01099855 0.00000000
v -0.08944385 -0.01654703 0.00000000
v -0.08356288 -0.03593399 0.00000000
v -0.08022844 -0.04037908 0.00000000
v -0.07557478 -0.04341566 0.00000000
v -0.07016320 -0.04467747 0.00000000
v -0.08276142 -0.00171171 -0.00209417
v -0.08620942 -0.00566104 -0.00393575
v -0.08813159 -0.01069237 -0.00530262
v -0.08829607 -0.01619886 -0.00602991
v -0.08241511 -0.03558581 -0.00602991
v -0.07921910 -0.04007290 -0.00530262
v -0.07482562 -0.04318841 -0.00393575
v -0.06976458 -0.04455655 -0.00209417
v -0.08162625 -0.00136736 -0.00386952
v -0.08407600 -0.00501387 -0.00727231
v -0.08525724 -0.00982045 -0.00979796
v -0.08502748 -0.01520734 -0.01114183
v -0.07914651 -0.03459429 -0.01114183
v -0.07634475 -0.03920098 -0.00979796
v -0.07269220 -0.04254124 -0.00727231
v -0.06862941 -0.04421220 -0.00386952
v -0.07992734 -0.00085200 -0.00505577
v -0.08088311 -0.00404532 -0.00950173
v -0.08095546 -0.00851552 -0.01280165
v -0.08013568 -0.01372343 -0.01455750
v -0.07425471 -0.03311038 -0.01455750
v -0.07204298 -0.03789605 -0.01280165
v -0.06949930 -0.04157269 -0.00950173
v -0.06693050 -0.04369684 -0.00505577
v -0.07683331 -0.01459052 -0.00000000
v -0.07637845 -0.01544150 -0.00547232
v -0.07506874 -0.01789180 -0.01028460
v -0.07306214 -0.02164589 -0.01385641
v -0.07060068 -0.02625095 -0.01575692
v -0.06105051 -0.04411807 -0.01575692
v -0.05858905 -0.04872314 -0.01385641
v -0.05658245 -0.05247722 -0.01028460
v -0.05527273 -0.05492753 -0.00547232
v -0.05481787 -0.05577851 -0.00000000
v -0.07453156 -0.01445432 -0.00505577
v -0.07159772 -0.01603651 -0.00950173
v -0.06838565 -0.01914625 -0.01280165
v -0.06528277 -0.02340847 -0.01455750
v -0.05573260 -0.04127559 -0.01455750
v -0.05391256 -0.04622350 -0.01280165
v -0.05311143 -0.05062192 -0.00950173
v -0.05342584 -0.05394034 -0.00505577
v -0.07296584 -0.01361742 -0.00386952
v -0.06865513 -0.01446366 -0.00727231
v -0.06442111 -0.01702716 -0.00979796
v -0.06077446 -0.02099873 -0.01114183
v -0.05122429 -0.03886585 -0.01114183
v -0.04994802 -0.04410441 -0.00979796
v -0.05016884 -0.04904908 -0.00727231
v -0.05186012 -0.05310345 -0.00386952
v -0.07191967 -0.01305823 -0.00209417
v -0.06668896 -0.01341272 -0.00393575
v -0.06177209 -0.01561123 -0.00530262
v -0.05776211 -0.01938860 -0.00602991
v -0.04821194 -0.03725571 -0.00602991
v -0.04729900 -0.04268848 -0.00530262
v -0.04820267 -0.04799814 -0.00393575
v -0.05081394 -0.05254425 -0.00209417
v -0.07155230 -0.01286186 -0.00000000
v -0.06599853 -0.01304368 -0.00000000
v -0.06084188 -0.01511402 -0.00000000
v -0.05670431 -0.01882319 -0.00000000
v -0.04715414 -0.03669031 -0.00000000
v -0.04636879 -0.04219127 -0.00000000
v -0.04751224 -0.04762909 -0.00000000
v -0.05044657 -0.05234789 -0.00000000
v -0.07191967 -0.01305823 0.00209417
v -0.06668896 -0.01341272 0.00393575
v -0.06177209 -0.01561123 0.00530262
v -0.05776211 -0.01938860 0.00602991
v -0.04821194 -0.03725571 0.00602991
v -0.04729900 -0.04268848 0.00530262
v -0.04820267 -0.04799814 0.00393575
v -0.05081394 -0.05254425 0.00209417
v -0.07296584 -0.01361742 0.00386952
v -0.06865513 -0.01446366 0.00727231
v -0.06442111 -0.01702716 0.00979796
v -0.06077446 -0.02099873 0.01114183
v -0.05122429 -0.03886585 0.01114183
v -0.04994802 -0.04410441 0.00979796
v -0.05016884 -0.04904908 0.00727231
v -0.05186012 -0.05310345 0.00386952
v -0.07453156 -0.01445432 0.00505577
v -0.07159772 -0.01603651 0.00950173
v -0.06838565 -0.01914625 0.01280165
v -0.06528277 -0.02340847 0.01455750
v -0.05573260 -0.04127559 0.01455750
v -0.05391256 -0.04622350 0.01280165
v -0.05311143 -0.05062192 0.00950173
v -0.05342584 -0.05394034 0.00505577
v -0.07637845 -0.01544150 0.00547232
v -0.07506874 -0.01789180 0.01028460
v -0.07306214 -0.02164589 0.01385641
v -0.07060068 -0.02625095 0.01575692
v -0.06105051 -0.04411807 0.01575692
v -0.05858905 -0.04872314 0.01385641
v -0.05658245 -0.05247722 0.01028460
v -0.05527273 -0.05492753 0.00547232
v -0.07822534 -0.01642868 0.00505577
v -0.07853976 -0.01974710 0.00950173
v -0.07773863 -0.02414552 0.01280165
v -0.07591859 -0.02909343 0.01455750
v -0.06636842 -0.04696055 0.01455750
v -0.06326554 -0.05122277 0.01280165
v -0.06005347 -0.05433252 0.00950173
v -0.05711962 -0.05591471 0.00505577
v -0.07979106 -0.01726558 0.00386952
v -0.08148234 -0.02131995 0.00727231
v -0.08170317 -0.02626461 0.00979796
v -0.08042689 -0.03150317 0.01114183
v -0.07087672 -0.04937029 0.01114183
v -0.06723008 -0.05334186 0.00979796
v -0.06299605 -0.05590537 0.00727231
v -0.05868534 -0.05675160 0.00386952
v -0.08083724 -0.01782477 0.00209417
v -0.08344852 -0.02237089 0.00393575
v -0.08435219 -0.02768054 0.00530262
v -0.08343925 -0.03311331 0.00602991
v -0.07388907 -0.05098043 0.00602991
v -0.06987909 -0.05475779 0.00530262
v -0.06496223 -0.05695631 0.00393575
v -0.05973152 -0.05731080 0.00209417
v -0.08120461 -0.01802113 0.00000000
v -0.08413895 -0.02273993 0.00000000
v -0.08528240 -0.02817775 0.00000000
v -0.08449705 -0.03367872 0.00000000
v -0.07494687 -0.05154583 0.00000000
v -0.07080931 -0.05525500 0.00000000
v -0.06565266 -0.05732535 0.00000000
v -0.06009889 -0.05750716 0.00000000
v -0.08083724 -0.01782477 -0.00209417
v -0.08344852 -0.02237089 -0.00393575
v -0.08435219 -0.02768054 -0.00530262
v -0.08343925 -0.03311331 -0.00602991
v -0.07388907 -0.05098043 -0.00602991
v -0.06987909 -0.05475779 -0.00530262
v -0.06496223 -0.05695631 -0.00393575
v -0.05973152 -0.05731080 -0.00209417
v -0.07979106 -0.01726558 -0.00386952
v -0.08148234 -0.02131995 -0.00727231
v -0.08170317 -0.02626461 -0.00979796
v -0.08042689 -0.03150317 -0.01114183
v -0.07087672 -0.04937029 -0.01114183
v -0.06723008 -0.05334186 -0.00979796
v -0.06299605 -0.05590537 -0.00727231
v -0.05868534 -0.05675160 -0.00386952
v -0.07822534 -0.01642868 -0.00505577
v -0.07853976 -0.01974710 -0.00950173
v -0.07773863 -0.02414552 -0.01280165
v -0.07591859 -0.02909343 -0.01455750
v -0.06636842 -0.04696055 -0.01455750
v -0.06326554 -0.05122277 -0.01280165
v -0.06005347 -0.05433252 -0.00950173
v -0.05711962 -0.05591471 -0.00505577
v -0.07251051 -0.02929960 -0.00000000
v -0.07189838 -0.03004549 -0.00547232
v -0.07013580 -0.03219320 -0.01028460
v -0.06743537 -0.03548368 -0.01385641
v -0.06412280 -0.03952006 -0.01575692
v -0.05127043 -0.05518072 -0.01575692
v -0.04795786 -0.05921709 -0.01385641
v -0.04525743 -0.06250757 -0.01028460
v -0.04349485 -0.06465528 -0.00547232
v -0.04288272 -0.06540118 -0.00000000
v -0.07027956 -0.02871697 -0.00505577
v -0.06709342 -0.02969639 -0.00950173
v -0.06333639 -0.03211974 -0.01280165
v -0.05946161 -0.03569472 -0.01455750
v -0.04660924 -0.05135538 -0.01455750
v -0.04385888 -0.05585315 -0.01280165
v -0.04221506 -0.06001076 -0.00950173
v -0.04187604 -0.06332676 -0.00505577
v -0.06890720 -0.02759070 -0.00386952
v -0.06451422 -0.02757970 -0.00727231
v -0.05986144 -0.02926792 -0.00979796
v -0.05551005 -0.03245176 -0.01114183
v -0.04265768 -0.04811242 -0.01114183
v -0.04038394 -0.05300133 -0.00979796
v -0.03963586 -0.05789407 -0.00727231
v -0.04050368 -0.06220049 -0.00386952
v -0.06799022 -0.02683815 -0.00209417
v -0.06279086 -0.02616537 -0.00393575
v -0.05753956 -0.02736240 -0.00530262
v -0.05286970 -0.03028488 -0.00602991
v -0.04001733 -0.04594554 -0.00602991
v -0.03806205 -0.05109581 -0.00530262
v -0.03791249 -0.05647974 -0.00393575
v -0.03958669 -0.06144794 -0.00209417
v -0.06766821 -0.02657389 -0.00000000
v -0.06218569 -0.02566872 -0.00000000
v -0.05672422 -0.02669327 -0.00000000
v -0.05194253 -0.02952397 -0.00000000
v -0.03909016 -0.04518463 -0.00000000
v -0.03724672 -0.05042668 -0.00000000
v -0.03730733 -0.05598309 -0.00000000
v -0.03926469 -0.06118368 -0.00000000
v -0.06799022 -0.02683815 0.00209417
v -0.06279086 -0.02616537 0.00393575
v -0.05753956 -0.02736240 0.00530262
v -0.05286970 -0.03028488 0.00602991
v -0.04001733 -0.04594554 0.00602991
v -0.03806205 -0.05109581 0.00530262
v -0.03791249 -0.05647974 0.00393575
v -0.03958669 -0.06144794 0.00209417
v -0.06890720 -0.02759070 0.00386952
v -0.06451422 -0.02757970 0.00727231
v -0.05986144 -0.02926792 0.00979796
v -0.05551005 -0.03245176 0.01114183
v -0.04265768 -0.04811242 0.01114183
v -0.04038394 -0.05300133 0.00979796
v -0.03963586 -0.05789407 0.00727231
v -0.04050368 -0.06220049 0.00386952
v -0.07027956 -0.02871697 0.00505577
v -0.06709342 -0.02969639 0.00950173
v -0.06333639 -0.03211974 0.01280165
v -0.05946161 -0.03569472 0.01455750
v -0.04660924 -0.05135538 0.01455750
v -0.04385888 -0.05585315 0.01280165
v -0.04221506 -0.06001076 0.00950173
v -0.04187604 -0.06332676 0.00505577
v -0.07189838 -0.03004549 0.00547232
v -0.07013580 -0.03219320 0.01028460
v -0.06743537 -0.03548368 0.01385641
v -0.06412280 -0.03952006 0.01575692
v -0.05127043 -0.05518072 0.01575692
v -0.04795786 -0.05921709 0.01385641
v -0.04525743 -0.06250757 0.01028460
v -0.04349485 -0.06465528 0.00547232
v -0.07351719 -0.03137402 0.00505577
v -0.07317817 -0.03469001 0.00950173
v -0.07153435 -0.03884763 0.01280165
v -0.06878399 -0.04334539 0.01455750
v -0.05593162 -0.05900606 0.01455750
v -0.05205684 -0.06258104 0.01280165
v -0.04829981 -0.06500439 0.00950173
v -0.04511367 -0.06598381 0.00505577
v -0.07488955 -0.03250029 0.00386952
v -0.07575737 -0.03680671 0.00727231
v -0.07500929 -0.04169944 0.00979796
v -0.07273555 -0.04658836 0.01114183
v -0.05988318 -0.06224902 0.01114183
v -0.05553179 -0.06543285 0.00979796
v -0.05087901 -0.06712108 0.00727231
v -0.04648603 -0.06711008 0.00386952
v -0.07580654 -0.03325284 0.00209417
v -0.07748074 -0.03822104 0.00393575
v -0.07733118 -0.04360496 0.00530262
v -0.07537590 -0.04875524 0.00602991
v -0.06252353 -0.06441590 0.00602991
v -0.05785367 -0.06733837 0.00530262
v -0.05260237 -0.06853541 0.00393575
v -0.04740301 -0.06786263 0.00209417
v -0.07612854 -0.03351710 0.00000000
v -0.07808590 -0.03871768 0.00000000
v -0.07814651 -0.04427410 0.00000000
v -0.07630307 -0.04951614 0.00000000
v -0.06345070 -0.06517681 0.00000000
v -0.05866901 -0.06800750 0.00000000
v -0.05320754 -0.06903206 0.00000000
v -0.04772502 -0.06812689 0.00000000
v -0.07580654 -0.03325284 -0.00209417
v -0.07748074 -0.03822104 -0.00393575
v -0.07733118 -0.04360496 -0.00530262
v -0.07537590 -0.04875524 -0.00602991
v -0.06252353 -0.06441590 -0.00602991
v -0.05785367 -0.06733837 -0.00530262
v -0.05260237 -0.06853541 -0.00393575
v -0.04740301 -0.06786263 -0.00209417
v -0.07488955 -0.03250029 -0.00386952
v -0.07575737 -0.03680671 -0.00727231
v -0.07500929 -0.04169944 -0.00979796
v -0.07273555 -0.04658836 -0.01114183
v -0.05988318 -0.06224902 -0.01114183
v -0.05553179 -0.06543285 -0.00979796
v -0.05087901 -0.06712108 -0.00727231
v -0.04648603 -0.06711008 -0.00386952
v -0.07351719 -0.03137402 -0.00505577
v -0.07317817 -0.03469001 -0.00950173
v -0.07153435 -0.03884763 -0.01280165
v -0.06878399 -0.04334539 -0.01455750
v -0.05593162 -0.05900606 -0.01455750
v -0.05205684 -0.06258104 -0.01280165
v -0.04829981 -0.06500439 -0.00950173
v -0.04511367 -0.06598381 -0.00505577
v -0.06540118 -0.04288272 -0.00000000
v -0.06465528 -0.04349485 -0.00547232
v -0.06250757 -0.04525743 -0.01028460
v -0.05921709 -0.04795786 -0.01385641
v -0.05518072 -0.05127043 -0.01575692
v -0.03952006 -0.06412280 -0.01575692
v -0.03548368 -0.06743537 -0.01385641
v -0.03219320 -0.07013580 -0.01028460
v -0.03004549 -0.07189838 -0.00547232
v -0.02929960 -0.07251051 -0.00000000
v -0.06332676 -0.04187604 -0.00505577
v -0.06001076 -0.04221506 -0.00950173
v -0.05585315 -0.04385888 -0.01280165
v -0.05135538 -0.04660924 -0.01455750
v -0.03569472 -0.05946161 -0.01455750
v -0.03211974 -0.06333639 -0.01280165
v -0.02969639 -0.06709342 -0.00950173
v -0.02871697 -0.07027956 -0.00505577
v -0.06220049 -0.04050368 -0.00386952
v -0.05789407 -0.03963586 -0.00727231
v -0.05300133 -0.04038394 -0.00979796
v -0.04811242 -0.04265768 -0.01114183
v -0.03245176 -0.05551005 -0.01114183
v -0.02926792 -0.05986144 -0.00979796
v -0.02757970 -0.06451422 -0.00727231
v -0.02759070 -0.06890720 -0.00386952
v -0.06144794 -0.03958669 -0.00209417
v -0.05647974 -0.03791249 -0.00393575
v -0.05109581 -0.03806205 -0.00530262
v -0.04594554 -0.04001733 -0.00602991
v -0.03028488 -0.05286970 -0.00602991
v -0.02736240 -0.05753956 -0.00530262
v -0.02616537 -0.06279086 -0.00393575
v -0.02683815 -0.06799022 -0.00209417
v -0.06118368 -0.03926469 -0.00000000
v -0.05598309 -0.03730733 -0.00000000
v -0.05042668 -0.03724672 -0.00000000
v -0.04518463 -0.03909016 -0.00000000
v -0.02952397 -0.05194253 -0.00000000
v -0.02669327 -0.05672422 -0.00000000
v -0.02566872 -0.06218569 -0.00000000
v -0.02657389 -0.06766821 -0.00000000
v -0.06144794 -0.03958669 0.00209417
v -0.05647974 -0.03791249 0.00393575
v -0.05109581 -0.03806205 0.00530262
v -0.04594554 -0.04001733 0.00602991
v -0.03028488 -0.05286970 0.00602991
v -0.02736240 -0.05753956 0.00530262
v -0.02616537 -0.06279086 0.00393575
v -0.02683815 -0.06799022 0.00209417
v -0.06220049 -0.04050368 0.00386952
v -0.05789407 -0.03963586 0.00727231
v -0.05300133 -0.04038394 0.00979796
v -0.04811242 -0.04265768 0.01114183
v -0.03245176 -0.05551005 0.01114183
v -0.02926792 -0.05986144 0.00979796
v -0.02757970 -0.06451422 0.00727231
v -0.02759070 -0.06890720 0.00386952
v -0.06332676 -0.04187604 0.00505577
v -0.06001076 -0.04221506 0.00950173
v -0.05585315 -0.04385888 0.01280165
v -0.05135538 -0.04660924 0.01455750
v -0.03569472 -0.05946161 0.01455750
v -0.03211974 -0.06333639 0.01280165
v -0.02969639 -0.06709342 0.00950173
v -0.02871697 -0.07027956 0.00505577
v -0.06465528 -0.04349485 0.00547232
v -0.06250757 -0.04525743 0.01028460
v -0.05921709 -0.04795786 0.01385641
v -0.05518072 -0.05127043 0.01575692
v -0.03952006 -0.06412280 0.01575692
v -0.03548368 -0.06743537 0.01385641
v -0.03219320 -0.07013580 0.01028460
v -0.03004549 -0.07189838 0.00547232
v -0.06598381 -0.04511367 0.00505577
v -0.06500439 -0.04829981 0.00950173
v -0.06258104 -0.05205684 0.01280165
v -0.05900606 -0.05593162 0.01455750
v -0.04334539 -0.06878399 0.01455750
v -0.03884763 -0.07153435 0.01280165
v -0.03469001 -0.07317817 0.00950173
v -0.03137402 -0.07351719 0.00505577
v -0.06711008 -0.04648603 0.00386952
v -0.06712108 -0.05087901 0.00727231
v -0.06543285 -0.05553179 0.00979796
v -0.06224902 -0.05988318 0.01114183
v -0.04658836 -0.07273555 0.01114183
v -0.04169944 -0.07500929 0.00979796
v -0.03680671 -0.07575737 0.00727231
v -0.03250029 -0.07488955 0.00386952
v -0.06786263 -0.04740301 0.00209417
v -0.06853541 -0.05260237 0.00393575
v -0.06733837 -0.05785367 0.00530262
v -0.06441590 -0.06252353 0.00602991
v -0.04875524 -0.07537590 0.00602991
v -0.04360496 -0.07733118 0.00530262
v -0.03822104 -0.07748074 0.00393575
v -0.03325284 -0.07580654 0.00209417
v -0.06812689 -0.04772502 0.00000000
v -0.06903206 -0.05320754 0.00000000
v -0.06800750 -0.05866901 0.00000000
v -0.06517681 -0.06345070 0.00000000
v -0.04951614 -0.07630307 0.00000000
v -0.04427410 -0.07814651 0.00000000
v -0.03871768 -0.07808590 0.00000000
v -0.03351710 -0.07612854 0.00000000
v -0.06786263 -0.04740301 -0.00209417
v -0.06853541 -0.05260237 -0.00393575
v -0.06733837 -0.05785367 -0.00530262
v -0.06441590 -0.06252353 -0.00602991
v -0.04875524 -0.07537590 -0.00602991
v -0.04360496 -0.07733118 -0.00530262
v -0.03822104 -0.07748074 -0.00393575
v -0.03325284 -0.07580654 -0.00209417
v -0.06711008 -0.04648603 -0.00386952
v -0.06712108 -0.05087901 -0.00727231
v -0.06543285 -0.05553179 -0.00979796
v -0.06224902 -0.05988318 -0.01114183
v -0.04658836 -0.07273555 -0.01114183
v -0.04169944 -0.07500929 -0.00979796
v -0.03680671 -0.07575737 -0.00727231
v -0.03250029 -0.07488955 -0.00386952
v -0.06598381 -0.04511367 -0.00505577
v -0.06500439 -0.04829981 -0.00950173
v -0.06258104 -0.05205684 -0.01280165
v -0.05900606 -0.05593162 -0.01455750
v -0.04334539 -0.06878399 -0.01455750
v -0.03884763 -0.07153435 -0.01280165
v -0.03469001 -0.07317817 -0.00950173
v -0.03137402 -0.07351719 -0.00505577
v -0.05577851 -0.05481787 -0.00000000
v -0.05492753 -0.05527273 -0.00547232
v -0.05247722 -0.05658245 -0.01028460
v -0.04872314 -0.05858905 -0.01385641
v -0.04411807 -0.06105051 -0.01575692
v -0.02625095 -0.07060068 -0.01575692
v -0.02164589 -0.07306214 -0.01385641
v -0.01789180 -0.07506874 -0.01028460
v -0.01544150 -0.07637845 -0.00547232
v -0.01459052 -0.07683331 -0.00000000
v -0.05394034 -0.05342584 -0.00505577
v -0.05062192 -0.05311143 -0.00950173
v -0.04622350 -0.05391256 -0.01280165
v -0.04127559 -0.05573260 -0.01455750
v -0.02340847 -0.06528277 -0.01455750
v -0.01914625 -0.06838565 -0.01280165
v -0.01603651 -0.07159772 -0.00950173
v -0.01445432 -0.07453156 -0.00505577
v -0.05310345 -0.05186012 -0.00386952
v -0.04904908 -0.05016884 -0.00727231
v -0.04410441 -0.04994802 -0.00979796
v -0.03886585 -0.05122429 -0.01114183
v -0.02099873 -0.06077446 -0.01114183
v -0.01702716 -0.06442111 -0.00979796
v -0.01446366 -0.06865513 -0.00727231
v -0.01361742 -0.07296584 -0.00386952
v -0.05254425 -0.05081394 -0.00209417
v -0.04799814 -0.04820267 -0.00393575
v -0.04268848 -0.04729900 -0.00530262
v -0.03725571 -0.04821194 -0.00602991
v -0.01938860 -0.05776211 -0.00602991
v -0.01561123 -0.06177209 -0.00530262
v -0.01341272 -0.06668896 -0.00393575
v -0.01305823 -0.07191967 -0.00209417
v -0.05234789 -0.05044657 -0.00000000
v -0.04762909 -0.04751224 -0.00000000
v -0.04219127 -0.04636879 -0.00000000
v -0.03669031 -0.04715414 -0.00000000
v -0.01882319 -0.05670431 -0.00000000
v -0.01511402 -0.06084188 -0.00000000
v -0.01304368 -0.06599853 -0.00000000
v -0.01286186 -0.07155230 -0.00000000
v -0.05254425 -0.05081394 0.00209417
v -0.04799814 -0.04820267 0.00393575
v -0.04268848 -0.04729900 0.00530262
v -0.03725571 -0.04821194 0.00602991
v -0.01938860 -0.05776211 0.00602991
v -0.01561123 -0.06177209 0.00530262
v -0.01341272 -0.06668896 0.00393575
v -0.01305823 -0.07191967 0.00209417
v -0.05310345 -0.05186012 0.00386952
v -0.04904908 -0.05016884 0.00727231
v -0.04410441 -0.04994802 0.00979796
v -0.03886585 -0.05122429 0.01114183
v -0.02099873 -0.06077446 0.01114183
v -0.01702716 -0.06442111 0.00979796
v -0.01446366 -0.06865513 0.00727231
v -0.01361742 -0.07296584 0.00386952
v -0.05394034 -0.05342584 0.00505577
v -0.05062192 -0.05311143 0.00950173
v -0.04622350 -0.05391256 0.01280165
v -0.04127559 -0.05573260 0.01455750
v -0.02340847 -0.06528277 0.01455750
v -0.01914625 -0.06838565 0.01280165
v -0.01603651 -0.07159772 0.00950173
v -0.01445432 -0.07453156 0.00505577
v -0.05492753 -0.05527273 0.00547232
v -0.05247722 -0.05658245 0.01028460
v -0.04872314 -0.05858905 0.01385641
v -0.04411807 -0.06105051 0.01575692
v -0.02625095 -0.07060068 0.01575692
v -0.02164589 -0.07306214 0.01385641
v -0.01789180 -0.07506874 0.01028460
v -0.01544150 -0.07637845 0.00547232
v -0.05591471 -0.05711962 0.00505577
v -0.05433252 -0.06005347 0.00950173
v -0.05122277 -0.06326554 0.01280165
v -0.04696055 -0.06636842 0.01455750
v -0.02909343 -0.07591859 0.01455750
v -0.02414552 -0.07773863 0.01280165
v -0.01974710 -0.07853976 0.00950173
v -0.01642868 -0.07822534 0.00505577
v -0.05675160 -0.05868534 0.00386952
v -0.05590537 -0.06299605 0.00727231
v -0.05334186 -0.06723008 0.00979796
v -0.04937029 -0.07087672 0.01114183
v -0.03150317 -0.08042689 0.01114183
v -0.02626461 -0.08170317 0.00979796
v -0.02131995 -0.08148234 0.00727231
v -0.01726558 -0.07979106 0.00386952
v -0.05731080 -0.05973152 0.00209417
v -0.05695631 -0.06496223 0.00393575
v -0.05475779 -0.06987909 0.00530262
v -0.05098043 -0.07388907 0.00602991
v -0.03311331 -0.08343925 0.00602991
v -0.02768054 -0.08435219 0.00530262
v -0.02237089 -0.08344852 0.00393575
v -0.01782477 -0.08083724 0.00209417
v -0.05750716 -0.06009889 0.00000000
v -0.05732535 -0.06565266 0.00000000
v -0.05525500 -0.07080931 0.00000000
v -0.05154583 -0.07494687 0.00000000
v -0.03367872 -0.08449705 0.00000000
v -0.02817775 -0.08528240 0.00000000
v -0.02273993 -0.08413895 0.00000000
v -0.01802113 -0.08120461 0.00000000
v -0.05731080 -0.05973152 -0.00209417
v -0.05695631 -0.06496223 -0.00393575
v -0.05475779 -0.06987909 -0.00530262
v -0.05098043 -0.07388907 -0.00602991
v -0.03311331 -0.08343925 -0.00602991
v -0.02768054 -0.08435219 -0.00530262
v -0.02237089 -0.08344852 -0.00393575
v -0.01782477 -0.08083724 -0.00209417
v -0.05675160 -0.05868534 -0.00386952
v -0.05590537 -0.06299605 -0.00727231
v -0.05334186 -0.06723008 -0.00979796
v -0.04937029 -0.07087672 -0.01114183
v -0.03150317 -0.08042689 -0.01114183
v -0.02626461 -0.08170317 -0.00979796
v -0.02131995 -0.08148234 -0.00727231
v -0.01726558 -0.07979106 -0.00386952
v -0.05591471 -0.05711962 -0.00505577
v -0.05433252 -0.06005347 -0.00950173
v -0.05122277 -0.06326554 -0.01280165
v -0.04696055 -0.06636842 -0.01455750
v -0.02909343 -0.07591859 -0.01455750
v -0.02414552 -0.07773863 -0.01280165
v -0.01974710 -0.07853976 -0.00950173
v -0.01642868 -0.07822534 -0.00505577
v -0.04401230 -0.06464641 -0.00000000
v -0.04308893 -0.06492651 -0.00547232
v -0.04043020 -0.06573303 -0.01028460
v -0.03635678 -0.06696869 -0.01385641
v -0.03135999 -0.06848445 -0.01575692
v -0.01197304 -0.07436541 -0.01575692
v -0.00697625 -0.07588117 -0.01385641
v -0.00290283 -0.07711683 -0.01028460
v -0.00024410 -0.07792335 -0.00547232
v 0.00067927 -0.07820345 -0.00000000
v -0.04248103 -0.06292252 -0.00505577
v -0.03928771 -0.06196675 -0.00950173
v -0.03481751 -0.06189440 -0.01280165
v -0.02960960 -0.06271418 -0.01455750
v -0.01022265 -0.06859515 -0.01455750
v -0.00543698 -0.07080689 -0.01280165
v -0.00176035 -0.07335056 -0.00950173
v 0.00036381 -0.07591936 -0.00505577
v -0.04196567 -0.06122361 -0.00386952
v -0.03831916 -0.05877386 -0.00727231
v -0.03351258 -0.05759263 -0.00979796
v -0.02812569 -0.05782238 -0.01114183
v -0.00873874 -0.06370335 -0.01114183
v -0.00413205 -0.06650511 -0.00979796
v -0.00079179 -0.07015766 -0.00727231
v 0.00087916 -0.07422045 -0.00386952
v -0.04162132 -0.06008844 -0.00209417
v -0.03767199 -0.05664044 -0.00393575
v -0.03264066 -0.05471827 -0.00530262
v -0.02713417 -0.05455379 -0.00602991
v -0.00774722 -0.06043476 -0.00602991
v -0.00326013 -0.06363076 -0.00530262
v -0.00014463 -0.06802424 -0.00393575
v 0.00122351 -0.07308528 -0.00209417
v -0.04150040 -0.05968983 -0.00000000
v -0.03744474 -0.05589128 -0.00000000
v -0.03233448 -0.05370893 -0.00000000
v -0.02678600 -0.05340601 -0.00000000
v -0.00739905 -0.05928698 -0.00000000
v -0.00295395 -0.06262142 -0.00000000
v 0.00008263 -0.06727508 -0.00000000
v 0.00134443 -0.07268666 -0.00000000
v -0.04162132 -0.06008844 0.00209417
v -0.03767199 -0.05664044 0.00393575
v -0.03264066 -0.05471827 0.00530262
v -0.02713417 -0.05455379 0.00602991
v -0.00774722 -0.06043476 0.00602991
v -0.00326013 -0.06363076 0.00530262
v -0.00014463 -0.06802424 0.00393575
v 0.00122351 -0.07308528 0.00209417
v -0.04196567 -0.06122361 0.00386952
v -0.03831916 -0.05877386 0.00727231
v -0.03351258 -0.05759263 0.00979796
v -0.02812569 -0.05782238 0.01114183
v -0.00873874 -0.06370335 0.01114183
v -0.00413205 -0.06650511 0.00979796
v -0.00079179 -0.07015766 0.00727231
v 0.00087916 -0.07422045 0.00386952
v -0.04248103 -0.06292252 0.00505577
v -0.03928771 -0.06196675 0.00950173
v -0.03481751 -0.06189440 0.01280165
v -0.02960960 -0.06271418 0.01455750
v -0.01022265 -0.06859515 0.01455750
v -0.00543698 -0.07080689 0.01280165
v -0.00176035 -0.07335056 0.00950173
v 0.00036381 -0.07591936 0.00505577
v -0.04308893 -0.06492651 0.00547232
v -0.04043020 -0.06573303 0.01028460
v -0.03635678 -0.06696869 0.01385641
v -0.03135999 -0.06848445 0.01575692
v -0.01197304 -0.07436541 0.01575692
v -0.00697625 -0.07588117 0.01385641
v -0.00290283 -0.07711683 0.01028460
v -0.00024410 -0.07792335 0.00547232
v -0.04369684 -0.06693050 0.00505577
v -0.04157269 -0.06949930 0.00950173
v -0.03789605 -0.07204298 0.01280165
v -0.03311038 -0.07425471 0.01455750
v -0.01372343 -0.08013568 0.01455750
v -0.00851552 -0.08095546 0.01280165
v -0.00404532 -0.08088311 0.00950173
v -0.00085200 -0.07992734 0.00505577
v -0.04421220 -0.06862941 0.00386952
v -0.04254124 -0.07269220 0.00727231
v -0.03920098 -0.07634475 0.00979796
v -0.03459429 -0.07914651 0.01114183
v -0.01520734 -0.08502748 0.01114183
v -0.00982045 -0.08525724 0.00979796
v -0.00501387 -0.08407600 0.00727231
v -0.00136736 -0.08162625 0.00386952
v -0.04455655 -0.06976458 0.00209417
v -0.04318841 -0.07482562 0.00393575
v -0.04007290 -0.07921910 0.00530262
v -0.03558581 -0.08241511 0.00602991
v -0.01619886 -0.08829607 0.00602991
v -0.01069237 -0.08813159 0.00530262
v -0.00566104 -0.08620942 0.00393575
v -0.00171171 -0.08276142 0.00209417
v -0.04467747 -0.07016320 0.00000000
v -0.04341566 -0.07557478 0.00000000
v -0.04037908 -0.08022844 0.00000000
v -0.03593399 -0.08356288 0.00000000
v -0.01654703 -0.08944385 0.00000000
v -0.01099855 -0.08914093 0.00000000
v -0.00588830 -0.08695858 0.00000000
v -0.00183263 -0.08316004 0.00000000
v -0.04455655 -0.06976458 -0.00209417
v -0.04318841 -0.07482562 -0.00393575
v -0.04007290 -0.07921910 -0.00530262
v -0.03558581 -0.08241511 -0.00602991
v -0.01619886 -0.08829607 -0.00602991
v -0.01069237 -0.08813159 -0.00530262
v -0.00566104 -0.08620942 -0.00393575
v -0.00171171 -0.08276142 -0.00209417
v -0.04421220 -0.06862941 -0.00386952
v -0.04254124 -0.07269220 -0.00727231
v -0.03920098 -0.07634475 -0.00979796
v -0.03459429 -0.07914651 -0.01114183
v -0.01520734 -0.08502748 -0.01114183
v -0.00982045 -0.08525724 -0.00979796
v -0.00501387 -0.08407600 -0.00727231
v -0.00136736 -0.08162625 -0.00386952
v -0.04369684 -0.06693050 -0.00505577
v -0.04157269 -0.06949930 -0.00950173
v -0.03789605 -0.07204298 -0.01280165
v -0.03311038 -0.07425471 -0.01455750
v -0.01372343 -0.08013568 -0.01455750
v -0.00851552 -0.08095546 -0.01280165
v -0.00404532 -0.08088311 -0.00950173
v -0.00085200 -0.07992734 -0.00505577
v -0.03055473 -0.07199062 -0.00000000
v -0.02959446 -0.07208520 -0.00547232
v -0.02682947 -0.07235753 -0.01028460
v -0.02259325 -0.07277476 -0.01385641
v -0.01739677 -0.07328657 -0.01575692
v 0.00276499 -0.07527233 -0.01575692
v 0.00796148 -0.07578414 -0.01385641
v 0.01219769 -0.07620137 -0.01028460
v 0.01496268 -0.07647370 -0.00547232
v 0.01592296 -0.07656827 -0.00000000
v -0.02938919 -0.07000112 -0.00505577
v -0.02644370 -0.06844073 -0.00950173
v -0.02207350 -0.06749768 -0.01280165
v -0.01680573 -0.06728569 -0.01455750
v 0.00335603 -0.06927145 -0.01455750
v 0.00848123 -0.07050705 -0.01280165
v 0.01258346 -0.07228457 -0.00950173
v 0.01516795 -0.07438961 -0.00505577
v -0.02921518 -0.06823432 -0.00386952
v -0.02611665 -0.06512023 -0.00727231
v -0.02163288 -0.06302398 -0.00979796
v -0.01630468 -0.06219839 -0.01114183
v 0.00385708 -0.06418415 -0.01114183
v 0.00892185 -0.06603336 -0.00979796
v 0.01291050 -0.06896407 -0.00727231
v 0.01534196 -0.07262281 -0.00386952
v -0.02909891 -0.06705378 -0.00209417
v -0.02589813 -0.06290155 -0.00393575
v -0.02133847 -0.06003475 -0.00530262
v -0.01596988 -0.05879917 -0.00602991
v 0.00419188 -0.06078493 -0.00602991
v 0.00921626 -0.06304413 -0.00530262
v 0.01312902 -0.06674539 -0.00393575
v 0.01545824 -0.07144227 -0.00209417
v -0.02905808 -0.06663923 -0.00000000
v -0.02582140 -0.06212245 -0.00000000
v -0.02123509 -0.05898507 -0.00000000
v -0.01585232 -0.05760552 -0.00000000
v 0.00430944 -0.05959128 -0.00000000
v 0.00931964 -0.06199445 -0.00000000
v 0.01320576 -0.06596629 -0.00000000
v 0.01549907 -0.07102772 -0.00000000
v -0.02909891 -0.06705378 0.00209417
v -0.02589813 -0.06290155 0.00393575
v -0.02133847 -0.06003475 0.00530262
v -0.01596988 -0.05879917 0.00602991
v 0.00419188 -0.06078493 0.00602991
v 0.00921626 -0.06304413 0.00530262
v 0.01312902 -0.06674539 0.00393575
v 0.01545824 -0.07144227 0.00209417
v -0.02921518 -0.06823432 0.00386952
v -0.02611665 -0.06512023 0.00727231
v -0.02163288 -0.06302398 0.00979796
v -0.01630468 -0.06219839 0.01114183
v 0.00385708 -0.06418415 0.01114183
v 0.00892185 -0.06603336 0.00979796
v 0.01291050 -0.06896407 0.00727231
v 0.01534196 -0.07262281 0.00386952
v -0.02938919 -0.07000112 0.00505577
v -0.02644370 -0.06844073 0.00950173
v -0.02207350 -0.06749768 0.01280165
v -0.01680573 -0.06728569 0.01455750
v 0.00335603 -0.06927145 0.01455750
v 0.00848123 -0.07050705 0.01280165
v 0.01258346 -0.07228457 0.00950173
v 0.01516795 -0.07438961 0.00505577
v -0.02959446 -0.07208520 0.00547232
v -0.02682947 -0.07235753 0.01028460
v -0.02259325 -0.07277476 0.01385641
v -0.01739677 -0.07328657 0.01575692
v 0.00276499 -0.07527233 0.01575692
v 0.00796148 -0.07578414 0.01385641
v 0.01219769 -0.07620137 0.01028460
v 0.01496268 -0.07647370 0.00547232
v -0.02979972 -0.07416928 0.00505577
v -0.02721524 -0.07627432 0.00950173
v -0.02311300 -0.07805184 0.01280165
v -0.01798780 -0.07928745 0.01455750
v 0.00217396 -0.08127321 0.01455750
v 0.00744173 -0.08106122 0.01280165
v 0.01181192 -0.08011816 0.00950173
v 0.01475742 -0.07855778 0.00505577
v -0.02997374 -0.07593608 0.00386952
v -0.02754228 -0.07959482 0.00727231
v -0.02355362 -0.08252554 0.00979796
v -0.01848886 -0.08437474 0.01114183
v 0.00167290 -0.08636050 0.01114183
v 0.00700111 -0.08553492 0.00979796
v 0.01148488 -0.08343866 0.00727231
v 0.01458340 -0.08032458 0.00386952
v -0.03009001 -0.07711662 0.00209417
v -0.02776080 -0.08181351 0.00393575
v -0.02384803 -0.08551477 0.00530262
v -0.01882365 -0.08777397 0.00602991
v 0.00133811 -0.08975973 0.00602991
v 0.00670670 -0.08852414 0.00530262
v 0.01126636 -0.08565735 0.00393575
v 0.01446713 -0.08150512 0.00209417
v -0.03013084 -0.07753117 0.00000000
v -0.02783753 -0.08259261 0.00000000
v -0.02395142 -0.08656444 0.00000000
v -0.01894122 -0.08896762 0.00000000
v 0.00122054 -0.09095338 0.00000000
v 0.00660331 -0.08957382 0.00000000
v 0.01118962 -0.08643645 0.00000000
v 0.01442630 -0.08191967 0.00000000
v -0.03009001 -0.07711662 -0.00209417
v -0.02776080 -0.08181351 -0.00393575
v -0.02384803 -0.08551477 -0.00530262
v -0.01882365 -0.08777397 -0.00602991
v 0.00133811 -0.08975973 -0.00602991
v 0.00670670 -0.08852414 -0.00530262
v 0.01126636 -0.08565735 -0.00393575
v 0.01446713 -0.08150512 -0.00209417
v -0.02997374 -0.07593608 -0.00386952
v -0.02754228 -0.07959482 -0.00727231
v -0.02355362 -0.08252554 -0.00979796
v -0.01848886 -0.08437474 -0.01114183
v 0.00167290 -0.08636050 -0.01114183
v 0.00700111 -0.08553492 -0.00979796
v 0.01148488 -0.08343866 -0.00727231
v 0.01458340 -0.08032458 -0.00386952
v -0.02979972 -0.07416928 -0.00505577
v -0.02721524 -0.07627432 -0.00950173
v -0.02311300 -0.07805184 -0.01280165
v -0.01798780 -0.07928745 -0.01455750
v 0.00217396 -0.08127321 -0.01455750
v 0.00744173 -0.08106122 -0.01280165
v 0.01181192 -0.08011816 -0.00950173
v 0.01475742 -0.07855778 -0.00505577
v -0.01592296 -0.07656827 -0.00000000
v -0.01496268 -0.07647370 -0.00547232
v -0.01219769 -0.07620137 -0.01028460
v -0.00796148 -0.07578414 -0.01385641
v -0.00276499 -0.07527233 -0.01575692
v 0.01739677 -0.07328657 -0.01575692
v 0.02259325 -0.07277476 -0.01385641
v 0.02682947 -0.07235753 -0.01028460
v 0.02959446 -0.07208520 -0.00547232
v 0.03055473 -0.07199062 -0.00000000
v -0.01516795 -0.07438961 -0.00505577
v -0.01258346 -0.07228457 -0.00950173
v -0.00848123 -0.07050705 -0.01280165
v -0.00335603 -0.06927145 -0.01455750
v 0.01680573 -0.06728569 -0.01455750
v 0.02207350 -0.06749768 -0.01280165
v 0.02644370 -0.06844073 -0.00950173
v 0.02938919 -0.07000112 -0.00505577
v -0.01534196 -0.07262281 -0.00386952
v -0.01291050 -0.06896407 -0.00727231
v -0.00892185 -0.06603336 -0.00979796
v -0.00385708 -0.06418415 -0.01114183
v 0.01630468 -0.06219839 -0.01114183
v 0.02163288 -0.06302398 -0.00979796
v 0.02611665 -0.06512023 -0.00727231
v 0.02921518 -0.06823432 -0.00386952
v -0.01545824 -0.07144227 -0.00209417
v -0.01312902 -0.06674539 -0.00393575
v -0.00921626 -0.06304413 -0.00530262
v -0.00419188 -0.06078493 -0.00602991
v 0.01596988 -0.05879917 -0.00602991
v 0.02133847 -0.06003475 -0.00530262
v 0.02589813 -0.06290155 -0.00393575
v 0.02909891 -0.06705378 -0.00209417
v -0.01549907 -0.07102772 -0.00000000
v -0.01320576 -0.06596629 -0.00000000
v -0.00931964 -0.06199445 -0.00000000
v -0.00430944 -0.05959128 -0.00000000
v 0.01585232 -0.05760552 -0.00000000
v 0.02123509 -0.05898507 -0.00000000
v 0.02582140 -0.06212245 -0.00000000
v 0.02905808 -0.06663923 -0.00000000
v -0.01545824 -0.07144227 0.00209417
v -0.01312902 -0.06674539 0.00393575
v -0.00921626 -0.06304413 0.00530262
v -0.00419188 -0.06078493 0.00602991
v 0.01596988 -0.05879917 0.00602991
v 0.02133847 -0.06003475 0.00530262
v 0.02589813 -0.06290155 0.00393575
v 0.02909891 -0.06705378 0.00209417
v -0.01534196 -0.07262281 0.00386952
v -0.01291050 -0.06896407 0.00727231
v -0.00892185 -0.06603336 0.00979796
v -0.00385708 -0.06418415 0.01114183
v 0.01630468 -0.06219839 0.01114183
v 0.02163288 -0.06302398 0.00979796
v 0.02611665 -0.06512023 0.00727231
v 0.02921518 -0.06823432 0.00386952
v -0.01516795 -0.07438961 0.00505577
v -0.01258346 -0.07228457 0.00950173
v -0.00848123 -0.07050705 0.01280165
v -0.00335603 -0.06927145 0.01455750
v 0.01680573 -0.06728569 0.01455750
v 0.02207350 -0.06749768 0.01280165
v 0.02644370 -0.06844073 0.00950173
v 0.02938919 -0.07000112 0.00505577
v -0.01496268 -0.07647370 0.00547232
v -0.01219769 -0.07620137 0.01028460
v -0.00796148 -0.07578414 0.01385641
v -0.00276499 -0.07527233 0.01575692
v 0.01739677 -0.07328657 0.01575692
v 0.02259325 -0.07277476 0.01385641
v 0.02682947 -0.07235753 0.01028460
v 0.02959446 -0.07208520 0.00547232
v -0.01475742 -0.07855778 0.00505577
v -0.01181192 -0.08011816 0.00950173
v -0.00744173 -0.08106122 0.01280165
v -0.00217396 -0.08127321 0.01455750
v 0.01798780 -0.07928745 0.01455750
v 0.02311300 -0.07805184 0.01280165
v 0.02721524 -0.07627432 0.00950173
v 0.02979972 -0.07416928 0.00505577
v -0.01458340 -0.08032458 0.00386952
v -0.01148488 -0.08343866 0.00727231
v -0.00700111 -0.08553492 0.00979796
v -0.00167290 -0.08636050 0.01114183
v 0.01848886 -0.08437474 0.01114183
v 0.02355362 -0.08252554 0.00979796
v 0.02754228 -0.07959482 0.00727231
v 0.02997374 -0.07593608 0.00386952
v -0.01446713 -0.08150512 0.00209417
v -0.01126636 -0.08565735 0.00393575
v -0.00670670 -0.08852414 0.00530262
v -0.00133811 -0.08975973 0.00602991
v 0.01882365 -0.08777397 0.00602991
v 0.02384803 -0.08551477 0.00530262
v 0.02776080 -0.08181351 0.00393575
v 0.03009001 -0.07711662 0.00209417
v -0.01442630 -0.08191967 0.00000000
v -0.01118962 -0.08643645 0.00000000
v -0.00660331 -0.08957382 0.00000000
v -0.00122054 -0.09095338 0.00000000
v 0.01894122 -0.08896762 0.00000000
v 0.02395142 -0.08656444 0.00000000
v 0.02783753 -0.08259261 0.00000000
v 0.03013084 -0.07753117 0.00000000
v -0.01446713 -0.08150512 -0.00209417
v -0.01126636 -0.08565735 -0.00393575
v -0.00670670 -0.08852414 -0.00530262
v -0.00133811 -0.08975973 -0.00602991
v 0.01882365 -0.08777397 -0.00602991
v 0.02384803 -0.08551477 -0.00530262
v 0.02776080 -0.08181351 -0.00393575
v 0.03009001 -0.07711662 -0.00209417
v -0.01458340 -0.08032458 -0.00386952
v -0.01148488 -0.08343866 -0.00727231
v -0.00700111 -0.08553492 -0.00979796
v -0.00167290 -0.08636050 -0.01114183
v 0.01848886 -0.08437474 -0.01114183
v 0.02355362 -0.08252554 -0.00979796
v 0.02754228 -0.07959482 -0.00727231
v 0.02997374 -0.07593608 -0.00386952
v -0.01475742 -0.07855778 -0.00505577
v -0.01181192 -0.08011816 -0.00950173
v -0.00744173 -0.08106122 -0.01280165
v -0.00217396 -0.08127321 -0.01455750
v 0.01798780 -0.07928745 -0.01455750
v 0.02311300 -0.07805184 -0.01280165
v 0.02721524 -0.07627432 -0.00950173
v 0.02979972 -0.07416928 -0.00505577
v -0.00067927 -0.07820345 -0.00000000
v 0.00024410 -0.07792335 -0.00547232
v 0.00290283 -0.07711683 -0.01028460
v 0.00697625 -0.07588117 -0.01385641
v 0.01197304 -0.07436541 -0.01575692
v 0.03135999 -0.06848445 -0.01575692
v 0.03635678 -0.06696869 -0.01385641
v 0.04043020 -0.06573303 -0.01028460
v 0.04308893 -0.06492651 -0.00547232
v 0.04401230 -0.06464641 -0.00000000
v -0.00036381 -0.07591936 -0.00505577
v 0.00176035 -0.07335056 -0.00950173
v 0.00543698 -0.07080689 -0.01280165
v 0.01022265 -0.06859515 -0.01455750
v 0.02960960 -0.06271418 -0.01455750
v 0.03481751 -0.06189440 -0.01280165
v 0.03928771 -0.06196675 -0.00950173
v 0.04248103 -0.06292252 -0.00505577
v -0.00087916 -0.07422045 -0.00386952
v 0.00079179 -0.07015766 -0.00727231
v 0.00413205 -0.06650511 -0.00979796
v 0.00873874 -0.06370335 -0.01114183
v 0.02812569 -0.05782238 -0.01114183
v 0.03351258 -0.05759263 -0.00979796
v 0.03831916 -0.05877386 -0.00727231
v 0.04196567 -0.06122361 -0.00386952
v -0.00122351 -0.07308528 -0.00209417
v 0.00014463 -0.06802424 -0.00393575
v 0.00326013 -0.06363076 -0.00530262
v 0.00774722 -0.06043476 -0.00602991
v 0.02713417 -0.05455379 -0.00602991
v 0.03264066 -0.05471827 -0.00530262
v 0.03767199 -0.05664044 -0.00393575
v 0.04162132 -0.06008844 -0.00209417
v -0.00134443 -0.07268666 -0.00000000
v -0.00008263 -0.06727508 -0.00000000
v 0.00295395 -0.06262142 -0.00000000
v 0.00739905 -0.05928698 -0.00000000
v 0.02678600 -0.05340601 -0.00000000
v 0.03233448 -0.05370893 -0.00000000
v 0.03744474 -0.05589128 -0.00000000
v 0.04150040 -0.05968983 -0.00000000
v -0.00122351 -0.07308528 0.00209417
v 0.00014463 -0.06802424 0.00393575
v 0.00326013 -0.06363076 0.00530262
v 0.00774722 -0.06043476 0.00602991
v 0.02713417 -0.05455379 0.00602991
v 0.03264066 -0.05471827 0.00530262
v 0.03767199 -0.05664044 0.00393575
v 0.04162132 -0.06008844 0.00209417
v -0.00087916 -0.07422045 0.00386952
v 0.00079179 -0.07015766 0.00727231
v 0.00413205 -0.06650511 0.00979796
v 0.00873874 -0.06370335 0.01114183
v 0.02812569 -0.05782238 0.01114183
v 0.03351258 -0.05759263 0.00979796
v 0.03831916 -0.05877386 0.00727231
v 0.04196567 -0.06122361 0.00386952
v -0.00036381 -0.07591936 0.00505577
v 0.00176035 -0.07335056 0.00950173
v 0.00543698 -0.07080689 0.01280165
v 0.01022265 -0.06859515 0.01455750
v 0.02960960 -0.06271418 0.01455750
v 0.03481751 -0.06189440 0.01280165
v 0.03928771 -0.06196675 0.00950173
v 0.04248103 -0.06292252 0.00505577
v 0.00024410 -0.07792335 0.00547232
v 0.00290283 -0.07711683 0.01028460
v 0.00697625 -0.07588117 0.01385641
v 0.01197304 -0.07436541 0.01575692
v 0.03135999 -0.06848445 0.01575692
v 0.03635678 -0.06696869 0.01385641
v 0.04043020 -0.06573303 0.01028460
v 0.04308893 -0.06492651 0.00547232
v 0.00085200 -0.07992734 0.00505577
v 0.00404532 -0.08088311 0.00950173
v 0.00851552 -0.08095546 0.01280165
v 0.01372343 -0.08013568 0.01455750
v 0.03311038 -0.07425471 0.01455750
v 0.03789605 -0.07204298 0.01280165
v 0.04157269 -0.06949930 0.00950173
v 0.04369684 -0.06693050 0.00505577
v 0.00136736 -0.08162625 0.00386952
v 0.00501387 -0.08407600 0.00727231
v 0.00982045 -0.08525724 0.00979796
v 0.01520734 -0.08502748 0.01114183
v 0.03459429 -0.07914651 0.01114183
v 0.03920098 -0.07634475 0.00979796
v 0.04254124 -0.07269220 0.00727231
v 0.04421220 -0.06862941 0.00386952
v 0.00171171 -0.08276142 0.00209417
v 0.00566104 -0.08620942 0.00393575
v 0.01069237 -0.08813159 0.00530262
v 0.01619886 -0.08829607 0.00602991
v 0.03558581 -0.08241511 0.00602991
v 0.04007290 -0.07921910 0.00530262
v 0.04318841 -0.07482562 0.00393575
v 0.04455655 -0.06976458 0.00209417
v 0.00183263 -0.08316004 0.00000000
v 0.00588830 -0.08695858 0.00000000
v 0.01099855 -0.08914093 0.00000000
v 0.01654703 -0.08944385 0.00000000
v 0.03593399 -0.08356288 0.00000000
v 0.04037908 -0.08022844 0.00000000
v 0.04341566 -0.07557478 0.00000000
v 0.04467747 -0.07016320 0.00000000
v 0.00171171 -0.08276142 -0.00209417
v 0.00566104 -0.08620942 -0.00393575
v 0.01069237 -0.08813159 -0.00530262
v 0.01619886 -0.08829607 -0.00602991
v 0.03558581 -0.08241511 -0.00602991
v 0.04007290 -0.07921910 -0.00530262
v 0.04318841 -0.07482562 -0.00393575
v 0.04455655 -0.06976458 -0.00209417
v 0.00136736 -0.08162625 -0.00386952
v 0.00501387 -0.08407600 -0.00727231
v 0.00982045 -0.08525724 -0.00979796
v 0.01520734 -0.08502748 -0.01114183
v 0.03459429 -0.07914651 -0.01114183
v 0.03920098 -0.07634475 -0.00979796
v 0.04254124 -0.07269220 -0.00727231
v 0.04421220 -0.06862941 -0.00386952
v 0.00085200 -0.07992734 -0.00505577
v 0.00404532 -0.08088311 -0.00950173
v 0.00851552 -0.08095546 -0.01280165
v 0.01372343 -0.08013568 -0.01455750
v 0.03311038 -0.07425471 -0.01455750
v 0.03789605 -0.07204298 -0.01280165
v 0.04157269 -0.06949930 -0.00950173
v 0.04369684 -0.06693050 -0.00505577
v 0.01459052 -0.07683331 -0.00000000
v 0.01544150 -0.07637845 -0.00547232
v 0.01789180 -0.07506874 -0.01028460
v 0.02164589 -0.07306214 -0.01385641
v 0.02625095 -0.07060068 -0.01575692
v 0.04411807 -0.06105051 -0.01575692
v 0.04872314 -0.05858905 -0.01385641
v 0.05247722 -0.05658245 -0.01028460
v 0.05492753 -0.05527273 -0.00547232
v 0.05577851 -0.05481787 -0.00000000
v 0.01445432 -0.07453156 -0.00505577
v 0.01603651 -0.07159772 -0.00950173
v 0.01914625 -0.06838565 -0.01280165
v 0.02340847 -0.06528277 -0.01455750
v 0.04127559 -0.05573260 -0.01455750
v 0.04622350 -0.05391256 -0.01280165
v 0.05062192 -0.05311143 -0.00950173
v 0.05394034 -0.05342584 -0.00505577
v 0.01361742 -0.07296584 -0.00386952
v 0.01446366 -0.06865513 -0.00727231
v 0.01702716 -0.06442111 -0.00979796
v 0.02099873 -0.06077446 -0.01114183
v 0.03886585 -0.05122429 -0.01114183
v 0.04410441 -0.04994802 -0.00979796
v 0.04904908 -0.05016884 -0.00727231
v 0.05310345 -0.05186012 -0.00386952
v 0.01305823 -0.07191967 -0.00209417
v 0.01341272 -0.06668896 -0.00393575
v 0.01561123 -0.06177209 -0.00530262
v 0.01938860 -0.05776211 -0.00602991
v 0.03725571 -0.04821194 -0.00602991
v 0.04268848 -0.04729900 -0.00530262
v 0.04799814 -0.04820267 -0.00393575
v 0.05254425 -0.05081394 -0.00209417
v 0.01286186 -0.07155230 -0.00000000
v 0.01304368 -0.06599853 -0.00000000
v 0.01511402 -0.06084188 -0.00000000
v 0.01882319 -0.05670431 -0.00000000
v 0.03669031 -0.04715414 -0.00000000
v 0.04219127 -0.04636879 -0.00000000
v 0.04762909 -0.04751224 -0.00000000
v 0.05234789 -0.05044657 -0.00000000
v 0.01305823 -0.07191967 0.00209417
v 0.01341272 -0.06668896 0.00393575
v 0.01561123 -0.06177209 0.00530262
v 0.01938860 -0.05776211 0.00602991
v 0.03725571 -0.04821194 0.00602991
v 0.04268848 -0.04729900 0.00530262
v 0.04799814 -0.04820267 0.00393575
v 0.05254425 -0.05081394 0.00209417
v 0.01361742 -0.07296584 0.00386952
v 0.01446366 -0.06865513 0.00727231
v 0.01702716 -0.06442111 0.00979796
v 0.02099873 -0.06077446 0.01114183
v 0.03886585 -0.05122429 0.01114183
v 0.04410441 -0.04994802 0.00979796
v 0.04904908 -0.05016884 0.00727231
v 0.05310345 -0.05186012 0.00386952
v 0.01445432 -0.07453156 0.00505577
v 0.01603651 -0.07159772 0.00950173
v 0.01914625 -0.06838565 0.01280165
v 0.02340847 -0.06528277 0.01455750
v 0.04127559 -0.05573260 0.01455750
v 0.04622350 -0.05391256 0.01280165
v 0.05062192 -0.05311143 0.00950173
v 0.05394034 -0.05342584 0.00505577
v 0.01544150 -0.07637845 0.00547232
v 0.01789180 -0.07506874 0.01028460
v 0.02164589 -0.07306214 0.01385641
v 0.02625095 -0.07060068 0.01575692
v 0.04411807 -0.06105051 0.01575692
v 0.04872314 -0.05858905 0.01385641
v 0.05247722 -0.05658245 0.01028460
v 0.05492753 -0.05527273 0.00547232
v 0.01642868 -0.07822534 0.00505577
v 0.01974710 -0.07853976 0.00950173
v 0.02414552 -0.07773863 0.01280165
v 0.02909343 -0.07591859 0.01455750
v 0.04696055 -0.06636842 0.01455750
v 0.05122277 -0.06326554 0.01280165
v 0.05433252 -0.06005347 0.00950173
v 0.05591471 -0.05711962 0.00505577
v 0.01726558 -0.07979106 0.00386952
v 0.02131995 -0.08148234 0.00727231
v 0.02626461 -0.08170317 0.00979796
v 0.03150317 -0.08042689 0.01114183
v 0.04937029 -0.07087672 0.01114183
v 0.05334186 -0.06723008 0.00979796
v 0.05590537 -0.06299605 0.00727231
v 0.05675160 -0.05868534 0.00386952
v 0.01782477 -0.08083724 0.00209417
v 0.02237089 -0.08344852 0.00393575
v 0.02768054 -0.08435219 0.00530262
v 0.03311331 -0.08343925 0.00602991
v 0.05098043 -0.07388907 0.00602991
v 0.05475779 -0.06987909 0.00530262
v 0.05695631 -0.06496223 0.00393575
v 0.05731080 -0.05973152 0.00209417
v 0.01802113 -0.08120461 0.00000000
v 0.02273993 -0.08413895 0.00000000
v 0.02817775 -0.08528240 0.00000000
v 0.03367872 -0.08449705 0.00000000
v 0.05154583 -0.07494687 0.00000000
v 0.05525500 -0.07080931 0.00000000
v 0.05732535 -0.06565266 0.00000000
v 0.05750716 -0.06009889 0.00000000
v 0.01782477 -0.08083724 -0.00209417
v 0.02237089 -0.08344852 -0.00393575
v 0.02768054 -0.08435219 -0.00530262
v 0.03311331 -0.08343925 -0.00602991
v 0.05098043 -0.07388907 -0.00602991
v 0.05475779 -0.06987909 -0.00530262
v 0.05695631 -0.06496223 -0.00393575
v 0.05731080 -0.05973152 -0.00209417
v 0.01726558 -0.07979106 -0.00386952
v 0.02131995 -0.08148234 -0.00727231
v 0.02626461 -0.08170317 -0.00979796
v 0.03150317 -0.08042689 -0.01114183
v 0.04937029 -0.07087672 -0.01114183
v 0.05334186 -0.06723008 -0.00979796
v 0.05590537 -0.06299605 -0.00727231
v 0.05675160 -0.05868534 -0.00386952
v 0.01642868 -0.07822534 -0.00505577
v 0.01974710 -0.07853976 -0.00950173
v 0.02414552 -0.07773863 -0.01280165
v 0.02909343 -0.07591859 -0.01455750
v 0.04696055 -0.06636842 -0.01455750
v 0.05122277 -0.06326554 -0.01280165
v 0.05433252 -0.06005347 -0.00950173
v 0.05591471 -0.05711962 -0.00505577
v 0.02929960 -0.07251051 -0.00000000
v 0.03004549 -0.07189838 -0.00547232
v 0.03219320 -0.07013580 -0.01028460
v 0.03548368 -0.06743537 -0.01385641
v 0.03952006 -0.06412280 -0.01575692
v 0.05518072 -0.05127043 -0.01575692
v 0.05921709 -0.04795786 -0.01385641
v 0.06250757 -0.04525743 -0.01028460
v 0.06465528 -0.04349485 -0.00547232
v 0.06540118 -0.04288272 -0.00000000
v 0.02871697 -0.07027956 -0.00505577
v 0.02969639 -0.06709342 -0.00950173
v 0.03211974 -0.06333639 -0.01280165
v 0.03569472 -0.05946161 -0.01455750
v 0.05135538 -0.04660924 -0.01455750
v 0.05585315 -0.04385888 -0.01280165
v 0.06001076 -0.04221506 -0.00950173
v 0.06332676 -0.04187604 -0.00505577
v 0.02759070 -0.06890720 -0.00386952
v 0.02757970 -0.06451422 -0.00727231
v 0.02926792 -0.05986144 -0.00979796
v 0.03245176 -0.05551005 -0.01114183
v 0.04811242 -0.04265768 -0.01114183
v 0.05300133 -0.04038394 -0.00979796
v 0.05789407 -0.03963586 -0.00727231
v 0.06220049 -0.04050368 -0.00386952
v 0.02683815 -0.06799022 -0.00209417
v 0.02616537 -0.06279086 -0.00393575
v 0.02736240 -0.05753956 -0.00530262
v 0.03028488 -0.05286970 -0.00602991
v 0.04594554 -0.04001733 -0.00602991
v 0.05109581 -0.03806205 -0.00530262
v 0.05647974 -0.03791249 -0.00393575
v 0.06144794 -0.03958669 -0.00209417
v 0.02657389 -0.06766821 -0.00000000
v 0.02566872 -0.06218569 -0.00000000
v 0.02669327 -0.05672422 -0.00000000
v 0.02952397 -0.05194253 -0.00000000
v 0.04518463 -0.03909016 -0.00000000
v 0.05042668 -0.03724672 -0.00000000
v 0.05598309 -0.03730733 -0.00000000
v 0.06118368 -0.03926469 -0.00000000
v 0.02683815 -0.06799022 0.00209417
v 0.02616537 -0.06279086 0.00393575
v 0.02736240 -0.05753956 0.00530262
v 0.03028488 -0.05286970 0.00602991
v 0.04594554 -0.04001733 0.00602991
v 0.05109581 -0.03806205 0.00530262
v 0.05647974 -0.03791249 0.00393575
v 0.06144794 -0.03958669 0.00209417
v 0.02759070 -0.06890720 0.00386952
v 0.02757970 -0.06451422 0.00727231
v 0.02926792 -0.05986144 0.00979796
v 0.03245176 -0.05551005 0.01114183
v 0.04811242 -0.04265768 0.01114183
v 0.05300133 -0.04038394 0.00979796
v 0.05789407 -0.03963586 0.00727231
v 0.06220049 -0.04050368 0.00386952
v 0.02871697 -0.07027956 0.00505577
v 0.02969639 -0.06709342 0.00950173
v 0.03211974 -0.06333639 0.01280165
v 0.03569472 -0.05946161 0.01455750
v 0.05135538 -0.04660924 0.01455750
v 0.05585315 -0.04385888 0.01280165
v 0.06001076 -0.04221506 0.00950173
v 0.06332676 -0.04187604 0.00505577
v 0.03004549 -0.07189838 0.00547232
v 0.03219320 -0.07013580 0.01028460
v 0.03548368 -0.06743537 0.01385641
v 0.03952006 -0.06412280 0.01575692
v 0.05518072 -0.05127043 0.01575692
v 0.05921709 -0.04795786 0.01385641
v 0.06250757 -0.04525743 0.01028460
v 0.06465528 -0.04349485 0.00547232
v 0.03137402 -0.07351719 0.00505577
v 0.03469001 -0.07317817 0.00950173
v 0.03884763 -0.07153435 0.01280165
v 0.04334539 -0.06878399 0.01455750
v 0.05900606 -0.05593162 0.01455750
v 0.06258104 -0.05205684 0.01280165
v 0.06500439 -0.04829981 0.00950173
v 0.06598381 -0.04511367 0.00505577
v 0.03250029 -0.07488955 0.00386952
v 0.03680671 -0.07575737 0.00727231
v 0.04169944 -0.07500929 0.00979796
v 0.04658836 -0.07273555 0.01114183
v 0.06224902 -0.05988318 0.01114183
v 0.06543285 -0.05553179 0.00979796
v 0.06712108 -0.05087901 0.00727231
v 0.06711008 -0.04648603 0.00386952
v 0.03325284 -0.07580654 0.00209417
v 0.03822104 -0.07748074 0.00393575
v 0.04360496 -0.07733118 0.00530262
v 0.04875524 -0.07537590 0.00602991
v 0.06441590 -0.06252353 0.00602991
v 0.06733837 -0.05785367 0.00530262
v 0.06853541 -0.05260237 0.00393575
v 0.06786263 -0.04740301 0.00209417
v 0.03351710 -0.07612854 0.00000000
v 0.03871768 -0.07808590 0.00000000
v 0.04427410 -0.07814651 0.00000000
v 0.04951614 -0.07630307 0.00000000
v 0.06517681 -0.06345070 0.00000000
v 0.06800750 -0.05866901 0.00000000
v 0.06903206 -0.05320754 0.00000000
v 0.06812689 -0.04772502 0.00000000
v 0.03325284 -0.07580654 -0.00209417
v 0.03822104 -0.07748074 -0.00393575
v 0.04360496 -0.07733118 -0.00530262
v 0.04875524 -0.07537590 -0.00602991
v 0.06441590 -0.06252353 -0.00602991
v 0.06733837 -0.05785367 -0.00530262
v 0.06853541 -0.05260237 -0.00393575
v 0.06786263 -0.04740301 -0.00209417
v 0.03250029 -0.07488955 -0.00386952
v 0.03680671 -0.07575737 -0.00727231
v 0.04169944 -0.07500929 -0.00979796
v 0.04658836 -0.07273555 -0.01114183
v 0.06224902 -0.05988318 -0.01114183
v 0.06543285 -0.05553179 -0.00979796
v 0.06712108 -0.05087901 -0.00727231
v 0.06711008 -0.04648603 -0.00386952
v 0.03137402 -0.07351719 -0.00505577
v 0.03469001 -0.07317817 -0.00950173
v 0.03884763 -0.07153435 -0.01280165
v 0.04334539 -0.06878399 -0.01455750
v 0.05900606 -0.05593162 -0.01455750
v 0.06258104 -0.05205684 -0.01280165
v 0.06500439 -0.04829981 -0.00950173
v 0.06598381 -0.04511367 -0.00505577
v 0.04288272 -0.06540118 -0.00000000
v 0.04349485 -0.06465528 -0.00547232
v 0.04525743 -0.06250757 -0.01028460
v 0.04795786 -0.05921709 -0.01385641
v 0.05127043 -0.05518072 -0.01575692
v 0.06412280 -0.03952006 -0.01575692
v 0.06743537 -0.03548368 -0.01385641
v 0.07013580 -0.03219320 -0.01028460
v 0.07189838 -0.03004549 -0.00547232
v 0.07251051 -0.02929960 -0.00000000
v 0.04187604 -0.06332676 -0.00505577
v 0.04221506 -0.06001076 -0.00950173
v 0.04385888 -0.05585315 -0.01280165
v 0.04660924 -0.05135538 -0.01455750
v 0.05946161 -0.03569472 -0.01455750
v 0.06333639 -0.03211974 -0.01280165
v 0.06709342 -0.02969639 -0.00950173
v 0.07027956 -0.02871697 -0.00505577
v 0.04050368 -0.06220049 -0.00386952
v 0.03963586 -0.05789407 -0.00727231
v 0.04038394 -0.05300133 -0.00979796
v 0.04265768 -0.04811242 -0.01114183
v 0.05551005 -0.03245176 -0.01114183
v 0.05986144 -0.02926792 -0.00979796
v 0.06451422 -0.02757970 -0.00727231
v 0.06890720 -0.02759070 -0.00386952
v 0.03958669 -0.06144794 -0.00209417
v 0.03791249 -0.05647974 -0.00393575
v 0.03806205 -0.05109581 -0.00530262
v 0.04001733 -0.04594554 -0.00602991
v 0.05286970 -0.03028488 -0.00602991
v 0.05753956 -0.02736240 -0.00530262
v 0.06279086 -0.02616537 -0.00393575
v 0.06799022 -0.02683815 -0.00209417
v 0.03926469 -0.06118368 -0.00000000
v 0.03730733 -0.05598309 -0.00000000
v 0.03724672 -0.05042668 -0.00000000
v 0.03909016 -0.04518463 -0.00000000
v 0.05194253 -0.02952397 -0.00000000
v 0.05672422 -0.02669327 -0.00000000
v 0.06218569 -0.02566872 -0.00000000
v 0.06766821 -0.02657389 -0.00000000
v 0.03958669 -0.06144794 0.00209417
v 0.03791249 -0.05647974 0.00393575
v 0.03806205 -0.05109581 0.00530262
v 0.04001733 -0.04594554 0.00602991
v 0.05286970 -0.03028488 0.00602991
v 0.05753956 -0.02736240 0.00530262
v 0.06279086 -0.02616537 0.00393575
v 0.06799022 -0.02683815 0.00209417
v 0.04050368 -0.06220049 0.00386952
v 0.03963586 -0.05789407 0.00727231
v 0.04038394 -0.05300133 0.00979796
v 0.04265768 -0.04811242 0.01114183
v 0.05551005 -0.03245176 0.01114183
v 0.05986144 -0.02926792 0.00979796
v 0.06451422 -0.02757970 0.00727231
v 0.06890720 -0.02759070 0.00386952
v 0.04187604 -0.06332676 0.00505577
v 0.04221506 -0.06001076 0.00950173
v 0.04385888 -0.05585315 0.01280165
v 0.04660924 -0.05135538 0.01455750
v 0.05946161 -0.03569472 0.01455750
v 0.06333639 -0.03211974 0.01280165
v 0.06709342 -0.02969639 0.00950173
v 0.07027956 -0.02871697 0.00505577
v 0.04349485 -0.06465528 0.00547232
v 0.04525743 -0.06250757 0.01028460
v 0.04795786 -0.05921709 0.01385641
v 0.05127043 -0.05518072 0.01575692
v 0.06412280 -0.03952006 0.01575692
v 0.06743537 -0.03548368 0.01385641
v 0.07013580 -0.03219320 0.01028460
v 0.07189838 -0.03004549 0.00547232
v 0.04511367 -0.06598381 0.00505577
v 0.04829981 -0.06500439 0.00950173
v 0.05205684 -0.06258104 0.01280165
v 0.05593162 -0.05900606 0.01455750
v 0.06878399 -0.04334539 0.01455750
v 0.07153435 -0.03884763 0.01280165
v 0.07317817 -0.03469001 0.00950173
v 0.07351719 -0.03137402 0.00505577
v 0.04648603 -0.06711008 0.00386952
v 0.05087901 -0.06712108 0.00727231
v 0.05553179 -0.06543285 0.00979796
v 0.05988318 -0.06224902 0.01114183
v 0.07273555 -0.04658836 0.01114183
v 0.07500929 -0.04169944 0.00979796
v 0.07575737 -0.03680671 0.00727231
v 0.07488955 -0.03250029 0.00386952
v 0.04740301 -0.06786263 0.00209417
v 0.05260237 -0.06853541 0.00393575
v 0.05785367 -0.06733837 0.00530262
v 0.06252353 -0.06441590 0.00602991
v 0.07537590 -0.04875524 0.00602991
v 0.07733118 -0.04360496 0.00530262
v 0.07748074 -0.03822104 0.00393575
v 0.07580654 -0.03325284 0.00209417
v 0.04772502 -0.06812689 0.00000000
v 0.05320754 -0.06903206 0.00000000
v 0.05866901 -0.06800750 0.00000000
v 0.06345070 -0.06517681 0.00000000
v 0.07630307 -0.04951614 0.00000000
v 0.07814651 -0.04427410 0.00000000
v 0.07808590 -0.03871768 0.00000000
v 0.07612854 -0.03351710 0.00000000
v 0.04740301 -0.06786263 -0.00209417
v 0.05260237 -0.06853541 -0.00393575
v 0.05785367 -0.06733837 -0.00530262
v 0.06252353 -0.06441590 -0.00602991
v 0.07537590 -0.04875524 -0.00602991
v 0.07733118 -0.04360496 -0.00530262
v 0.07748074 -0.03822104 -0.00393575
v 0.07580654 -0.03325284 -0.00209417
v 0.04648603 -0.06711008 -0.00386952
v 0.05087901 -0.06712108 -0.00727231
v 0.05553179 -0.06543285 -0.00979796
v 0.05988318 -0.06224902 -0.01114183
v 0.07273555 -0.04658836 -0.01114183
v 0.07500929 -0.04169944 -0.00979796
v 0.07575737 -0.03680671 -0.00727231
v 0.07488955 -0.03250029 -0.00386952
v 0.04511367 -0.06598381 -0.00505577
v 0.04829981 -0.06500439 -0.00950173
v 0.05205684 -0.06258104 -0.01280165
v 0.05593162 -0.05900606 -0.01455750
v 0.06878399 -0.04334539 -0.01455750
v 0.07153435 -0.03884763 -0.01280165
v 0.07317817 -0.03469001 -0.00950173
v 0.07351719 -0.03137402 -0.00505577
v 0.05481787 -0.05577851 -0.00000000
v 0.05527273 -0.05492753 -0.00547232
v 0.05658245 -0.05247722 -0.01028460
v 0.05858905 -0.04872314 -0.01385641
v 0.06105051 -0.04411807 -0.01575692
v 0.07060068 -0.02625095 -0.01575692
v 0.07306214 -0.02164589 -0.01385641
v 0.07506874 -0.01789180 -0.01028460
v 0.07637845 -0.01544150 -0.00547232
v 0.07683331 -0.01459052 -0.00000000
v 0.05342584 -0.05394034 -0.00505577
v 0.05311143 -0.05062192 -0.00950173
v 0.05391256 -0.04622350 -0.01280165
v 0.05573260 -0.04127559 -0.01455750
v 0.06528277 -0.02340847 -0.01455750
v 0.06838565 -0.01914625 -0.01280165
v 0.07159772 -0.01603651 -0.00950173
v 0.07453156 -0.01445432 -0.00505577
v 0.05186012 -0.05310345 -0.00386952
v 0.05016884 -0.04904908 -0.00727231
v 0.04994802 -0.04410441 -0.00979796
v 0.05122429 -0.03886585 -0.01114183
v 0.06077446 -0.02099873 -0.01114183
v 0.06442111 -0.01702716 -0.00979796
v 0.06865513 -0.01446366 -0.00727231
v 0.07296584 -0.01361742 -0.00386952
v 0.05081394 -0.05254425 -0.00209417
v 0.04820267 -0.04799814 -0.00393575
v 0.04729900 -0.04268848 -0.00530262
v 0.04821194 -0.03725571 -0.00602991
v 0.05776211 -0.01938860 -0.00602991
v 0.06177209 -0.01561123 -0.00530262
v 0.06668896 -0.01341272 -0.00393575
v 0.07191967 -0.01305823 -0.00209417
v 0.05044657 -0.05234789 -0.00000000
v 0.04751224 -0.04762909 -0.00000000
v 0.04636879 -0.04219127 -0.00000000
v 0.04715414 -0.03669031 -0.00000000
v 0.05670431 -0.01882319 -0.00000000
v 0.06084188 -0.01511402 -0.00000000
v 0.06599853 -0.01304368 -0.00000000
v 0.07155230 -0.01286186 -0.00000000
v 0.05081394 -0.05254425 0.00209417
v 0.04820267 -0.04799814 0.00393575
v 0.04729900 -0.04268848 0.00530262
v 0.04821194 -0.03725571 0.00602991
v 0.05776211 -0.01938860 0.00602991
v 0.06177209 -0.01561123 0.00530262
v 0.06668896 -0.01341272 0.00393575
v 0.07191967 -0.01305823 0.00209417
v 0.05186012 -0.05310345 0.00386952
v 0.05016884 -0.04904908 0.00727231
v 0.04994802 -0.04410441 0.00979796
v 0.05122429 -0.03886585 0.01114183
v 0.06077446 -0.02099873 0.01114183
v 0.06442111 -0.01702716 0.00979796
v 0.06865513 -0.01446366 0.00727231
v 0.07296584 -0.01361742 0.00386952
v 0.05342584 -0.05394034 0.00505577
v 0.05311143 -0.05062192 0.00950173
v 0.05391256 -0.04622350 0.01280165
v 0.05573260 -0.04127559 0.01455750
v 0.06528277 -0.02340847 0.01455750
v 0.06838565 -0.01914625 0.01280165
v 0.07159772 -0.01603651 0.00950173
v 0.07453156 -0.01445432 0.00505577
v 0.05527273 -0.05492753 0.00547232
v 0.05658245 -0.05247722 0.01028460
v 0.05858905 -0.04872314 0.01385641
v 0.06105051 -0.04411807 0.01575692
v 0.07060068 -0.02625095 0.01575692
v 0.07306214 -0.02164589 0.01385641
v 0.07506874 -0.01789180 0.01028460
v 0.07637845 -0.01544150 0.00547232
v 0.05711962 -0.05591471 0.00505577
v 0.06005347 -0.05433252 0.00950173
v 0.06326554 -0.05122277 0.01280165
v 0.06636842 -0.04696055 0.01455750
v 0.07591859 -0.02909343 0.01455750
v 0.07773863 -0.02414552 0.01280165
v 0.07853976 -0.01974710 0.00950173
v 0.07822534 -0.01642868 0.00505577
v 0.05868534 -0.05675160 0.00386952
v 0.06299605 -0.05590537 0.00727231
v 0.06723008 -0.05334186 0.00979796
v 0.07087672 -0.04937029 0.01114183
v 0.08042689 -0.03150317 0.01114183
v 0.08170317 -0.02626461 0.00979796
v 0.08148234 -0.02131995 0.00727231
v 0.07979106 -0.01726558 0.00386952
v 0.05973152 -0.05731080 0.00209417
v 0.06496223 -0.05695631 0.00393575
v 0.06987909 -0.05475779 0.00530262
v 0.07388907 -0.05098043 0.00602991
v 0.08343925 -0.03311331 0.00602991
v 0.08435219 -0.02768054 0.00530262
v 0.08344852 -0.02237089 0.00393575
v 0.08083724 -0.01782477 0.00209417
v 0.06009889 -0.05750716 0.00000000
v 0.06565266 -0.05732535 0.00000000
v 0.07080931 -0.05525500 0.00000000
v 0.07494687 -0.05154583 0.00000000
v 0.08449705 -0.03367872 0.00000000
v 0.08528240 -0.02817775 0.00000000
v 0.08413895 -0.02273993 0.00000000
v 0.08120461 -0.01802113 0.00000000
v 0.05973152 -0.05731080 -0.00209417
v 0.06496223 -0.05695631 -0.00393575
v 0.06987909 -0.05475779 -0.00530262
v 0.07388907 -0.05098043 -0.00602991
v 0.08343925 -0.03311331 -0.00602991
v 0.08435219 -0.02768054 -0.00530262
v 0.08344852 -0.02237089 -0.00393575
v 0.08083724 -0.01782477 -0.00209417
v 0.05868534 -0.05675160 -0.00386952
v 0.06299605 -0.05590537 -0.00727231
v 0.06723008 -0.05334186 -0.00979796
v 0.07087672 -0.04937029 -0.01114183
v 0.08042689 -0.03150317 -0.01114183
v 0.08170317 -0.02626461 -0.00979796
v 0.08148234 -0.02131995 -0.00727231
v 0.07979106 -0.01726558 -0.00386952
v 0.05711962 -0.05591471 -0.00505577
v 0.06005347 -0.05433252 -0.00950173
v 0.06326554 -0.05122277 -0.01280165
v 0.06636842 -0.04696055 -0.01455750
v 0.07591859 -0.02909343 -0.01455750
v 0.07773863 -0.02414552 -0.01280165
v 0.07853976 -0.01974710 -0.00950173
v 0.07822534 -0.01642868 -0.00505577
v 0.06464641 -0.04401230 -0.00000000
v 0.06492651 -0.04308893 -0.00547232
v 0.06573303 -0.04043020 -0.01028460
v 0.06696869 -0.03635678 -0.01385641
v 0.06848445 -0.03135999 -0.01575692
v 0.07436541 -0.01197304 -0.01575692
v 0.07588117 -0.00697625 -0.01385641
v 0.07711683 -0.00290283 -0.01028460
v 0.07792335 -0.00024410 -0.00547232
v 0.07820345 0.00067927 -0.00000000
v 0.06292252 -0.04248103 -0.00505577
v 0.06196675 -0.03928771 -0.00950173
v 0.06189440 -0.03481751 -0.01280165
v 0.06271418 -0.02960960 -0.01455750
v 0.06859515 -0.01022265 -0.01455750
v 0.07080689 -0.00543698 -0.01280165
v 0.07335056 -0.00176035 -0.00950173
v 0.07591936 0.00036381 -0.00505577
v 0.06122361 -0.04196567 -0.00386952
v 0.05877386 -0.03831916 -0.00727231
v 0.05759263 -0.03351258 -0.00979796
v 0.05782238 -0.02812569 -0.01114183
v 0.06370335 -0.00873874 -0.01114183
v 0.06650511 -0.00413205 -0.00979796
v 0.07015766 -0.00079179 -0.00727231
v 0.07422045 0.00087916 -0.00386952
v 0.06008844 -0.04162132 -0.00209417
v 0.05664044 -0.03767199 -0.00393575
v 0.05471827 -0.03264066 -0.00530262
v 0.05455379 -0.02713417 -0.00602991
v 0.06043476 -0.00774722 -0.00602991
v 0.06363076 -0.00326013 -0.00530262
v 0.06802424 -0.00014463 -0.00393575
v 0.07308528 0.00122351 -0.00209417
v 0.05968983 -0.04150040 -0.00000000
v 0.05589128 -0.03744474 -0.00000000
v 0.05370893 -0.03233448 -0.00000000
v 0.05340601 -0.02678600 -0.00000000
v 0.05928698 -0.00739905 -0.00000000
v 0.06262142 -0.00295395 -0.00000000
v 0.06727508 0.00008263 -0.00000000
v 0.07268666 0.00134443 -0.00000000
v 0.06008844 -0.04162132 0.00209417
v 0.05664044 -0.03767199 0.00393575
v 0.05471827 -0.03264066 0.00530262
v 0.05455379 -0.02713417 0.00602991
v 0.06043476 -0.00774722 0.00602991
v 0.06363076 -0.00326013 0.00530262
v 0.06802424 -0.00014463 0.00393575
v 0.07308528 0.00122351 0.00209417
v 0.06122361 -0.04196567 0.00386952
v 0.05877386 -0.03831916 0.00727231
v 0.05759263 -0.03351258 0.00979796
v 0.05782238 -0.02812569 0.01114183
v 0.06370335 -0.00873874 0.01114183
v 0.06650511 -0.00413205 0.00979796
v 0.07015766 -0.00079179 0.00727231
v 0.07422045 0.00087916 0.00386952
v 0.06292252 -0.04248103 0.00505577
v 0.06196675 -0.03928771 0.00950173
v 0.06189440 -0.03481751 0.01280165
v 0.06271418 -0.02960960 0.01455750
v 0.06859515 -0.01022265 0.01455750
v 0.07080689 -0.00543698 0.01280165
v 0.07335056 -0.00176035 0.00950173
v 0.07591936 0.00036381 0.00505577
v 0.06492651 -0.04308893 0.00547232
v 0.06573303 -0.04043020 0.01028460
v 0.06696869 -0.03635678 0.01385641
v 0.06848445 -0.03135999 0.01575692
v 0.07436541 -0.01197304 0.01575692
v 0.07588117 -0.00697625 0.01385641
v 0.07711683 -0.00290283 0.01028460
v 0.07792335 -0.00024410 0.00547232
v 0.06693050 -0.04369684 0.00505577
v 0.06949930 -0.04157269 0.00950173
v 0.07204298 -0.03789605 0.01280165
v 0.07425471 -0.03311038 0.01455750
v 0.08013568 -0.01372343 0.01455750
v 0.08095546 -0.00851552 0.01280165
v 0.08088311 -0.00404532 0.00950173
v 0.07992734 -0.00085200 0.00505577
v 0.06862941 -0.04421220 0.00386952
v 0.07269220 -0.04254124 0.00727231
v 0.07634475 -0.03920098 0.00979796
v 0.07914651 -0.03459429 0.01114183
v 0.08502748 -0.01520734 0.01114183
v 0.08525724 -0.00982045 0.00979796
v 0.08407600 -0.00501387 0.00727231
v 0.08162625 -0.00136736 0.00386952
v 0.06976458 -0.04455655 0.00209417
v 0.07482562 -0.04318841 0.00393575
v 0.07921910 -0.04007290 0.00530262
v 0.08241511 -0.03558581 0.00602991
v 0.08829607 -0.01619886 0.00602991
v 0.08813159 -0.01069237 0.00530262
v 0.08620942 -0.00566104 0.00393575
v 0.08276142 -0.00171171 0.00209417
v 0.07016320 -0.04467747 0.00000000
v 0.07557478 -0.04341566 0.00000000
v 0.08022844 -0.04037908 0.00000000
v 0.08356288 -0.03593399 0.00000000
v 0.08944385 -0.01654703 0.00000000
v 0.08914093 -0.01099855 0.00000000
v 0.08695858 -0.00588830 0.00000000
v 0.08316004 -0.00183263 0.00000000
v 0.06976458 -0.04455655 -0.00209417
v 0.07482562 -0.04318841 -0.00393575
v 0.07921910 -0.04007290 -0.00530262
v 0.08241511 -0.03558581 -0.00602991
v 0.08829607 -0.01619886 -0.00602991
v 0.08813159 -0.01069237 -0.00530262
v 0.08620942 -0.00566104 -0.00393575
v 0.08276142 -0.00171171 -0.00209417
v 0.06862941 -0.04421220 -0.00386952
v 0.07269220 -0.04254124 -0.00727231
v 0.07634475 -0.03920098 -0.00979796
v 0.07914651 -0.03459429 -0.01114183
v 0.08502748 -0.01520734 -0.01114183
v 0.08525724 -0.00982045 -0.00979796
v 0.08407600 -0.00501387 -0.00727231
v 0.08162625 -0.00136736 -0.00386952
v 0.06693050 -0.04369684 -0.00505577
v 0.06949930 -0.04157269 -0.00950173
v 0.07204298 -0.03789605 -0.01280165
v 0.07425471 -0.03311038 -0.01455750
v 0.08013568 -0.01372343 -0.01455750
v 0.08095546 -0.00851552 -0.01280165
v 0.08088311 -0.00404532 -0.00950173
v 0.07992734 -0.00085200 -0.00505577
v 0.07199062 -0.03055473 -0.00000000
v 0.07208520 -0.02959446 -0.00547232
v 0.07235753 -0.02682947 -0.01028460
v 0.07277476 -0.02259325 -0.01385641
v 0.07328657 -0.01739677 -0.01575692
v 0.07527233 0.00276499 -0.01575692
v 0.07578414 0.00796148 -0.01385641
v 0.07620137 0.01219769 -0.01028460
v 0.07647370 0.01496268 -0.00547232
v 0.07656827 0.01592296 -0.00000000
v 0.07000112 -0.02938919 -0.00505577
v 0.06844073 -0.02644370 -0.00950173
v 0.06749768 -0.02207350 -0.01280165
v 0.06728569 -0.01680573 -0.01455750
v 0.06927145 0.00335603 -0.01455750
v 0.07050705 0.00848123 -0.01280165
v 0.07228457 0.01258346 -0.00950173
v 0.07438961 0.01516795 -0.00505577
v 0.06823432 -0.02921518 -0.00386952
v 0.06512023 -0.02611665 -0.00727231
v 0.06302398 -0.02163288 -0.00979796
v 0.06219839 -0.01630468 -0.01114183
v 0.06418415 0.00385708 -0.01114183
v 0.06603336 0.00892185 -0.00979796
v 0.06896407 0.01291050 -0.00727231
v 0.07262281 0.01534196 -0.00386952
v 0.06705378 -0.02909891 -0.00209417
v 0.06290155 -0.02589813 -0.00393575
v 0.06003475 -0.02133847 -0.00530262
v 0.05879917 -0.01596988 -0.00602991
v 0.06078493 0.00419188 -0.00602991
v 0.06304413 0.00921626 -0.00530262
v 0.06674539 0.01312902 -0.00393575
v 0.07144227 0.01545824 -0.00209417
v 0.06663923 -0.02905808 -0.00000000
v 0.06212245 -0.02582140 -0.00000000
v 0.05898507 -0.02123509 -0.00000000
v 0.05760552 -0.01585232 -0.00000000
v 0.05959128 0.00430944 -0.00000000
v 0.06199445 0.00931964 -0.00000000
v 0.06596629 0.01320576 -0.00000000
v 0.07102772 0.01549907 -0.00000000
v 0.06705378 -0.02909891 0.00209417
v 0.06290155 -0.02589813 0.00393575
v 0.06003475 -0.02133847 0.00530262
v 0.05879917 -0.01596988 0.00602991
v 0.06078493 0.00419188 0.00602991
v 0.06304413 0.00921626 0.00530262
v 0.06674539 0.01312902 0.00393575
v 0.07144227 0.01545824 0.00209417
v 0.06823432 -0.02921518 0.00386952
v 0.06512023 -0.02611665 0.00727231
v 0.06302398 -0.02163288 0.00979796
v 0.06219839 -0.01630468 0.01114183
v 0.06418415 0.00385708 0.01114183
v 0.06603336 0.00892185 0.00979796
v 0.06896407 0.01291050 0.00727231
v 0.07262281 0.01534196 0.00386952
v 0.07000112 -0.02938919 0.00505577
v 0.06844073 -0.02644370 0.00950173
v 0.06749768 -0.02207350 0.01280165
v 0.06728569 -0.01680573 0.01455750
v 0.06927145 0.00335603 0.01455750
v 0.07050705 0.00848123 0.01280165
v 0.07228457 0.01258346 0.00950173
v 0.07438961 0.01516795 0.00505577
v 0.07208520 -0.02959446 0.00547232
v 0.07235753 -0.02682947 0.01028460
v 0.07277476 -0.02259325 0.01385641
v 0.07328657 -0.01739677 0.01575692
v 0.07527233 0.00276499 0.01575692
v 0.07578414 0.00796148 0.01385641
v 0.07620137 0.01219769 0.01028460
v 0.07647370 0.01496268 0.00547232
v 0.07416928 -0.02979972 0.00505577
v 0.07627432 -0.02721524 0.00950173
v 0.07805184 -0.02311300 0.01280165
v 0.07928745 -0.01798780 0.01455750
v 0.08127321 0.00217396 0.01455750
v 0.08106122 0.00744173 0.01280165
v 0.08011816 0.01181192 0.00950173
v 0.07855778 0.01475742 0.00505577
v 0.07593608 -0.02997374 0.00386952
v 0.07959482 -0.02754228 0.00727231
v 0.08252554 -0.02355362 0.00979796
v 0.08437474 -0.01848886 0.01114183
v 0.08636050 0.00167290 0.01114183
v 0.08553492 0.00700111 0.00979796
v 0.08343866 0.01148488 0.00727231
v 0.08032458 0.01458340 0.00386952
v 0.07711662 -0.03009001 0.00209417
v 0.08181351 -0.02776080 0.00393575
v 0.08551477 -0.02384803 0.00530262
v 0.08777397 -0.01882365 0.00602991
v 0.08975973 0.00133811 0.00602991
v 0.08852414 0.00670670 0.00530262
v 0.08565735 0.01126636 0.00393575
v 0.08150512 0.01446713 0.00209417
v 0.07753117 -0.03013084 0.00000000
v 0.08259261 -0.02783753 0.00000000
v 0.08656444 -0.02395142 0.00000000
v 0.08896762 -0.01894122 0.00000000
v 0.09095338 0.00122054 0.00000000
v 0.08957382 0.00660331 0.00000000
v 0.08643645 0.01118962 0.00000000
v 0.08191967 0.01442630 0.00000000
v 0.07711662 -0.03009001 -0.00209417
v 0.08181351 -0.02776080 -0.00393575
v 0.08551477 -0.02384803 -0.00530262
v 0.08777397 -0.01882365 -0.00602991
v 0.08975973 0.00133811 -0.00602991
v 0.08852414 0.00670670 -0.00530262
v 0.08565735 0.01126636 -0.00393575
v 0.08150512 0.01446713 -0.00209417
v 0.07593608 -0.02997374 -0.00386952
v 0.07959482 -0.02754228 -0.00727231
v 0.08252554 -0.02355362 -0.00979796
v 0.08437474 -0.01848886 -0.01114183
v 0.08636050 0.00167290 -0.01114183
v 0.08553492 0.00700111 -0.00979796
v 0.08343866 0.01148488 -0.00727231
v 0.08032458 0.01458340 -0.00386952
v 0.07416928 -0.02979972 -0.00505577
v 0.07627432 -0.02721524 -0.00950173
v 0.07805184 -0.02311300 -0.01280165
v 0.07928745 -0.01798780 -0.01455750
v 0.08127321 0.00217396 -0.01455750
v 0.08106122 0.00744173 -0.01280165
v 0.08011816 0.01181192 -0.00950173
v 0.07855778 0.01475742 -0.00505577
f 2 1 11
f 2 11 3
f 3 11 12
f 3 12 4
f 4 12 13
f 4 13 5
f 5 13 14
f 5 14 6
f 6 14 15
f 6 15 7
f 7 15 16
f 7 16 8
f 8 16 17
f 8 17 9
f 9 17 18
f 9 18 10
f 11 1 19
f 11 19 12
f 12 19 20
f 12 20 13
f 13 20 21
f 13 21 14
f 14 21 22
f 14 22 15
f 15 22 23
f 15 23 16
f 16 23 24
f 16 24 17
f 17 24 25
f 17 25 18
f 18 25 26
f 18 26 10
f 19 1 27
f 19 27 20
f 20 27 28
f 20 28 21
f 21 28 29
f 21 29 22
f 22 29 30
f 22 30 23
f 23 30 31
f 23 31 24
f 24 31 32
f 24 32 25
f 25 32 33
f 25 33 26
f 26 33 34
f 26 34 10
f 27 1 35
f 27 35 28
f 28 35 36
f 28 36 29
f 29 36 37
f 29 37 30
f 30 37 38
f 30 38 31
f 31 38 39
f 31 39 32
f 32 39 40
f 32 40 33
f 33 40 41
f 33 41 34
f 34 41 42
f 34 42 10
f 35 1 43
f 35 43 36
f 36 43 44
f 36 44 37
f 37 44 45
f 37 45 38
f 38 45 46
f 38 46 39
f 39 46 47
f 39 47 40
f 40 47 48
f 40 48 41
f 41 48 49
f 41 49 42
f 42 49 50
f 42 50 10
f 43 1 51
f 43 51 44
f 44 51 52
f 44 52 45
f 45 52 53
f 45 53 46
f 46 53 54
f 46 54 47
f 47 54 55
f 47 55 48
f 48 55 56
f 48 56 49
f 49 56 57
f 49 57 50
f 50 57 58
f 50 58 10
f 51 1 59
f 51 59 52
f 52 59 60
f 52 60 53
f 53 60 61
f 53 61 54
f 54 61 62
f 54 62 55
f 55 62 63
f 55 63 56
f 56 63 64
f 56 64 57
f 57 64 65
f 57 65 58
f 58 65 66
f 58 66 10
f 59 1 67
f 59 67 60
f 60 67 68
f 60 68 61
f 61 68 69
f 61 69 62
f 62 69 70
f 62 70 63
f 63 70 71
f 63 71 64
f 64 71 72
f 64 72 65
f 65 72 73
f 65 73 66
f 66 73 74
f 66 74 10
f 67 1 75
f 67 75 68
f 68 75 76
f 68 76 69
f 69 76 77
f 69 77 70
f 70 77 78
f 70 78 71
f 71 78 79
f 71 79 72
f 72 79 80
f 72 80 73
f 73 80 81
f 73 81 74
f 74 81 82
f 74 82 10
f 75 1 83
f 75 83 76
f 76 83 84
f 76 84 77
f 77 84 85
f 77 85 78
f 78 85 86
f 78 86 79
f 79 86 87
f 79 87 80
f 80 87 88
f 80 88 81
f 81 88 89
f 81 89 82
f 82 89 90
f 82 90 10
f 83 1 91
f 83 91 84
f 84 91 92
f 84 92 85
f 85 92 93
f 85 93 86
f 86 93 94
f 86 94 87
f 87 94 95
f 87 95 88
f 88 95 96
f 88 96 89
f 89 96 97
f 89 97 90
f 90 97 98
f 90 98 10
f 91 1 99
f 91 99 92
f 92 99 100
f 92 100 93
f 93 100 101
f 93 101 94
f 94 101 102
f 94 102 95
f 95 102 103
f 95 103 96
f 96 103 104
f 96 104 97
f 97 104 105
f 97 105 98
f 98 105 106
f 98 106 10
f 99 1 107
f 99 107 100
f 100 107 108
f 100 108 101
f 101 108 109
f 101 109 102
f 102 109 110
f 102 110 103
f 103 110 111
f 103 111 104
f 104 111 112
f 104 112 105
f 105 112 113
f 105 113 106
f 106 113 114
f 106 114 10
f 107 1 115
f 107 115 108
f 108 115 116
f 108 116 109
f 109 116 117
f 109 117 110
f 110 117 118
f 110 118 111
f 111 118 119
f 111 119 112
f 112 119 120
f 112 120 113
f 113 120 121
f 113 121 114
f 114 121 122
f 114 122 10
f 115 1 123
f 115 123 116
f 116 123 124
f 116 124 117
f 117 124 125
f 117 125 118
f 118 125 126
f 118 126 119
f 119 126 127
f 119 127 120
f 120 127 128
f 120 128 121
f 121 128 129
f 121 129 122
f 122 129 130
f 122 130 10
f 123 1 2
f 123 2 124
f 124 2 3
f 124 3 125
f 125 3 4
f 125 4 126
f 126 4 5
f 126 5 127
f 127 5 6
f 127 6 128
f 128 6 7
f 128 7 129
f 129 7 8
f 129 8 130
f 130 8 9
f 130 9 10
f 132 131 141
f 132 141 133
f 133 141 142
f 133 142 134
f 134 142 143
f 134 143 135
f 135 143 144
f 135 144 136
f 136 144 145
f 136 145 137
f 137 145 146
f 137 146 138
f 138 146 147
f 138 147 139
f 139 147 148
f 139 148 140
f 141 131 149
f 141 149 142
f 142 149 150
f 142 150 143
f 143 150 151
f 143 151 144
f 144 151 152
f 144 152 145
f 145 152 153
f 145 153 146
f 146 153 154
f 146 154 147
f 147 154 155
f 147 155 148
f 148 155 156
f 148 156 140
f 149 131 157
f 149 157 150
f 150 157 158
f 150 158 151
f 151 158 159
f 151 159 152
f 152 159 160
f 152 160 153
f 153 160 161
f 153 161 154
f 154 161 162
f 154 162 155
f 155 162 163
f 155 163 156
f 156 163 164
f 156 164 140
f 157 131 165
f 157 165 158
f 158 165 166
f 158 166 159
f 159 166 167
f 159 167 160
f 160 167 168
f 160 168 161
f 161 168 169
f 161 169 162
f 162 169 170
f 162 170 163
f 163 170 171
f 163 171 164
f 164 171 172
f 164 172 140
f 165 131 173
f 165 173 166
f 166 173 174
f 166 174 167
f 167 174 175
f 167 175 168
f 168 175 176
f 168 176 169
f 169 176 177
f 169 177 170
f 170 177 178
f 170 178 171
f 171 178 179
f 171 179 172
f 172 179 180
f 172 180 140
f 173 131 181
f 173 181 174
f 174 181 182
f 174 182 175
f 175 182 183
f 175 183 176
f 176 183 184
f 176 184 177
f 177 184 185
f 177 185 178
f 178 185 186
f 178 186 179
f 179 186 187
f 179 187 180
f 180 187 188
f 180 188 140
f 181 131 189
f 181 189 182
f 182 189 190
f 182 190 183
f 183 190 191
f 183 191 184
f 184 191 192
f 184 192 185
f 185 192 193
f 185 193 186
f 186 193 194
f 186 194 187
f 187 194 195
f 187 195 188
f 188 195 196
f 188 196 140
f 189 131 197
f 189 197 190
f 190 197 198
f 190 198 191
f 191 198 199
f 191 199 192
f 192 199 200
f 192 200 193
f 193 200 201
f 193 201 194
f 194 201 202
f 194 202 195
f 195 202 203
f 195 203 196
f 196 203 204
f 196 204 140
f 197 131 205
f 197 205 198
f 198 205 206
f 198 206 199
f 199 206 207
f 199 207 200
f 200 207 208
f 200 208 201
f 201 208 209
f 201 209 202
f 202 209 210
f 202 210 203
f 203 210 211
f 203 211 204
f 204 211 212
f 204 212 140
f 205 131 213
f 205 213 206
f 206 213 214
f 206 214 207
f 207 214 215
f 207 215 208
f 208 215 216
f 208 216 209
f 209 216 217
f 209 217 210
f 210 217 218
f 210 218 211
f 211 218 219
f 211 219 212
f 212 219 220
f 212 220 140
f 213 131 221
f 213 221 214
f 214 221 222
f 214 222 215
f 215 222 223
f 215 223 216
f 216 223 224
f 216 224 217
f 217 224 225
f 217 225 218
f 218 225 226
f 218 226 219
f 219 226 227
f 219 227 220
f 220 227 228
f 220 228 140
f 221 131 229
f 221 229 222
f 222 229 230
f 222 230 223
f 223 230 231
f 223 231 224
f 224 231 232
f 224 232 225
f 225 232 233
f 225 233 226
f 226 233 234
f 226 234 227
f 227 234 235
f 227 235 228
f 228 235 236
f 228 236 140
f 229 131 237
f 229 237 230
f 230 237 238
f 230 238 231
f 231 238 239
f 231 239 232
f 232 239 240
f 232 240 233
f 233 240 241
f 233 241 234
f 234 241 242
f 234 242 235
f 235 242 243
f 235 243 236
f 236 243 244
f 236 244 140
f 237 131 245
f 237 245 238
f 238 245 246
f 238 246 239
f 239 246 247
f 239 247 240
f 240 247 248
f 240 248 241
f 241 248 249
f 241 249 242
f 242 249 250
f 242 250 243
f 243 250 251
f 243 251 244
f 244 251 252
f 244 252 140
f 245 131 253
f 245 253 246
f 246 253 254
f 246 254 247
f 247 254 255
f 247 255 248
f 248 255 256
f 248 256 249
f 249 256 257
f 249 257 250
f 250 257 258
f 250 258 251
f 251 258 259
f 251 259 252
f 252 259 260
f 252 260 140
f 253 131 132
f 253 132 254
f 254 132 133
f 254 133 255
f 255 133 134
f 255 134 256
f 256 134 135
f 256 135 257
f 257 135 136
f 257 136 258
f 258 136 137
f 258 137 259
f 259 137 138
f 259 138 260
f 260 138 139
f 260 139 140
f 262 261 271
f 262 271 263
f 263 271 272
f 263 272 264
f 264 272 273
f 264 273 265
f 265 273 274
f 265 274 266
f 266 274 275
f 266 275 267
f 267 275 276
f 267 276 268
f 268 276 277
f 268 277 269
f 269 277 278
f 269 278 270
f 271 261 279
f 271 279 272
f 272 279 280
f 272 280 273
f 273 280 281
f 273 281 274
f 274 281 282
f 274 282 275
f 275 282 283
f 275 283 276
f 276 283 284
f 276 284 277
f 277 284 285
f 277 285 278
f 278 285 286
f 278 286 270
f 279 261 287
f 279 287 280
f 280 287 288
f 280 288 281
f 281 288 289
f 281 289 282
f 282 289 290
f 282 290 283
f 283 290 291
f 283 291 284
f 284 291 292
f 284 292 285
f 285 292 293
f 285 293 286
f 286 293 294
f 286 294 270
f 287 261 295
f 287 295 288
f 288 295 296
f 288 296 289
f 289 296 297
f 289 297 290
f 290 297 298
f 290 298 291
f 291 298 299
f 291 299 292
f 292 299 300
f 292 300 293
f 293 300 301
f 293 301 294
f 294 301 302
f 294 302 270
f 295 261 303
f 295 303 296
f 296 303 304
f 296 304 297
f 297 304 305
f 297 305 298
f 298 305 306
f 298 306 299
f 299 306 307
f 299 307 300
f 300 307 308
f 300 308 301
f 301 308 309
f 301 309 302
f 302 309 310
f 302 310 270
f 303 261 311
f 303 311 304
f 304 311 312
f 304 312 305
f 305 312 313
f 305 313 306
f 306 313 314
f 306 314 307
f 307 314 315
f 307 315 308
f 308 315 316
f 308 316 309
f 309 316 317
f 309 317 310
f 310 317 318
f 310 318 270
f 311 261 319
f 311 319 312
f 312 319 320
f 312 320 313
f 313 320 321
f 313 321 314
f 314 321 322
f 314 322 315
f 315 322 323
f 315 323 316
f 316 323 324
f 316 324 317
f 317 324 325
f 317 325 318
f 318 325 326
f 318 326 270
f 319 261 327
f 319 327 320
f 320 327 328
f 320 328 321
f 321 328 329
f 321 329 322
f 322 329 330
f 322 330 323
f 323 330 331
f 323 331 324
f 324 331 332
f 324 332 325
f 325 332 333
f 325 333 326
f 326 333 334
f 326 334 270
f 327 261 335
f 327 335 328
f 328 335 336
f 328 336 329
f 329 336 337
f 329 337 330
f 330 337 338
f 330 338 331
f 331 338 339
f 331 339 332
f 332 339 340
f 332 340 333
f 333 340 341
f 333 341 334
f 334 341 342
f 334 342 270
f 335 261 343
f 335 343 336
f 336 343 344
f 336 344 337
f 337 344 345
f 337 345 338
f 338 345 346
f 338 346 339
f 339 346 347
f 339 347 340
f 340 347 348
f 340 348 341
f 341 348 349
f 341 349 342
f 342 349 350
f 342 350 270
f 343 261 351
f 343 351 344
f 344 351 352
f 344 352 345
f 345 352 353
f 345 353 346
f 346 353 354
f 346 354 347
f 347 354 355
f 347 355 348
f 348 355 356
f 348 356 349
f 349 356 357
f 349 357 350
f 350 357 358
f 350 358 270
f 351 261 359
f 351 359 352
f 352 359 360
f 352 360 353
f 353 360 361
f 353 361 354
f 354 361 362
f 354 362 355
f 355 362 363
f 355 363 356
f 356 363 364
f 356 364 357
f 357 364 365
f 357 365 358
f 358 365 366
f 358 366 270
f 359 261 367
f 359 367 360
f 360 367 368
f 360 368 361
f 361 368 369
f 361 369 362
f 362 369 370
f 362 370 363
f 363 370 371
f 363 371 364
f 364 371 372
f 364 372 365
f 365 372 373
f 365 373 366
f 366 373 374
f 366 374 270
f 367 261 375
f 367 375 368
f 368 375 376
f 368 376 369
f 369 376 377
f 369 377 370
f 370 377 378
f 370 378 371
f 371 378 379
f 371 379 372
f 372 379 380
f 372 380 373
f 373 380 381
f 373 381 374
f 374 381 382
f 374 382 270
f 375 261 383
f 375 383 376
f 376 383 384
f 376 384 377
f 377 384 385
f 377 385 378
f 378 385 386
f 378 386 379
f 379 386 387
f 379 387 380
f 380 387 388
f 380 388 381
f 381 388 389
f 381 389 382
f 382 389 390
f 382 390 270
f 383 261 262
f 383 262 384
f 384 262 263
f 384 263 385
f 385 263 264
f 385 264 386
f 386 264 265
f 386 265 387
f 387 265 266
f 387 266 388
f 388 266 267
f 388 267 389
f 389 267 268
f 389 268 390
f 390 268 269
f 390 269 270
f 392 391 401
f 392 401 393
f 393 401 402
f 393 402 394
f 394 402 403
f 394 403 395
f 395 403 404
f 395 404 396
f 396 404 405
f 396 405 397
f 397 405 406
f 397 406 398
f 398 406 407
f 398 407 399
f 399 407 408
f 399 408 400
f 401 391 409
f 401 409 402
f 402 409 410
f 402 410 403
f 403 410 411
f 403 411 404
f 404 411 412
f 404 412 405
f 405 412 413
f 405 413 406
f 406 413 414
f 406 414 407
f 407 414 415
f 407 415 408
f 408 415 416
f 408 416 400
f 409 391 417
f 409 417 410
f 410 417 418
f 410 418 411
f 411 418 419
f 411 419 412
f 412 419 420
f 412 420 413
f 413 420 421
f 413 421 414
f 414 421 422
f 414 422 415
f 415 422 423
f 415 423 416
f 416 423 424
f 416 424 400
f 417 391 425
f 417 425 418
f 418 425 426
f 418 426 419
f 419 426 427
f 419 427 420
f 420 427 428
f 420 428 421
f 421 428 429
f 421 429 422
f 422 429 430
f 422 430 423
f 423 430 431
f 423 431 424
f 424 431 432
f 424 432 400
f 425 391 433
f 425 433 426
f 426 433 434
f 426 434 427
f 427 434 435
f 427 435 428
f 428 435 436
f 428 436 429
f 429 436 437
f 429 437 430
f 430 437 438
f 430 438 431
f 431 438 439
f 431 439 432
f 432 439 440
f 432 440 400
f 433 391 441
f 433 441 434
f 434 441 442
f 434 442 435
f 435 442 443
f 435 443 436
f 436 443 444
f 436 444 437
f 437 444 445
f 437 445 438
f 438 445 446
f 438 446 439
f 439 446 447
f 439 447 440
f 440 447 448
f 440 448 400
f 441 391 449
f 441 449 442
f 442 449 450
f 442 450 443
f 443 450 451
f 443 451 444
f 444 451 452
f 444 452 445
f 445 452 453
f 445 453 446
f 446 453 454
f 446 454 447
f 447 454 455
f 447 455 448
f 448 455 456
f 448 456 400
f 449 391 457
f 449 457 450
f 450 457 458
f 450 458 451
f 451 458 459
f 451 459 452
f 452 459 460
f 452 460 453
f 453 460 461
f 453 461 454
f 454 461 462
f 454 462 455
f 455 462 463
f 455 463 456
f 456 463 464
f 456 464 400
f 457 391 465
f 457 465 458
f 458 465 466
f 458 466 459
f 459 466 467
f 459 467 460
f 460 467 468
f 460 468 461
f 461 468 469
f 461 469 462
f 462 469 470
f 462 470 463
f 463 470 471
f 463 471 464
f 464 471 472
f 464 472 400
f 465 391 473
f 465 473 466
f 466 473 474
f 466 474 467
f 467 474 475
f 467 475 468
f 468 475 476
f 468 476 469
f 469 476 477
f 469 477 470
f 470 477 478
f 470 478 471
f 471 478 479
f 471 479 472
f 472 479 480
f 472 480 400
f 473 391 481
f 473 481 474
f 474 481 482
f 474 482 475
f 475 482 483
f 475 483 476
f 476 483 484
f 476 484 477
f 477 484 485
f 477 485 478
f 478 485 486
f 478 486 479
f 479 486 487
f 479 487 480
f 480 487 488
f 480 488 400
f 481 391 489
f 481 489 482
f 482 489 490
f 482 490 483
f 483 490 491
f 483 491 484
f 484 491 492
f 484 492 485
f 485 492 493
f 485 493 486
f 486 493 494
f 486 494 487
f 487 494 495
f 487 495 488
f 488 495 496
f 488 496 400
f 489 391 497
f 489 497 490
f 490 497 498
f 490 498 491
f 491 498 499
f 491 499 492
f 492 499 500
f 492 500 493
f 493 500 501
f 493 501 494
f 494 501 502
f 494 502 495
f 495 502 503
f 495 503 496
f 496 503 504
f 496 504 400
f 497 391 505
f 497 505 498
f 498 505 506
f 498 506 499
f 499 506 507
f 499 507 500
f 500 507 508
f 500 508 501
f 501 508 509
f 501 509 502
f 502 509 510
f 502 510 503
f 503 510 511
f 503 511 504
f 504 511 512
f 504 512 400
f 505 391 513
f 505 513 506
f 506 513 514
f 506 514 507
f 507 514 515
f 507 515 508
f 508 515 516
f 508 516 509
f 509 516 517
f 509 517 510
f 510 517 518
f 510 518 511
f 511 518 519
f 511 519 512
f 512 519 520
f 512 520 400
f 513 391 392
f 513 392 514
f 514 392 393
f 514 393 515
f 515 393 394
f 515 394 516
f 516 394 395
f 516 395 517
f 517 395 396
f 517 396 518
f 518 396 397
f 518 397 519
f 519 397 398
f 519 398 520
f 520 398 399
f 520 399 400
f 522 521 531
f 522 531 523
f 523 531 532
f 523 532 524
f 524 532 533
f 524 533 525
f 525 533 534
f 525 534 526
f 526 534 535
f 526 535 527
f 527 535 536
f 527 536 528
f 528 536 537
f 528 537 529
f 529 537 538
f 529 538 530
f 531 521 539
f 531 539 532
f 532 539 540
f 532 540 533
f 533 540 541
f 533 541 534
f 534 541 542
f 534 542 535
f 535 542 543
f 535 543 536
f 536 543 544
f 536 544 537
f 537 544 545
f 537 545 538
f 538 545 546
f 538 546 530
f 539 521 547
f 539 547 540
f 540 547 548
f 540 548 541
f 541 548 549
f 541 549 542
f 542 549 550
f 542 550 543
f 543 550 551
f 543 551 544
f 544 551 552
f 544 552 545
f 545 552 553
f 545 553 546
f 546 553 554
f 546 554 530
f 547 521 555
f 547 555 548
f 548 555 556
f 548 556 549
f 549 556 557
f 549 557 550
f 550 557 558
f 550 558 551
f 551 558 559
f 551 559 552
f 552 559 560
f 552 560 553
f 553 560 561
f 553 561 554
f 554 561 562
f 554 562 530
f 555 521 563
f 555 563 556
f 556 563 564
f 556 564 557
f 557 564 565
f 557 565 558
f 558 565 566
f 558 566 559
f 559 566 567
f 559 567 560
f 560 567 568
f 560 568 561
f 561 568 569
f 561 569 562
f 562 569 570
f 562 570 530
f 563 521 571
f 563 571 564
f 564 571 572
f 564 572 565
f 565 572 573
f 565 573 566
f 566 573 574
f 566 574 567
f 567 574 575
f 567 575 568
f 568 575 576
f 568 576 569
f 569 576 577
f 569 577 570
f 570 577 578
f 570 578 530
f 571 521 579
f 571 579 572
f 572 579 580
f 572 580 573
f 573 580 581
f 573 581 574
f 574 581 582
f 574 582 575
f 575 582 583
f 575 583 576
f 576 583 584
f 576 584 577
f 577 584 585
f 577 585 578
f 578 585 586
f 578 586 530
f 579 521 587
f 579 587 580
f 580 587 588
f 580 588 581
f 581 588 589
f 581 589 582
f 582 589 590
f 582 590 583
f 583 590 591
f 583 591 584
f 584 591 592
f 584 592 585
f 585 592 593
f 585 593 586
f 586 593 594
f 586 594 530
f 587 521 595
f 587 595 588
f 588 595 596
f 588 596 589
f 589 596 597
f 589 597 590
f 590 597 598
f 590 598 591
f 591 598 599
f 591 599 592
f 592 599 600
f 592 600 593
f 593 600 601
f 593 601 594
f 594 601 602
f 594 602 530
f 595 521 603
f 595 603 596
f 596 603 604
f 596 604 597
f 597 604 605
f 597 605 598
f 598 605 606
f 598 606 599
f 599 606 607
f 599 607 600
f 600 607 608
f 600 608 601
f 601 608 609
f 601 609 602
f 602 609 610
f 602 610 530
f 603 521 611
f 603 611 604
f 604 611 612
f 604 612 605
f 605 612 613
f 605 613 606
f 606 613 614
f 606 614 607
f 607 614 615
f 607 615 608
f 608 615 616
f 608 616 609
f 609 616 617
f 609 617 610
f 610 617 618
f 610 618 530
f 611 521 619
f 611 619 612
f 612 619 620
f 612 620 613
f 613 620 621
f 613 621 614
f 614 621 622
f 614 622 615
f 615 622 623
f 615 623 616
f 616 623 624
f 616 624 617
f 617 624 625
f 617 625 618
f 618 625 626
f 618 626 530
f 619 521 627
f 619 627 620
f 620 627 628
f 620 628 621
f 621 628 629
f 621 629 622
f 622 629 630
f 622 630 623
f 623 630 631
f 623 631 624
f 624 631 632
f 624 632 625
f 625 632 633
f 625 633 626
f 626 633 634
f 626 634 530
f 627 521 635
f 627 635 628
f 628 635 636
f 628 636 629
f 629 636 637
f 629 637 630
f 630 637 638
f 630 638 631
f 631 638 639
f 631 639 632
f 632 639 640
f 632 640 633
f 633 640 641
f 633 641 634
f 634 641 642
f 634 642 530
f 635 521 643
f 635 643 636
f 636 643 644
f 636 644 637
f 637 644 645
f 637 645 638
f 638 645 646
f 638 646 639
f 639 646 647
f 639 647 640
f 640 647 648
f 640 648 641
f 641 648 649
f 641 649 642
f 642 649 650
f 642 650 530
f 643 521 522
f 643 522 644
f 644 522 523
f 644 523 645
f 645 523 524
f 645 524 646
f 646 524 525
f 646 525 647
f 647 525 526
f 647 526 648
f 648 526 527
f 648 527 649
f 649 527 528
f 649 528 650
f 650 528 529
f 650 529 530
f 652 651 661
f 652 661 653
f 653 661 662
f 653 662 654
f 654 662 663
f 654 663 655
f 655 663 664
f 655 664 656
f 656 664 665
f 656 665 657
f 657 665 666
f 657 666 658
f 658 666 667
f 658 667 659
f 659 667 668
f 659 668 660
f 661 651 669
f 661 669 662
f 662 669 670
f 662 670 663
f 663 670 671
f 663 671 664
f 664 671 672
f 664 672 665
f 665 672 673
f 665 673 666
f 666 673 674
f 666 674 667
f 667 674 675
f 667 675 668
f 668 675 676
f 668 676 660
f 669 651 677
f 669 677 670
f 670 677 678
f 670 678 671
f 671 678 679
f 671 679 672
f 672 679 680
f 672 680 673
f 673 680 681
f 673 681 674
f 674 681 682
f 674 682 675
f 675 682 683
f 675 683 676
f 676 683 684
f 676 684 660
f 677 651 685
f 677 685 678
f 678 685 686
f 678 686 679
f 679 686 687
f 679 687 680
f 680 687 688
f 680 688 681
f 681 688 689
f 681 689 682
f 682 689 690
f 682 690 683
f 683 690 691
f 683 691 684
f 684 691 692
f 684 692 660
f 685 651 693
f 685 693 686
f 686 693 694
f 686 694 687
f 687 694 695
f 687 695 688
f 688 695 696
f 688 696 689
f 689 696 697
f 689 697 690
f 690 697 698
f 690 698 691
f 691 698 699
f 691 699 692
f 692 699 700
f 692 700 660
f 693 651 701
f 693 701 694
f 694 701 702
f 694 702 695
f 695 702 703
f 695 703 696
f 696 703 704
f 696 704 697
f 697 704 705
f 697 705 698
f 698 705 706
f 698 706 699
f 699 706 707
f 699 707 700
f 700 707 708
f 700 708 660
f 701 651 709
f 701 709 702
f 702 709 710
f 702 710 703
f 703 710 711
f 703 711 704
f 704 711 712
f 704 712 705
f 705 712 713
f 705 713 706
f 706 713 714
f 706 714 707
f 707 714 715
f 707 715 708
f 708 715 716
f 708 716 660
f 709 651 717
f 709 717 710
f 710 717 718
f 710 718 711
f 711 718 719
f 711 719 712
f 712 719 720
f 712 720 713
f 713 720 721
f 713 721 714
f 714 721 722
f 714 722 715
f 715 722 723
f 715 723 716
f 716 723 724
f 716 724 660
f 717 651 725
f 717 725 718
f 718 725 726
f 718 726 719
f 719 726 727
f 719 727 720
f 720 727 728
f 720 728 721
f 721 728 729
f 721 729 722
f 722 729 730
f 722 730 723
f 723 730 731
f 723 731 724
f 724 731 732
f 724 732 660
f 725 651 733
f 725 733 726
f 726 733 734
f 726 734 727
f 727 734 735
f 727 735 728
f 728 735 736
f 728 736 729
f 729 736 737
f 729 737 730
f 730 737 738
f 730 738 731
f 731 738 739
f 731 739 732
f 732 739 740
f 732 740 660
f 733 651 741
f 733 741 734
f 734 741 742
f 734 742 735
f 735 742 743
f 735 743 736
f 736 743 744
f 736 744 737
f 737 744 745
f 737 745 738
f 738 745 746
f 738 746 739
f 739 746 747
f 739 747 740
f 740 747 748
f 740 748 660
f 741 651 749
f 741 749 742
f 742 749 750
f 742 750 743
f 743 750 751
f 743 751 744
f 744 751 752
f 744 752 745
f 745 752 753
f 745 753 746
f 746 753 754
f 746 754 747
f 747 754 755
f 747 755 748
f 748 755 756
f 748 756 660
f 749 651 757
f 749 757 750
f 750 757 758
f 750 758 751
f 751 758 759
f 751 759 752
f 752 759 760
f 752 760 753
f 753 760 761
f 753 761 754
f 754 761 762
f 754 762 755
f 755 762 763
f 755 763 756
f 756 763 764
f 756 764 660
f 757 651 765
f 757 765 758
f 758 765 766
f 758 766 759
f 759 766 767
f 759 767 760
f 760 767 768
f 760 768 761
f 761 768 769
f 761 769 762
f 762 769 770
f 762 770 763
f 763 770 771
f 763 771 764
f 764 771 772
f 764 772 660
f 765 651 773
f 765 773 766
f 766 773 774
f 766 774 767
f 767 774 775
f 767 775 768
f 768 775 776
f 768 776 769
f 769 776 777
f 769 777 770
f 770 777 778
f 770 778 771
f 771 778 779
f 771 779 772
f 772 779 780
f 772 780 660
f 773 651 652
f 773 652 774
f 774 652 653
f 774 653 775
f 775 653 654
f 775 654 776
f 776 654 655
f 776 655 777
f 777 655 656
f 777 656 778
f 778 656 657
f 778 657 779
f 779 657 658
f 779 658 780
f 780 658 659
f 780 659 660
f 782 781 791
f 782 791 783
f 783 791 792
f 783 792 784
f 784 792 793
f 784 793 785
f 785 793 794
f 785 794 786
f 786 794 795
f 786 795 787
f 787 795 796
f 787 796 788
f 788 796 797
f 788 797 789
f 789 797 798
f 789 798 790
f 791 781 799
f 791 799 792
f 792 799 800
f 792 800 793
f 793 800 801
f 793 801 794
f 794 801 802
f 794 802 795
f 795 802 803
f 795 803 796
f 796 803 804
f 796 804 797
f 797 804 805
f 797 805 798
f 798 805 806
f 798 806 790
f 799 781 807
f 799 807 800
f 800 807 808
f 800 808 801
f 801 808 809
f 801 809 802
f 802 809 810
f 802 810 803
f 803 810 811
f 803 811 804
f 804 811 812
f 804 812 805
f 805 812 813
f 805 813 806
f 806 813 814
f 806 814 790
f 807 781 815
f 807 815 808
f 808 815 816
f 808 816 809
f 809 816 817
f 809 817 810
f 810 817 818
f 810 818 811
f 811 818 819
f 811 819 812
f 812 819 820
f 812 820 813
f 813 820 821
f 813 821 814
f 814 821 822
f 814 822 790
f 815 781 823
f 815 823 816
f 816 823 824
f 816 824 817
f 817 824 825
f 817 825 818
f 818 825 826
f 818 826 819
f 819 826 827
f 819 827 820
f 820 827 828
f 820 828 821
f 821 828 829
f 821 829 822
f 822 829 830
f 822 830 790
f 823 781 831
f 823 831 824
f 824 831 832
f 824 832 825
f 825 832 833
f 825 833 826
f 826 833 834
f 826 834 827
f 827 834 835
f 827 835 828
f 828 835 836
f 828 836 829
f 829 836 837
f 829 837 830
f 830 837 838
f 830 838 790
f 831 781 839
f 831 839 832
f 832 839 840
f 832 840 833
f 833 840 841
f 833 841 834
f 834 841 842
f 834 842 835
f 835 842 843
f 835 843 836
f 836 843 844
f 836 844 837
f 837 844 845
f 837 845 838
f 838 845 846
f 838 846 790
f 839 781 847
f 839 847 840
f 840 847 848
f 840 848 841
f 841 848 849
f 841 849 842
f 842 849 850
f 842 850 843
f 843 850 851
f 843 851 844
f 844 851 852
f 844 852 845
f 845 852 853
f 845 853 846
f 846 853 854
f 846 854 790
f 847 781 855
f 847 855 848
f 848 855 856
f 848 856 849
f 849 856 857
f 849 857 850
f 850 857 858
f 850 858 851
f 851 858 859
f 851 859 852
f 852 859 860
f 852 860 853
f 853 860 861
f 853 861 854
f 854 861 862
f 854 862 790
f 855 781 863
f 855 863 856
f 856 863 864
f 856 864 857
f 857 864 865
f 857 865 858
f 858 865 866
f 858 866 859
f 859 866 867
f 859 867 860
f 860 867 868
f 860 868 861
f 861 868 869
f 861 869 862
f 862 869 870
f 862 870 790
f 863 781 871
f 863 871 864
f 864 871 872
f 864 872 865
f 865 872 873
f 865 873 866
f 866 873 874
f 866 874 867
f 867 874 875
f 867 875 868
f 868 875 876
f 868 876 869
f 869 876 877
f 869 877 870
f 870 877 878
f 870 878 790
f 871 781 879
f 871 879 872
f 872 879 880
f 872 880 873
f 873 880 881
f 873 881 874
f 874 881 882
f 874 882 875
f 875 882 883
f 875 883 876
f 876 883 884
f 876 884 877
f 877 884 885
f 877 885 878
f 878 885 886
f 878 886 790
f 879 781 887
f 879 887 880
f 880 887 888
f 880 888 881
f 881 888 889
f 881 889 882
f 882 889 890
f 882 890 883
f 883 890 891
f 883 891 884
f 884 891 892
f 884 892 885
f 885 892 893
f 885 893 886
f 886 893 894
f 886 894 790
f 887 781 895
f 887 895 888
f 888 895 896
f 888 896 889
f 889 896 897
f 889 897 890
f 890 897 898
f 890 898 891
f 891 898 899
f 891 899 892
f 892 899 900
f 892 900 893
f 893 900 901
f 893 901 894
f 894 901 902
f 894 902 790
f 895 781 903
f 895 903 896
f 896 903 904
f 896 904 897
f 897 904 905
f 897 905 898
f 898 905 906
f 898 906 899
f 899 906 907
f 899 907 900
f 900 907 908
f 900 908 901
f 901 908 909
f 901 909 902
f 902 909 910
f 902 910 790
f 903 781 782
f 903 782 904
f 904 782 783
f 904 783 905
f 905 783 784
f 905 784 906
f 906 784 785
f 906 785 907
f 907 785 786
f 907 786 908
f 908 786 787
f 908 787 909
f 909 787 788
f 909 788 910
f 910 788 789
f 910 789 790
f 912 911 921
f 912 921 913
f 913 921 922
f 913 922 914
f 914 922 923
f 914 923 915
f 915 923 924
f 915 924 916
f 916 924 925
f 916 925 917
f 917 925 926
f 917 926 918
f 918 926 927
f 918 927 919
f 919 927 928
f 919 928 920
f 921 911 929
f 921 929 922
f 922 929 930
f 922 930 923
f 923 930 931
f 923 931 924
f 924 931 932
f 924 932 925
f 925 932 933
f 925 933 926
f 926 933 934
f 926 934 927
f 927 934 935
f 927 935 928
f 928 935 936
f 928 936 920
f 929 911 937
f 929 937 930
f 930 937 938
f 930 938 931
f 931 938 939
f 931 939 932
f 932 939 940
f 932 940 933
f 933 940 941
f 933 941 934
f 934 941 942
f 934 942 935
f 935 942 943
f 935 943 936
f 936 943 944
f 936 944 920
f 937 911 945
f 937 945 938
f 938 945 946
f 938 946 939
f 939 946 947
f 939 947 940
f 940 947 948
f 940 948 941
f 941 948 949
f 941 949 942
f 942 949 950
f 942 950 943
f 943 950 951
f 943 951 944
f 944 951 952
f 944 952 920
f 945 911 953
f 945 953 946
f 946 953 954
f 946 954 947
f 947 954 955
f 947 955 948
f 948 955 956
f 948 956 949
f 949 956 957
f 949 957 950
f 950 957 958
f 950 958 951
f 951 958 959
f 951 959 952
f 952 959 960
f 952 960 920
f 953 911 961
f 953 961 954
f 954 961 962
f 954 962 955
f 955 962 963
f 955 963 956
f 956 963 964
f 956 964 957
f 957 964 965
f 957 965 958
f 958 965 966
f 958 966 959
f 959 966 967
f 959 967 960
f 960 967 968
f 960 968 920
f 961 911 969
f 961 969 962
f 962 969 970
f 962 970 963
f 963 970 971
f 963 971 964
f 964 971 972
f 964 972 965
f 965 972 973
f 965 973 966
f 966 973 974
f 966 974 967
f 967 974 975
f 967 975 968
f 968 975 976
f 968 976 920
f 969 911 977
f 969 977 970
f 970 977 978
f 970 978 971
f 971 978 979
f 971 979 972
f 972 979 980
f 972 980 973
f 973 980 981
f 973 981 974
f 974 981 982
f 974 982 975
f 975 982 983
f 975 983 976
f 976 983 984
f 976 984 920
f 977 911 985
f 977 985 978
f 978 985 986
f 978 986 979
f 979 986 987
f 979 987 980
f 980 987 988
f 980 988 981
f 981 988 989
f 981 989 982
f 982 989 990
f 982 990 983
f 983 990 991
f 983 991 984
f 984 991 992
f 984 992 920
f 985 911 993
f 985 993 986
f 986 993 994
f 986 994 987
f 987 994 995
f 987 995 988
f 988 995 996
f 988 996 989
f 989 996 997
f 989 997 990
f 990 997 998
f 990 998 991
f 991 998 999
f 991 999 992
f 992 999 1000
f 992 1000 920
f 993 911 1001
f 993 1001 994
f 994 1001 1002
f 994 1002 995
f 995 1002 1003
f 995 1003 996
f 996 1003 1004
f 996 1004 997
f 997 1004 1005
f 997 1005 998
f 998 1005 1006
f 998 1006 999
f 999 1006 1007
f 999 1007 1000
f 1000 1007 1008
f 1000 1008 920
f 1001 911 1009
f 1001 1009 1002
f 1002 1009 1010
f 1002 1010 1003
f 1003 1010 1011
f 1003 1011 1004
f 1004 1011 1012
f 1004 1012 1005
f 1005 1012 1013
f 1005 1013 1006
f 1006 1013 1014
f 1006 1014 1007
f 1007 1014 1015
f 1007 1015 1008
f 1008 1015 1016
f 1008 1016 920
f 1009 911 1017
f 1009 1017 1010
f 1010 1017 1018
f 1010 1018 1011
f 1011 1018 1019
f 1011 1019 1012
f 1012 1019 1020
f 1012 1020 1013
f 1013 1020 1021
f 1013 1021 1014
f 1014 1021 1022
f 1014 1022 1015
f 1015 1022 1023
f 1015 1023 1016
f 1016 1023 1024
f 1016 1024 920
f 1017 911 1025
f 1017 1025 1018
f 1018 1025 1026
f 1018 1026 1019
f 1019 1026 1027
f 1019 1027 1020
f 1020 1027 1028
f 1020 1028 1021
f 1021 1028 1029
f 1021 1029 1022
f 1022 1029 1030
f 1022 1030 1023
f 1023 1030 1031
f 1023 1031 1024
f 1024 1031 1032
f 1024 1032 920
f 1025 911 1033
f 1025 1033 1026
f 1026 1033 1034
f 1026 1034 1027
f 1027 1034 1035
f 1027 1035 1028
f 1028 1035 1036
f 1028 1036 1029
f 1029 1036 1037
f 1029 1037 1030
f 1030 1037 1038
f 1030 1038 1031
f 1031 1038 1039
f 1031 1039 1032
f 1032 1039 1040
f 1032 1040 920
f 1033 911 912
f 1033 912 1034
f 1034 912 913
f 1034 913 1035
f 1035 913 914
f 1035 914 1036
f 1036 914 915
f 1036 915 1037
f 1037 915 916
f 1037 916 1038
f 1038 916 917
f 1038 917 1039
f 1039 917 918
f 1039 918 1040
f 1040 918 919
f 1040 919 920
f 1042 1041 1051
f 1042 1051 1043
f 1043 1051 1052
f 1043 1052 1044
f 1044 1052 1053
f 1044 1053 1045
f 1045 1053 1054
f 1045 1054 1046
f 1046 1054 1055
f 1046 1055 1047
f 1047 1055 1056
f 1047 1056 1048
f 1048 1056 1057
f 1048 1057 1049
f 1049 1057 1058
f 1049 1058 1050
f 1051 1041 1059
f 1051 1059 1052
f 1052 1059 1060
f 1052 1060 1053
f 1053 1060 1061
f 1053 1061 1054
f 1054 1061 1062
f 1054 1062 1055
f 1055 1062 1063
f 1055 1063 1056
f 1056 1063 1064
f 1056 1064 1057
f 1057 1064 1065
f 1057 1065 1058
f 1058 1065 1066
f 1058 1066 1050
f 1059 1041 1067
f 1059 1067 1060
f 1060 1067 1068
f 1060 1068 1061
f 1061 1068 1069
f 1061 1069 1062
f 1062 1069 1070
f 1062 1070 1063
f 1063 1070 1071
f 1063 1071 1064
f 1064 1071 1072
f 1064 1072 1065
f 1065 1072 1073
f 1065 1073 1066
f 1066 1073 1074
f 1066 1074 1050
f 1067 1041 1075
f 1067 1075 1068
f 1068 1075 1076
f 1068 1076 1069
f 1069 1076 1077
f 1069 1077 1070
f 1070 1077 1078
f 1070 1078 1071
f 1071 1078 1079
f 1071 1079 1072
f 1072 1079 1080
f 1072 1080 1073
f 1073 1080 1081
f 1073 1081 1074
f 1074 1081 1082
f 1074 1082 1050
f 1075 1041 1083
f 1075 1083 1076
f 1076 1083 1084
f 1076 1084 1077
f 1077 1084 1085
f 1077 1085 1078
f 1078 1085 1086
f 1078 1086 1079
f 1079 1086 1087
f 1079 1087 1080
f 1080 1087 1088
f 1080 1088 1081
f 1081 1088 1089
f 1081 1089 1082
f 1082 1089 1090
f 1082 1090 1050
f 1083 1041 1091
f 1083 1091 1084
f 1084 1091 1092
f 1084 1092 1085
f 1085 1092 1093
f 1085 1093 1086
f 1086 1093 1094
f 1086 1094 1087
f 1087 1094 1095
f 1087 1095 1088
f 1088 1095 1096
f 1088 1096 1089
f 1089 1096 1097
f 1089 1097 1090
f 1090 1097 1098
f 1090 1098 1050
f 1091 1041 1099
f 1091 1099 1092
f 1092 1099 1100
f 1092 1100 1093
f 1093 1100 1101
f 1093 1101 1094
f 1094 1101 1102
f 1094 1102 1095
f 1095 1102 1103
f 1095 1103 1096
f 1096 1103 1104
f 1096 1104 1097
f 1097 1104 1105
f 1097 1105 1098
f 1098 1105 1106
f 1098 1106 1050
f 1099 1041 1107
f 1099 1107 1100
f 1100 1107 1108
f 1100 1108 1101
f 1101 1108 1109
f 1101 1109 1102
f 1102 1109 1110
f 1102 1110 1103
f 1103 1110 1111
f 1103 1111 1104
f 1104 1111 1112
f 1104 1112 1105
f 1105 1112 1113
f 1105 1113 1106
f 1106 1113 1114
f 1106 1114 1050
f 1107 1041 1115
f 1107 1115 1108
f 1108 1115 1116
f 1108 1116 1109
f 1109 1116 1117
f 1109 1117 1110
f 1110 1117 1118
f 1110 1118 1111
f 1111 1118 1119
f 1111 1119 1112
f 1112 1119 1120
f 1112 1120 1113
f 1113 1120 1121
f 1113 1121 1114
f 1114 1121 1122
f 1114 1122 1050
f 1115 1041 1123
f 1115 1123 1116
f 1116 1123 1124
f 1116 1124 1117
f 1117 1124 1125
f 1117 1125 1118
f 1118 1125 1126
f 1118 1126 1119
f 1119 1126 1127
f 1119 1127 1120
f 1120 1127 1128
f 1120 1128 1121
f 1121 1128 1129
f 1121 1129 1122
f 1122 1129 1130
f 1122 1130 1050
f 1123 1041 1131
f 1123 1131 1124
f 1124 1131 1132
f 1124 1132 1125
f 1125 1132 1133
f 1125 1133 1126
f 1126 1133 1134
f 1126 1134 1127
f 1127 1134 1135
f 1127 1135 1128
f 1128 1135 1136
f 1128 1136 1129
f 1129 1136 1137
f 1129 1137 1130
f 1130 1137 1138
f 1130 1138 1050
f 1131 1041 1139
f 1131 1139 1132
f 1132 1139 1140
f 1132 1140 1133
f 1133 1140 1141
f 1133 1141 1134
f 1134 1141 1142
f 1134 1142 1135
f 1135 1142 1143
f 1135 1143 1136
f 1136 1143 1144
f 1136 1144 1137
f 1137 1144 1145
f 1137 1145 1138
f 1138 1145 1146
f 1138 1146 1050
f 1139 1041 1147
f 1139 1147 1140
f 1140 1147 1148
f 1140 1148 1141
f 1141 1148 1149
f 1141 1149 1142
f 1142 1149 1150
f 1142 1150 1143
f 1143 1150 1151
f 1143 1151 1144
f 1144 1151 1152
f 1144 1152 1145
f 1145 1152 1153
f 1145 1153 1146
f 1146 1153 1154
f 1146 1154 1050
f 1147 1041 1155
f 1147 1155 1148
f 1148 1155 1156
f 1148 1156 1149
f 1149 1156 1157
f 1149 1157 1150
f 1150 1157 1158
f 1150 1158 1151
f 1151 1158 1159
f 1151 1159 1152
f 1152 1159 1160
f 1152 1160 1153
f 1153 1160 1161
f 1153 1161 1154
f 1154 1161 1162
f 1154 1162 1050
f 1155 1041 1163
f 1155 1163 1156
f 1156 1163 1164
f 1156 1164 1157
f 1157 1164 1165
f 1157 1165 1158
f 1158 1165 1166
f 1158 1166 1159
f 1159 1166 1167
f 1159 1167 1160
f 1160 1167 1168
f 1160 1168 1161
f 1161 1168 1169
f 1161 1169 1162
f 1162 1169 1170
f 1162 1170 1050
f 1163 1041 1042
f 1163 1042 1164
f 1164 1042 1043
f 1164 1043 1165
f 1165 1043 1044
f 1165 1044 1166
f 1166 1044 1045
f 1166 1045 1167
f 1167 1045 1046
f 1167 1046 1168
f 1168 1046 1047
f 1168 1047 1169
f 1169 1047 1048
f 1169 1048 1170
f 1170 1048 1049
f 1170 1049 1050
f 1172 1171 1181
f 1172 1181 1173
f 1173 1181 1182
f 1173 1182 1174
f 1174 1182 1183
f 1174 1183 1175
f 1175 1183 1184
f 1175 1184 1176
f 1176 1184 1185
f 1176 1185 1177
f 1177 1185 1186
f 1177 1186 1178
f 1178 1186 1187
f 1178 1187 1179
f 1179 1187 1188
f 1179 1188 1180
f 1181 1171 1189
f 1181 1189 1182
f 1182 1189 1190
f 1182 1190 1183
f 1183 1190 1191
f 1183 1191 1184
f 1184 1191 1192
f 1184 1192 1185
f 1185 1192 1193
f 1185 1193 1186
f 1186 1193 1194
f 1186 1194 1187
f 1187 1194 1195
f 1187 1195 1188
f 1188 1195 1196
f 1188 1196 1180
f 1189 1171 1197
f 1189 1197 1190
f 1190 1197 1198
f 1190 1198 1191
f 1191 1198 1199
f 1191 1199 1192
f 1192 1199 1200
f 1192 1200 1193
f 1193 1200 1201
f 1193 1201 1194
f 1194 1201 1202
f 1194 1202 1195
f 1195 1202 1203
f 1195 1203 1196
f 1196 1203 1204
f 1196 1204 1180
f 1197 1171 1205
f 1197 1205 1198
f 1198 1205 1206
f 1198 1206 1199
f 1199 1206 1207
f 1199 1207 1200
f 1200 1207 1208
f 1200 1208 1201
f 1201 1208 1209
f 1201 1209 1202
f 1202 1209 1210
f 1202 1210 1203
f 1203 1210 1211
f 1203 1211 1204
f 1204 1211 1212
f 1204 1212 1180
f 1205 1171 1213
f 1205 1213 1206
f 1206 1213 1214
f 1206 1214 1207
f 1207 1214 1215
f 1207 1215 1208
f 1208 1215 1216
f 1208 1216 1209
f 1209 1216 1217
f 1209 1217 1210
f 1210 1217 1218
f 1210 1218 1211
f 1211 1218 1219
f 1211 1219 1212
f 1212 1219 1220
f 1212 1220 1180
f 1213 1171 1221
f 1213 1221 1214
f 1214 1221 1222
f 1214 1222 1215
f 1215 1222 1223
f 1215 1223 1216
f 1216 1223 1224
f 1216 1224 1217
f 1217 1224 1225
f 1217 1225 1218
f 1218 1225 1226
f 1218 1226 1219
f 1219 1226 1227
f 1219 1227 1220
f 1220 1227 1228
f 1220 1228 1180
f 1221 1171 1229
f 1221 1229 1222
f 1222 1229 1230
f 1222 1230 1223
f 1223 1230 1231
f 1223 1231 1224
f 1224 1231 1232
f 1224 1232 1225
f 1225 1232 1233
f 1225 1233 1226
f 1226 1233 1234
f 1226 1234 1227
f 1227 1234 1235
f 1227 1235 1228
f 1228 1235 1236
f 1228 1236 1180
f 1229 1171 1237
f 1229 1237 1230
f 1230 1237 1238
f 1230 1238 1231
f 1231 1238 1239
f 1231 1239 1232
f 1232 1239 1240
f 1232 1240 1233
f 1233 1240 1241
f 1233 1241 1234
f 1234 1241 1242
f 1234 1242 1235
f 1235 1242 1243
f 1235 1243 1236
f 1236 1243 1244
f 1236 1244 1180
f 1237 1171 1245
f 1237 1245 1238
f 1238 1245 1246
f 1238 1246 1239
f 1239 1246 1247
f 1239 1247 1240
f 1240 1247 1248
f 1240 1248 1241
f 1241 1248 1249
f 1241 1249 1242
f 1242 1249 1250
f 1242 1250 1243
f 1243 1250 1251
f 1243 1251 1244
f 1244 1251 1252
f 1244 1252 1180
f 1245 1171 1253
f 1245 1253 1246
f 1246 1253 1254
f 1246 1254 1247
f 1247 1254 1255
f 1247 1255 1248
f 1248 1255 1256
f 1248 1256 1249
f 1249 1256 1257
f 1249 1257 1250
f 1250 1257 1258
f 1250 1258 1251
f 1251 1258 1259
f 1251 1259 1252
f 1252 1259 1260
f 1252 1260 1180
f 1253 1171 1261
f 1253 1261 1254
f 1254 1261 1262
f 1254 1262 1255
f 1255 1262 1263
f 1255 1263 1256
f 1256 1263 1264
f 1256 1264 1257
f 1257 1264 1265
f 1257 1265 1258
f 1258 1265 1266
f 1258 1266 1259
f 1259 1266 1267
f 1259 1267 1260
f 1260 1267 1268
f 1260 1268 1180
f 1261 1171 1269
f 1261 1269 1262
f 1262 1269 1270
f 1262 1270 1263
f 1263 1270 1271
f 1263 1271 1264
f 1264 1271 1272
f 1264 1272 1265
f 1265 1272 1273
f 1265 1273 1266
f 1266 1273 1274
f 1266 1274 1267
f 1267 1274 1275
f 1267 1275 1268
f 1268 1275 1276
f 1268 1276 1180
f 1269 1171 1277
f 1269 1277 1270
f 1270 1277 1278
f 1270 1278 1271
f 1271 1278 1279
f 1271 1279 1272
f 1272 1279 1280
f 1272 1280 1273
f 1273 1280 1281
f 1273 1281 1274
f 1274 1281 1282
f 1274 1282 1275
f 1275 1282 1283
f 1275 1283 1276
f 1276 1283 1284
f 1276 1284 1180
f 1277 1171 1285
f 1277 1285 1278
f 1278 1285 1286
f 1278 1286 1279
f 1279 1286 1287
f 1279 1287 1280
f 1280 1287 1288
f 1280 1288 1281
f 1281 1288 1289
f 1281 1289 1282
f 1282 1289 1290
f 1282 1290 1283
f 1283 1290 1291
f 1283 1291 1284
f 1284 1291 1292
f 1284 1292 1180
f 1285 1171 1293
f 1285 1293 1286
f 1286 1293 1294
f 1286 1294 1287
f 1287 1294 1295
f 1287 1295 1288
f 1288 1295 1296
f 1288 1296 1289
f 1289 1296 1297
f 1289 1297 1290
f 1290 1297 1298
f 1290 1298 1291
f 1291 1298 1299
f 1291 1299 1292
f 1292 1299 1300
f 1292 1300 1180
f 1293 1171 1172
f 1293 1172 1294
f 1294 1172 1173
f 1294 1173 1295
f 1295 1173 1174
f 1295 1174 1296
f 1296 1174 1175
f 1296 1175 1297
f 1297 1175 1176
f 1297 1176 1298
f 1298 1176 1177
f 1298 1177 1299
f 1299 1177 1178
f 1299 1178 1300
f 1300 1178 1179
f 1300 1179 1180
f 1302 1301 1311
f 1302 1311 1303
f 1303 1311 1312
f 1303 1312 1304
f 1304 1312 1313
f 1304 1313 1305
f 1305 1313 1314
f 1305 1314 1306
f 1306 1314 1315
f 1306 1315 1307
f 1307 1315 1316
f 1307 1316 1308
f 1308 1316 1317
f 1308 1317 1309
f 1309 1317 1318
f 1309 1318 1310
f 1311 1301 1319
f 1311 1319 1312
f 1312 1319 1320
f 1312 1320 1313
f 1313 1320 1321
f 1313 1321 1314
f 1314 1321 1322
f 1314 1322 1315
f 1315 1322 1323
f 1315 1323 1316
f 1316 1323 1324
f 1316 1324 1317
f 1317 1324 1325
f 1317 1325 1318
f 1318 1325 1326
f 1318 1326 1310
f 1319 1301 1327
f 1319 1327 1320
f 1320 1327 1328
f 1320 1328 1321
f 1321 1328 1329
f 1321 1329 1322
f 1322 1329 1330
f 1322 1330 1323
f 1323 1330 1331
f 1323 1331 1324
f 1324 1331 1332
f 1324 1332 1325
f 1325 1332 1333
f 1325 1333 1326
f 1326 1333 1334
f 1326 1334 1310
f 1327 1301 1335
f 1327 1335 1328
f 1328 1335 1336
f 1328 1336 1329
f 1329 1336 1337
f 1329 1337 1330
f 1330 1337 1338
f 1330 1338 1331
f 1331 1338 1339
f 1331 1339 1332
f 1332 1339 1340
f 1332 1340 1333
f 1333 1340 1341
f 1333 1341 1334
f 1334 1341 1342
f 1334 1342 1310
f 1335 1301 1343
f 1335 1343 1336
f 1336 1343 1344
f 1336 1344 1337
f 1337 1344 1345
f 1337 1345 1338
f 1338 1345 1346
f 1338 1346 1339
f 1339 1346 1347
f 1339 1347 1340
f 1340 1347 1348
f 1340 1348 1341
f 1341 1348 1349
f 1341 1349 1342
f 1342 1349 1350
f 1342 1350 1310
f 1343 1301 1351
f 1343 1351 1344
f 1344 1351 1352
f 1344 1352 1345
f 1345 1352 1353
f 1345 1353 1346
f 1346 1353 1354
f 1346 1354 1347
f 1347 1354 1355
f 1347 1355 1348
f 1348 1355 1356
f 1348 1356 1349
f 1349 1356 1357
f 1349 1357 1350
f 1350 1357 1358
f 1350 1358 1310
f 1351 1301 1359
f 1351 1359 1352
f 1352 1359 1360
f 1352 1360 1353
f 1353 1360 1361
f 1353 1361 1354
f 1354 1361 1362
f 1354 1362 1355
f 1355 1362 1363
f 1355 1363 1356
f 1356 1363 1364
f 1356 1364 1357
f 1357 1364 1365
f 1357 1365 1358
f 1358 1365 1366
f 1358 1366 1310
f 1359 1301 1367
f 1359 1367 1360
f 1360 1367 1368
f 1360 1368 1361
f 1361 1368 1369
f 1361 1369 1362
f 1362 1369 1370
f 1362 1370 1363
f 1363 1370 1371
f 1363 1371 1364
f 1364 1371 1372
f 1364 1372 1365
f 1365 1372 1373
f 1365 1373 1366
f 1366 1373 1374
f 1366 1374 1310
f 1367 1301 1375
f 1367 1375 1368
f 1368 1375 1376
f 1368 1376 1369
f 1369 1376 1377
f 1369 1377 1370
f 1370 1377 1378
f 1370 1378 1371
f 1371 1378 1379
f 1371 1379 1372
f 1372 1379 1380
f 1372 1380 1373
f 1373 1380 1381
f 1373 1381 1374
f 1374 1381 1382
f 1374 1382 1310
f 1375 1301 1383
f 1375 1383 1376
f 1376 1383 1384
f 1376 1384 1377
f 1377 1384 1385
f 1377 1385 1378
f 1378 1385 1386
f 1378 1386 1379
f 1379 1386 1387
f 1379 1387 1380
f 1380 1387 1388
f 1380 1388 1381
f 1381 1388 1389
f 1381 1389 1382
f 1382 1389 1390
f 1382 1390 1310
f 1383 1301 1391
f 1383 1391 1384
f 1384 1391 1392
f 1384 1392 1385
f 1385 1392 1393
f 1385 1393 1386
f 1386 1393 1394
f 1386 1394 1387
f 1387 1394 1395
f 1387 1395 1388
f 1388 1395 1396
f 1388 1396 1389
f 1389 1396 1397
f 1389 1397 1390
f 1390 1397 1398
f 1390 1398 1310
f 1391 1301 1399
f 1391 1399 1392
f 1392 1399 1400
f 1392 1400 1393
f 1393 1400 1401
f 1393 1401 1394
f 1394 1401 1402
f 1394 1402 1395
f 1395 1402 1403
f 1395 1403 1396
f 1396 1403 1404
f 1396 1404 1397
f 1397 1404 1405
f 1397 1405 1398
f 1398 1405 1406
f 1398 1406 1310
f 1399 1301 1407
f 1399 1407 1400
f 1400 1407 1408
f 1400 1408 1401
f 1401 1408 1409
f 1401 1409 1402
f 1402 1409 1410
f 1402 1410 1403
f 1403 1410 1411
f 1403 1411 1404
f 1404 1411 1412
f 1404 1412 1405
f 1405 1412 1413
f 1405 1413 1406
f 1406 1413 1414
f 1406 1414 1310
f 1407 1301 1415
f 1407 1415 1408
f 1408 1415 1416
f 1408 1416 1409
f 1409 1416 1417
f 1409 1417 1410
f 1410 1417 1418
f 1410 1418 1411
f 1411 1418 1419
f 1411 1419 1412
f 1412 1419 1420
f 1412 1420 1413
f 1413 1420 1421
f 1413 1421 1414
f 1414 1421 1422
f 1414 1422 1310
f 1415 1301 1423
f 1415 1423 1416
f 1416 1423 1424
f 1416 1424 1417
f 1417 1424 1425
f 1417 1425 1418
f 1418 1425 1426
f 1418 1426 1419
f 1419 1426 1427
f 1419 1427 1420
f 1420 1427 1428
f 1420 1428 1421
f 1421 1428 1429
f 1421 1429 1422
f 1422 1429 1430
f 1422 1430 1310
f 1423 1301 1302
f 1423 1302 1424
f 1424 1302 1303
f 1424 1303 1425
f 1425 1303 1304
f 1425 1304 1426
f 1426 1304 1305
f 1426 1305 1427
f 1427 1305 1306
f 1427 1306 1428
f 1428 1306 1307
f 1428 1307 1429
f 1429 1307 1308
f 1429 1308 1430
f 1430 1308 1309
f 1430 1309 1310
f 1432 1431 1441
f 1432 1441 1433
f 1433 1441 1442
f 1433 1442 1434
f 1434 1442 1443
f 1434 1443 1435
f 1435 1443 1444
f 1435 1444 1436
f 1436 1444 1445
f 1436 1445 1437
f 1437 1445 1446
f 1437 1446 1438
f 1438 1446 1447
f 1438 1447 1439
f 1439 1447 1448
f 1439 1448 1440
f 1441 1431 1449
f 1441 1449 1442
f 1442 1449 1450
f 1442 1450 1443
f 1443 1450 1451
f 1443 1451 1444
f 1444 1451 1452
f 1444 1452 1445
f 1445 1452 1453
f 1445 1453 1446
f 1446 1453 1454
f 1446 1454 1447
f 1447 1454 1455
f 1447 1455 1448
f 1448 1455 1456
f 1448 1456 1440
f 1449 1431 1457
f 1449 1457 1450
f 1450 1457 1458
f 1450 1458 1451
f 1451 1458 1459
f 1451 1459 1452
f 1452 1459 1460
f 1452 1460 1453
f 1453 1460 1461
f 1453 1461 1454
f 1454 1461 1462
f 1454 1462 1455
f 1455 1462 1463
f 1455 1463 1456
f 1456 1463 1464
f 1456 1464 1440
f 1457 1431 1465
f 1457 1465 1458
f 1458 1465 1466
f 1458 1466 1459
f 1459 1466 1467
f 1459 1467 1460
f 1460 1467 1468
f 1460 1468 1461
f 1461 1468 1469
f 1461 1469 1462
f 1462 1469 1470
f 1462 1470 1463
f 1463 1470 1471
f 1463 1471 1464
f 1464 1471 1472
f 1464 1472 1440
f 1465 1431 1473
f 1465 1473 1466
f 1466 1473 1474
f 1466 1474 1467
f 1467 1474 1475
f 1467 1475 1468
f 1468 1475 1476
f 1468 1476 1469
f 1469 1476 1477
f 1469 1477 1470
f 1470 1477 1478
f 1470 1478 1471
f 1471 1478 1479
f 1471 1479 1472
f 1472 1479 1480
f 1472 1480 1440
f 1473 1431 1481
f 1473 1481 1474
f 1474 1481 1482
f 1474 1482 1475
f 1475 1482 1483
f 1475 1483 1476
f 1476 1483 1484
f 1476 1484 1477
f 1477 1484 1485
f 1477 1485 1478
f 1478 1485 1486
f 1478 1486 1479
f 1479 1486 1487
f 1479 1487 1480
f 1480 1487 1488
f 1480 1488 1440
f 1481 1431 1489
f 1481 1489 1482
f 1482 1489 1490
f 1482 1490 1483
f 1483 1490 1491
f 1483 1491 1484
f 1484 1491 1492
f 1484 1492 1485
f 1485 1492 1493
f 1485 1493 1486
f 1486 1493 1494
f 1486 1494 1487
f 1487 1494 1495
f 1487 1495 1488
f 1488 1495 1496
f 1488 1496 1440
f 1489 1431 1497
f 1489 1497 1490
f 1490 1497 1498
f 1490 1498 1491
f 1491 1498 1499
f 1491 1499 1492
f 1492 1499 1500
f 1492 1500 1493
f 1493 1500 1501
f 1493 1501 1494
f 1494 1501 1502
f 1494 1502 1495
f 1495 1502 1503
f 1495 1503 1496
f 1496 1503 1504
f 1496 1504 1440
f 1497 1431 1505
f 1497 1505 1498
f 1498 1505 1506
f 1498 1506 1499
f 1499 1506 1507
f 1499 1507 1500
f 1500 1507 1508
f 1500 1508 1501
f 1501 1508 1509
f 1501 1509 1502
f 1502 1509 1510
f 1502 1510 1503
f 1503 1510 1511
f 1503 1511 1504
f 1504 1511 1512
f 1504 1512 1440
f 1505 1431 1513
f 1505 1513 1506
f 1506 1513 1514
f 1506 1514 1507
f 1507 1514 1515
f 1507 1515 1508
f 1508 1515 1516
f 1508 1516 1509
f 1509 1516 1517
f 1509 1517 1510
f 1510 1517 1518
f 1510 1518 1511
f 1511 1518 1519
f 1511 1519 1512
f 1512 1519 1520
f 1512 1520 1440
f 1513 1431 1521
f 1513 1521 1514
f 1514 1521 1522
f 1514 1522 1515
f 1515 1522 1523
f 1515 1523 1516
f 1516 1523 1524
f 1516 1524 1517
f 1517 1524 1525
f 1517 1525 1518
f 1518 1525 1526
f 1518 1526 1519
f 1519 1526 1527
f 1519 1527 1520
f 1520 1527 1528
f 1520 1528 1440
f 1521 1431 1529
f 1521 1529 1522
f 1522 1529 1530
f 1522 1530 1523
f 1523 1530 1531
f 1523 1531 1524
f 1524 1531 1532
f 1524 1532 1525
f 1525 1532 1533
f 1525 1533 1526
f 1526 1533 1534
f 1526 1534 1527
f 1527 1534 1535
f 1527 1535 1528
f 1528 1535 1536
f 1528 1536 1440
f 1529 1431 1537
f 1529 1537 1530
f 1530 1537 1538
f 1530 1538 1531
f 1531 1538 1539
f 1531 1539 1532
f 1532 1539 1540
f 1532 1540 1533
f 1533 1540 1541
f 1533 1541 1534
f 1534 1541 1542
f 1534 1542 1535
f 1535 1542 1543
f 1535 1543 1536
f 1536 1543 1544
f 1536 1544 1440
f 1537 1431 1545
f 1537 1545 1538
f 1538 1545 1546
f 1538 1546 1539
f 1539 1546 1547
f 1539 1547 1540
f 1540 1547 1548
f 1540 1548 1541
f 1541 1548 1549
f 1541 1549 1542
f 1542 1549 1550
f 1542 1550 1543
f 1543 1550 1551
f 1543 1551 1544
f 1544 1551 1552
f 1544 1552 1440
f 1545 1431 1553
f 1545 1553 1546
f 1546 1553 1554
f 1546 1554 1547
f 1547 1554 1555
f 1547 1555 1548
f 1548 1555 1556
f 1548 1556 1549
f 1549 1556 1557
f 1549 1557 1550
f 1550 1557 1558
f 1550 1558 1551
f 1551 1558 1559
f 1551 1559 1552
f 1552 1559 1560
f 1552 1560 1440
f 1553 1431 1432
f 1553 1432 1554
f 1554 1432 1433
f 1554 1433 1555
f 1555 1433 1434
f 1555 1434 1556
f 1556 1434 1435
f 1556 1435 1557
f 1557 1435 1436
f 1557 1436 1558
f 1558 1436 1437
f 1558 1437 1559
f 1559 1437 1438
f 1559 1438 1560
f 1560 1438 1439
f 1560 1439 1440
f 1562 1561 1571
f 1562 1571 1563
f 1563 1571 1572
f 1563 1572 1564
f 1564 1572 1573
f 1564 1573 1565
f 1565 1573 1574
f 1565 1574 1566
f 1566 1574 1575
f 1566 1575 1567
f 1567 1575 1576
f 1567 1576 1568
f 1568 1576 1577
f 1568 1577 1569
f 1569 1577 1578
f 1569 1578 1570
f 1571 1561 1579
f 1571 1579 1572
f 1572 1579 1580
f 1572 1580 1573
f 1573 1580 1581
f 1573 1581 1574
f 1574 1581 1582
f 1574 1582 1575
f 1575 1582 1583
f 1575 1583 1576
f 1576 1583 1584
f 1576 1584 1577
f 1577 1584 1585
f 1577 1585 1578
f 1578 1585 1586
f 1578 1586 1570
f 1579 1561 1587
f 1579 1587 1580
f 1580 1587 1588
f 1580 1588 1581
f 1581 1588 1589
f 1581 1589 1582
f 1582 1589 1590
f 1582 1590 1583
f 1583 1590 1591
f 1583 1591 1584
f 1584 1591 1592
f 1584 1592 1585
f 1585 1592 1593
f 1585 1593 1586
f 1586 1593 1594
f 1586 1594 1570
f 1587 1561 1595
f 1587 1595 1588
f 1588 1595 1596
f 1588 1596 1589
f 1589 1596 1597
f 1589 1597 1590
f 1590 1597 1598
f 1590 1598 1591
f 1591 1598 1599
f 1591 1599 1592
f 1592 1599 1600
f 1592 1600 1593
f 1593 1600 1601
f 1593 1601 1594
f 1594 1601 1602
f 1594 1602 1570
f 1595 1561 1603
f 1595 1603 1596
f 1596 1603 1604
f 1596 1604 1597
f 1597 1604 1605
f 1597 1605 1598
f 1598 1605 1606
f 1598 1606 1599
f 1599 1606 1607
f 1599 1607 1600
f 1600 1607 1608
f 1600 1608 1601
f 1601 1608 1609
f 1601 1609 1602
f 1602 1609 1610
f 1602 1610 1570
f 1603 1561 1611
f 1603 1611 1604
f 1604 1611 1612
f 1604 1612 1605
f 1605 1612 1613
f 1605 1613 1606
f 1606 1613 1614
f 1606 1614 1607
f 1607 1614 1615
f 1607 1615 1608
f 1608 1615 1616
f 1608 1616 1609
f 1609 1616 1617
f 1609 1617 1610
f 1610 1617 1618
f 1610 1618 1570
f 1611 1561 1619
f 1611 1619 1612
f 1612 1619 1620
f 1612 1620 1613
f 1613 1620 1621
f 1613 1621 1614
f 1614 1621 1622
f 1614 1622 1615
f 1615 1622 1623
f 1615 1623 1616
f 1616 1623 1624
f 1616 1624 1617
f 1617 1624 1625
f 1617 1625 1618
f 1618 1625 1626
f 1618 1626 1570
f 1619 1561 1627
f 1619 1627 1620
f 1620 1627 1628
f 1620 1628 1621
f 1621 1628 1629
f 1621 1629 1622
f 1622 1629 1630
f 1622 1630 1623
f 1623 1630 1631
f 1623 1631 1624
f 1624 1631 1632
f 1624 1632 1625
f 1625 1632 1633
f 1625 1633 1626
f 1626 1633 1634
f 1626 1634 1570
f 1627 1561 1635
f 1627 1635 1628
f 1628 1635 1636
f 1628 1636 1629
f 1629 1636 1637
f 1629 1637 1630
f 1630 1637 1638
f 1630 1638 1631
f 1631 1638 1639
f 1631 1639 1632
f 1632 1639 1640
f 1632 1640 1633
f 1633 1640 1641
f 1633 1641 1634
f 1634 1641 1642
f 1634 1642 1570
f 1635 1561 1643
f 1635 1643 1636
f 1636 1643 1644
f 1636 1644 1637
f 1637 1644 1645
f 1637 1645 1638
f 1638 1645 1646
f 1638 1646 1639
f 1639 1646 1647
f 1639 1647 1640
f 1640 1647 1648
f 1640 1648 1641
f 1641 1648 1649
f 1641 1649 1642
f 1642 1649 1650
f 1642 1650 1570
f 1643 1561 1651
f 1643 1651 1644
f 1644 1651 1652
f 1644 1652 1645
f 1645 1652 1653
f 1645 1653 1646
f 1646 1653 1654
f 1646 1654 1647
f 1647 1654 1655
f 1647 1655 1648
f 1648 1655 1656
f 1648 1656 1649
f 1649 1656 1657
f 1649 1657 1650
f 1650 1657 1658
f 1650 1658 1570
f 1651 1561 1659
f 1651 1659 1652
f 1652 1659 1660
f 1652 1660 1653
f 1653 1660 1661
f 1653 1661 1654
f 1654 1661 1662
f 1654 1662 1655
f 1655 1662 1663
f 1655 1663 1656
f 1656 1663 1664
f 1656 1664 1657
f 1657 1664 1665
f 1657 1665 1658
f 1658 1665 1666
f 1658 1666 1570
f 1659 1561 1667
f 1659 1667 1660
f 1660 1667 1668
f 1660 1668 1661
f 1661 1668 1669
f 1661 1669 1662
f 1662 1669 1670
f 1662 1670 1663
f 1663 1670 1671
f 1663 1671 1664
f 1664 1671 1672
f 1664 1672 1665
f 1665 1672 1673
f 1665 1673 1666
f 1666 1673 1674
f 1666 1674 1570
f 1667 1561 1675
f 1667 1675 1668
f 1668 1675 1676
f 1668 1676 1669
f 1669 1676 1677
f 1669 1677 1670
f 1670 1677 1678
f 1670 1678 1671
f 1671 1678 1679
f 1671 1679 1672
f 1672 1679 1680
f 1672 1680 1673
f 1673 1680 1681
f 1673 1681 1674
f 1674 1681 1682
f 1674 1682 1570
f 1675 1561 1683
f 1675 1683 1676
f 1676 1683 1684
f 1676 1684 1677
f 1677 1684 1685
f 1677 1685 1678
f 1678 1685 1686
f 1678 1686 1679
f 1679 1686 1687
f 1679 1687 1680
f 1680 1687 1688
f 1680 1688 1681
f 1681 1688 1689
f 1681 1689 1682
f 1682 1689 1690
f 1682 1690 1570
f 1683 1561 1562
f 1683 1562 1684
f 1684 1562 1563
f 1684 1563 1685
f 1685 1563 1564
f 1685 1564 1686
f 1686 1564 1565
f 1686 1565 1687
f 1687 1565 1566
f 1687 1566 1688
f 1688 1566 1567
f 1688 1567 1689
f 1689 1567 1568
f 1689 1568 1690
f 1690 1568 1569
f 1690 1569 1570
f 1692 1691 1701
f 1692 1701 1693
f 1693 1701 1702
f 1693 1702 1694
f 1694 1702 1703
f 1694 1703 1695
f 1695 1703 1704
f 1695 1704 1696
f 1696 1704 1705
f 1696 1705 1697
f 1697 1705 1706
f 1697 1706 1698
f 1698 1706 1707
f 1698 1707 1699
f 1699 1707 1708
f 1699 1708 1700
f 1701 1691 1709
f 1701 1709 1702
f 1702 1709 1710
f 1702 1710 1703
f 1703 1710 1711
f 1703 1711 1704
f 1704 1711 1712
f 1704 1712 1705
f 1705 1712 1713
f 1705 1713 1706
f 1706 1713 1714
f 1706 1714 1707
f 1707 1714 1715
f 1707 1715 1708
f 1708 1715 1716
f 1708 1716 1700
f 1709 1691 1717
f 1709 1717 1710
f 1710 1717 1718
f 1710 1718 1711
f 1711 1718 1719
f 1711 1719 1712
f 1712 1719 1720
f 1712 1720 1713
f 1713 1720 1721
f 1713 1721 1714
f 1714 1721 1722
f 1714 1722 1715
f 1715 1722 1723
f 1715 1723 1716
f 1716 1723 1724
f 1716 1724 1700
f 1717 1691 1725
f 1717 1725 1718
f 1718 1725 1726
f 1718 1726 1719
f 1719 1726 1727
f 1719 1727 1720
f 1720 1727 1728
f 1720 1728 1721
f 1721 1728 1729
f 1721 1729 1722
f 1722 1729 1730
f 1722 1730 1723
f 1723 1730 1731
f 1723 1731 1724
f 1724 1731 1732
f 1724 1732 1700
f 1725 1691 1733
f 1725 1733 1726
f 1726 1733 1734
f 1726 1734 1727
f 1727 1734 1735
f 1727 1735 1728
f 1728 1735 1736
f 1728 1736 1729
f 1729 1736 1737
f 1729 1737 1730
f 1730 1737 1738
f 1730 1738 1731
f 1731 1738 1739
f 1731 1739 1732
f 1732 1739 1740
f 1732 1740 1700
f 1733 1691 1741
f 1733 1741 1734
f 1734 1741 1742
f 1734 1742 1735
f 1735 1742 1743
f 1735 1743 1736
f 1736 1743 1744
f 1736 1744 1737
f 1737 1744 1745
f 1737 1745 1738
f 1738 1745 1746
f 1738 1746 1739
f 1739 1746 1747
f 1739 1747 1740
f 1740 1747 1748
f 1740 1748 1700
f 1741 1691 1749
f 1741 1749 1742
f 1742 1749 1750
f 1742 1750 1743
f 1743 1750 1751
f 1743 1751 1744
f 1744 1751 1752
f 1744 1752 1745
f 1745 1752 1753
f 1745 1753 1746
f 1746 1753 1754
f 1746 1754 1747
f 1747 1754 1755
f 1747 1755 1748
f 1748 1755 1756
f 1748 1756 1700
f 1749 1691 1757
f 1749 1757 1750
f 1750 1757 1758
f 1750 1758 1751
f 1751 1758 1759
f 1751 1759 1752
f 1752 1759 1760
f 1752 1760 1753
f 1753 1760 1761
f 1753 1761 1754
f 1754 1761 1762
f 1754 1762 1755
f 1755 1762 1763
f 1755 1763 1756
f 1756 1763 1764
f 1756 1764 1700
f 1757 1691 1765
f 1757 1765 1758
f 1758 1765 1766
f 1758 1766 1759
f 1759 1766 1767
f 1759 1767 1760
f 1760 1767 1768
f 1760 1768 1761
f 1761 1768 1769
f 1761 1769 1762
f 1762 1769 1770
f 1762 1770 1763
f 1763 1770 1771
f 1763 1771 1764
f 1764 1771 1772
f 1764 1772 1700
f 1765 1691 1773
f 1765 1773 1766
f 1766 1773 1774
f 1766 1774 1767
f 1767 1774 1775
f 1767 1775 1768
f 1768 1775 1776
f 1768 1776 1769
f 1769 1776 1777
f 1769 1777 1770
f 1770 1777 1778
f 1770 1778 1771
f 1771 1778 1779
f 1771 1779 1772
f 1772 1779 1780
f 1772 1780 1700
f 1773 1691 1781
f 1773 1781 1774
f 1774 1781 1782
f 1774 1782 1775
f 1775 1782 1783
f 1775 1783 1776
f 1776 1783 1784
f 1776 1784 1777
f 1777 1784 1785
f 1777 1785 1778
f 1778 1785 1786
f 1778 1786 1779
f 1779 1786 1787
f 1779 1787 1780
f 1780 1787 1788
f 1780 1788 1700
f 1781 1691 1789
f 1781 1789 1782
f 1782 1789 1790
f 1782 1790 1783
f 1783 1790 1791
f 1783 1791 1784
f 1784 1791 1792
f 1784 1792 1785
f 1785 1792 1793
f 1785 1793 1786
f 1786 1793 1794
f 1786 1794 1787
f 1787 1794 1795
f 1787 1795 1788
f 1788 1795 1796
f 1788 1796 1700
f 1789 1691 1797
f 1789 1797 1790
f 1790 1797 1798
f 1790 1798 1791
f 1791 1798 1799
f 1791 1799 1792
f 1792 1799 1800
f 1792 1800 1793
f 1793 1800 1801
f 1793 1801 1794
f 1794 1801 1802
f 1794 1802 1795
f 1795 1802 1803
f 1795 1803 1796
f 1796 1803 1804
f 1796 1804 1700
f 1797 1691 1805
f 1797 1805 1798
f 1798 1805 1806
f 1798 1806 1799
f 1799 1806 1807
f 1799 1807 1800
f 1800 1807 1808
f 1800 1808 1801
f 1801 1808 1809
f 1801 1809 1802
f 1802 1809 1810
f 1802 1810 1803
f 1803 1810 1811
f 1803 1811 1804
f 1804 1811 1812
f 1804 1812 1700
f 1805 1691 1813
f 1805 1813 1806
f 1806 1813 1814
f 1806 1814 1807
f 1807 1814 1815
f 1807 1815 1808
f 1808 1815 1816
f 1808 1816 1809
f 1809 1816 1817
f 1809 1817 1810
f 1810 1817 1818
f 1810 1818 1811
f 1811 1818 1819
f 1811 1819 1812
f 1812 1819 1820
f 1812 1820 1700
f 1813 1691 1692
f 1813 1692 1814
f 1814 1692 1693
f 1814 1693 1815
f 1815 1693 1694
f 1815 1694 1816
f 1816 1694 1695
f 1816 1695 1817
f 1817 1695 1696
f 1817 1696 1818
f 1818 1696 1697
f 1818 1697 1819
f 1819 1697 1698
f 1819 1698 1820
f 1820 1698 1699
f 1820 1699 1700
f 1822 1821 1831
f 1822 1831 1823
f 1823 1831 1832
f 1823 1832 1824
f 1824 1832 1833
f 1824 1833 1825
f 1825 1833 1834
f 1825 1834 1826
f 1826 1834 1835
f 1826 1835 1827
f 1827 1835 1836
f 1827 1836 1828
f 1828 1836 1837
f 1828 1837 1829
f 1829 1837 1838
f 1829 1838 1830
f 1831 1821 1839
f 1831 1839 1832
f 1832 1839 1840
f 1832 1840 1833
f 1833 1840 1841
f 1833 1841 1834
f 1834 1841 1842
f 1834 1842 1835
f 1835 1842 1843
f 1835 1843 1836
f 1836 1843 1844
f 1836 1844 1837
f 1837 1844 1845
f 1837 1845 1838
f 1838 1845 1846
f 1838 1846 1830
f 1839 1821 1847
f 1839 1847 1840
f 1840 1847 1848
f 1840 1848 1841
f 1841 1848 1849
f 1841 1849 1842
f 1842 1849 1850
f 1842 1850 1843
f 1843 1850 1851
f 1843 1851 1844
f 1844 1851 1852
f 1844 1852 1845
f 1845 1852 1853
f 1845 1853 1846
f 1846 1853 1854
f 1846 1854 1830
f 1847 1821 1855
f 1847 1855 1848
f 1848 1855 1856
f 1848 1856 1849
f 1849 1856 1857
f 1849 1857 1850
f 1850 1857 1858
f 1850 1858 1851
f 1851 1858 1859
f 1851 1859 1852
f 1852 1859 1860
f 1852 1860 1853
f 1853 1860 1861
f 1853 1861 1854
f 1854 1861 1862
f 1854 1862 1830
f 1855 1821 1863
f 1855 1863 1856
f 1856 1863 1864
f 1856 1864 1857
f 1857 1864 1865
f 1857 1865 1858
f 1858 1865 1866
f 1858 1866 1859
f 1859 1866 1867
f 1859 1867 1860
f 1860 1867 1868
f 1860 1868 1861
f 1861 1868 1869
f 1861 1869 1862
f 1862 1869 1870
f 1862 1870 1830
f 1863 1821 1871
f 1863 1871 1864
f 1864 1871 1872
f 1864 1872 1865
f 1865 1872 1873
f 1865 1873 1866
f 1866 1873 1874
f 1866 1874 1867
f 1867 1874 1875
f 1867 1875 1868
f 1868 1875 1876
f 1868 1876 1869
f 1869 1876 1877
f 1869 1877 1870
f 1870 1877 1878
f 1870 1878 1830
f 1871 1821 1879
f 1871 1879 1872
f 1872 1879 1880
f 1872 1880 1873
f 1873 1880 1881
f 1873 1881 1874
f 1874 1881 1882
f 1874 1882 1875
f 1875 1882 1883
f 1875 1883 1876
f 1876 1883 1884
f 1876 1884 1877
f 1877 1884 1885
f 1877 1885 1878
f 1878 1885 1886
f 1878 1886 1830
f 1879 1821 1887
f 1879 1887 1880
f 1880 1887 1888
f 1880 1888 1881
f 1881 1888 1889
f 1881 1889 1882
f 1882 1889 1890
f 1882 1890 1883
f 1883 1890 1891
f 1883 1891 1884
f 1884 1891 1892
f 1884 1892 1885
f 1885 1892 1893
f 1885 1893 1886
f 1886 1893 1894
f 1886 1894 1830
f 1887 1821 1895
f 1887 1895 1888
f 1888 1895 1896
f 1888 1896 1889
f 1889 1896 1897
f 1889 1897 1890
f 1890 1897 1898
f 1890 1898 1891
f 1891 1898 1899
f 1891 1899 1892
f 1892 1899 1900
f 1892 1900 1893
f 1893 1900 1901
f 1893 1901 1894
f 1894 1901 1902
f 1894 1902 1830
f 1895 1821 1903
f 1895 1903 1896
f 1896 1903 1904
f 1896 1904 1897
f 1897 1904 1905
f 1897 1905 1898
f 1898 1905 1906
f 1898 1906 1899
f 1899 1906 1907
f 1899 1907 1900
f 1900 1907 1908
f 1900 1908 1901
f 1901 1908 1909
f 1901 1909 1902
f 1902 1909 1910
f 1902 1910 1830
f 1903 1821 1911
f 1903 1911 1904
f 1904 1911 1912
f 1904 1912 1905
f 1905 1912 1913
f 1905 1913 1906
f 1906 1913 1914
f 1906 1914 1907
f 1907 1914 1915
f 1907 1915 1908
f 1908 1915 1916
f 1908 1916 1909
f 1909 1916 1917
f 1909 1917 1910
f 1910 1917 1918
f 1910 1918 1830
f 1911 1821 1919
f 1911 1919 1912
f 1912 1919 1920
f 1912 1920 1913
f 1913 1920 1921
f 1913 1921 1914
f 1914 1921 1922
f 1914 1922 1915
f 1915 1922 1923
f 1915 1923 1916
f 1916 1923 1924
f 1916 1924 1917
f 1917 1924 1925
f 1917 1925 1918
f 1918 1925 1926
f 1918 1926 1830
f 1919 1821 1927
f 1919 1927 1920
f 1920 1927 1928
f 1920 1928 1921
f 1921 1928 1929
f 1921 1929 1922
f 1922 1929 1930
f 1922 1930 1923
f 1923 1930 1931
f 1923 1931 1924
f 1924 1931 1932
f 1924 1932 1925
f 1925 1932 1933
f 1925 1933 1926
f 1926 1933 1934
f 1926 1934 1830
f 1927 1821 1935
f 1927 1935 1928
f 1928 1935 1936
f 1928 1936 1929
f 1929 1936 1937
f 1929 1937 1930
f 1930 1937 1938
f 1930 1938 1931
f 1931 1938 1939
f 1931 1939 1932
f 1932 1939 1940
f 1932 1940 1933
f 1933 1940 1941
f 1933 1941 1934
f 1934 1941 1942
f 1934 1942 1830
f 1935 1821 1943
f 1935 1943 1936
f 1936 1943 1944
f 1936 1944 1937
f 1937 1944 1945
f 1937 1945 1938
f 1938 1945 1946
f 1938 1946 1939
f 1939 1946 1947
f 1939 1947 1940
f 1940 1947 1948
f 1940 1948 1941
f 1941 1948 1949
f 1941 1949 1942
f 1942 1949 1950
f 1942 1950 1830
f 1943 1821 1822
f 1943 1822 1944
f 1944 1822 1823
f 1944 1823 1945
f 1945 1823 1824
f 1945 1824 1946
f 1946 1824 1825
f 1946 1825 1947
f 1947 1825 1826
f 1947 1826 1948
f 1948 1826 1827
f 1948 1827 1949
f 1949 1827 1828
f 1949 1828 1950
f 1950 1828 1829
f 1950 1829 1830
f 1952 1951 1961
f 1952 1961 1953
f 1953 1961 1962
f 1953 1962 1954
f 1954 1962 1963
f 1954 1963 1955
f 1955 1963 1964
f 1955 1964 1956
f 1956 1964 1965
f 1956 1965 1957
f 1957 1965 1966
f 1957 1966 1958
f 1958 1966 1967
f 1958 1967 1959
f 1959 1967 1968
f 1959 1968 1960
f 1961 1951 1969
f 1961 1969 1962
f 1962 1969 1970
f 1962 1970 1963
f 1963 1970 1971
f 1963 1971 1964
f 1964 1971 1972
f 1964 1972 1965
f 1965 1972 1973
f 1965 1973 1966
f 1966 1973 1974
f 1966 1974 1967
f 1967 1974 1975
f 1967 1975 1968
f 1968 1975 1976
f 1968 1976 1960
f 1969 1951 1977
f 1969 1977 1970
f 1970 1977 1978
f 1970 1978 1971
f 1971 1978 1979
f 1971 1979 1972
f 1972 1979 1980
f 1972 1980 1973
f 1973 1980 1981
f 1973 1981 1974
f 1974 1981 1982
f 1974 1982 1975
f 1975 1982 1983
f 1975 1983 1976
f 1976 1983 1984
f 1976 1984 1960
f 1977 1951 1985
f 1977 1985 1978
f 1978 1985 1986
f 1978 1986 1979
f 1979 1986 1987
f 1979 1987 1980
f 1980 1987 1988
f 1980 1988 1981
f 1981 1988 1989
f 1981 1989 1982
f 1982 1989 1990
f 1982 1990 1983
f 1983 1990 1991
f 1983 1991 1984
f 1984 1991 1992
f 1984 1992 1960
f 1985 1951 1993
f 1985 1993 1986
f 1986 1993 1994
f 1986 1994 1987
f 1987 1994 1995
f 1987 1995 1988
f 1988 1995 1996
f 1988 1996 1989
f 1989 1996 1997
f 1989 1997 1990
f 1990 1997 1998
f 1990 1998 1991
f 1991 1998 1999
f 1991 1999 1992
f 1992 1999 2000
f 1992 2000 1960
f 1993 1951 2001
f 1993 2001 1994
f 1994 2001 2002
f 1994 2002 1995
f 1995 2002 2003
f 1995 2003 1996
f 1996 2003 2004
f 1996 2004 1997
f 1997 2004 2005
f 1997 2005 1998
f 1998 2005 2006
f 1998 2006 1999
f 1999 2006 2007
f 1999 2007 2000
f 2000 2007 2008
f 2000 2008 1960
f 2001 1951 2009
f 2001 2009 2002
f 2002 2009 2010
f 2002 2010 2003
f 2003 2010 2011
f 2003 2011 2004
f 2004 2011 2012
f 2004 2012 2005
f 2005 2012 2013
f 2005 2013 2006
f 2006 2013 2014
f 2006 2014 2007
f 2007 2014 2015
f 2007 2015 2008
f 2008 2015 2016
f 2008 2016 1960
f 2009 1951 2017
f 2009 2017 2010
f 2010 2017 2018
f 2010 2018 2011
f 2011 2018 2019
f 2011 2019 2012
f 2012 2019 2020
f 2012 2020 2013
f 2013 2020 2021
f 2013 2021 2014
f 2014 2021 2022
f 2014 2022 2015
f 2015 2022 2023
f 2015 2023 2016
f 2016 2023 2024
f 2016 2024 1960
f 2017 1951 2025
f 2017 2025 2018
f 2018 2025 2026
f 2018 2026 2019
f 2019 2026 2027
f 2019 2027 2020
f 2020 2027 2028
f 2020 2028 2021
f 2021 2028 2029
f 2021 2029 2022
f 2022 2029 2030
f 2022 2030 2023
f 2023 2030 2031
f 2023 2031 2024
f 2024 2031 2032
f 2024 2032 1960
f 2025 1951 2033
f 2025 2033 2026
f 2026 2033 2034
f 2026 2034 2027
f 2027 2034 2035
f 2027 2035 2028
f 2028 2035 2036
f 2028 2036 2029
f 2029 2036 2037
f 2029 2037 2030
f 2030 2037 2038
f 2030 2038 2031
f 2031 2038 2039
f 2031 2039 2032
f 2032 2039 2040
f 2032 2040 1960
f 2033 1951 2041
f 2033 2041 2034
f 2034 2041 2042
f 2034 2042 2035
f 2035 2042 2043
f 2035 2043 2036
f 2036 2043 2044
f 2036 2044 2037
f 2037 2044 2045
f 2037 2045 2038
f 2038 2045 2046
f 2038 2046 2039
f 2039 2046 2047
f 2039 2047 2040
f 2040 2047 2048
f 2040 2048 1960
f 2041 1951 2049
f 2041 2049 2042
f 2042 2049 2050
f 2042 2050 2043
f 2043 2050 2051
f 2043 2051 2044
f 2044 2051 2052
f 2044 2052 2045
f 2045 2052 2053
f 2045 2053 2046
f 2046 2053 2054
f 2046 2054 2047
f 2047 2054 2055
f 2047 2055 2048
f 2048 2055 2056
f 2048 2056 1960
f 2049 1951 2057
f 2049 2057 2050
f 2050 2057 2058
f 2050 2058 2051
f 2051 2058 2059
f 2051 2059 2052
f 2052 2059 2060
f 2052 2060 2053
f 2053 2060 2061
f 2053 2061 2054
f 2054 2061 2062
f 2054 2062 2055
f 2055 2062 2063
f 2055 2063 2056
f 2056 2063 2064
f 2056 2064 1960
f 2057 1951 2065
f 2057 2065 2058
f 2058 2065 2066
f 2058 2066 2059
f 2059 2066 2067
f 2059 2067 2060
f 2060 2067 2068
f 2060 2068 2061
f 2061 2068 2069
f 2061 2069 2062
f 2062 2069 2070
f 2062 2070 2063
f 2063 2070 2071
f 2063 2071 2064
f 2064 2071 2072
f 2064 2072 1960
f 2065 1951 2073
f 2065 2073 2066
f 2066 2073 2074
f 2066 2074 2067
f 2067 2074 2075
f 2067 2075 2068
f 2068 2075 2076
f 2068 2076 2069
f 2069 2076 2077
f 2069 2077 2070
f 2070 2077 2078
f 2070 2078 2071
f 2071 2078 2079
f 2071 2079 2072
f 2072 2079 2080
f 2072 2080 1960
f 2073 1951 1952
f 2073 1952 2074
f 2074 1952 1953
f 2074 1953 2075
f 2075 1953 1954
f 2075 1954 2076
f 2076 1954 1955
f 2076 1955 2077
f 2077 1955 1956
f 2077 1956 2078
f 2078 1956 1957
f 2078 1957 2079
f 2079 1957 1958
f 2079 1958 2080
f 2080 1958 1959
f 2080 1959 1960
f 2082 2081 2091
f 2082 2091 2083
f 2083 2091 2092
f 2083 2092 2084
f 2084 2092 2093
f 2084 2093 2085
f 2085 2093 2094
f 2085 2094 2086
f 2086 2094 2095
f 2086 2095 2087
f 2087 2095 2096
f 2087 2096 2088
f 2088 2096 2097
f 2088 2097 2089
f 2089 2097 2098
f 2089 2098 2090
f 2091 2081 2099
f 2091 2099 2092
f 2092 2099 2100
f 2092 2100 2093
f 2093 2100 2101
f 2093 2101 2094
f 2094 2101 2102
f 2094 2102 2095
f 2095 2102 2103
f 2095 2103 2096
f 2096 2103 2104
f 2096 2104 2097
f 2097 2104 2105
f 2097 2105 2098
f 2098 2105 2106
f 2098 2106 2090
f 2099 2081 2107
f 2099 2107 2100
f 2100 2107 2108
f 2100 2108 2101
f 2101 2108 2109
f 2101 2109 2102
f 2102 2109 2110
f 2102 2110 2103
f 2103 2110 2111
f 2103 2111 2104
f 2104 2111 2112
f 2104 2112 2105
f 2105 2112 2113
f 2105 2113 2106
f 2106 2113 2114
f 2106 2114 2090
f 2107 2081 2115
f 2107 2115 2108
f 2108 2115 2116
f 2108 2116 2109
f 2109 2116 2117
f 2109 2117 2110
f 2110 2117 2118
f 2110 2118 2111
f 2111 2118 2119
f 2111 2119 2112
f 2112 2119 2120
f 2112 2120 2113
f 2113 2120 2121
f 2113 2121 2114
f 2114 2121 2122
f 2114 2122 2090
f 2115 2081 2123
f 2115 2123 2116
f 2116 2123 2124
f 2116 2124 2117
f 2117 2124 2125
f 2117 2125 2118
f 2118 2125 2126
f 2118 2126 2119
f 2119 2126 2127
f 2119 2127 2120
f 2120 2127 2128
f 2120 2128 2121
f 2121 2128 2129
f 2121 2129 2122
f 2122 2129 2130
f 2122 2130 2090
f 2123 2081 2131
f 2123 2131 2124
f 2124 2131 2132
f 2124 2132 2125
f 2125 2132 2133
f 2125 2133 2126
f 2126 2133 2134
f 2126 2134 2127
f 2127 2134 2135
f 2127 2135 2128
f 2128 2135 2136
f 2128 2136 2129
f 2129 2136 2137
f 2129 2137 2130
f 2130 2137 2138
f 2130 2138 2090
f 2131 2081 2139
f 2131 2139 2132
f 2132 2139 2140
f 2132 2140 2133
f 2133 2140 2141
f 2133 2141 2134
f 2134 2141 2142
f 2134 2142 2135
f 2135 2142 2143
f 2135 2143 2136
f 2136 2143 2144
f 2136 2144 2137
f 2137 2144 2145
f 2137 2145 2138
f 2138 2145 2146
f 2138 2146 2090
f 2139 2081 2147
f 2139 2147 2140
f 2140 2147 2148
f 2140 2148 2141
f 2141 2148 2149
f 2141 2149 2142
f 2142 2149 2150
f 2142 2150 2143
f 2143 2150 2151
f 2143 2151 2144
f 2144 2151 2152
f 2144 2152 2145
f 2145 2152 2153
f 2145 2153 2146
f 2146 2153 2154
f 2146 2154 2090
f 2147 2081 2155
f 2147 2155 2148
f 2148 2155 2156
f 2148 2156 2149
f 2149 2156 2157
f 2149 2157 2150
f 2150 2157 2158
f 2150 2158 2151
f 2151 2158 2159
f 2151 2159 2152
f 2152 2159 2160
f 2152 2160 2153
f 2153 2160 2161
f 2153 2161 2154
f 2154 2161 2162
f 2154 2162 2090
f 2155 2081 2163
f 2155 2163 2156
f 2156 2163 2164
f 2156 2164 2157
f 2157 2164 2165
f 2157 2165 2158
f 2158 2165 2166
f 2158 2166 2159
f 2159 2166 2167
f 2159 2167 2160
f 2160 2167 2168
f 2160 2168 2161
f 2161 2168 2169
f 2161 2169 2162
f 2162 2169 2170
f 2162 2170 2090
f 2163 2081 2171
f 2163 2171 2164
f 2164 2171 2172
f 2164 2172 2165
f 2165 2172 2173
f 2165 2173 2166
f 2166 2173 2174
f 2166 2174 2167
f 2167 2174 2175
f 2167 2175 2168
f 2168 2175 2176
f 2168 2176 2169
f 2169 2176 2177
f 2169 2177 2170
f 2170 2177 2178
f 2170 2178 2090
f 2171 2081 2179
f 2171 2179 2172
f 2172 2179 2180
f 2172 2180 2173
f 2173 2180 2181
f 2173 2181 2174
f 2174 2181 2182
f 2174 2182 2175
f 2175 2182 2183
f 2175 2183 2176
f 2176 2183 2184
f 2176 2184 2177
f 2177 2184 2185
f 2177 2185 2178
f 2178 2185 2186
f 2178 2186 2090
f 2179 2081 2187
f 2179 2187 2180
f 2180 2187 2188
f 2180 2188 2181
f 2181 2188 2189
f 2181 2189 2182
f 2182 2189 2190
f 2182 2190 2183
f 2183 2190 2191
f 2183 2191 2184
f 2184 2191 2192
f 2184 2192 2185
f 2185 2192 2193
f 2185 2193 2186
f 2186 2193 2194
f 2186 2194 2090
f 2187 2081 2195
f 2187 2195 2188
f 2188 2195 2196
f 2188 2196 2189
f 2189 2196 2197
f 2189 2197 2190
f 2190 2197 2198
f 2190 2198 2191
f 2191 2198 2199
f 2191 2199 2192
f 2192 2199 2200
f 2192 2200 2193
f 2193 2200 2201
f 2193 2201 2194
f 2194 2201 2202
f 2194 2202 2090
f 2195 2081 2203
f 2195 2203 2196
f 2196 2203 2204
f 2196 2204 2197
f 2197 2204 2205
f 2197 2205 2198
f 2198 2205 2206
f 2198 2206 2199
f 2199 2206 2207
f 2199 2207 2200
f 2200 2207 2208
f 2200 2208 2201
f 2201 2208 2209
f 2201 2209 2202
f 2202 2209 2210
f 2202 2210 2090
f 2203 2081 2082
f 2203 2082 2204
f 2204 2082 2083
f 2204 2083 2205
f 2205 2083 2084
f 2205 2084 2206
f 2206 2084 2085
f 2206 2085 2207
f 2207 2085 2086
f 2207 2086 2208
f 2208 2086 2087
f 2208 2087 2209
f 2209 2087 2088
f 2209 2088 2210
f 2210 2088 2089
f 2210 2089 2090
f 2212 2211 2221
f 2212 2221 2213
f 2213 2221 2222
f 2213 2222 2214
f 2214 2222 2223
f 2214 2223 2215
f 2215 2223 2224
f 2215 2224 2216
f 2216 2224 2225
f 2216 2225 2217
f 2217 2225 2226
f 2217 2226 2218
f 2218 2226 2227
f 2218 2227 2219
f 2219 2227 2228
f 2219 2228 2220
f 2221 2211 2229
f 2221 2229 2222
f 2222 2229 2230
f 2222 2230 2223
f 2223 2230 2231
f 2223 2231 2224
f 2224 2231 2232
f 2224 2232 2225
f 2225 2232 2233
f 2225 2233 2226
f 2226 2233 2234
f 2226 2234 2227
f 2227 2234 2235
f 2227 2235 2228
f 2228 2235 2236
f 2228 2236 2220
f 2229 2211 2237
f 2229 2237 2230
f 2230 2237 2238
f 2230 2238 2231
f 2231 2238 2239
f 2231 2239 2232
f 2232 2239 2240
f 2232 2240 2233
f 2233 2240 2241
f 2233 2241 2234
f 2234 2241 2242
f 2234 2242 2235
f 2235 2242 2243
f 2235 2243 2236
f 2236 2243 2244
f 2236 2244 2220
f 2237 2211 2245
f 2237 2245 2238
f 2238 2245 2246
f 2238 2246 2239
f 2239 2246 2247
f 2239 2247 2240
f 2240 2247 2248
f 2240 2248 2241
f 2241 2248 2249
f 2241 2249 2242
f 2242 2249 2250
f 2242 2250 2243
f 2243 2250 2251
f 2243 2251 2244
f 2244 2251 2252
f 2244 2252 2220
f 2245 2211 2253
f 2245 2253 2246
f 2246 2253 2254
f 2246 2254 2247
f 2247 2254 2255
f 2247 2255 2248
f 2248 2255 2256
f 2248 2256 2249
f 2249 2256 2257
f 2249 2257 2250
f 2250 2257 2258
f 2250 2258 2251
f 2251 2258 2259
f 2251 2259 2252
f 2252 2259 2260
f 2252 2260 2220
f 2253 2211 2261
f 2253 2261 2254
f 2254 2261 2262
f 2254 2262 2255
f 2255 2262 2263
f 2255 2263 2256
f 2256 2263 2264
f 2256 2264 2257
f 2257 2264 2265
f 2257 2265 2258
f 2258 2265 2266
f 2258 2266 2259
f 2259 2266 2267
f 2259 2267 2260
f 2260 2267 2268
f 2260 2268 2220
f 2261 2211 2269
f 2261 2269 2262
f 2262 2269 2270
f 2262 2270 2263
f 2263 2270 2271
f 2263 2271 2264
f 2264 2271 2272
f 2264 2272 2265
f 2265 2272 2273
f 2265 2273 2266
f 2266 2273 2274
f 2266 2274 2267
f 2267 2274 2275
f 2267 2275 2268
f 2268 2275 2276
f 2268 2276 2220
f 2269 2211 2277
f 2269 2277 2270
f 2270 2277 2278
f 2270 2278 2271
f 2271 2278 2279
f 2271 2279 2272
f 2272 2279 2280
f 2272 2280 2273
f 2273 2280 2281
f 2273 2281 2274
f 2274 2281 2282
f 2274 2282 2275
f 2275 2282 2283
f 2275 2283 2276
f 2276 2283 2284
f 2276 2284 2220
f 2277 2211 2285
f 2277 2285 2278
f 2278 2285 2286
f 2278 2286 2279
f 2279 2286 2287
f 2279 2287 2280
f 2280 2287 2288
f 2280 2288 2281
f 2281 2288 2289
f 2281 2289 2282
f 2282 2289 2290
f 2282 2290 2283
f 2283 2290 2291
f 2283 2291 2284
f 2284 2291 2292
f 2284 2292 2220
f 2285 2211 2293
f 2285 2293 2286
f 2286 2293 2294
f 2286 2294 2287
f 2287 2294 2295
f 2287 2295 2288
f 2288 2295 2296
f 2288 2296 2289
f 2289 2296 2297
f 2289 2297 2290
f 2290 2297 2298
f 2290 2298 2291
f 2291 2298 2299
f 2291 2299 2292
f 2292 2299 2300
f 2292 2300 2220
f 2293 2211 2301
f 2293 2301 2294
f 2294 2301 2302
f 2294 2302 2295
f 2295 2302 2303
f 2295 2303 2296
f 2296 2303 2304
f 2296 2304 2297
f 2297 2304 2305
f 2297 2305 2298
f 2298 2305 2306
f 2298 2306 2299
f 2299 2306 2307
f 2299 2307 2300
f 2300 2307 2308
f 2300 2308 2220
f 2301 2211 2309
f 2301 2309 2302
f 2302 2309 2310
f 2302 2310 2303
f 2303 2310 2311
f 2303 2311 2304
f 2304 2311 2312
f 2304 2312 2305
f 2305 2312 2313
f 2305 2313 2306
f 2306 2313 2314
f 2306 2314 2307
f 2307 2314 2315
f 2307 2315 2308
f 2308 2315 2316
f 2308 2316 2220
f 2309 2211 2317
f 2309 2317 2310
f 2310 2317 2318
f 2310 2318 2311
f 2311 2318 2319
f 2311 2319 2312
f 2312 2319 2320
f 2312 2320 2313
f 2313 2320 2321
f 2313 2321 2314
f 2314 2321 2322
f 2314 2322 2315
f 2315 2322 2323
f 2315 2323 2316
f 2316 2323 2324
f 2316 2324 2220
f 2317 2211 2325
f 2317 2325 2318
f 2318 2325 2326
f 2318 2326 2319
f 2319 2326 2327
f 2319 2327 2320
f 2320 2327 2328
f 2320 2328 2321
f 2321 2328 2329
f 2321 2329 2322
f 2322 2329 2330
f 2322 2330 2323
f 2323 2330 2331
f 2323 2331 2324
f 2324 2331 2332
f 2324 2332 2220
f 2325 2211 2333
f 2325 2333 2326
f 2326 2333 2334
f 2326 2334 2327
f 2327 2334 2335
f 2327 2335 2328
f 2328 2335 2336
f 2328 2336 2329
f 2329 2336 2337
f 2329 2337 2330
f 2330 2337 2338
f 2330 2338 2331
f 2331 2338 2339
f 2331 2339 2332
f 2332 2339 2340
f 2332 2340 2220
f 2333 2211 2212
f 2333 2212 2334
f 2334 2212 2213
f 2334 2213 2335
f 2335 2213 2214
f 2335 2214 2336
f 2336 2214 2215
f 2336 2215 2337
f 2337 2215 2216
f 2337 2216 2338
f 2338 2216 2217
f 2338 2217 2339
f 2339 2217 2218
f 2339 2218 2340
f 2340 2218 2219
f 2340 2219 2220
f 2342 2341 2351
f 2342 2351 2343
f 2343 2351 2352
f 2343 2352 2344
f 2344 2352 2353
f 2344 2353 2345
f 2345 2353 2354
f 2345 2354 2346
f 2346 2354 2355
f 2346 2355 2347
f 2347 2355 2356
f 2347 2356 2348
f 2348 2356 2357
f 2348 2357 2349
f 2349 2357 2358
f 2349 2358 2350
f 2351 2341 2359
f 2351 2359 2352
f 2352 2359 2360
f 2352 2360 2353
f 2353 2360 2361
f 2353 2361 2354
f 2354 2361 2362
f 2354 2362 2355
f 2355 2362 2363
f 2355 2363 2356
f 2356 2363 2364
f 2356 2364 2357
f 2357 2364 2365
f 2357 2365 2358
f 2358 2365 2366
f 2358 2366 2350
f 2359 2341 2367
f 2359 2367 2360
f 2360 2367 2368
f 2360 2368 2361
f 2361 2368 2369
f 2361 2369 2362
f 2362 2369 2370
f 2362 2370 2363
f 2363 2370 2371
f 2363 2371 2364
f 2364 2371 2372
f 2364 2372 2365
f 2365 2372 2373
f 2365 2373 2366
f 2366 2373 2374
f 2366 2374 2350
f 2367 2341 2375
f 2367 2375 2368
f 2368 2375 2376
f 2368 2376 2369
f 2369 2376 2377
f 2369 2377 2370
f 2370 2377 2378
f 2370 2378 2371
f 2371 2378 2379
f 2371 2379 2372
f 2372 2379 2380
f 2372 2380 2373
f 2373 2380 2381
f 2373 2381 2374
f 2374 2381 2382
f 2374 2382 2350
f 2375 2341 2383
f 2375 2383 2376
f 2376 2383 2384
f 2376 2384 2377
f 2377 2384 2385
f 2377 2385 2378
f 2378 2385 2386
f 2378 2386 2379
f 2379 2386 2387
f 2379 2387 2380
f 2380 2387 2388
f 2380 2388 2381
f 2381 2388 2389
f 2381 2389 2382
f 2382 2389 2390
f 2382 2390 2350
f 2383 2341 2391
f 2383 2391 2384
f 2384 2391 2392
f 2384 2392 2385
f 2385 2392 2393
f 2385 2393 2386
f 2386 2393 2394
f 2386 2394 2387
f 2387 2394 2395
f 2387 2395 2388
f 2388 2395 2396
f 2388 2396 2389
f 2389 2396 2397
f 2389 2397 2390
f 2390 2397 2398
f 2390 2398 2350
f 2391 2341 2399
f 2391 2399 2392
f 2392 2399 2400
f 2392 2400 2393
f 2393 2400 2401
f 2393 2401 2394
f 2394 2401 2402
f 2394 2402 2395
f 2395 2402 2403
f 2395 2403 2396
f 2396 2403 2404
f 2396 2404 2397
f 2397 2404 2405
f 2397 2405 2398
f 2398 2405 2406
f 2398 2406 2350
f 2399 2341 2407
f 2399 2407 2400
f 2400 2407 2408
f 2400 2408 2401
f 2401 2408 2409
f 2401 2409 2402
f 2402 2409 2410
f 2402 2410 2403
f 2403 2410 2411
f 2403 2411 2404
f 2404 2411 2412
f 2404 2412 2405
f 2405 2412 2413
f 2405 2413 2406
f 2406 2413 2414
f 2406 2414 2350
f 2407 2341 2415
f 2407 2415 2408
f 2408 2415 2416
f 2408 2416 2409
f 2409 2416 2417
f 2409 2417 2410
f 2410 2417 2418
f 2410 2418 2411
f 2411 2418 2419
f 2411 2419 2412
f 2412 2419 2420
f 2412 2420 2413
f 2413 2420 2421
f 2413 2421 2414
f 2414 2421 2422
f 2414 2422 2350
f 2415 2341 2423
f 2415 2423 2416
f 2416 2423 2424
f 2416 2424 2417
f 2417 2424 2425
f 2417 2425 2418
f 2418 2425 2426
f 2418 2426 2419
f 2419 2426 2427
f 2419 2427 2420
f 2420 2427 2428
f 2420 2428 2421
f 2421 2428 2429
f 2421 2429 2422
f 2422 2429 2430
f 2422 2430 2350
f 2423 2341 2431
f 2423 2431 2424
f 2424 2431 2432
f 2424 2432 2425
f 2425 2432 2433
f 2425 2433 2426
f 2426 2433 2434
f 2426 2434 2427
f 2427 2434 2435
f 2427 2435 2428
f 2428 2435 2436
f 2428 2436 2429
f 2429 2436 2437
f 2429 2437 2430
f 2430 2437 2438
f 2430 2438 2350
f 2431 2341 2439
f 2431 2439 2432
f 2432 2439 2440
f 2432 2440 2433
f 2433 2440 2441
f 2433 2441 2434
f 2434 2441 2442
f 2434 2442 2435
f 2435 2442 2443
f 2435 2443 2436
f 2436 2443 2444
f 2436 2444 2437
f 2437 2444 2445
f 2437 2445 2438
f 2438 2445 2446
f 2438 2446 2350
f 2439 2341 2447
f 2439 2447 2440
f 2440 2447 2448
f 2440 2448 2441
f 2441 2448 2449
f 2441 2449 2442
f 2442 2449 2450
f 2442 2450 2443
f 2443 2450 2451
f 2443 2451 2444
f 2444 2451 2452
f 2444 2452 2445
f 2445 2452 2453
f 2445 2453 2446
f 2446 2453 2454
f 2446 2454 2350
f 2447 2341 2455
f 2447 2455 2448
f 2448 2455 2456
f 2448 2456 2449
f 2449 2456 2457
f 2449 2457 2450
f 2450 2457 2458
f 2450 2458 2451
f 2451 2458 2459
f 2451 2459 2452
f 2452 2459 2460
f 2452 2460 2453
f 2453 2460 2461
f 2453 2461 2454
f 2454 2461 2462
f 2454 2462 2350
f 2455 2341 2463
f 2455 2463 2456
f 2456 2463 2464
f 2456 2464 2457
f 2457 2464 2465
f 2457 2465 2458
f 2458 2465 2466
f 2458 2466 2459
f 2459 2466 2467
f 2459 2467 2460
f 2460 2467 2468
f 2460 2468 2461
f 2461 2468 2469
f 2461 2469 2462
f 2462 2469 2470
f 2462 2470 2350
f 2463 2341 2342
f 2463 2342 2464
f 2464 2342 2343
f 2464 2343 2465
f 2465 2343 2344
f 2465 2344 2466
f 2466 2344 2345
f 2466 2345 2467
f 2467 2345 2346
f 2467 2346 2468
f 2468 2346 2347
f 2468 2347 2469
f 2469 2347 2348
f 2469 2348 2470
f 2470 2348 2349
f 2470 2349 2350
f 2472 2471 2481
f 2472 2481 2473
f 2473 2481 2482
f 2473 2482 2474
f 2474 2482 2483
f 2474 2483 2475
f 2475 2483 2484
f 2475 2484 2476
f 2476 2484 2485
f 2476 2485 2477
f 2477 2485 2486
f 2477 2486 2478
f 2478 2486 2487
f 2478 2487 2479
f 2479 2487 2488
f 2479 2488 2480
f 2481 2471 2489
f 2481 2489 2482
f 2482 2489 2490
f 2482 2490 2483
f 2483 2490 2491
f 2483 2491 2484
f 2484 2491 2492
f 2484 2492 2485
f 2485 2492 2493
f 2485 2493 2486
f 2486 2493 2494
f 2486 2494 2487
f 2487 2494 2495
f 2487 2495 2488
f 2488 2495 2496
f 2488 2496 2480
f 2489 2471 2497
f 2489 2497 2490
f 2490 2497 2498
f 2490 2498 2491
f 2491 2498 2499
f 2491 2499 2492
f 2492 2499 2500
f 2492 2500 2493
f 2493 2500 2501
f 2493 2501 2494
f 2494 2501 2502
f 2494 2502 2495
f 2495 2502 2503
f 2495 2503 2496
f 2496 2503 2504
f 2496 2504 2480
f 2497 2471 2505
f 2497 2505 2498
f 2498 2505 2506
f 2498 2506 2499
f 2499 2506 2507
f 2499 2507 2500
f 2500 2507 2508
f 2500 2508 2501
f 2501 2508 2509
f 2501 2509 2502
f 2502 2509 2510
f 2502 2510 2503
f 2503 2510 2511
f 2503 2511 2504
f 2504 2511 2512
f 2504 2512 2480
f 2505 2471 2513
f 2505 2513 2506
f 2506 2513 2514
f 2506 2514 2507
f 2507 2514 2515
f 2507 2515 2508
f 2508 2515 2516
f 2508 2516 2509
f 2509 2516 2517
f 2509 2517 2510
f 2510 2517 2518
f 2510 2518 2511
f 2511 2518 2519
f 2511 2519 2512
f 2512 2519 2520
f 2512 2520 2480
f 2513 2471 2521
f 2513 2521 2514
f 2514 2521 2522
f 2514 2522 2515
f 2515 2522 2523
f 2515 2523 2516
f 2516 2523 2524
f 2516 2524 2517
f 2517 2524 2525
f 2517 2525 2518
f 2518 2525 2526
f 2518 2526 2519
f 2519 2526 2527
f 2519 2527 2520
f 2520 2527 2528
f 2520 2528 2480
f 2521 2471 2529
f 2521 2529 2522
f 2522 2529 2530
f 2522 2530 2523
f 2523 2530 2531
f 2523 2531 2524
f 2524 2531 2532
f 2524 2532 2525
f 2525 2532 2533
f 2525 2533 2526
f 2526 2533 2534
f 2526 2534 2527
f 2527 2534 2535
f 2527 2535 2528
f 2528 2535 2536
f 2528 2536 2480
f 2529 2471 2537
f 2529 2537 2530
f 2530 2537 2538
f 2530 2538 2531
f 2531 2538 2539
f 2531 2539 2532
f 2532 2539 2540
f 2532 2540 2533
f 2533 2540 2541
f 2533 2541 2534
f 2534 2541 2542
f 2534 2542 2535
f 2535 2542 2543
f 2535 2543 2536
f 2536 2543 2544
f 2536 2544 2480
f 2537 2471 2545
f 2537 2545 2538
f 2538 2545 2546
f 2538 2546 2539
f 2539 2546 2547
f 2539 2547 2540
f 2540 2547 2548
f 2540 2548 2541
f 2541 2548 2549
f 2541 2549 2542
f 2542 2549 2550
f 2542 2550 2543
f 2543 2550 2551
f 2543 2551 2544
f 2544 2551 2552
f 2544 2552 2480
f 2545 2471 2553
f 2545 2553 2546
f 2546 2553 2554
f 2546 2554 2547
f 2547 2554 2555
f 2547 2555 2548
f 2548 2555 2556
f 2548 2556 2549
f 2549 2556 2557
f 2549 2557 2550
f 2550 2557 2558
f 2550 2558 2551
f 2551 2558 2559
f 2551 2559 2552
f 2552 2559 2560
f 2552 2560 2480
f 2553 2471 2561
f 2553 2561 2554
f 2554 2561 2562
f 2554 2562 2555
f 2555 2562 2563
f 2555 2563 2556
f 2556 2563 2564
f 2556 2564 2557
f 2557 2564 2565
f 2557 2565 2558
f 2558 2565 2566
f 2558 2566 2559
f 2559 2566 2567
f 2559 2567 2560
f 2560 2567 2568
f 2560 2568 2480
f 2561 2471 2569
f 2561 2569 2562
f 2562 2569 2570
f 2562 2570 2563
f 2563 2570 2571
f 2563 2571 2564
f 2564 2571 2572
f 2564 2572 2565
f 2565 2572 2573
f 2565 2573 2566
f 2566 2573 2574
f 2566 2574 2567
f 2567 2574 2575
f 2567 2575 2568
f 2568 2575 2576
f 2568 2576 2480
f 2569 2471 2577
f 2569 2577 2570
f 2570 2577 2578
f 2570 2578 2571
f 2571 2578 2579
f 2571 2579 2572
f 2572 2579 2580
f 2572 2580 2573
f 2573 2580 2581
f 2573 2581 2574
f 2574 2581 2582
f 2574 2582 2575
f 2575 2582 2583
f 2575 2583 2576
f 2576 2583 2584
f 2576 2584 2480
f 2577 2471 2585
f 2577 2585 2578
f 2578 2585 2586
f 2578 2586 2579
f 2579 2586 2587
f 2579 2587 2580
f 2580 2587 2588
f 2580 2588 2581
f 2581 2588 2589
f 2581 2589 2582
f 2582 2589 2590
f 2582 2590 2583
f 2583 2590 2591
f 2583 2591 2584
f 2584 2591 2592
f 2584 2592 2480
f 2585 2471 2593
f 2585 2593 2586
f 2586 2593 2594
f 2586 2594 2587
f 2587 2594 2595
f 2587 2595 2588
f 2588 2595 2596
f 2588 2596 2589
f 2589 2596 2597
f 2589 2597 2590
f 2590 2597 2598
f 2590 2598 2591
f 2591 2598 2599
f 2591 2599 2592
f 2592 2599 2600
f 2592 2600 2480
f 2593 2471 2472
f 2593 2472 2594
f 2594 2472 2473
f 2594 2473 2595
f 2595 2473 2474
f 2595 2474 2596
f 2596 2474 2475
f 2596 2475 2597
f 2597 2475 2476
f 2597 2476 2598
f 2598 2476 2477
f 2598 2477 2599
f 2599 2477 2478
f 2599 2478 2600
f 2600 2478 2479
f 2600 2479 2480
f 2602 2601 2611
f 2602 2611 2603
f 2603 2611 2612
f 2603 2612 2604
f 2604 2612 2613
f 2604 2613 2605
f 2605 2613 2614
f 2605 2614 2606
f 2606 2614 2615
f 2606 2615 2607
f 2607 2615 2616
f 2607 2616 2608
f 2608 2616 2617
f 2608 2617 2609
f 2609 2617 2618
f 2609 2618 2610
f 2611 2601 2619
f 2611 2619 2612
f 2612 2619 2620
f 2612 2620 2613
f 2613 2620 2621
f 2613 2621 2614
f 2614 2621 2622
f 2614 2622 2615
f 2615 2622 2623
f 2615 2623 2616
f 2616 2623 2624
f 2616 2624 2617
f 2617 2624 2625
f 2617 2625 2618
f 2618 2625 2626
f 2618 2626 2610
f 2619 2601 2627
f 2619 2627 2620
f 2620 2627 2628
f 2620 2628 2621
f 2621 2628 2629
f 2621 2629 2622
f 2622 2629 2630
f 2622 2630 2623
f 2623 2630 2631
f 2623 2631 2624
f 2624 2631 2632
f 2624 2632 2625
f 2625 2632 2633
f 2625 2633 2626
f 2626 2633 2634
f 2626 2634 2610
f 2627 2601 2635
f 2627 2635 2628
f 2628 2635 2636
f 2628 2636 2629
f 2629 2636 2637
f 2629 2637 2630
f 2630 2637 2638
f 2630 2638 2631
f 2631 2638 2639
f 2631 2639 2632
f 2632 2639 2640
f 2632 2640 2633
f 2633 2640 2641
f 2633 2641 2634
f 2634 2641 2642
f 2634 2642 2610
f 2635 2601 2643
f 2635 2643 2636
f 2636 2643 2644
f 2636 2644 2637
f 2637 2644 2645
f 2637 2645 2638
f 2638 2645 2646
f 2638 2646 2639
f 2639 2646 2647
f 2639 2647 2640
f 2640 2647 2648
f 2640 2648 2641
f 2641 2648 2649
f 2641 2649 2642
f 2642 2649 2650
f 2642 2650 2610
f 2643 2601 2651
f 2643 2651 2644
f 2644 2651 2652
f 2644 2652 2645
f 2645 2652 2653
f 2645 2653 2646
f 2646 2653 2654
f 2646 2654 2647
f 2647 2654 2655
f 2647 2655 2648
f 2648 2655 2656
f 2648 2656 2649
f 2649 2656 2657
f 2649 2657 2650
f 2650 2657 2658
f 2650 2658 2610
f 2651 2601 2659
f 2651 2659 2652
f 2652 2659 2660
f 2652 2660 2653
f 2653 2660 2661
f 2653 2661 2654
f 2654 2661 2662
f 2654 2662 2655
f 2655 2662 2663
f 2655 2663 2656
f 2656 2663 2664
f 2656 2664 2657
f 2657 2664 2665
f 2657 2665 2658
f 2658 2665 2666
f 2658 2666 2610
f 2659 2601 2667
f 2659 2667 2660
f 2660 2667 2668
f 2660 2668 2661
f 2661 2668 2669
f 2661 2669 2662
f 2662 2669 2670
f 2662 2670 2663
f 2663 2670 2671
f 2663 2671 2664
f 2664 2671 2672
f 2664 2672 2665
f 2665 2672 2673
f 2665 2673 2666
f 2666 2673 2674
f 2666 2674 2610
f 2667 2601 2675
f 2667 2675 2668
f 2668 2675 2676
f 2668 2676 2669
f 2669 2676 2677
f 2669 2677 2670
f 2670 2677 2678
f 2670 2678 2671
f 2671 2678 2679
f 2671 2679 2672
f 2672 2679 2680
f 2672 2680 2673
f 2673 2680 2681
f 2673 2681 2674
f 2674 2681 2682
f 2674 2682 2610
f 2675 2601 2683
f 2675 2683 2676
f 2676 2683 2684
f 2676 2684 2677
f 2677 2684 2685
f 2677 2685 2678
f 2678 2685 2686
f 2678 2686 2679
f 2679 2686 2687
f 2679 2687 2680
f 2680 2687 2688
f 2680 2688 2681
f 2681 2688 2689
f 2681 2689 2682
f 2682 2689 2690
f 2682 2690 2610
f 2683 2601 2691
f 2683 2691 2684
f 2684 2691 2692
f 2684 2692 2685
f 2685 2692 2693
f 2685 2693 2686
f 2686 2693 2694
f 2686 2694 2687
f 2687 2694 2695
f 2687 2695 2688
f 2688 2695 2696
f 2688 2696 2689
f 2689 2696 2697
f 2689 2697 2690
f 2690 2697 2698
f 2690 2698 2610
f 2691 2601 2699
f 2691 2699 2692
f 2692 2699 2700
f 2692 2700 2693
f 2693 2700 2701
f 2693 2701 2694
f 2694 2701 2702
f 2694 2702 2695
f 2695 2702 2703
f 2695 2703 2696
f 2696 2703 2704
f 2696 2704 2697
f 2697 2704 2705
f 2697 2705 2698
f 2698 2705 2706
f 2698 2706 2610
f 2699 2601 2707
f 2699 2707 2700
f 2700 2707 2708
f 2700 2708 2701
f 2701 2708 2709
f 2701 2709 2702
f 2702 2709 2710
f 2702 2710 2703
f 2703 2710 2711
f 2703 2711 2704
f 2704 2711 2712
f 2704 2712 2705
f 2705 2712 2713
f 2705 2713 2706
f 2706 2713 2714
f 2706 2714 2610
f 2707 2601 2715
f 2707 2715 2708
f 2708 2715 2716
f 2708 2716 2709
f 2709 2716 2717
f 2709 2717 2710
f 2710 2717 2718
f 2710 2718 2711
f 2711 2718 2719
f 2711 2719 2712
f 2712 2719 2720
f 2712 2720 2713
f 2713 2720 2721
f 2713 2721 2714
f 2714 2721 2722
f 2714 2722 2610
f 2715 2601 2723
f 2715 2723 2716
f 2716 2723 2724
f 2716 2724 2717
f 2717 2724 2725
f 2717 2725 2718
f 2718 2725 2726
f 2718 2726 2719
f 2719 2726 2727
f 2719 2727 2720
f 2720 2727 2728
f 2720 2728 2721
f 2721 2728 2729
f 2721 2729 2722
f 2722 2729 2730
f 2722 2730 2610
f 2723 2601 2602
f 2723 2602 2724
f 2724 2602 2603
f 2724 2603 2725
f 2725 2603 2604
f 2725 2604 2726
f 2726 2604 2605
f 2726 2605 2727
f 2727 2605 2606
f 2727 2606 2728
f 2728 2606 2607
f 2728 2607 2729
f 2729 2607 2608
f 2729 2608 2730
f 2730 2608 2609
f 2730 2609 2610
f 2732 2731 2741
f 2732 2741 2733
f 2733 2741 2742
f 2733 2742 2734
f 2734 2742 2743
f 2734 2743 2735
f 2735 2743 2744
f 2735 2744 2736
f 2736 2744 2745
f 2736 2745 2737
f 2737 2745 2746
f 2737 2746 2738
f 2738 2746 2747
f 2738 2747 2739
f 2739 2747 2748
f 2739 2748 2740
f 2741 2731 2749
f 2741 2749 2742
f 2742 2749 2750
f 2742 2750 2743
f 2743 2750 2751
f 2743 2751 2744
f 2744 2751 2752
f 2744 2752 2745
f 2745 2752 2753
f 2745 2753 2746
f 2746 2753 2754
f 2746 2754 2747
f 2747 2754 2755
f 2747 2755 2748
f 2748 2755 2756
f 2748 2756 2740
f 2749 2731 2757
f 2749 2757 2750
f 2750 2757 2758
f 2750 2758 2751
f 2751 2758 2759
f 2751 2759 2752
f 2752 2759 2760
f 2752 2760 2753
f 2753 2760 2761
f 2753 2761 2754
f 2754 2761 2762
f 2754 2762 2755
f 2755 2762 2763
f 2755 2763 2756
f 2756 2763 2764
f 2756 2764 2740
f 2757 2731 2765
f 2757 2765 2758
f 2758 2765 2766
f 2758 2766 2759
f 2759 2766 2767
f 2759 2767 2760
f 2760 2767 2768
f 2760 2768 2761
f 2761 2768 2769
f 2761 2769 2762
f 2762 2769 2770
f 2762 2770 2763
f 2763 2770 2771
f 2763 2771 2764
f 2764 2771 2772
f 2764 2772 2740
f 2765 2731 2773
f 2765 2773 2766
f 2766 2773 2774
f 2766 2774 2767
f 2767 2774 2775
f 2767 2775 2768
f 2768 2775 2776
f 2768 2776 2769
f 2769 2776 2777
f 2769 2777 2770
f 2770 2777 2778
f 2770 2778 2771
f 2771 2778 2779
f 2771 2779 2772
f 2772 2779 2780
f 2772 2780 2740
f 2773 2731 2781
f 2773 2781 2774
f 2774 2781 2782
f 2774 2782 2775
f 2775 2782 2783
f 2775 2783 2776
f 2776 2783 2784
f 2776 2784 2777
f 2777 2784 2785
f 2777 2785 2778
f 2778 2785 2786
f 2778 2786 2779
f 2779 2786 2787
f 2779 2787 2780
f 2780 2787 2788
f 2780 2788 2740
f 2781 2731 2789
f 2781 2789 2782
f 2782 2789 2790
f 2782 2790 2783
f 2783 2790 2791
f 2783 2791 2784
f 2784 2791 2792
f 2784 2792 2785
f 2785 2792 2793
f 2785 2793 2786
f 2786 2793 2794
f 2786 2794 2787
f 2787 2794 2795
f 2787 2795 2788
f 2788 2795 2796
f 2788 2796 2740
f 2789 2731 2797
f 2789 2797 2790
f 2790 2797 2798
f 2790 2798 2791
f 2791 2798 2799
f 2791 2799 2792
f 2792 2799 2800
f 2792 2800 2793
f 2793 2800 2801
f 2793 2801 2794
f 2794 2801 2802
f 2794 2802 2795
f 2795 2802 2803
f 2795 2803 2796
f 2796 2803 2804
f 2796 2804 2740
f 2797 2731 2805
f 2797 2805 2798
f 2798 2805 2806
f 2798 2806 2799
f 2799 2806 2807
f 2799 2807 2800
f 2800 2807 2808
f 2800 2808 2801
f 2801 2808 2809
f 2801 2809 2802
f 2802 2809 2810
f 2802 2810 2803
f 2803 2810 2811
f 2803 2811 2804
f 2804 2811 2812
f 2804 2812 2740
f 2805 2731 2813
f 2805 2813 2806
f 2806 2813 2814
f 2806 2814 2807
f 2807 2814 2815
f 2807 2815 2808
f 2808 2815 2816
f 2808 2816 2809
f 2809 2816 2817
f 2809 2817 2810
f 2810 2817 2818
f 2810 2818 2811
f 2811 2818 2819
f 2811 2819 2812
f 2812 2819 2820
f 2812 2820 2740
f 2813 2731 2821
f 2813 2821 2814
f 2814 2821 2822
f 2814 2822 2815
f 2815 2822 2823
f 2815 2823 2816
f 2816 2823 2824
f 2816 2824 2817
f 2817 2824 2825
f 2817 2825 2818
f 2818 2825 2826
f 2818 2826 2819
f 2819 2826 2827
f 2819 2827 2820
f 2820 2827 2828
f 2820 2828 2740
f 2821 2731 2829
f 2821 2829 2822
f 2822 2829 2830
f 2822 2830 2823
f 2823 2830 2831
f 2823 2831 2824
f 2824 2831 2832
f 2824 2832 2825
f 2825 2832 2833
f 2825 2833 2826
f 2826 2833 2834
f 2826 2834 2827
f 2827 2834 2835
f 2827 2835 2828
f 2828 2835 2836
f 2828 2836 2740
f 2829 2731 2837
f 2829 2837 2830
f 2830 2837 2838
f 2830 2838 2831
f 2831 2838 2839
f 2831 2839 2832
f 2832 2839 2840
f 2832 2840 2833
f 2833 2840 2841
f 2833 2841 2834
f 2834 2841 2842
f 2834 2842 2835
f 2835 2842 2843
f 2835 2843 2836
f 2836 2843 2844
f 2836 2844 2740
f 2837 2731 2845
f 2837 2845 2838
f 2838 2845 2846
f 2838 2846 2839
f 2839 2846 2847
f 2839 2847 2840
f 2840 2847 2848
f 2840 2848 2841
f 2841 2848 2849
f 2841 2849 2842
f 2842 2849 2850
f 2842 2850 2843
f 2843 2850 2851
f 2843 2851 2844
f 2844 2851 2852
f 2844 2852 2740
f 2845 2731 2853
f 2845 2853 2846
f 2846 2853 2854
f 2846 2854 2847
f 2847 2854 2855
f 2847 2855 2848
f 2848 2855 2856
f 2848 2856 2849
f 2849 2856 2857
f 2849 2857 2850
f 2850 2857 2858
f 2850 2858 2851
f 2851 2858 2859
f 2851 2859 2852
f 2852 2859 2860
f 2852 2860 2740
f 2853 2731 2732
f 2853 2732 2854
f 2854 2732 2733
f 2854 2733 2855
f 2855 2733 2734
f 2855 2734 2856
f 2856 2734 2735
f 2856 2735 2857
f 2857 2735 2736
f 2857 2736 2858
f 2858 2736 2737
f 2858 2737 2859
f 2859 2737 2738
f 2859 2738 2860
f 2860 2738 2739
f 2860 2739 2740
f 2862 2861 2871
f 2862 2871 2863
f 2863 2871 2872
f 2863 2872 2864
f 2864 2872 2873
f 2864 2873 2865
f 2865 2873 2874
f 2865 2874 2866
f 2866 2874 2875
f 2866 2875 2867
f 2867 2875 2876
f 2867 2876 2868
f 2868 2876 2877
f 2868 2877 2869
f 2869 2877 2878
f 2869 2878 2870
f 2871 2861 2879
f 2871 2879 2872
f 2872 2879 2880
f 2872 2880 2873
f 2873 2880 2881
f 2873 2881 2874
f 2874 2881 2882
f 2874 2882 2875
f 2875 2882 2883
f 2875 2883 2876
f 2876 2883 2884
f 2876 2884 2877
f 2877 2884 2885
f 2877 2885 2878
f 2878 2885 2886
f 2878 2886 2870
f 2879 2861 2887
f 2879 2887 2880
f 2880 2887 2888
f 2880 2888 2881
f 2881 2888 2889
f 2881 2889 2882
f 2882 2889 2890
f 2882 2890 2883
f 2883 2890 2891
f 2883 2891 2884
f 2884 2891 2892
f 2884 2892 2885
f 2885 2892 2893
f 2885 2893 2886
f 2886 2893 2894
f 2886 2894 2870
f 2887 2861 2895
f 2887 2895 2888
f 2888 2895 2896
f 2888 2896 2889
f 2889 2896 2897
f 2889 2897 2890
f 2890 2897 2898
f 2890 2898 2891
f 2891 2898 2899
f 2891 2899 2892
f 2892 2899 2900
f 2892 2900 2893
f 2893 2900 2901
f 2893 2901 2894
f 2894 2901 2902
f 2894 2902 2870
f 2895 2861 2903
f 2895 2903 2896
f 2896 2903 2904
f 2896 2904 2897
f 2897 2904 2905
f 2897 2905 2898
f 2898 2905 2906
f 2898 2906 2899
f 2899 2906 2907
f 2899 2907 2900
f 2900 2907 2908
f 2900 2908 2901
f 2901 2908 2909
f 2901 2909 2902
f 2902 2909 2910
f 2902 2910 2870
f 2903 2861 2911
f 2903 2911 2904
f 2904 2911 2912
f 2904 2912 2905
f 2905 2912 2913
f 2905 2913 2906
f 2906 2913 2914
f 2906 2914 2907
f 2907 2914 2915
f 2907 2915 2908
f 2908 2915 2916
f 2908 2916 2909
f 2909 2916 2917
f 2909 2917 2910
f 2910 2917 2918
f 2910 2918 2870
f 2911 2861 2919
f 2911 2919 2912
f 2912 2919 2920
f 2912 2920 2913
f 2913 2920 2921
f 2913 2921 2914
f 2914 2921 2922
f 2914 2922 2915
f 2915 2922 2923
f 2915 2923 2916
f 2916 2923 2924
f 2916 2924 2917
f 2917 2924 2925
f 2917 2925 2918
f 2918 2925 2926
f 2918 2926 2870
f 2919 2861 2927
f 2919 2927 2920
f 2920 2927 2928
f 2920 2928 2921
f 2921 2928 2929
f 2921 2929 2922
f 2922 2929 2930
f 2922 2930 2923
f 2923 2930 2931
f 2923 2931 2924
f 2924 2931 2932
f 2924 2932 2925
f 2925 2932 2933
f 2925 2933 2926
f 2926 2933 2934
f 2926 2934 2870
f 2927 2861 2935
f 2927 2935 2928
f 2928 2935 2936
f 2928 2936 2929
f 2929 2936 2937
f 2929 2937 2930
f 2930 2937 2938
f 2930 2938 2931
f 2931 2938 2939
f 2931 2939 2932
f 2932 2939 2940
f 2932 2940 2933
f 2933 2940 2941
f 2933 2941 2934
f 2934 2941 2942
f 2934 2942 2870
f 2935 2861 2943
f 2935 2943 2936
f 2936 2943 2944
f 2936 2944 2937
f 2937 2944 2945
f 2937 2945 2938
f 2938 2945 2946
f 2938 2946 2939
f 2939 2946 2947
f 2939 2947 2940
f 2940 2947 2948
f 2940 2948 2941
f 2941 2948 2949
f 2941 2949 2942
f 2942 2949 2950
f 2942 2950 2870
f 2943 2861 2951
f 2943 2951 2944
f 2944 2951 2952
f 2944 2952 2945
f 2945 2952 2953
f 2945 2953 2946
f 2946 2953 2954
f 2946 2954 2947
f 2947 2954 2955
f 2947 2955 2948
f 2948 2955 2956
f 2948 2956 2949
f 2949 2956 2957
f 2949 2957 2950
f 2950 2957 2958
f 2950 2958 2870
f 2951 2861 2959
f 2951 2959 2952
f 2952 2959 2960
f 2952 2960 2953
f 2953 2960 2961
f 2953 2961 2954
f 2954 2961 2962
f 2954 2962 2955
f 2955 2962 2963
f 2955 2963 2956
f 2956 2963 2964
f 2956 2964 2957
f 2957 2964 2965
f 2957 2965 2958
f 2958 2965 2966
f 2958 2966 2870
f 2959 2861 2967
f 2959 2967 2960
f 2960 2967 2968
f 2960 2968 2961
f 2961 2968 2969
f 2961 2969 2962
f 2962 2969 2970
f 2962 2970 2963
f 2963 2970 2971
f 2963 2971 2964
f 2964 2971 2972
f 2964 2972 2965
f 2965 2972 2973
f 2965 2973 2966
f 2966 2973 2974
f 2966 2974 2870
f 2967 2861 2975
f 2967 2975 2968
f 2968 2975 2976
f 2968 2976 2969
f 2969 2976 2977
f 2969 2977 2970
f 2970 2977 2978
f 2970 2978 2971
f 2971 2978 2979
f 2971 2979 2972
f 2972 2979 2980
f 2972 2980 2973
f 2973 2980 2981
f 2973 2981 2974
f 2974 2981 2982
f 2974 2982 2870
f 2975 2861 2983
f 2975 2983 2976
f 2976 2983 2984
f 2976 2984 2977
f 2977 2984 2985
f 2977 2985 2978
f 2978 2985 2986
f 2978 2986 2979
f 2979 2986 2987
f 2979 2987 2980
f 2980 2987 2988
f 2980 2988 2981
f 2981 2988 2989
f 2981 2989 2982
f 2982 2989 2990
f 2982 2990 2870
f 2983 2861 2862
f 2983 2862 2984
f 2984 2862 2863
f 2984 2863 2985
f 2985 2863 2864
f 2985 2864 2986
f 2986 2864 2865
f 2986 2865 2987
f 2987 2865 2866
f 2987 2866 2988
f 2988 2866 2867
f 2988 2867 2989
f 2989 2867 2868
f 2989 2868 2990
f 2990 2868 2869
f 2990 2869 2870
f 2992 2991 3001
f 2992 3001 2993
f 2993 3001 3002
f 2993 3002 2994
f 2994 3002 3003
f 2994 3003 2995
f 2995 3003 3004
f 2995 3004 2996
f 2996 3004 3005
f 2996 3005 2997
f 2997 3005 3006
f 2997 3006 2998
f 2998 3006 3007
f 2998 3007 2999
f 2999 3007 3008
f 2999 3008 3000
f 3001 2991 3009
f 3001 3009 3002
f 3002 3009 3010
f 3002 3010 3003
f 3003 3010 3011
f 3003 3011 3004
f 3004 3011 3012
f 3004 3012 3005
f 3005 3012 3013
f 3005 3013 3006
f 3006 3013 3014
f 3006 3014 3007
f 3007 3014 3015
f 3007 3015 3008
f 3008 3015 3016
f 3008 3016 3000
f 3009 2991 3017
f 3009 3017 3010
f 3010 3017 3018
f 3010 3018 3011
f 3011 3018 3019
f 3011 3019 3012
f 3012 3019 3020
f 3012 3020 3013
f 3013 3020 3021
f 3013 3021 3014
f 3014 3021 3022
f 3014 3022 3015
f 3015 3022 3023
f 3015 3023 3016
f 3016 3023 3024
f 3016 3024 3000
f 3017 2991 3025
f 3017 3025 3018
f 3018 3025 3026
f 3018 3026 3019
f 3019 3026 3027
f 3019 3027 3020
f 3020 3027 3028
f 3020 3028 3021
f 3021 3028 3029
f 3021 3029 3022
f 3022 3029 3030
f 3022 3030 3023
f 3023 3030 3031
f 3023 3031 3024
f 3024 3031 3032
f 3024 3032 3000
f 3025 2991 3033
f 3025 3033 3026
f 3026 3033 3034
f 3026 3034 3027
f 3027 3034 3035
f 3027 3035 3028
f 3028 3035 3036
f 3028 3036 3029
f 3029 3036 3037
f 3029 3037 3030
f 3030 3037 3038
f 3030 3038 3031
f 3031 3038 3039
f 3031 3039 3032
f 3032 3039 3040
f 3032 3040 3000
f 3033 2991 3041
f 3033 3041 3034
f 3034 3041 3042
f 3034 3042 3035
f 3035 3042 3043
f 3035 3043 3036
f 3036 3043 3044
f 3036 3044 3037
f 3037 3044 3045
f 3037 3045 3038
f 3038 3045 3046
f 3038 3046 3039
f 3039 3046 3047
f 3039 3047 3040
f 3040 3047 3048
f 3040 3048 3000
f 3041 2991 3049
f 3041 3049 3042
f 3042 3049 3050
f 3042 3050 3043
f 3043 3050 3051
f 3043 3051 3044
f 3044 3051 3052
f 3044 3052 3045
f 3045 3052 3053
f 3045 3053 3046
f 3046 3053 3054
f 3046 3054 3047
f 3047 3054 3055
f 3047 3055 3048
f 3048 3055 3056
f 3048 3056 3000
f 3049 2991 3057
f 3049 3057 3050
f 3050 3057 3058
f 3050 3058 3051
f 3051 3058 3059
f 3051 3059 3052
f 3052 3059 3060
f 3052 3060 3053
f 3053 3060 3061
f 3053 3061 3054
f 3054 3061 3062
f 3054 3062 3055
f 3055 3062 3063
f 3055 3063 3056
f 3056 3063 3064
f 3056 3064 3000
f 3057 2991 3065
f 3057 3065 3058
f 3058 3065 3066
f 3058 3066 3059
f 3059 3066 3067
f 3059 3067 3060
f 3060 3067 3068
f 3060 3068 3061
f 3061 3068 3069
f 3061 3069 3062
f 3062 3069 3070
f 3062 3070 3063
f 3063 3070 3071
f 3063 3071 3064
f 3064 3071 3072
f 3064 3072 3000
f 3065 2991 3073
f 3065 3073 3066
f 3066 3073 3074
f 3066 3074 3067
f 3067 3074 3075
f 3067 3075 3068
f 3068 3075 3076
f 3068 3076 3069
f 3069 3076 3077
f 3069 3077 3070
f 3070 3077 3078
f 3070 3078 3071
f 3071 3078 3079
f 3071 3079 3072
f 3072 3079 3080
f 3072 3080 3000
f 3073 2991 3081
f 3073 3081 3074
f 3074 3081 3082
f 3074 3082 3075
f 3075 3082 3083
f 3075 3083 3076
f 3076 3083 3084
f 3076 3084 3077
f 3077 3084 3085
f 3077 3085 3078
f 3078 3085 3086
f 3078 3086 3079
f 3079 3086 3087
f 3079 3087 3080
f 3080 3087 3088
f 3080 3088 3000
f 3081 2991 3089
f 3081 3089 3082
f 3082 3089 3090
f 3082 3090 3083
f 3083 3090 3091
f 3083 3091 3084
f 3084 3091 3092
f 3084 3092 3085
f 3085 3092 3093
f 3085 3093 3086
f 3086 3093 3094
f 3086 3094 3087
f 3087 3094 3095
f 3087 3095 3088
f 3088 3095 3096
f 3088 3096 3000
f 3089 2991 3097
f 3089 3097 3090
f 3090 3097 3098
f 3090 3098 3091
f 3091 3098 3099
f 3091 3099 3092
f 3092 3099 3100
f 3092 3100 3093
f 3093 3100 3101
f 3093 3101 3094
f 3094 3101 3102
f 3094 3102 3095
f 3095 3102 3103
f 3095 3103 3096
f 3096 3103 3104
f 3096 3104 3000
f 3097 2991 3105
f 3097 3105 3098
f 3098 3105 3106
f 3098 3106 3099
f 3099 3106 3107
f 3099 3107 3100
f 3100 3107 3108
f 3100 3108 3101
f 3101 3108 3109
f 3101 3109 3102
f 3102 3109 3110
f 3102 3110 3103
f 3103 3110 3111
f 3103 3111 3104
f 3104 3111 3112
f 3104 3112 3000
f 3105 2991 3113
f 3105 3113 3106
f 3106 3113 3114
f 3106 3114 3107
f 3107 3114 3115
f 3107 3115 3108
f 3108 3115 3116
f 3108 3116 3109
f 3109 3116 3117
f 3109 3117 3110
f 3110 3117 3118
f 3110 3118 3111
f 3111 3118 3119
f 3111 3119 3112
f 3112 3119 3120
f 3112 3120 3000
f 3113 2991 2992
f 3113 2992 3114
f 3114 2992 2993
f 3114 2993 3115
f 3115 2993 2994
f 3115 2994 3116
f 3116 2994 2995
f 3116 2995 3117
f 3117 2995 2996
f 3117 2996 3118
f 3118 2996 2997
f 3118 2997 3119
f 3119 2997 2998
f 3119 2998 3120
f 3120 2998 2999
f 3120 2999 3000
f 3122 3121 3131
f 3122 3131 3123
f 3123 3131 3132
f 3123 3132 3124
f 3124 3132 3133
f 3124 3133 3125
f 3125 3133 3134
f 3125 3134 3126
f 3126 3134 3135
f 3126 3135 3127
f 3127 3135 3136
f 3127 3136 3128
f 3128 3136 3137
f 3128 3137 3129
f 3129 3137 3138
f 3129 3138 3130
f 3131 3121 3139
f 3131 3139 3132
f 3132 3139 3140
f 3132 3140 3133
f 3133 3140 3141
f 3133 3141 3134
f 3134 3141 3142
f 3134 3142 3135
f 3135 3142 3143
f 3135 3143 3136
f 3136 3143 3144
f 3136 3144 3137
f 3137 3144 3145
f 3137 3145 3138
f 3138 3145 3146
f 3138 3146 3130
f 3139 3121 3147
f 3139 3147 3140
f 3140 3147 3148
f 3140 3148 3141
f 3141 3148 3149
f 3141 3149 3142
f 3142 3149 3150
f 3142 3150 3143
f 3143 3150 3151
f 3143 3151 3144
f 3144 3151 3152
f 3144 3152 3145
f 3145 3152 3153
f 3145 3153 3146
f 3146 3153 3154
f 3146 3154 3130
f 3147 3121 3155
f 3147 3155 3148
f 3148 3155 3156
f 3148 3156 3149
f 3149 3156 3157
f 3149 3157 3150
f 3150 3157 3158
f 3150 3158 3151
f 3151 3158 3159
f 3151 3159 3152
f 3152 3159 3160
f 3152 3160 3153
f 3153 3160 3161
f 3153 3161 3154
f 3154 3161 3162
f 3154 3162 3130
f 3155 3121 3163
f 3155 3163 3156
f 3156 3163 3164
f 3156 3164 3157
f 3157 3164 3165
f 3157 3165 3158
f 3158 3165 3166
f 3158 3166 3159
f 3159 3166 3167
f 3159 3167 3160
f 3160 3167 3168
f 3160 3168 3161
f 3161 3168 3169
f 3161 3169 3162
f 3162 3169 3170
f 3162 3170 3130
f 3163 3121 3171
f 3163 3171 3164
f 3164 3171 3172
f 3164 3172 3165
f 3165 3172 3173
f 3165 3173 3166
f 3166 3173 3174
f 3166 3174 3167
f 3167 3174 3175
f 3167 3175 3168
f 3168 3175 3176
f 3168 3176 3169
f 3169 3176 3177
f 3169 3177 3170
f 3170 3177 3178
f 3170 3178 3130
f 3171 3121 3179
f 3171 3179 3172
f 3172 3179 3180
f 3172 3180 3173
f 3173 3180 3181
f 3173 3181 3174
f 3174 3181 3182
f 3174 3182 3175
f 3175 3182 3183
f 3175 3183 3176
f 3176 3183 3184
f 3176 3184 3177
f 3177 3184 3185
f 3177 3185 3178
f 3178 3185 3186
f 3178 3186 3130
f 3179 3121 3187
f 3179 3187 3180
f 3180 3187 3188
f 3180 3188 3181
f 3181 3188 3189
f 3181 3189 3182
f 3182 3189 3190
f 3182 3190 3183
f 3183 3190 3191
f 3183 3191 3184
f 3184 3191 3192
f 3184 3192 3185
f 3185 3192 3193
f 3185 3193 3186
f 3186 3193 3194
f 3186 3194 3130
f 3187 3121 3195
f 3187 3195 3188
f 3188 3195 3196
f 3188 3196 3189
f 3189 3196 3197
f 3189 3197 3190
f 3190 3197 3198
f 3190 3198 3191
f 3191 3198 3199
f 3191 3199 3192
f 3192 3199 3200
f 3192 3200 3193
f 3193 3200 3201
f 3193 3201 3194
f 3194 3201 3202
f 3194 3202 3130
f 3195 3121 3203
f 3195 3203 3196
f 3196 3203 3204
f 3196 3204 3197
f 3197 3204 3205
f 3197 3205 3198
f 3198 3205 3206
f 3198 3206 3199
f 3199 3206 3207
f 3199 3207 3200
f 3200 3207 3208
f 3200 3208 3201
f 3201 3208 3209
f 3201 3209 3202
f 3202 3209 3210
f 3202 3210 3130
f 3203 3121 3211
f 3203 3211 3204
f 3204 3211 3212
f 3204 3212 3205
f 3205 3212 3213
f 3205 3213 3206
f 3206 3213 3214
f 3206 3214 3207
f 3207 3214 3215
f 3207 3215 3208
f 3208 3215 3216
f 3208 3216 3209
f 3209 3216 3217
f 3209 3217 3210
f 3210 3217 3218
f 3210 3218 3130
f 3211 3121 3219
f 3211 3219 3212
f 3212 3219 3220
f 3212 3220 3213
f 3213 3220 3221
f 3213 3221 3214
f 3214 3221 3222
f 3214 3222 3215
f 3215 3222 3223
f 3215 3223 3216
f 3216 3223 3224
f 3216 3224 3217
f 3217 3224 3225
f 3217 3225 3218
f 3218 3225 3226
f 3218 3226 3130
f 3219 3121 3227
f 3219 3227 3220
f 3220 3227 3228
f 3220 3228 3221
f 3221 3228 3229
f 3221 3229 3222
f 3222 3229 3230
f 3222 3230 3223
f 3223 3230 3231
f 3223 3231 3224
f 3224 3231 3232
f 3224 3232 3225
f 3225 3232 3233
f 3225 3233 3226
f 3226 3233 3234
f 3226 3234 3130
f 3227 3121 3235
f 3227 3235 3228
f 3228 3235 3236
f 3228 3236 3229
f 3229 3236 3237
f 3229 3237 3230
f 3230 3237 3238
f 3230 3238 3231
f 3231 3238 3239
f 3231 3239 3232
f 3232 3239 3240
f 3232 3240 3233
f 3233 3240 3241
f 3233 3241 3234
f 3234 3241 3242
f 3234 3242 3130
f 3235 3121 3243
f 3235 3243 3236
f 3236 3243 3244
f 3236 3244 3237
f 3237 3244 3245
f 3237 3245 3238
f 3238 3245 3246
f 3238 3246 3239
f 3239 3246 3247
f 3239 3247 3240
f 3240 3247 3248
f 3240 3248 3241
f 3241 3248 3249
f 3241 3249 3242
f 3242 3249 3250
f 3242 3250 3130
f 3243 3121 3122
f 3243 3122 3244
f 3244 3122 3123
f 3244 3123 3245
f 3245 3123 3124
f 3245 3124 3246
f 3246 3124 3125
f 3246 3125 3247
f 3247 3125 3126
f 3247 3126 3248
f 3248 3126 3127
f 3248 3127 3249
f 3249 3127 3128
f 3249 3128 3250
f 3250 3128 3129
f 3250 3129 3130
f 3252 3251 3261
f 3252 3261 3253
f 3253 3261 3262
f 3253 3262 3254
f 3254 3262 3263
f 3254 3263 3255
f 3255 3263 3264
f 3255 3264 3256
f 3256 3264 3265
f 3256 3265 3257
f 3257 3265 3266
f 3257 3266 3258
f 3258 3266 3267
f 3258 3267 3259
f 3259 3267 3268
f 3259 3268 3260
f 3261 3251 3269
f 3261 3269 3262
f 3262 3269 3270
f 3262 3270 3263
f 3263 3270 3271
f 3263 3271 3264
f 3264 3271 3272
f 3264 3272 3265
f 3265 3272 3273
f 3265 3273 3266
f 3266 3273 3274
f 3266 3274 3267
f 3267 3274 3275
f 3267 3275 3268
f 3268 3275 3276
f 3268 3276 3260
f 3269 3251 3277
f 3269 3277 3270
f 3270 3277 3278
f 3270 3278 3271
f 3271 3278 3279
f 3271 3279 3272
f 3272 3279 3280
f 3272 3280 3273
f 3273 3280 3281
f 3273 3281 3274
f 3274 3281 3282
f 3274 3282 3275
f 3275 3282 3283
f 3275 3283 3276
f 3276 3283 3284
f 3276 3284 3260
f 3277 3251 3285
f 3277 3285 3278
f 3278 3285 3286
f 3278 3286 3279
f 3279 3286 3287
f 3279 3287 3280
f 3280 3287 3288
f 3280 3288 3281
f 3281 3288 3289
f 3281 3289 3282
f 3282 3289 3290
f 3282 3290 3283
f 3283 3290 3291
f 3283 3291 3284
f 3284 3291 3292
f 3284 3292 3260
f 3285 3251 3293
f 3285 3293 3286
f 3286 3293 3294
f 3286 3294 3287
f 3287 3294 3295
f 3287 3295 3288
f 3288 3295 3296
f 3288 3296 3289
f 3289 3296 3297
f 3289 3297 3290
f 3290 3297 3298
f 3290 3298 3291
f 3291 3298 3299
f 3291 3299 3292
f 3292 3299 3300
f 3292 3300 3260
f 3293 3251 3301
f 3293 3301 3294
f 3294 3301 3302
f 3294 3302 3295
f 3295 3302 3303
f 3295 3303 3296
f 3296 3303 3304
f 3296 3304 3297
f 3297 3304 3305
f 3297 3305 3298
f 3298 3305 3306
f 3298 3306 3299
f 3299 3306 3307
f 3299 3307 3300
f 3300 3307 3308
f 3300 3308 3260
f 3301 3251 3309
f 3301 3309 3302
f 3302 3309 3310
f 3302 3310 3303
f 3303 3310 3311
f 3303 3311 3304
f 3304 3311 3312
f 3304 3312 3305
f 3305 3312 3313
f 3305 3313 3306
f 3306 3313 3314
f 3306 3314 3307
f 3307 3314 3315
f 3307 3315 3308
f 3308 3315 3316
f 3308 3316 3260
f 3309 3251 3317
f 3309 3317 3310
f 3310 3317 3318
f 3310 3318 3311
f 3311 3318 3319
f 3311 3319 3312
f 3312 3319 3320
f 3312 3320 3313
f 3313 3320 3321
f 3313 3321 3314
f 3314 3321 3322
f 3314 3322 3315
f 3315 3322 3323
f 3315 3323 3316
f 3316 3323 3324
f 3316 3324 3260
f 3317 3251 3325
f 3317 3325 3318
f 3318 3325 3326
f 3318 3326 3319
f 3319 3326 3327
f 3319 3327 3320
f 3320 3327 3328
f 3320 3328 3321
f 3321 3328 3329
f 3321 3329 3322
f 3322 3329 3330
f 3322 3330 3323
f 3323 3330 3331
f 3323 3331 3324
f 3324 3331 3332
f 3324 3332 3260
f 3325 3251 3333
f 3325 3333 3326
f 3326 3333 3334
f 3326 3334 3327
f 3327 3334 3335
f 3327 3335 3328
f 3328 3335 3336
f 3328 3336 3329
f 3329 3336 3337
f 3329 3337 3330
f 3330 3337 3338
f 3330 3338 3331
f 3331 3338 3339
f 3331 3339 3332
f 3332 3339 3340
f 3332 3340 3260
f 3333 3251 3341
f 3333 3341 3334
f 3334 3341 3342
f 3334 3342 3335
f 3335 3342 3343
f 3335 3343 3336
f 3336 3343 3344
f 3336 3344 3337
f 3337 3344 3345
f 3337 3345 3338
f 3338 3345 3346
f 3338 3346 3339
f 3339 3346 3347
f 3339 3347 3340
f 3340 3347 3348
f 3340 3348 3260
f 3341 3251 3349
f 3341 3349 3342
f 3342 3349 3350
f 3342 3350 3343
f 3343 3350 3351
f 3343 3351 3344
f 3344 3351 3352
f 3344 3352 3345
f 3345 3352 3353
f 3345 3353 3346
f 3346 3353 3354
f 3346 3354 3347
f 3347 3354 3355
f 3347 3355 3348
f 3348 3355 3356
f 3348 3356 3260
f 3349 3251 3357
f 3349 3357 3350
f 3350 3357 3358
f 3350 3358 3351
f 3351 3358 3359
f 3351 3359 3352
f 3352 3359 3360
f 3352 3360 3353
f 3353 3360 3361
f 3353 3361 3354
f 3354 3361 3362
f 3354 3362 3355
f 3355 3362 3363
f 3355 3363 3356
f 3356 3363 3364
f 3356 3364 3260
f 3357 3251 3365
f 3357 3365 3358
f 3358 3365 3366
f 3358 3366 3359
f 3359 3366 3367
f 3359 3367 3360
f 3360 3367 3368
f 3360 3368 3361
f 3361 3368 3369
f 3361 3369 3362
f 3362 3369 3370
f 3362 3370 3363
f 3363 3370 3371
f 3363 3371 3364
f 3364 3371 3372
f 3364 3372 3260
f 3365 3251 3373
f 3365 3373 3366
f 3366 3373 3374
f 3366 3374 3367
f 3367 3374 3375
f 3367 3375 3368
f 3368 3375 3376
f 3368 3376 3369
f 3369 3376 3377
f 3369 3377 3370
f 3370 3377 3378
f 3370 3378 3371
f 3371 3378 3379
f 3371 3379 3372
f 3372 3379 3380
f 3372 3380 3260
f 3373 3251 3252
f 3373 3252 3374
f 3374 3252 3253
f 3374 3253 3375
f 3375 3253 3254
f 3375 3254 3376
f 3376 3254 3255
f 3376 3255 3377
f 3377 3255 3256
f 3377 3256 3378
f 3378 3256 3257
f 3378 3257 3379
f 3379 3257 3258
f 3379 3258 3380
f 3380 3258 3259
f 3380 3259 3260
f 3382 3381 3391
f 3382 3391 3383
f 3383 3391 3392
f 3383 3392 3384
f 3384 3392 3393
f 3384 3393 3385
f 3385 3393 3394
f 3385 3394 3386
f 3386 3394 3395
f 3386 3395 3387
f 3387 3395 3396
f 3387 3396 3388
f 3388 3396 3397
f 3388 3397 3389
f 3389 3397 3398
f 3389 3398 3390
f 3391 3381 3399
f 3391 3399 3392
f 3392 3399 3400
f 3392 3400 3393
f 3393 3400 3401
f 3393 3401 3394
f 3394 3401 3402
f 3394 3402 3395
f 3395 3402 3403
f 3395 3403 3396
f 3396 3403 3404
f 3396 3404 3397
f 3397 3404 3405
f 3397 3405 3398
f 3398 3405 3406
f 3398 3406 3390
f 3399 3381 3407
f 3399 3407 3400
f 3400 3407 3408
f 3400 3408 3401
f 3401 3408 3409
f 3401 3409 3402
f 3402 3409 3410
f 3402 3410 3403
f 3403 3410 3411
f 3403 3411 3404
f 3404 3411 3412
f 3404 3412 3405
f 3405 3412 3413
f 3405 3413 3406
f 3406 3413 3414
f 3406 3414 3390
f 3407 3381 3415
f 3407 3415 3408
f 3408 3415 3416
f 3408 3416 3409
f 3409 3416 3417
f 3409 3417 3410
f 3410 3417 3418
f 3410 3418 3411
f 3411 3418 3419
f 3411 3419 3412
f 3412 3419 3420
f 3412 3420 3413
f 3413 3420 3421
f 3413 3421 3414
f 3414 3421 3422
f 3414 3422 3390
f 3415 3381 3423
f 3415 3423 3416
f 3416 3423 3424
f 3416 3424 3417
f 3417 3424 3425
f 3417 3425 3418
f 3418 3425 3426
f 3418 3426 3419
f 3419 3426 3427
f 3419 3427 3420
f 3420 3427 3428
f 3420 3428 3421
f 3421 3428 3429
f 3421 3429 3422
f 3422 3429 3430
f 3422 3430 3390
f 3423 3381 3431
f 3423 3431 3424
f 3424 3431 3432
f 3424 3432 3425
f 3425 3432 3433
f 3425 3433 3426
f 3426 3433 3434
f 3426 3434 3427
f 3427 3434 3435
f 3427 3435 3428
f 3428 3435 3436
f 3428 3436 3429
f 3429 3436 3437
f 3429 3437 3430
f 3430 3437 3438
f 3430 3438 3390
f 3431 3381 3439
f 3431 3439 3432
f 3432 3439 3440
f 3432 3440 3433
f 3433 3440 3441
f 3433 3441 3434
f 3434 3441 3442
f 3434 3442 3435
f 3435 3442 3443
f 3435 3443 3436
f 3436 3443 3444
f 3436 3444 3437
f 3437 3444 3445
f 3437 3445 3438
f 3438 3445 3446
f 3438 3446 3390
f 3439 3381 3447
f 3439 3447 3440
f 3440 3447 3448
f 3440 3448 3441
f 3441 3448 3449
f 3441 3449 3442
f 3442 3449 3450
f 3442 3450 3443
f 3443 3450 3451
f 3443 3451 3444
f 3444 3451 3452
f 3444 3452 3445
f 3445 3452 3453
f 3445 3453 3446
f 3446 3453 3454
f 3446 3454 3390
f 3447 3381 3455
f 3447 3455 3448
f 3448 3455 3456
f 3448 3456 3449
f 3449 3456 3457
f 3449 3457 3450
f 3450 3457 3458
f 3450 3458 3451
f 3451 3458 3459
f 3451 3459 3452
f 3452 3459 3460
f 3452 3460 3453
f 3453 3460 3461
f 3453 3461 3454
f 3454 3461 3462
f 3454 3462 3390
f 3455 3381 3463
f 3455 3463 3456
f 3456 3463 3464
f 3456 3464 3457
f 3457 3464 3465
f 3457 3465 3458
f 3458 3465 3466
f 3458 3466 3459
f 3459 3466 3467
f 3459 3467 3460
f 3460 3467 3468
f 3460 3468 3461
f 3461 3468 3469
f 3461 3469 3462
f 3462 3469 3470
f 3462 3470 3390
f 3463 3381 3471
f 3463 3471 3464
f 3464 3471 3472
f 3464 3472 3465
f 3465 3472 3473
f 3465 3473 3466
f 3466 3473 3474
f 3466 3474 3467
f 3467 3474 3475
f 3467 3475 3468
f 3468 3475 3476
f 3468 3476 3469
f 3469 3476 3477
f 3469 3477 3470
f 3470 3477 3478
f 3470 3478 3390
f 3471 3381 3479
f 3471 3479 3472
f 3472 3479 3480
f 3472 3480 3473
f 3473 3480 3481
f 3473 3481 3474
f 3474 3481 3482
f 3474 3482 3475
f 3475 3482 3483
f 3475 3483 3476
f 3476 3483 3484
f 3476 3484 3477
f 3477 3484 3485
f 3477 3485 3478
f 3478 3485 3486
f 3478 3486 3390
f 3479 3381 3487
f 3479 3487 3480
f 3480 3487 3488
f 3480 3488 3481
f 3481 3488 3489
f 3481 3489 3482
f 3482 3489 3490
f 3482 3490 3483
f 3483 3490 3491
f 3483 3491 3484
f 3484 3491 3492
f 3484 3492 3485
f 3485 3492 3493
f 3485 3493 3486
f 3486 3493 3494
f 3486 3494 3390
f 3487 3381 3495
f 3487 3495 3488
f 3488 3495 3496
f 3488 3496 3489
f 3489 3496 3497
f 3489 3497 3490
f 3490 3497 3498
f 3490 3498 3491
f 3491 3498 3499
f 3491 3499 3492
f 3492 3499 3500
f 3492 3500 3493
f 3493 3500 3501
f 3493 3501 3494
f 3494 3501 3502
f 3494 3502 3390
f 3495 3381 3503
f 3495 3503 3496
f 3496 3503 3504
f 3496 3504 3497
f 3497 3504 3505
f 3497 3505 3498
f 3498 3505 3506
f 3498 3506 3499
f 3499 3506 3507
f 3499 3507 3500
f 3500 3507 3508
f 3500 3508 3501
f 3501 3508 3509
f 3501 3509 3502
f 3502 3509 3510
f 3502 3510 3390
f 3503 3381 3382
f 3503 3382 3504
f 3504 3382 3383
f 3504 3383 3505
f 3505 3383 3384
f 3505 3384 3506
f 3506 3384 3385
f 3506 3385 3507
f 3507 3385 3386
f 3507 3386 3508
f 3508 3386 3387
f 3508 3387 3509
f 3509 3387 3388
f 3509 3388 3510
f 3510 3388 3389
f 3510 3389 3390
f 3512 3511 3521
f 3512 3521 3513
f 3513 3521 3522
f 3513 3522 3514
f 3514 3522 3523
f 3514 3523 3515
f 3515 3523 3524
f 3515 3524 3516
f 3516 3524 3525
f 3516 3525 3517
f 3517 3525 3526
f 3517 3526 3518
f 3518 3526 3527
f 3518 3527 3519
f 3519 3527 3528
f 3519 3528 3520
f 3521 3511 3529
f 3521 3529 3522
f 3522 3529 3530
f 3522 3530 3523
f 3523 3530 3531
f 3523 3531 3524
f 3524 3531 3532
f 3524 3532 3525
f 3525 3532 3533
f 3525 3533 3526
f 3526 3533 3534
f 3526 3534 3527
f 3527 3534 3535
f 3527 3535 3528
f 3528 3535 3536
f 3528 3536 3520
f 3529 3511 3537
f 3529 3537 3530
f 3530 3537 3538
f 3530 3538 3531
f 3531 3538 3539
f 3531 3539 3532
f 3532 3539 3540
f 3532 3540 3533
f 3533 3540 3541
f 3533 3541 3534
f 3534 3541 3542
f 3534 3542 3535
f 3535 3542 3543
f 3535 3543 3536
f 3536 3543 3544
f 3536 3544 3520
f 3537 3511 3545
f 3537 3545 3538
f 3538 3545 3546
f 3538 3546 3539
f 3539 3546 3547
f 3539 3547 3540
f 3540 3547 3548
f 3540 3548 3541
f 3541 3548 3549
f 3541 3549 3542
f 3542 3549 3550
f 3542 3550 3543
f 3543 3550 3551
f 3543 3551 3544
f 3544 3551 3552
f 3544 3552 3520
f 3545 3511 3553
f 3545 3553 3546
f 3546 3553 3554
f 3546 3554 3547
f 3547 3554 3555
f 3547 3555 3548
f 3548 3555 3556
f 3548 3556 3549
f 3549 3556 3557
f 3549 3557 3550
f 3550 3557 3558
f 3550 3558 3551
f 3551 3558 3559
f 3551 3559 3552
f 3552 3559 3560
f 3552 3560 3520
f 3553 3511 3561
f 3553 3561 3554
f 3554 3561 3562
f 3554 3562 3555
f 3555 3562 3563
f 3555 3563 3556
f 3556 3563 3564
f 3556 3564 3557
f 3557 3564 3565
f 3557 3565 3558
f 3558 3565 3566
f 3558 3566 3559
f 3559 3566 3567
f 3559 3567 3560
f 3560 3567 3568
f 3560 3568 3520
f 3561 3511 3569
f 3561 3569 3562
f 3562 3569 3570
f 3562 3570 3563
f 3563 3570 3571
f 3563 3571 3564
f 3564 3571 3572
f 3564 3572 3565
f 3565 3572 3573
f 3565 3573 3566
f 3566 3573 3574
f 3566 3574 3567
f 3567 3574 3575
f 3567 3575 3568
f 3568 3575 3576
f 3568 3576 3520
f 3569 3511 3577
f 3569 3577 3570
f 3570 3577 3578
f 3570 3578 3571
f 3571 3578 3579
f 3571 3579 3572
f 3572 3579 3580
f 3572 3580 3573
f 3573 3580 3581
f 3573 3581 3574
f 3574 3581 3582
f 3574 3582 3575
f 3575 3582 3583
f 3575 3583 3576
f 3576 3583 3584
f 3576 3584 3520
f 3577 3511 3585
f 3577 3585 3578
f 3578 3585 3586
f 3578 3586 3579
f 3579 3586 3587
f 3579 3587 3580
f 3580 3587 3588
f 3580 3588 3581
f 3581 3588 3589
f 3581 3589 3582
f 3582 3589 3590
f 3582 3590 3583
f 3583 3590 3591
f 3583 3591 3584
f 3584 3591 3592
f 3584 3592 3520
f 3585 3511 3593
f 3585 3593 3586
f 3586 3593 3594
f 3586 3594 3587
f 3587 3594 3595
f 3587 3595 3588
f 3588 3595 3596
f 3588 3596 3589
f 3589 3596 3597
f 3589 3597 3590
f 3590 3597 3598
f 3590 3598 3591
f 3591 3598 3599
f 3591 3599 3592
f 3592 3599 3600
f 3592 3600 3520
f 3593 3511 3601
f 3593 3601 3594
f 3594 3601 3602
f 3594 3602 3595
f 3595 3602 3603
f 3595 3603 3596
f 3596 3603 3604
f 3596 3604 3597
f 3597 3604 3605
f 3597 3605 3598
f 3598 3605 3606
f 3598 3606 3599
f 3599 3606 3607
f 3599 3607 3600
f 3600 3607 3608
f 3600 3608 3520
f 3601 3511 3609
f 3601 3609 3602
f 3602 3609 3610
f 3602 3610 3603
f 3603 3610 3611
f 3603 3611 3604
f 3604 3611 3612
f 3604 3612 3605
f 3605 3612 3613
f 3605 3613 3606
f 3606 3613 3614
f 3606 3614 3607
f 3607 3614 3615
f 3607 3615 3608
f 3608 3615 3616
f 3608 3616 3520
f 3609 3511 3617
f 3609 3617 3610
f 3610 3617 3618
f 3610 3618 3611
f 3611 3618 3619
f 3611 3619 3612
f 3612 3619 3620
f 3612 3620 3613
f 3613 3620 3621
f 3613 3621 3614
f 3614 3621 3622
f 3614 3622 3615
f 3615 3622 3623
f 3615 3623 3616
f 3616 3623 3624
f 3616 3624 3520
f 3617 3511 3625
f 3617 3625 3618
f 3618 3625 3626
f 3618 3626 3619
f 3619 3626 3627
f 3619 3627 3620
f 3620 3627 3628
f 3620 3628 3621
f 3621 3628 3629
f 3621 3629 3622
f 3622 3629 3630
f 3622 3630 3623
f 3623 3630 3631
f 3623 3631 3624
f 3624 3631 3632
f 3624 3632 3520
f 3625 3511 3633
f 3625 3633 3626
f 3626 3633 3634
f 3626 3634 3627
f 3627 3634 3635
f 3627 3635 3628
f 3628 3635 3636
f 3628 3636 3629
f 3629 3636 3637
f 3629 3637 3630
f 3630 3637 3638
f 3630 3638 3631
f 3631 3638 3639
f 3631 3639 3632
f 3632 3639 3640
f 3632 3640 3520
f 3633 3511 3512
f 3633 3512 3634
f 3634 3512 3513
f 3634 3513 3635
f 3635 3513 3514
f 3635 3514 3636
f 3636 3514 3515
f 3636 3515 3637
f 3637 3515 3516
f 3637 3516 3638
f 3638 3516 3517
f 3638 3517 3639
f 3639 3517 3518
f 3639 3518 3640
f 3640 3518 3519
f 3640 3519 3520
f 3642 3641 3651
f 3642 3651 3643
f 3643 3651 3652
f 3643 3652 3644
f 3644 3652 3653
f 3644 3653 3645
f 3645 3653 3654
f 3645 3654 3646
f 3646 3654 3655
f 3646 3655 3647
f 3647 3655 3656
f 3647 3656 3648
f 3648 3656 3657
f 3648 3657 3649
f 3649 3657 3658
f 3649 3658 3650
f 3651 3641 3659
f 3651 3659 3652
f 3652 3659 3660
f 3652 3660 3653
f 3653 3660 3661
f 3653 3661 3654
f 3654 3661 3662
f 3654 3662 3655
f 3655 3662 3663
f 3655 3663 3656
f 3656 3663 3664
f 3656 3664 3657
f 3657 3664 3665
f 3657 3665 3658
f 3658 3665 3666
f 3658 3666 3650
f 3659 3641 3667
f 3659 3667 3660
f 3660 3667 3668
f 3660 3668 3661
f 3661 3668 3669
f 3661 3669 3662
f 3662 3669 3670
f 3662 3670 3663
f 3663 3670 3671
f 3663 3671 3664
f 3664 3671 3672
f 3664 3672 3665
f 3665 3672 3673
f 3665 3673 3666
f 3666 3673 3674
f 3666 3674 3650
f 3667 3641 3675
f 3667 3675 3668
f 3668 3675 3676
f 3668 3676 3669
f 3669 3676 3677
f 3669 3677 3670
f 3670 3677 3678
f 3670 3678 3671
f 3671 3678 3679
f 3671 3679 3672
f 3672 3679 3680
f 3672 3680 3673
f 3673 3680 3681
f 3673 3681 3674
f 3674 3681 3682
f 3674 3682 3650
f 3675 3641 3683
f 3675 3683 3676
f 3676 3683 3684
f 3676 3684 3677
f 3677 3684 3685
f 3677 3685 3678
f 3678 3685 3686
f 3678 3686 3679
f 3679 3686 3687
f 3679 3687 3680
f 3680 3687 3688
f 3680 3688 3681
f 3681 3688 3689
f 3681 3689 3682
f 3682 3689 3690
f 3682 3690 3650
f 3683 3641 3691
f 3683 3691 3684
f 3684 3691 3692
f 3684 3692 3685
f 3685 3692 3693
f 3685 3693 3686
f 3686 3693 3694
f 3686 3694 3687
f 3687 3694 3695
f 3687 3695 3688
f 3688 3695 3696
f 3688 3696 3689
f 3689 3696 3697
f 3689 3697 3690
f 3690 3697 3698
f 3690 3698 3650
f 3691 3641 3699
f 3691 3699 3692
f 3692 3699 3700
f 3692 3700 3693
f 3693 3700 3701
f 3693 3701 3694
f 3694 3701 3702
f 3694 3702 3695
f 3695 3702 3703
f 3695 3703 3696
f 3696 3703 3704
f 3696 3704 3697
f 3697 3704 3705
f 3697 3705 3698
f 3698 3705 3706
f 3698 3706 3650
f 3699 3641 3707
f 3699 3707 3700
f 3700 3707 3708
f 3700 3708 3701
f 3701 3708 3709
f 3701 3709 3702
f 3702 3709 3710
f 3702 3710 3703
f 3703 3710 3711
f 3703 3711 3704
f 3704 3711 3712
f 3704 3712 3705
f 3705 3712 3713
f 3705 3713 3706
f 3706 3713 3714
f 3706 3714 3650
f 3707 3641 3715
f 3707 3715 3708
f 3708 3715 3716
f 3708 3716 3709
f 3709 3716 3717
f 3709 3717 3710
f 3710 3717 3718
f 3710 3718 3711
f 3711 3718 3719
f 3711 3719 3712
f 3712 3719 3720
f 3712 3720 3713
f 3713 3720 3721
f 3713 3721 3714
f 3714 3721 3722
f 3714 3722 3650
f 3715 3641 3723
f 3715 3723 3716
f 3716 3723 3724
f 3716 3724 3717
f 3717 3724 3725
f 3717 3725 3718
f 3718 3725 3726
f 3718 3726 3719
f 3719 3726 3727
f 3719 3727 3720
f 3720 3727 3728
f 3720 3728 3721
f 3721 3728 3729
f 3721 3729 3722
f 3722 3729 3730
f 3722 3730 3650
f 3723 3641 3731
f 3723 3731 3724
f 3724 3731 3732
f 3724 3732 3725
f 3725 3732 3733
f 3725 3733 3726
f 3726 3733 3734
f 3726 3734 3727
f 3727 3734 3735
f 3727 3735 3728
f 3728 3735 3736
f 3728 3736 3729
f 3729 3736 3737
f 3729 3737 3730
f 3730 3737 3738
f 3730 3738 3650
f 3731 3641 3739
f 3731 3739 3732
f 3732 3739 3740
f 3732 3740 3733
f 3733 3740 3741
f 3733 3741 3734
f 3734 3741 3742
f 3734 3742 3735
f 3735 3742 3743
f 3735 3743 3736
f 3736 3743 3744
f 3736 3744 3737
f 3737 3744 3745
f 3737 3745 3738
f 3738 3745 3746
f 3738 3746 3650
f 3739 3641 3747
f 3739 3747 3740
f 3740 3747 3748
f 3740 3748 3741
f 3741 3748 3749
f 3741 3749 3742
f 3742 3749 3750
f 3742 3750 3743
f 3743 3750 3751
f 3743 3751 3744
f 3744 3751 3752
f 3744 3752 3745
f 3745 3752 3753
f 3745 3753 3746
f 3746 3753 3754
f 3746 3754 3650
f 3747 3641 3755
f 3747 3755 3748
f 3748 3755 3756
f 3748 3756 3749
f 3749 3756 3757
f 3749 3757 3750
f 3750 3757 3758
f 3750 3758 3751
f 3751 3758 3759
f 3751 3759 3752
f 3752 3759 3760
f 3752 3760 3753
f 3753 3760 3761
f 3753 3761 3754
f 3754 3761 3762
f 3754 3762 3650
f 3755 3641 3763
f 3755 3763 3756
f 3756 3763 3764
f 3756 3764 3757
f 3757 3764 3765
f 3757 3765 3758
f 3758 3765 3766
f 3758 3766 3759
f 3759 3766 3767
f 3759 3767 3760
f 3760 3767 3768
f 3760 3768 3761
f 3761 3768 3769
f 3761 3769 3762
f 3762 3769 3770
f 3762 3770 3650
f 3763 3641 3642
f 3763 3642 3764
f 3764 3642 3643
f 3764 3643 3765
f 3765 3643 3644
f 3765 3644 3766
f 3766 3644 3645
f 3766 3645 3767
f 3767 3645 3646
f 3767 3646 3768
f 3768 3646 3647
f 3768 3647 3769
f 3769 3647 3648
f 3769 3648 3770
f 3770 3648 3649
f 3770 3649 3650
f 3772 3771 3781
f 3772 3781 3773
f 3773 3781 3782
f 3773 3782 3774
f 3774 3782 3783
f 3774 3783 3775
f 3775 3783 3784
f 3775 3784 3776
f 3776 3784 3785
f 3776 3785 3777
f 3777 3785 3786
f 3777 3786 3778
f 3778 3786 3787
f 3778 3787 3779
f 3779 3787 3788
f 3779 3788 3780
f 3781 3771 3789
f 3781 3789 3782
f 3782 3789 3790
f 3782 3790 3783
f 3783 3790 3791
f 3783 3791 3784
f 3784 3791 3792
f 3784 3792 3785
f 3785 3792 3793
f 3785 3793 3786
f 3786 3793 3794
f 3786 3794 3787
f 3787 3794 3795
f 3787 3795 3788
f 3788 3795 3796
f 3788 3796 3780
f 3789 3771 3797
f 3789 3797 3790
f 3790 3797 3798
f 3790 3798 3791
f 3791 3798 3799
f 3791 3799 3792
f 3792 3799 3800
f 3792 3800 3793
f 3793 3800 3801
f 3793 3801 3794
f 3794 3801 3802
f 3794 3802 3795
f 3795 3802 3803
f 3795 3803 3796
f 3796 3803 3804
f 3796 3804 3780
f 3797 3771 3805
f 3797 3805 3798
f 3798 3805 3806
f 3798 3806 3799
f 3799 3806 3807
f 3799 3807 3800
f 3800 3807 3808
f 3800 3808 3801
f 3801 3808 3809
f 3801 3809 3802
f 3802 3809 3810
f 3802 3810 3803
f 3803 3810 3811
f 3803 3811 3804
f 3804 3811 3812
f 3804 3812 3780
f 3805 3771 3813
f 3805 3813 3806
f 3806 3813 3814
f 3806 3814 3807
f 3807 3814 3815
f 3807 3815 3808
f 3808 3815 3816
f 3808 3816 3809
f 3809 3816 3817
f 3809 3817 3810
f 3810 3817 3818
f 3810 3818 3811
f 3811 3818 3819
f 3811 3819 3812
f 3812 3819 3820
f 3812 3820 3780
f 3813 3771 3821
f 3813 3821 3814
f 3814 3821 3822
f 3814 3822 3815
f 3815 3822 3823
f 3815 3823 3816
f 3816 3823 3824
f 3816 3824 3817
f 3817 3824 3825
f 3817 3825 3818
f 3818 3825 3826
f 3818 3826 3819
f 3819 3826 3827
f 3819 3827 3820
f 3820 3827 3828
f 3820 3828 3780
f 3821 3771 3829
f 3821 3829 3822
f 3822 3829 3830
f 3822 3830 3823
f 3823 3830 3831
f 3823 3831 3824
f 3824 3831 3832
f 3824 3832 3825
f 3825 3832 3833
f 3825 3833 3826
f 3826 3833 3834
f 3826 3834 3827
f 3827 3834 3835
f 3827 3835 3828
f 3828 3835 3836
f 3828 3836 3780
f 3829 3771 3837
f 3829 3837 3830
f 3830 3837 3838
f 3830 3838 3831
f 3831 3838 3839
f 3831 3839 3832
f 3832 3839 3840
f 3832 3840 3833
f 3833 3840 3841
f 3833 3841 3834
f 3834 3841 3842
f 3834 3842 3835
f 3835 3842 3843
f 3835 3843 3836
f 3836 3843 3844
f 3836 3844 3780
f 3837 3771 3845
f 3837 3845 3838
f 3838 3845 3846
f 3838 3846 3839
f 3839 3846 3847
f 3839 3847 3840
f 3840 3847 3848
f 3840 3848 3841
f 3841 3848 3849
f 3841 3849 3842
f 3842 3849 3850
f 3842 3850 3843
f 3843 3850 3851
f 3843 3851 3844
f 3844 3851 3852
f 3844 3852 3780
f 3845 3771 3853
f 3845 3853 3846
f 3846 3853 3854
f 3846 3854 3847
f 3847 3854 3855
f 3847 3855 3848
f 3848 3855 3856
f 3848 3856 3849
f 3849 3856 3857
f 3849 3857 3850
f 3850 3857 3858
f 3850 3858 3851
f 3851 3858 3859
f 3851 3859 3852
f 3852 3859 3860
f 3852 3860 3780
f 3853 3771 3861
f 3853 3861 3854
f 3854 3861 3862
f 3854 3862 3855
f 3855 3862 3863
f 3855 3863 3856
f 3856 3863 3864
f 3856 3864 3857
f 3857 3864 3865
f 3857 3865 3858
f 3858 3865 3866
f 3858 3866 3859
f 3859 3866 3867
f 3859 3867 3860
f 3860 3867 3868
f 3860 3868 3780
f 3861 3771 3869
f 3861 3869 3862
f 3862 3869 3870
f 3862 3870 3863
f 3863 3870 3871
f 3863 3871 3864
f 3864 3871 3872
f 3864 3872 3865
f 3865 3872 3873
f 3865 3873 3866
f 3866 3873 3874
f 3866 3874 3867
f 3867 3874 3875
f 3867 3875 3868
f 3868 3875 3876
f 3868 3876 3780
f 3869 3771 3877
f 3869 3877 3870
f 3870 3877 3878
f 3870 3878 3871
f 3871 3878 3879
f 3871 3879 3872
f 3872 3879 3880
f 3872 3880 3873
f 3873 3880 3881
f 3873 3881 3874
f 3874 3881 3882
f 3874 3882 3875
f 3875 3882 3883
f 3875 3883 3876
f 3876 3883 3884
f 3876 3884 3780
f 3877 3771 3885
f 3877 3885 3878
f 3878 3885 3886
f 3878 3886 3879
f 3879 3886 3887
f 3879 3887 3880
f 3880 3887 3888
f 3880 3888 3881
f 3881 3888 3889
f 3881 3889 3882
f 3882 3889 3890
f 3882 3890 3883
f 3883 3890 3891
f 3883 3891 3884
f 3884 3891 3892
f 3884 3892 3780
f 3885 3771 3893
f 3885 3893 3886
f 3886 3893 3894
f 3886 3894 3887
f 3887 3894 3895
f 3887 3895 3888
f 3888 3895 3896
f 3888 3896 3889
f 3889 3896 3897
f 3889 3897 3890
f 3890 3897 3898
f 3890 3898 3891
f 3891 3898 3899
f 3891 3899 3892
f 3892 3899 3900
f 3892 3900 3780
f 3893 3771 3772
f 3893 3772 3894
f 3894 3772 3773
f 3894 3773 3895
f 3895 3773 3774
f 3895 3774 3896
f 3896 3774 3775
f 3896 3775 3897
f 3897 3775 3776
f 3897 3776 3898
f 3898 3776 3777
f 3898 3777 3899
f 3899 3777 3778
f 3899 3778 3900
f 3900 3778 3779
f 3900 3779 3780
f 3902 3901 3911
f 3902 3911 3903
f 3903 3911 3912
f 3903 3912 3904
f 3904 3912 3913
f 3904 3913 3905
f 3905 3913 3914
f 3905 3914 3906
f 3906 3914 3915
f 3906 3915 3907
f 3907 3915 3916
f 3907 3916 3908
f 3908 3916 3917
f 3908 3917 3909
f 3909 3917 3918
f 3909 3918 3910
f 3911 3901 3919
f 3911 3919 3912
f 3912 3919 3920
f 3912 3920 3913
f 3913 3920 3921
f 3913 3921 3914
f 3914 3921 3922
f 3914 3922 3915
f 3915 3922 3923
f 3915 3923 3916
f 3916 3923 3924
f 3916 3924 3917
f 3917 3924 3925
f 3917 3925 3918
f 3918 3925 3926
f 3918 3926 3910
f 3919 3901 3927
f 3919 3927 3920
f 3920 3927 3928
f 3920 3928 3921
f 3921 3928 3929
f 3921 3929 3922
f 3922 3929 3930
f 3922 3930 3923
f 3923 3930 3931
f 3923 3931 3924
f 3924 3931 3932
f 3924 3932 3925
f 3925 3932 3933
f 3925 3933 3926
f 3926 3933 3934
f 3926 3934 3910
f 3927 3901 3935
f 3927 3935 3928
f 3928 3935 3936
f 3928 3936 3929
f 3929 3936 3937
f 3929 3937 3930
f 3930 3937 3938
f 3930 3938 3931
f 3931 3938 3939
f 3931 3939 3932
f 3932 3939 3940
f 3932 3940 3933
f 3933 3940 3941
f 3933 3941 3934
f 3934 3941 3942
f 3934 3942 3910
f 3935 3901 3943
f 3935 3943 3936
f 3936 3943 3944
f 3936 3944 3937
f 3937 3944 3945
f 3937 3945 3938
f 3938 3945 3946
f 3938 3946 3939
f 3939 3946 3947
f 3939 3947 3940
f 3940 3947 3948
f 3940 3948 3941
f 3941 3948 3949
f 3941 3949 3942
f 3942 3949 3950
f 3942 3950 3910
f 3943 3901 3951
f 3943 3951 3944
f 3944 3951 3952
f 3944 3952 3945
f 3945 3952 3953
f 3945 3953 3946
f 3946 3953 3954
f 3946 3954 3947
f 3947 3954 3955
f 3947 3955 3948
f 3948 3955 3956
f 3948 3956 3949
f 3949 3956 3957
f 3949 3957 3950
f 3950 3957 3958
f 3950 3958 3910
f 3951 3901 3959
f 3951 3959 3952
f 3952 3959 3960
f 3952 3960 3953
f 3953 3960 3961
f 3953 3961 3954
f 3954 3961 3962
f 3954 3962 3955
f 3955 3962 3963
f 3955 3963 3956
f 3956 3963 3964
f 3956 3964 3957
f 3957 3964 3965
f 3957 3965 3958
f 3958 3965 3966
f 3958 3966 3910
f 3959 3901 3967
f 3959 3967 3960
f 3960 3967 3968
f 3960 3968 3961
f 3961 3968 3969
f 3961 3969 3962
f 3962 3969 3970
f 3962 3970 3963
f 3963 3970 3971
f 3963 3971 3964
f 3964 3971 3972
f 3964 3972 3965
f 3965 3972 3973
f 3965 3973 3966
f 3966 3973 3974
f 3966 3974 3910
f 3967 3901 3975
f 3967 3975 3968
f 3968 3975 3976
f 3968 3976 3969
f 3969 3976 3977
f 3969 3977 3970
f 3970 3977 3978
f 3970 3978 3971
f 3971 3978 3979
f 3971 3979 3972
f 3972 3979 3980
f 3972 3980 3973
f 3973 3980 3981
f 3973 3981 3974
f 3974 3981 3982
f 3974 3982 3910
f 3975 3901 3983
f 3975 3983 3976
f 3976 3983 3984
f 3976 3984 3977
f 3977 3984 3985
f 3977 3985 3978
f 3978 3985 3986
f 3978 3986 3979
f 3979 3986 3987
f 3979 3987 3980
f 3980 3987 3988
f 3980 3988 3981
f 3981 3988 3989
f 3981 3989 3982
f 3982 3989 3990
f 3982 3990 3910
f 3983 3901 3991
f 3983 3991 3984
f 3984 3991 3992
f 3984 3992 3985
f 3985 3992 3993
f 3985 3993 3986
f 3986 3993 3994
f 3986 3994 3987
f 3987 3994 3995
f 3987 3995 3988
f 3988 3995 3996
f 3988 3996 3989
f 3989 3996 3997
f 3989 3997 3990
f 3990 3997 3998
f 3990 3998 3910
f 3991 3901 3999
f 3991 3999 3992
f 3992 3999 4000
f 3992 4000 3993
f 3993 4000 4001
f 3993 4001 3994
f 3994 4001 4002
f 3994 4002 3995
f 3995 4002 4003
f 3995 4003 3996
f 3996 4003 4004
f 3996 4004 3997
f 3997 4004 4005
f 3997 4005 3998
f 3998 4005 4006
f 3998 4006 3910
f 3999 3901 4007
f 3999 4007 4000
f 4000 4007 4008
f 4000 4008 4001
f 4001 4008 4009
f 4001 4009 4002
f 4002 4009 4010
f 4002 4010 4003
f 4003 4010 4011
f 4003 4011 4004
f 4004 4011 4012
f 4004 4012 4005
f 4005 4012 4013
f 4005 4013 4006
f 4006 4013 4014
f 4006 4014 3910
f 4007 3901 4015
f 4007 4015 4008
f 4008 4015 4016
f 4008 4016 4009
f 4009 4016 4017
f 4009 4017 4010
f 4010 4017 4018
f 4010 4018 4011
f 4011 4018 4019
f 4011 4019 4012
f 4012 4019 4020
f 4012 4020 4013
f 4013 4020 4021
f 4013 4021 4014
f 4014 4021 4022
f 4014 4022 3910
f 4015 3901 4023
f 4015 4023 4016
f 4016 4023 4024
f 4016 4024 4017
f 4017 4024 4025
f 4017 4025 4018
f 4018 4025 4026
f 4018 4026 4019
f 4019 4026 4027
f 4019 4027 4020
f 4020 4027 4028
f 4020 4028 4021
f 4021 4028 4029
f 4021 4029 4022
f 4022 4029 4030
f 4022 4030 3910
f 4023 3901 3902
f 4023 3902 4024
f 4024 3902 3903
f 4024 3903 4025
f 4025 3903 3904
f 4025 3904 4026
f 4026 3904 3905
f 4026 3905 4027
f 4027 3905 3906
f 4027 3906 4028
f 4028 3906 3907
f 4028 3907 4029
f 4029 3907 3908
f 4029 3908 4030
f 4030 3908 3909
f 4030 3909 3910
f 4032 4031 4041
f 4032 4041 4033
f 4033 4041 4042
f 4033 4042 4034
f 4034 4042 4043
f 4034 4043 4035
f 4035 4043 4044
f 4035 4044 4036
f 4036 4044 4045
f 4036 4045 4037
f 4037 4045 4046
f 4037 4046 4038
f 4038 4046 4047
f 4038 4047 4039
f 4039 4047 4048
f 4039 4048 4040
f 4041 4031 4049
f 4041 4049 4042
f 4042 4049 4050
f 4042 4050 4043
f 4043 4050 4051
f 4043 4051 4044
f 4044 4051 4052
f 4044 4052 4045
f 4045 4052 4053
f 4045 4053 4046
f 4046 4053 4054
f 4046 4054 4047
f 4047 4054 4055
f 4047 4055 4048
f 4048 4055 4056
f 4048 4056 4040
f 4049 4031 4057
f 4049 4057 4050
f 4050 4057 4058
f 4050 4058 4051
f 4051 4058 4059
f 4051 4059 4052
f 4052 4059 4060
f 4052 4060 4053
f 4053 4060 4061
f 4053 4061 4054
f 4054 4061 4062
f 4054 4062 4055
f 4055 4062 4063
f 4055 4063 4056
f 4056 4063 4064
f 4056 4064 4040
f 4057 4031 4065
f 4057 4065 4058
f 4058 4065 4066
f 4058 4066 4059
f 4059 4066 4067
f 4059 4067 4060
f 4060 4067 4068
f 4060 4068 4061
f 4061 4068 4069
f 4061 4069 4062
f 4062 4069 4070
f 4062 4070 4063
f 4063 4070 4071
f 4063 4071 4064
f 4064 4071 4072
f 4064 4072 4040
f 4065 4031 4073
f 4065 4073 4066
f 4066 4073 4074
f 4066 4074 4067
f 4067 4074 4075
f 4067 4075 4068
f 4068 4075 4076
f 4068 4076 4069
f 4069 4076 4077
f 4069 4077 4070
f 4070 4077 4078
f 4070 4078 4071
f 4071 4078 4079
f 4071 4079 4072
f 4072 4079 4080
f 4072 4080 4040
f 4073 4031 4081
f 4073 4081 4074
f 4074 4081 4082
f 4074 4082 4075
f 4075 4082 4083
f 4075 4083 4076
f 4076 4083 4084
f 4076 4084 4077
f 4077 4084 4085
f 4077 4085 4078
f 4078 4085 4086
f 4078 4086 4079
f 4079 4086 4087
f 4079 4087 4080
f 4080 4087 4088
f 4080 4088 4040
f 4081 4031 4089
f 4081 4089 4082
f 4082 4089 4090
f 4082 4090 4083
f 4083 4090 4091
f 4083 4091 4084
f 4084 4091 4092
f 4084 4092 4085
f 4085 4092 4093
f 4085 4093 4086
f 4086 4093 4094
f 4086 4094 4087
f 4087 4094 4095
f 4087 4095 4088
f 4088 4095 4096
f 4088 4096 4040
f 4089 4031 4097
f 4089 4097 4090
f 4090 4097 4098
f 4090 4098 4091
f 4091 4098 4099
f 4091 4099 4092
f 4092 4099 4100
f 4092 4100 4093
f 4093 4100 4101
f 4093 4101 4094
f 4094 4101 4102
f 4094 4102 4095
f 4095 4102 4103
f 4095 4103 4096
f 4096 4103 4104
f 4096 4104 4040
f 4097 4031 4105
f 4097 4105 4098
f 4098 4105 4106
f 4098 4106 4099
f 4099 4106 4107
f 4099 4107 4100
f 4100 4107 4108
f 4100 4108 4101
f 4101 4108 4109
f 4101 4109 4102
f 4102 4109 4110
f 4102 4110 4103
f 4103 4110 4111
f 4103 4111 4104
f 4104 4111 4112
f 4104 4112 4040
f 4105 4031 4113
f 4105 4113 4106
f 4106 4113 4114
f 4106 4114 4107
f 4107 4114 4115
f 4107 4115 4108
f 4108 4115 4116
f 4108 4116 4109
f 4109 4116 4117
f 4109 4117 4110
f 4110 4117 4118
f 4110 4118 4111
f 4111 4118 4119
f 4111 4119 4112
f 4112 4119 4120
f 4112 4120 4040
f 4113 4031 4121
f 4113 4121 4114
f 4114 4121 4122
f 4114 4122 4115
f 4115 4122 4123
f 4115 4123 4116
f 4116 4123 4124
f 4116 4124 4117
f 4117 4124 4125
f 4117 4125 4118
f 4118 4125 4126
f 4118 4126 4119
f 4119 4126 4127
f 4119 4127 4120
f 4120 4127 4128
f 4120 4128 4040
f 4121 4031 4129
f 4121 4129 4122
f 4122 4129 4130
f 4122 4130 4123
f 4123 4130 4131
f 4123 4131 4124
f 4124 4131 4132
f 4124 4132 4125
f 4125 4132 4133
f 4125 4133 4126
f 4126 4133 4134
f 4126 4134 4127
f 4127 4134 4135
f 4127 4135 4128
f 4128 4135 4136
f 4128 4136 4040
f 4129 4031 4137
f 4129 4137 4130
f 4130 4137 4138
f 4130 4138 4131
f 4131 4138 4139
f 4131 4139 4132
f 4132 4139 4140
f 4132 4140 4133
f 4133 4140 4141
f 4133 4141 4134
f 4134 4141 4142
f 4134 4142 4135
f 4135 4142 4143
f 4135 4143 4136
f 4136 4143 4144
f 4136 4144 4040
f 4137 4031 4145
f 4137 4145 4138
f 4138 4145 4146
f 4138 4146 4139
f 4139 4146 4147
f 4139 4147 4140
f 4140 4147 4148
f 4140 4148 4141
f 4141 4148 4149
f 4141 4149 4142
f 4142 4149 4150
f 4142 4150 4143
f 4143 4150 4151
f 4143 4151 4144
f 4144 4151 4152
f 4144 4152 4040
f 4145 4031 4153
f 4145 4153 4146
f 4146 4153 4154
f 4146 4154 4147
f 4147 4154 4155
f 4147 4155 4148
f 4148 4155 4156
f 4148 4156 4149
f 4149 4156 4157
f 4149 4157 4150
f 4150 4157 4158
f 4150 4158 4151
f 4151 4158 4159
f 4151 4159 4152
f 4152 4159 4160
f 4152 4160 4040
f 4153 4031 4032
f 4153 4032 4154
f 4154 4032 4033
f 4154 4033 4155
f 4155 4033 4034
f 4155 4034 4156
f 4156 4034 4035
f 4156 4035 4157
f 4157 4035 4036
f 4157 4036 4158
f 4158 4036 4037
f 4158 4037 4159
f 4159 4037 4038
f 4159 4038 4160
f 4160 4038 4039
f 4160 4039 4040

