# https://github.com/mikedh/trimesh
mtllib material.mtl

o ActorShape0_0-Mesh
usemtl material_0
v 0.08300212 -0.00498978 -0.11550163
v 0.08302724 -0.00455272 -0.11547880
v 0.08315197 -0.00000000 -0.11550163
v 0.08315197 0.00000000 -0.11535811
v -0.08300212 -0.00498978 0.11550163
v -0.08302724 -0.00455272 0.11547880
v -0.08315197 -0.00000000 0.11550163
v -0.08315197 0.00000000 0.11535811
v 0.08315197 0.00000000 0.11535811
v 0.08302724 -0.00455272 0.11547880
v 0.08315197 0.00000000 0.11550163
v 0.08300212 -0.00498978 0.11550163
v -0.08315197 0.00000000 -0.11535811
v -0.08302724 -0.00455272 -0.11547880
v -0.08315197 0.00000000 -0.11550163
v -0.08300212 -0.00498978 -0.11550163
v -0.08242279 -0.06724295 -0.09255198
v -0.08242279 -0.06925067 -0.09095087
v -0.07325293 -0.07298648 -0.09585395
v -0.08242279 -0.07526854 -0.08615178
v -0.08242279 -0.07631808 -0.08514833
v -0.07325293 -0.08041333 -0.08971457
v -0.08242279 -0.08268812 -0.07905794
v -0.08242279 -0.08290949 -0.07880456
v -0.07325293 -0.08732578 -0.08300130
v -0.08242279 -0.10880138 -0.03535171
v -0.08242279 -0.10984039 -0.03158692
v -0.07325293 -0.11578610 -0.03329546
v -0.08242279 -0.11153228 -0.02545651
v -0.08242279 -0.11203033 -0.02271202
v -0.07325293 -0.11807662 -0.02393578
v -0.08242279 -0.11336519 -0.01535636
v -0.08242279 -0.11351518 -0.01368976
v -0.07325293 -0.11961181 -0.01442299
v -0.08242279 -0.11428534 -0.00513256
v -0.08242279 -0.11428534 -0.00457489
v -0.07325293 -0.12038188 -0.00481794
v -0.08242279 -0.10519447 0.04496228
v -0.08242279 -0.10340387 0.04868050
v -0.07325293 -0.10900247 0.05131735
v -0.08242279 -0.10074060 0.05421083
v -0.08242279 -0.09919643 0.05679534
v -0.07325293 -0.10455275 0.05986428
v -0.08242279 -0.09547563 0.06302291
v -0.08242279 -0.09436199 0.06455570
v -0.07325293 -0.09943422 0.06802826
v -0.08242279 -0.08944194 0.07132757
v -0.08242279 -0.08892947 0.07191414
v -0.07325293 -0.09367962 0.07575709
v 0.08242279 -0.08944194 -0.07132757
v 0.08242279 -0.08892947 -0.07191414
v 0.07325293 -0.09367962 -0.07575709
v 0.08242279 -0.09547563 -0.06302291
v 0.08242279 -0.09436199 -0.06455570
v 0.07325293 -0.09943422 -0.06802826
v 0.08242279 -0.10074060 -0.05421083
v 0.08242279 -0.09919643 -0.05679534
v 0.07325293 -0.10455275 -0.05986428
v 0.08242279 -0.10519447 -0.04496228
v 0.08242279 -0.10340387 -0.04868050
v 0.07325293 -0.10900247 -0.05131735
v 0.08242279 -0.10880138 -0.03535171
v 0.08242279 -0.10695903 -0.04026063
v 0.07325293 -0.11275492 -0.04244215
v 0.08242279 -0.11428534 0.00513256
v 0.08242279 -0.11428534 0.00457489
v 0.07325293 -0.12038188 0.00481794
v 0.08242279 -0.11336519 0.01535636
v 0.08242279 -0.11351518 0.01368976
v 0.07325293 -0.11961181 0.01442299
v 0.08242279 -0.11153228 0.02545651
v 0.08242279 -0.11203033 0.02271202
v 0.07325293 -0.11807662 0.02393578
v 0.08242279 -0.10880138 0.03535171
v 0.08242279 -0.10984039 0.03158692
v 0.07325293 -0.11578610 0.03329546
v 0.08242279 -0.10519447 0.04496228
v 0.08242279 -0.10695903 0.04026063
v 0.07325293 -0.11275492 0.04244215
v 0.08242279 -0.08268812 0.07905794
v 0.08242279 -0.08290949 0.07880456
v 0.07325293 -0.08732578 0.08300130
v 0.08242279 -0.07526854 0.08615178
v 0.08242279 -0.07631808 0.08514833
v 0.07325293 -0.08041333 0.08971457
v 0.08242279 -0.06724295 0.09255198
v 0.08242279 -0.06925067 0.09095087
v 0.07325293 -0.07298648 0.09585395
v 0.08242279 -0.05867595 0.09820700
v 0.08242279 -0.06175065 0.09617741
v 0.07325293 -0.06509276 0.10138018
v -0.07613752 -0.03808828 0.11239822
v -0.07584513 -0.03860304 0.11239822
v -0.08242279 -0.03712362 0.10810453
v -0.06647998 -0.05317942 0.11239822
v -0.06362730 -0.05638373 0.11239822
v -0.06363714 -0.05930147 0.11097139
v -0.02217864 -0.08219335 0.11239822
v -0.02191762 -0.08224922 0.11239822
v -0.02191860 -0.08438031 0.11081759
v 0.05387793 -0.06591515 0.11239822
v 0.06030874 -0.06006724 0.11239822
v 0.06363714 -0.05930147 0.11097139
v 0.08005824 -0.02880210 -0.11239822
v 0.08242279 -0.02837345 -0.11075687
v 0.08242279 -0.02131014 -0.11239822
v 0.02217864 -0.08219335 -0.11239822
v 0.02191762 -0.08224922 -0.11239822
v 0.02191860 -0.08438031 -0.11081759
v -0.07324897 -0.04317369 -0.11239822
v -0.07584513 -0.03860304 -0.11239822
v -0.08242279 -0.03712362 -0.10810453
v -0.07613752 -0.03808828 -0.11239822
v -0.08242279 -0.03043476 -0.11027787
v -0.07972277 -0.02986502 -0.11239822
v -0.08242279 -0.02837345 -0.11075687
v -0.08005824 -0.02880210 -0.11239822
v -0.08242279 -0.02131014 -0.11239822
v -0.06948645 -0.04898581 -0.11239822
v -0.07170686 -0.04588862 -0.11239822
v -0.07325293 -0.04810931 -0.11045589
v -0.08242279 -0.04019747 -0.10710577
v -0.06647998 -0.05317942 -0.11239822
v -0.07325293 -0.05678265 -0.10625789
v -0.06362730 -0.05638373 -0.11239822
v -0.04499200 -0.07217945 -0.11239822
v -0.04664268 -0.07121867 -0.11239822
v -0.05363397 -0.07045384 -0.10972992
v -0.05363215 -0.06609531 -0.11239822
v -0.06363714 -0.06798021 -0.10587731
v -0.05387793 -0.06591515 -0.11239822
v -0.06363714 -0.05930147 -0.11097139
v -0.06030874 -0.06006724 -0.11239822
v -0.06051493 -0.05987974 -0.11239822
v -0.04330430 -0.08129040 -0.10675959
v -0.04328994 -0.07317013 -0.11239822
v -0.05363397 -0.07899770 -0.10374855
v -0.02191860 -0.08438031 -0.11081759
v -0.02191762 -0.08224922 -0.11239822
v -0.02217864 -0.08219335 -0.11239822
v -0.03271101 -0.08308826 -0.10912072
v -0.03070455 -0.07940321 -0.11239822
v -0.03270074 -0.07850771 -0.11239822
v -0.03888953 -0.07573139 -0.11239822
v -0.01340646 -0.08407084 -0.11239822
v -0.01099276 -0.08515870 -0.11183986
v -0.01098923 -0.08432662 -0.11239822
v -0.00448542 -0.08501482 -0.11239822
v 0.00000000 -0.08541869 -0.11218131
v 0.00000000 -0.08501482 -0.11239822
v 0.00448542 -0.08501482 -0.11239822
v 0.01099276 -0.08515870 -0.11183986
v 0.01098923 -0.08432662 -0.11239822
v 0.01340646 -0.08407084 -0.11239822
v 0.03070455 -0.07940321 -0.11239822
v 0.03271101 -0.08308826 -0.10912072
v 0.03270074 -0.07850771 -0.11239822
v 0.03888953 -0.07573139 -0.11239822
v 0.04330430 -0.08129040 -0.10675959
v 0.04328994 -0.07317013 -0.11239822
v 0.05363215 -0.06609531 -0.11239822
v 0.04664268 -0.07121867 -0.11239822
v 0.05363397 -0.07045384 -0.10972992
v 0.04499200 -0.07217945 -0.11239822
v 0.05387793 -0.06591515 -0.11239822
v 0.06363714 -0.06798021 -0.10587731
v 0.06030874 -0.06006724 -0.11239822
v 0.06051493 -0.05987974 -0.11239822
v 0.06363714 -0.05930147 -0.11097139
v 0.07325293 -0.05678265 -0.10625789
v 0.06647998 -0.05317942 -0.11239822
v 0.06362730 -0.05638373 -0.11239822
v 0.07324897 -0.04317369 -0.11239822
v 0.07170686 -0.04588862 -0.11239822
v 0.07325293 -0.04810931 -0.11045589
v 0.06948645 -0.04898581 -0.11239822
v 0.08242279 -0.03043476 -0.11027787
v 0.07972277 -0.02986502 -0.11239822
v 0.08242279 -0.03712362 -0.10810453
v 0.07324897 -0.04317369 0.11239822
v 0.07584513 -0.03860304 0.11239822
v 0.08242279 -0.03712362 0.10810453
v 0.07613752 -0.03808828 0.11239822
v 0.08242279 -0.03043476 0.11027787
v 0.07972277 -0.02986502 0.11239822
v 0.08242279 -0.02837345 0.11075687
v 0.08005824 -0.02880210 0.11239822
v 0.08242279 -0.02131014 0.11239822
v 0.08242279 -0.04019747 0.10710577
v 0.07325293 -0.04810931 0.11045589
v 0.07170686 -0.04588862 0.11239822
v 0.06051493 -0.05987974 0.11239822
v 0.06362730 -0.05638373 0.11239822
v 0.07325293 -0.05678265 0.10625789
v 0.06647998 -0.05317942 0.11239822
v 0.06948645 -0.04898581 0.11239822
v 0.04499200 -0.07217945 0.11239822
v 0.04664268 -0.07121867 0.11239822
v 0.05363397 -0.07045384 0.10972992
v 0.05363215 -0.06609531 0.11239822
v 0.06363714 -0.06798021 0.10587731
v 0.04330430 -0.08129040 0.10675959
v 0.04328994 -0.07317013 0.11239822
v 0.05363397 -0.07899770 0.10374855
v 0.02191860 -0.08438031 0.11081759
v 0.02191762 -0.08224922 0.11239822
v 0.02217864 -0.08219335 0.11239822
v 0.03271101 -0.08308826 0.10912072
v 0.03070455 -0.07940321 0.11239822
v 0.03270074 -0.07850771 0.11239822
v 0.03888953 -0.07573139 0.11239822
v 0.01340646 -0.08407084 0.11239822
v 0.01099276 -0.08515870 0.11183986
v 0.01098923 -0.08432662 0.11239822
v 0.00448542 -0.08501482 0.11239822
v 0.00000000 -0.08541869 0.11218131
v 0.00000000 -0.08501482 0.11239822
v -0.00448542 -0.08501482 0.11239822
v -0.01099276 -0.08515870 0.11183986
v -0.01098923 -0.08432662 0.11239822
v -0.01340646 -0.08407084 0.11239822
v -0.03070455 -0.07940321 0.11239822
v -0.03271101 -0.08308826 0.10912072
v -0.03270074 -0.07850771 0.11239822
v -0.03888953 -0.07573139 0.11239822
v -0.04330430 -0.08129040 0.10675959
v -0.04328994 -0.07317013 0.11239822
v -0.04664268 -0.07121867 0.11239822
v -0.04499200 -0.07217945 0.11239822
v -0.05363397 -0.07045384 0.10972992
v -0.06051493 -0.05987974 0.11239822
v -0.06030874 -0.06006724 0.11239822
v -0.06363714 -0.06798021 0.10587731
v -0.05387793 -0.06591515 0.11239822
v -0.05363215 -0.06609531 0.11239822
v -0.07324897 -0.04317369 0.11239822
v -0.07170686 -0.04588862 0.11239822
v -0.07325293 -0.04810931 0.11045589
v -0.06948645 -0.04898581 0.11239822
v -0.07325293 -0.05678265 0.10625789
v -0.08242279 -0.04019747 0.10710577
v -0.08242279 -0.04563814 0.10478032
v -0.08242279 -0.04963653 0.10307132
v -0.07972277 -0.02986502 0.11239822
v -0.08242279 -0.03043476 0.11027787
v -0.08005824 -0.02880210 0.11239822
v -0.08242279 -0.02837345 0.11075687
v -0.08242279 -0.02131014 0.11239822
v 0.08242279 -0.05386380 0.10079654
v 0.08242279 -0.04963653 0.10307132
v 0.08242279 -0.04563814 0.10478032
v 0.08242279 -0.08892947 0.07191414
v 0.07325293 -0.09367962 0.07575709
v 0.08242279 -0.08944194 0.07132757
v 0.08242279 -0.09436199 0.06455570
v 0.07325293 -0.09943422 0.06802826
v 0.08242279 -0.09547563 0.06302291
v 0.08242279 -0.09919643 0.05679534
v 0.07325293 -0.10455275 0.05986428
v 0.08242279 -0.10074060 0.05421083
v 0.08242279 -0.10340387 0.04868050
v 0.07325293 -0.10900247 0.05131735
v 0.08242279 -0.11428534 -0.00457489
v 0.07325293 -0.12038188 -0.00481794
v 0.08242279 -0.11428534 -0.00513256
v 0.08242279 -0.11351518 -0.01368976
v 0.07325293 -0.11961181 -0.01442299
v 0.08242279 -0.11336519 -0.01535636
v 0.08242279 -0.11203033 -0.02271202
v 0.07325293 -0.11807662 -0.02393578
v 0.08242279 -0.11153228 -0.02545651
v 0.08242279 -0.10984039 -0.03158692
v 0.07325293 -0.11578610 -0.03329546
v 0.08242279 -0.08290949 -0.07880456
v 0.07325293 -0.08732578 -0.08300130
v 0.08242279 -0.08268812 -0.07905794
v 0.08242279 -0.07631808 -0.08514833
v 0.07325293 -0.08041333 -0.08971457
v 0.08242279 -0.07526854 -0.08615178
v 0.08242279 -0.06925067 -0.09095087
v 0.07325293 -0.07298648 -0.09585395
v 0.08242279 -0.06724295 -0.09255198
v 0.07325293 -0.06509276 -0.10138018
v 0.08242279 -0.06175065 -0.09617741
v 0.08242279 -0.05867595 -0.09820700
v 0.08242279 -0.05386380 -0.10079654
v 0.07613752 -0.03808828 -0.11239822
v 0.07584513 -0.03860304 -0.11239822
v 0.08242279 -0.04019747 -0.10710577
v 0.08242279 -0.04563814 -0.10478032
v 0.08242279 -0.04963653 -0.10307132
v 0.06363714 -0.07622410 0.10010595
v 0.05363397 -0.07899770 -0.10374855
v 0.06363714 -0.07622410 -0.10010595
v -0.07325293 -0.06509276 0.10138018
v -0.07325293 -0.06509276 -0.10138018
v -0.08242279 -0.05386380 0.10079654
v -0.08242279 -0.05867595 0.09820700
v -0.08242279 -0.06175065 0.09617741
v -0.07325293 -0.07298648 0.09585395
v -0.08242279 -0.06925067 0.09095087
v -0.08242279 -0.06724295 0.09255198
v -0.05363397 -0.07899770 0.10374855
v -0.06363714 -0.07622410 0.10010595
v -0.07325293 -0.08041333 0.08971457
v -0.08242279 -0.07631808 0.08514833
v -0.08242279 -0.07526854 0.08615178
v 0.06363714 -0.08398039 0.09369422
v 0.05363397 -0.08703622 0.09710352
v 0.04330430 -0.08956222 0.09992170
v 0.03271101 -0.09154302 0.10213161
v 0.02191860 -0.09296655 0.10371979
v 0.01099276 -0.09382415 0.10467659
v 0.00000000 -0.09411059 0.10499617
v -0.01099276 -0.09382415 0.10467659
v -0.02191860 -0.09296655 0.10371979
v -0.03271101 -0.09154302 0.10213161
v -0.04330430 -0.08956222 0.09992170
v -0.05363397 -0.08703622 0.09710352
v -0.06363714 -0.08398039 0.09369422
v -0.07325293 -0.08732578 0.08300130
v -0.08242279 -0.08290949 0.07880456
v -0.08242279 -0.08268812 0.07905794
v 0.06363714 -0.09119947 0.08668316
v 0.05363397 -0.09451798 0.08983734
v 0.04330430 -0.09726113 0.09244464
v 0.03271101 -0.09941220 0.09448918
v 0.02191860 -0.10095809 0.09595852
v 0.01099276 -0.10188941 0.09684373
v 0.00000000 -0.10220049 0.09713939
v -0.01099276 -0.10188941 0.09684373
v -0.02191860 -0.10095809 0.09595852
v -0.03271101 -0.09941220 0.09448918
v -0.04330430 -0.09726113 0.09244464
v -0.05363397 -0.09451798 0.08983734
v -0.06363714 -0.09119947 0.08668316
v 0.06363714 -0.09783517 0.07911760
v 0.05363397 -0.10139514 0.08199649
v 0.04330430 -0.10433787 0.08437622
v 0.03271101 -0.10664545 0.08624232
v 0.02191860 -0.10830383 0.08758342
v 0.01099276 -0.10930291 0.08839136
v 0.00000000 -0.10963661 0.08866122
v -0.01099276 -0.10930291 0.08839136
v -0.02191860 -0.10830383 0.08758342
v -0.03271101 -0.10664545 0.08624232
v -0.04330430 -0.10433787 0.08437622
v -0.05363397 -0.10139514 0.08199649
v -0.06363714 -0.09783517 0.07911760
v 0.06363714 -0.10384502 0.07104594
v 0.05363397 -0.10762368 0.07363112
v 0.04330430 -0.11074718 0.07576807
v 0.03271101 -0.11319651 0.07744379
v 0.02191860 -0.11495676 0.07864806
v 0.01099276 -0.11601721 0.07937358
v 0.00000000 -0.11637142 0.07961591
v -0.01099276 -0.11601721 0.07937358
v -0.02191860 -0.11495676 0.07864806
v -0.03271101 -0.11319651 0.07744379
v -0.04330430 -0.11074718 0.07576807
v -0.05363397 -0.10762368 0.07363112
v -0.06363714 -0.10384502 0.07104594
v 0.06363714 -0.10919061 0.06251980
v 0.05363397 -0.11316378 0.06479473
v 0.04330430 -0.11644806 0.06667523
v 0.03271101 -0.11902347 0.06814985
v 0.02191860 -0.12087434 0.06920961
v 0.01099276 -0.12198938 0.06984805
v 0.00000000 -0.12236182 0.07006130
v -0.01099276 -0.12198938 0.06984805
v -0.02191860 -0.12087434 0.06920961
v -0.03271101 -0.11902347 0.06814985
v -0.04330430 -0.11644806 0.06667523
v -0.05363397 -0.11316378 0.06479473
v -0.06363714 -0.10919061 0.06251980
v 0.06363714 -0.11383772 0.05359374
v 0.05363397 -0.11797998 0.05554387
v 0.04330430 -0.12140404 0.05715589
v 0.03271101 -0.12408906 0.05841998
v 0.02191860 -0.12601870 0.05932843
v 0.01099276 -0.12718120 0.05987572
v 0.00000000 -0.12756948 0.06005852
v -0.01099276 -0.12718120 0.05987572
v -0.02191860 -0.12601870 0.05932843
v -0.03271101 -0.12408906 0.05841998
v -0.04330430 -0.12140404 0.05715589
v -0.05363397 -0.11797998 0.05554387
v -0.06363714 -0.11383772 0.05359374
v 0.06363714 -0.11775662 0.04432484
v 0.05363397 -0.12204149 0.04593771
v 0.04330430 -0.12558343 0.04727094
v 0.03271101 -0.12836088 0.04831640
v 0.02191860 -0.13035694 0.04906774
v 0.01099276 -0.13155946 0.04952038
v 0.00000000 -0.13196111 0.04967156
v -0.01099276 -0.13155946 0.04952038
v -0.02191860 -0.13035694 0.04906774
v -0.03271101 -0.12836088 0.04831640
v -0.04330430 -0.12558343 0.04727094
v -0.05363397 -0.12204149 0.04593771
v -0.06363714 -0.11775662 0.04432484
v -0.07325293 -0.11275492 0.04244215
v -0.08242279 -0.10695903 0.04026063
v -0.07325293 -0.11578610 0.03329546
v -0.08242279 -0.10984039 0.03158692
v -0.08242279 -0.10880138 0.03535171
v 0.06363714 -0.12092226 0.03477241
v 0.05363397 -0.12532231 0.03603769
v 0.04330430 -0.12895948 0.03708359
v 0.03271101 -0.13181159 0.03790375
v 0.02191860 -0.13386132 0.03849317
v 0.01099276 -0.13509616 0.03884826
v 0.00000000 -0.13550861 0.03896686
v -0.01099276 -0.13509616 0.03884826
v -0.02191860 -0.13386132 0.03849317
v -0.03271101 -0.13181159 0.03790375
v -0.04330430 -0.12895948 0.03708359
v -0.05363397 -0.12532231 0.03603769
v -0.06363714 -0.12092226 0.03477241
v -0.07325293 -0.11807662 0.02393578
v -0.08242279 -0.11203033 0.02271202
v -0.08242279 -0.11153228 0.02545651
v 0.06363714 -0.12331438 0.02499755
v 0.05363397 -0.12780148 0.02590714
v 0.04330430 -0.13151059 0.02665903
v 0.03271101 -0.13441913 0.02724863
v 0.02191860 -0.13650940 0.02767236
v 0.01099276 -0.13776867 0.02792763
v 0.00000000 -0.13818929 0.02801290
v -0.01099276 -0.13776867 0.02792763
v -0.02191860 -0.13650940 0.02767236
v -0.03271101 -0.13441913 0.02724863
v -0.04330430 -0.13151059 0.02665903
v -0.05363397 -0.12780148 0.02590714
v -0.06363714 -0.12331438 0.02499755
v -0.07325293 -0.11961181 0.01442299
v -0.08242279 -0.11351518 0.01368976
v -0.08242279 -0.11336519 0.01535636
v 0.06363714 -0.12491768 0.01506278
v 0.05363397 -0.12946312 0.01561087
v 0.04330430 -0.13322045 0.01606394
v 0.03271101 -0.13616681 0.01641922
v 0.02191860 -0.13828425 0.01667454
v 0.01099276 -0.13955989 0.01682836
v 0.00000000 -0.13998598 0.01687974
v -0.01099276 -0.13955989 0.01682836
v -0.02191860 -0.13828425 0.01667454
v -0.03271101 -0.13616681 0.01641922
v -0.04330430 -0.13322045 0.01606394
v -0.05363397 -0.12946312 0.01561087
v -0.06363714 -0.12491768 0.01506278
v -0.07325293 -0.12038188 0.00481794
v -0.08242279 -0.11428534 0.00457489
v -0.08242279 -0.11428534 0.00513256
v 0.06363714 -0.12572190 0.00503166
v 0.05363397 -0.13029660 0.00521474
v 0.04330430 -0.13407813 0.00536609
v 0.03271101 -0.13704345 0.00548477
v 0.02191860 -0.13917454 0.00557006
v 0.01099276 -0.14045839 0.00562144
v 0.00000000 -0.14088722 0.00563860
v -0.01099276 -0.14045839 0.00562144
v -0.02191860 -0.13917454 0.00557006
v -0.03271101 -0.13704345 0.00548477
v -0.04330430 -0.13407813 0.00536609
v -0.05363397 -0.13029660 0.00521474
v -0.06363714 -0.12572190 0.00503166
v 0.06363714 -0.12572190 -0.00503166
v 0.05363397 -0.13029660 -0.00521474
v 0.04330430 -0.13407813 -0.00536609
v 0.03271101 -0.13704345 -0.00548477
v 0.02191860 -0.13917454 -0.00557006
v 0.01099276 -0.14045839 -0.00562144
v 0.00000000 -0.14088722 -0.00563860
v -0.01099276 -0.14045839 -0.00562144
v -0.02191860 -0.13917454 -0.00557006
v -0.03271101 -0.13704345 -0.00548477
v -0.04330430 -0.13407813 -0.00536609
v -0.05363397 -0.13029660 -0.00521474
v -0.06363714 -0.12572190 -0.00503166
v 0.06363714 -0.12491768 -0.01506278
v 0.05363397 -0.12946312 -0.01561087
v 0.04330430 -0.13322045 -0.01606394
v 0.03271101 -0.13616681 -0.01641922
v 0.02191860 -0.13828425 -0.01667454
v 0.01099276 -0.13955989 -0.01682836
v 0.00000000 -0.13998598 -0.01687974
v -0.01099276 -0.13955989 -0.01682836
v -0.02191860 -0.13828425 -0.01667454
v -0.03271101 -0.13616681 -0.01641922
v -0.04330430 -0.13322045 -0.01606394
v -0.05363397 -0.12946312 -0.01561087
v -0.06363714 -0.12491768 -0.01506278
v 0.06363714 -0.12331438 -0.02499755
v 0.05363397 -0.12780148 -0.02590714
v 0.04330430 -0.13151059 -0.02665903
v 0.03271101 -0.13441913 -0.02724863
v 0.02191860 -0.13650940 -0.02767236
v 0.01099276 -0.13776867 -0.02792763
v 0.00000000 -0.13818929 -0.02801290
v -0.01099276 -0.13776867 -0.02792763
v -0.02191860 -0.13650940 -0.02767236
v -0.03271101 -0.13441913 -0.02724863
v -0.04330430 -0.13151059 -0.02665903
v -0.05363397 -0.12780148 -0.02590714
v -0.06363714 -0.12331438 -0.02499755
v 0.06363714 -0.12092226 -0.03477241
v 0.05363397 -0.12532231 -0.03603769
v 0.04330430 -0.12895948 -0.03708359
v 0.03271101 -0.13181159 -0.03790375
v 0.02191860 -0.13386132 -0.03849317
v 0.01099276 -0.13509616 -0.03884826
v 0.00000000 -0.13550861 -0.03896686
v -0.01099276 -0.13509616 -0.03884826
v -0.02191860 -0.13386132 -0.03849317
v -0.03271101 -0.13181159 -0.03790375
v -0.04330430 -0.12895948 -0.03708359
v -0.05363397 -0.12532231 -0.03603769
v -0.06363714 -0.12092226 -0.03477241
v 0.06363714 -0.11775662 -0.04432484
v 0.05363397 -0.12204149 -0.04593771
v 0.04330430 -0.12558343 -0.04727094
v 0.03271101 -0.12836088 -0.04831640
v 0.02191860 -0.13035694 -0.04906774
v 0.01099276 -0.13155946 -0.04952038
v 0.00000000 -0.13196111 -0.04967156
v -0.01099276 -0.13155946 -0.04952038
v -0.02191860 -0.13035694 -0.04906774
v -0.03271101 -0.12836088 -0.04831640
v -0.04330430 -0.12558343 -0.04727094
v -0.05363397 -0.12204149 -0.04593771
v -0.06363714 -0.11775662 -0.04432484
v -0.07325293 -0.11275492 -0.04244215
v -0.08242279 -0.10695903 -0.04026063
v -0.07325293 -0.10900247 -0.05131735
v -0.08242279 -0.10340387 -0.04868050
v -0.08242279 -0.10519447 -0.04496228
v 0.06363714 -0.11383772 -0.05359374
v 0.05363397 -0.11797998 -0.05554387
v 0.04330430 -0.12140404 -0.05715589
v 0.03271101 -0.12408906 -0.05841998
v 0.02191860 -0.12601870 -0.05932843
v 0.01099276 -0.12718120 -0.05987572
v 0.00000000 -0.12756948 -0.06005852
v -0.01099276 -0.12718120 -0.05987572
v -0.02191860 -0.12601870 -0.05932843
v -0.03271101 -0.12408906 -0.05841998
v -0.04330430 -0.12140404 -0.05715589
v -0.05363397 -0.11797998 -0.05554387
v -0.06363714 -0.11383772 -0.05359374
v -0.07325293 -0.10455275 -0.05986428
v -0.08242279 -0.09919643 -0.05679534
v -0.08242279 -0.10074060 -0.05421083
v 0.06363714 -0.10919061 -0.06251980
v 0.05363397 -0.11316378 -0.06479473
v 0.04330430 -0.11644806 -0.06667523
v 0.03271101 -0.11902347 -0.06814985
v 0.02191860 -0.12087434 -0.06920961
v 0.01099276 -0.12198938 -0.06984805
v 0.00000000 -0.12236182 -0.07006130
v -0.01099276 -0.12198938 -0.06984805
v -0.02191860 -0.12087434 -0.06920961
v -0.03271101 -0.11902347 -0.06814985
v -0.04330430 -0.11644806 -0.06667523
v -0.05363397 -0.11316378 -0.06479473
v -0.06363714 -0.10919061 -0.06251980
v -0.07325293 -0.09943422 -0.06802826
v -0.08242279 -0.09436199 -0.06455570
v -0.08242279 -0.09547563 -0.06302291
v 0.06363714 -0.10384502 -0.07104594
v 0.05363397 -0.10762368 -0.07363112
v 0.04330430 -0.11074718 -0.07576807
v 0.03271101 -0.11319651 -0.07744379
v 0.02191860 -0.11495676 -0.07864806
v 0.01099276 -0.11601721 -0.07937358
v 0.00000000 -0.11637142 -0.07961591
v -0.01099276 -0.11601721 -0.07937358
v -0.02191860 -0.11495676 -0.07864806
v -0.03271101 -0.11319651 -0.07744379
v -0.04330430 -0.11074718 -0.07576807
v -0.05363397 -0.10762368 -0.07363112
v -0.06363714 -0.10384502 -0.07104594
v -0.07325293 -0.09367962 -0.07575709
v -0.08242279 -0.08892947 -0.07191414
v -0.08242279 -0.08944194 -0.07132757
v 0.06363714 -0.09783517 -0.07911760
v 0.05363397 -0.10139514 -0.08199649
v 0.04330430 -0.10433787 -0.08437622
v 0.03271101 -0.10664545 -0.08624232
v 0.02191860 -0.10830383 -0.08758342
v 0.01099276 -0.10930291 -0.08839136
v 0.00000000 -0.10963661 -0.08866122
v -0.01099276 -0.10930291 -0.08839136
v -0.02191860 -0.10830383 -0.08758342
v -0.03271101 -0.10664545 -0.08624232
v -0.04330430 -0.10433787 -0.08437622
v -0.05363397 -0.10139514 -0.08199649
v -0.06363714 -0.09783517 -0.07911760
v 0.06363714 -0.09119947 -0.08668316
v 0.05363397 -0.09451798 -0.08983734
v 0.04330430 -0.09726113 -0.09244464
v 0.03271101 -0.09941220 -0.09448918
v 0.02191860 -0.10095809 -0.09595852
v 0.01099276 -0.10188941 -0.09684373
v 0.00000000 -0.10220049 -0.09713939
v -0.01099276 -0.10188941 -0.09684373
v -0.02191860 -0.10095809 -0.09595852
v -0.03271101 -0.09941220 -0.09448918
v -0.04330430 -0.09726113 -0.09244464
v -0.05363397 -0.09451798 -0.08983734
v -0.06363714 -0.09119947 -0.08668316
v 0.06363714 -0.08398039 -0.09369422
v 0.05363397 -0.08703622 -0.09710352
v 0.04330430 -0.08956222 -0.09992170
v 0.03271101 -0.09154302 -0.10213161
v 0.02191860 -0.09296655 -0.10371979
v 0.01099276 -0.09382415 -0.10467659
v 0.00000000 -0.09411059 -0.10499617
v -0.01099276 -0.09382415 -0.10467659
v -0.02191860 -0.09296655 -0.10371979
v -0.03271101 -0.09154302 -0.10213161
v -0.04330430 -0.08956222 -0.09992170
v -0.05363397 -0.08703622 -0.09710352
v -0.06363714 -0.08398039 -0.09369422
v -0.06363714 -0.07622410 -0.10010595
v -0.08242279 -0.06175065 -0.09617741
v -0.08242279 -0.04563814 -0.10478032
v -0.08242279 -0.04963653 -0.10307132
v -0.08242279 -0.05386380 -0.10079654
v -0.08242279 -0.05867595 -0.09820700
v -0.08450000 -0.00989114 -0.10989957
v -0.08450000 0.00000000 -0.11034378
v -0.08450000 0.00000000 -0.03965622
v -0.08450000 -0.03877203 -0.10330769
v -0.08450000 -0.02935551 -0.10636730
v -0.08450000 -0.01970264 -0.10857051
v -0.08450000 -0.04787637 -0.09941631
v -0.08450000 -0.03000000 -0.03965622
v -0.08450000 -0.05659525 -0.09472448
v -0.08450000 -0.06485844 -0.08927000
v -0.08450000 -0.10146417 0.04336787
v -0.08450000 -0.10494317 0.03409810
v -0.08450000 -0.10757723 0.02455380
v -0.08450000 -0.07259945 -0.08309675
v -0.08450000 -0.08627024 -0.06879822
v -0.08450000 -0.07975592 -0.07625446
v -0.08450000 -0.05659525 0.09472448
v -0.08450000 -0.06485844 0.08927000
v -0.08450000 -0.04787637 0.09941631
v -0.08450000 -0.03877203 0.10330769
v -0.08450000 -0.03000000 0.10618734
v -0.08450000 -0.07259945 0.08309675
v -0.08450000 -0.07975592 0.07625446
v -0.08450000 -0.08627024 0.06879822
v -0.08450000 -0.10934515 0.01481181
v -0.08450000 -0.09716824 0.05228846
v -0.08450000 -0.09208997 0.06078805
v -0.08450000 -0.10934515 -0.01481181
v -0.08450000 -0.10757723 -0.02455380
v -0.08450000 -0.11023267 -0.00495056
v -0.08450000 -0.11023267 0.00495056
v -0.08450000 -0.09208997 -0.06078805
v -0.08450000 -0.09716824 -0.05228846
v -0.08450000 -0.10146417 -0.04336787
v -0.08450000 -0.10494317 -0.03409810
v 0.08450000 -0.06485844 -0.08927000
v 0.08450000 -0.07259945 -0.08309675
v 0.08450000 -0.03000000 -0.03965622
v 0.08450000 -0.03000000 0.10618734
v 0.08450000 -0.03877203 0.10330769
v 0.08450000 -0.04787637 0.09941631
v 0.08450000 -0.07975592 -0.07625446
v 0.08450000 -0.05659525 0.09472448
v 0.08450000 -0.08627024 -0.06879822
v 0.08450000 -0.06485844 0.08927000
v 0.08450000 -0.09208997 -0.06078805
v 0.08450000 -0.07259945 0.08309675
v 0.08450000 -0.09716824 -0.05228846
v 0.08450000 -0.07975592 0.07625446
v 0.08450000 -0.10146417 -0.04336787
v 0.08450000 -0.08627024 0.06879822
v 0.08450000 -0.10494317 -0.03409810
v 0.08450000 -0.09208997 0.06078805
v 0.08450000 -0.10757723 -0.02455380
v 0.08450000 -0.09716824 0.05228846
v 0.08450000 -0.10934515 -0.01481181
v 0.08450000 -0.10146417 0.04336787
v 0.08450000 -0.11023267 -0.00495056
v 0.08450000 -0.10494317 0.03409810
v 0.08450000 -0.11023267 0.00495056
v 0.08450000 -0.10757723 0.02455380
v 0.08450000 -0.10934515 0.01481181
v 0.08450000 -0.00989114 -0.10989957
v 0.08450000 -0.01970264 -0.10857051
v 0.08450000 0.00000000 -0.11034378
v 0.08450000 0.00000000 -0.03965622
v 0.08450000 -0.05659525 -0.09472448
v 0.08450000 -0.04787637 -0.09941631
v 0.08450000 -0.03877203 -0.10330769
v 0.08450000 -0.02935551 -0.10636730
v -0.04350000 0.00000000 0.11034378
v -0.04350000 0.00000000 -0.03965622
v -0.08450000 0.00000000 0.11034378
v -0.08450000 0.00000000 -0.03965622
v 0.04250000 0.00000000 -0.03965622
v 0.04250000 0.00000000 0.11034378
v 0.08450000 0.00000000 -0.03965622
v 0.08450000 0.00000000 0.11034378
v 0.08450000 0.00000000 -0.11034378
v 0.08650000 0.00000000 -0.11485970
v 0.08650000 0.00000000 0.11485970
v -0.08395050 0.00000000 0.11262260
v -0.08436068 0.00000000 0.11151585
v -0.08650000 0.00000000 0.11485970
v -0.08650000 0.00000000 -0.11485970
v -0.08450000 0.00000000 -0.11034378
v -0.08382598 0.00000000 0.11285094
v -0.08315197 -0.00000000 0.11550163
v -0.08353495 0.00000000 0.11343896
v -0.08315197 0.00000000 0.11535811
v -0.08332341 0.00000000 0.11406001
v -0.08319502 0.00000000 0.11470342
v 0.08382598 0.00000000 -0.11285094
v 0.08395050 0.00000000 -0.11262260
v 0.08436068 0.00000000 -0.11151585
v 0.08436068 0.00000000 0.11151585
v 0.08395050 0.00000000 0.11262260
v 0.08382598 0.00000000 0.11285094
v 0.08272106 0.00000000 0.12097684
v 0.08143894 0.00000000 0.12631723
v 0.08478698 0.00000000 0.12831724
v 0.08268522 0.00000000 0.13339131
v 0.07933719 0.00000000 0.13139130
v 0.07981560 0.00000000 0.13807411
v 0.07646757 0.00000000 0.13607413
v 0.07624874 0.00000000 0.14225037
v 0.07290071 0.00000000 0.14025037
v 0.07207248 0.00000000 0.14581724
v 0.06872445 0.00000000 0.14381723
v 0.06738967 0.00000000 0.14868687
v 0.06404164 0.00000000 0.14668687
v 0.06231559 0.00000000 0.15078862
v 0.05896756 0.00000000 0.14878862
v 0.05697520 0.00000000 0.15207073
v 0.05362717 0.00000000 0.15007073
v 0.05150000 0.00000000 0.15250164
v 0.04815197 0.00000000 0.15050164
v -0.05150000 0.00000000 0.15250164
v -0.04815197 0.00000000 0.15050164
v -0.05697520 0.00000000 0.15207073
v -0.05362717 0.00000000 0.15007073
v -0.06231559 0.00000000 0.15078862
v -0.05896756 0.00000000 0.14878862
v -0.06738967 0.00000000 0.14868687
v -0.06404164 0.00000000 0.14668687
v -0.07207248 0.00000000 0.14581724
v -0.06872445 0.00000000 0.14381723
v -0.07624874 0.00000000 0.14225037
v -0.07290071 0.00000000 0.14025037
v -0.07981560 0.00000000 0.13807411
v -0.07646757 0.00000000 0.13607413
v -0.08268522 0.00000000 0.13339131
v -0.07933719 0.00000000 0.13139130
v -0.08478698 0.00000000 0.12831724
v -0.08143894 0.00000000 0.12631723
v -0.08606909 0.00000000 0.12297685
v -0.08272106 0.00000000 0.12097684
v -0.08650000 0.00000000 0.11750164
v 0.08606909 0.00000000 0.12297685
v 0.08650000 0.00000000 0.11750164
v 0.08315197 0.00000000 0.11550163
v 0.08315197 0.00000000 0.11535811
v 0.08319502 0.00000000 0.11470342
v 0.08353495 0.00000000 0.11343896
v 0.08332341 0.00000000 0.11406001
v 0.08315197 -0.00000000 -0.11550163
v 0.08353495 0.00000000 -0.11343896
v 0.08315197 0.00000000 -0.11535811
v 0.08332341 0.00000000 -0.11406001
v 0.08319502 0.00000000 -0.11470342
v -0.08436068 0.00000000 -0.11151585
v -0.08395050 0.00000000 -0.11262260
v -0.08382598 0.00000000 -0.11285094
v -0.08272106 0.00000000 -0.12097684
v -0.08650000 0.00000000 -0.11750164
v -0.08315197 0.00000000 -0.11550163
v -0.08315197 0.00000000 -0.11535811
v -0.08319502 0.00000000 -0.11470342
v -0.08353495 0.00000000 -0.11343896
v -0.08332341 0.00000000 -0.11406001
v 0.08650000 0.00000000 -0.11750164
v 0.08272106 0.00000000 -0.12097684
v 0.08606909 0.00000000 -0.12297685
v 0.08143894 0.00000000 -0.12631723
v 0.08478698 0.00000000 -0.12831724
v 0.07933719 0.00000000 -0.13139130
v 0.08268522 0.00000000 -0.13339131
v 0.07646757 0.00000000 -0.13607413
v 0.07981560 0.00000000 -0.13807411
v 0.07290071 0.00000000 -0.14025037
v 0.07624874 0.00000000 -0.14225037
v 0.06872445 0.00000000 -0.14381723
v 0.07207248 0.00000000 -0.14581724
v 0.06404164 0.00000000 -0.14668687
v 0.06738967 0.00000000 -0.14868687
v 0.05896756 0.00000000 -0.14878862
v 0.06231559 0.00000000 -0.15078862
v 0.05362717 0.00000000 -0.15007073
v 0.05697520 0.00000000 -0.15207073
v 0.04815197 0.00000000 -0.15050164
v 0.05150000 0.00000000 -0.15250164
v -0.04815197 0.00000000 -0.15050164
v -0.05150000 0.00000000 -0.15250164
v -0.05362717 0.00000000 -0.15007073
v -0.05697520 0.00000000 -0.15207073
v -0.05896756 0.00000000 -0.14878862
v -0.06231559 0.00000000 -0.15078862
v -0.06404164 0.00000000 -0.14668687
v -0.06738967 0.00000000 -0.14868687
v -0.06872445 0.00000000 -0.14381723
v -0.07207248 0.00000000 -0.14581724
v -0.07290071 0.00000000 -0.14025037
v -0.07624874 0.00000000 -0.14225037
v -0.07646757 0.00000000 -0.13607413
v -0.07981560 0.00000000 -0.13807411
v -0.07933719 0.00000000 -0.13139130
v -0.08268522 0.00000000 -0.13339131
v -0.08143894 0.00000000 -0.12631723
v -0.08478698 0.00000000 -0.12831724
v -0.08606909 0.00000000 -0.12297685
v 0.08569858 -0.07195012 -0.08903895
v 0.08569858 -0.07275096 -0.08833058
v 0.07623664 -0.07691635 -0.09338550
v 0.08569858 -0.10727978 -0.03994747
v 0.08569858 -0.10853706 -0.03604807
v 0.07623664 -0.11481670 -0.03813265
v 0.08569858 -0.11040930 -0.03024136
v 0.08569858 -0.11108816 -0.02724481
v 0.07623664 -0.11750157 -0.02881588
v 0.08569858 -0.11266258 -0.02029523
v 0.08569858 -0.11293554 -0.01826545
v 0.07623664 -0.11943175 -0.01931403
v 0.08569858 -0.11402174 -0.01018804
v 0.08569858 -0.11406735 -0.00916520
v 0.07623664 -0.12059484 -0.00968813
v 0.08569858 -0.10329887 0.04933656
v 0.08569858 -0.10139155 0.05291129
v 0.07623664 -0.10725661 0.05597317
v 0.08569858 -0.09849815 0.05833410
v 0.08569858 -0.09684110 0.06086744
v 0.07623664 -0.10242993 0.06438233
v 0.08569858 -0.09291573 0.06686869
v 0.08569858 -0.09167463 0.06844050
v 0.07623664 -0.09694537 0.07237797
v 0.08569858 -0.08659590 0.07487258
v 0.08569858 -0.08592355 0.07558356
v 0.07623664 -0.09083814 0.07990874
v -0.07623664 -0.06102165 0.10446690
v -0.07623664 -0.06919120 0.09924491
v -0.06628305 -0.07246660 0.10394301
v -0.08569858 -0.08592355 -0.07558356
v -0.08569858 -0.07958882 -0.08228227
v -0.07623664 -0.08414748 -0.08692627
v -0.08569858 -0.08659590 -0.07487258
v -0.07623664 -0.09083814 -0.07990874
v -0.08569858 -0.09291573 -0.06686869
v -0.08569858 -0.09167463 -0.06844050
v -0.07623664 -0.09694537 -0.07237797
v -0.08569858 -0.09849815 -0.05833410
v -0.08569858 -0.09684110 -0.06086744
v -0.07623664 -0.10242993 -0.06438233
v -0.08569858 -0.10329887 -0.04933656
v -0.08569858 -0.10139155 -0.05291129
v -0.07623664 -0.10725661 -0.05597317
v -0.08569858 -0.10727978 -0.03994747
v -0.08569858 -0.10529818 -0.04462115
v -0.07623664 -0.11139439 -0.04720450
v -0.08569858 -0.11406735 0.00916520
v -0.08569858 -0.11447600 -0.00000000
v -0.07623664 -0.12098337 -0.00000000
v -0.08569858 -0.11402174 0.01018804
v -0.07623664 -0.12059484 0.00968813
v -0.08569858 -0.11266258 0.02029523
v -0.08569858 -0.11293554 0.01826545
v -0.07623664 -0.11943175 0.01931403
v -0.08569858 -0.11040930 0.03024136
v -0.08569858 -0.11108816 0.02724481
v -0.07623664 -0.11750157 0.02881588
v -0.08569858 -0.10727978 0.03994747
v -0.08569858 -0.10853706 0.03604807
v -0.07623664 -0.11481670 0.03813265
v -0.08569858 -0.10329887 0.04933656
v -0.08569858 -0.10529818 0.04462115
v -0.07623664 -0.11139439 0.04720450
v -0.08569858 -0.07275096 0.08833058
v -0.08569858 -0.07958882 0.08228227
v -0.07623664 -0.08414748 0.08692627
v -0.08569858 -0.07195012 0.08903895
v -0.07623664 -0.07691635 0.09338550
v 0.08389501 -0.02391485 0.11327542
v 0.08569858 -0.02362290 0.11191601
v 0.08569858 -0.01653575 0.11327542
v -0.02213356 -0.08442620 0.11327542
v -0.02287115 -0.08419182 0.11327542
v -0.02287479 -0.08974294 0.10895848
v -0.07220690 -0.04902898 0.11327542
v -0.07541254 -0.04374391 0.11327542
v -0.07623664 -0.04356174 0.11286873
v -0.07623451 -0.04238874 0.11327542
v -0.08569858 -0.01653575 0.11327542
v -0.08569858 -0.02362290 0.11191601
v -0.08389501 -0.02391485 0.11327542
v -0.08389501 -0.02391485 -0.11327542
v -0.08569858 -0.02362290 -0.11191601
v -0.08569858 -0.01653575 -0.11327542
v 0.02213356 -0.08442620 -0.11327542
v 0.02287115 -0.08419182 -0.11327542
v 0.02287479 -0.08974294 -0.10895848
v 0.06628305 -0.06391031 -0.10941220
v 0.05671597 -0.06619399 -0.11327542
v 0.06070702 -0.06270833 -0.11327542
v 0.08569858 -0.01653575 -0.11327542
v 0.08569858 -0.02362290 -0.11191601
v 0.08389501 -0.02391485 -0.11327542
v 0.08366416 -0.02485933 -0.11327542
v 0.08569858 -0.02655133 -0.11135430
v 0.08067950 -0.03329409 -0.11327542
v 0.08569858 -0.03250431 -0.10965134
v 0.08054356 -0.03358085 -0.11327542
v 0.07623451 -0.04238874 -0.11327542
v 0.07684699 -0.04137896 -0.11327542
v 0.08569858 -0.04117783 -0.10669181
v 0.08569858 -0.03635620 -0.10854944
v 0.07541254 -0.04374391 -0.11327542
v 0.07623664 -0.04356174 -0.11286873
v 0.07220690 -0.04902898 -0.11327542
v 0.07623664 -0.05246016 -0.10901792
v 0.06804274 -0.05453203 -0.11327542
v 0.06627983 -0.05673035 -0.11327542
v 0.06680800 -0.05616377 -0.11327542
v 0.07623664 -0.06102165 -0.10446690
v 0.06628305 -0.07246660 -0.10394301
v 0.05590200 -0.07527467 -0.10797078
v 0.05589142 -0.06691413 -0.11327542
v 0.05396808 -0.06859391 -0.11327542
v 0.03694906 -0.07898173 -0.11327542
v 0.03886554 -0.07814825 -0.11327542
v 0.04516045 -0.07759730 -0.11130226
v 0.04515143 -0.07460912 -0.11327542
v 0.04666199 -0.07375864 -0.11327542
v 0.03412766 -0.08828664 -0.10719036
v 0.03411438 -0.08021455 -0.11327542
v 0.04516045 -0.08626098 -0.10473097
v 0.03066065 -0.08171660 -0.11327542
v 0.01337386 -0.08624858 -0.11327542
v 0.01147439 -0.09062049 -0.11002393
v 0.01147150 -0.08644437 -0.11327542
v 0.00447363 -0.08716458 -0.11327542
v -0.00000000 -0.09091364 -0.11037984
v -0.00000000 -0.08716458 -0.11327542
v -0.02287479 -0.08974294 -0.10895848
v -0.02287115 -0.08419182 -0.11327542
v -0.02213356 -0.08442620 -0.11327542
v -0.01147439 -0.09062049 -0.11002393
v -0.01337386 -0.08624858 -0.11327542
v -0.01147150 -0.08644437 -0.11327542
v -0.00447363 -0.08716458 -0.11327542
v -0.03066065 -0.08171660 -0.11327542
v -0.03412766 -0.08828664 -0.10719036
v -0.03411438 -0.08021455 -0.11327542
v -0.03886554 -0.07814825 -0.11327542
v -0.03694906 -0.07898173 -0.11327542
v -0.04516045 -0.07759730 -0.11130226
v -0.05589142 -0.06691413 -0.11327542
v -0.05396808 -0.06859391 -0.11327542
v -0.05590200 -0.07527467 -0.10797078
v -0.04666199 -0.07375864 -0.11327542
v -0.04515143 -0.07460912 -0.11327542
v -0.06627983 -0.05673035 -0.11327542
v -0.06070702 -0.06270833 -0.11327542
v -0.06628305 -0.06391031 -0.10941220
v -0.05671597 -0.06619399 -0.11327542
v -0.06680800 -0.05616377 -0.11327542
v -0.07623664 -0.06102165 -0.10446690
v -0.06804274 -0.05453203 -0.11327542
v -0.07684699 -0.04137896 -0.11327542
v -0.07623451 -0.04238874 -0.11327542
v -0.07623664 -0.04356174 -0.11286873
v -0.07541254 -0.04374391 -0.11327542
v -0.07623664 -0.05246016 -0.10901792
v -0.07220690 -0.04902898 -0.11327542
v -0.08569858 -0.02655133 -0.11135430
v -0.08366416 -0.02485933 -0.11327542
v -0.08569858 -0.03250431 -0.10965134
v -0.08366416 -0.02485933 0.11327542
v -0.08569858 -0.02655133 0.11135430
v -0.08067950 -0.03329409 0.11327542
v -0.08569858 -0.03250431 0.10965134
v -0.08054356 -0.03358085 0.11327542
v -0.07684699 -0.04137896 0.11327542
v -0.08569858 -0.03635620 0.10854944
v -0.08569858 -0.04117783 0.10669181
v -0.06804274 -0.05453203 0.11327542
v -0.07623664 -0.05246016 0.10901792
v -0.06680800 -0.05616377 0.11327542
v -0.05671597 -0.06619399 0.11327542
v -0.06070702 -0.06270833 0.11327542
v -0.06628305 -0.06391031 0.10941220
v -0.06627983 -0.05673035 0.11327542
v -0.03694906 -0.07898173 0.11327542
v -0.03886554 -0.07814825 0.11327542
v -0.04516045 -0.07759730 0.11130226
v -0.04515143 -0.07460912 0.11327542
v -0.05590200 -0.07527467 0.10797078
v -0.04666199 -0.07375864 0.11327542
v -0.05396808 -0.06859391 0.11327542
v -0.03412766 -0.08828664 0.10719036
v -0.03411438 -0.08021455 0.11327542
v -0.04516045 -0.08626098 0.10473097
v -0.03066065 -0.08171660 0.11327542
v -0.01337386 -0.08624858 0.11327542
v -0.01147439 -0.09062049 0.11002393
v -0.01147150 -0.08644437 0.11327542
v -0.00447363 -0.08716458 0.11327542
v -0.00000000 -0.09091364 0.11037984
v -0.00000000 -0.08716458 0.11327542
v 0.02287479 -0.08974294 0.10895848
v 0.02287115 -0.08419182 0.11327542
v 0.02213356 -0.08442620 0.11327542
v 0.01147439 -0.09062049 0.11002393
v 0.01337386 -0.08624858 0.11327542
v 0.01147150 -0.08644437 0.11327542
v 0.00447363 -0.08716458 0.11327542
v 0.03066065 -0.08171660 0.11327542
v 0.03412766 -0.08828664 0.10719036
v 0.03411438 -0.08021455 0.11327542
v 0.03886554 -0.07814825 0.11327542
v 0.03694906 -0.07898173 0.11327542
v 0.04516045 -0.07759730 0.11130226
v 0.05589142 -0.06691413 0.11327542
v 0.05396808 -0.06859391 0.11327542
v 0.05590200 -0.07527467 0.10797078
v 0.04666199 -0.07375864 0.11327542
v 0.04515143 -0.07460912 0.11327542
v 0.06070702 -0.06270833 0.11327542
v 0.05671597 -0.06619399 0.11327542
v 0.06628305 -0.06391031 0.10941220
v 0.07684699 -0.04137896 0.11327542
v 0.07623451 -0.04238874 0.11327542
v 0.07623664 -0.04356174 0.11286873
v 0.07541254 -0.04374391 0.11327542
v 0.07623664 -0.05246016 0.10901792
v 0.07220690 -0.04902898 0.11327542
v 0.06804274 -0.05453203 0.11327542
v 0.07623664 -0.06102165 0.10446690
v 0.06680800 -0.05616377 0.11327542
v 0.06627983 -0.05673035 0.11327542
v 0.08569858 -0.02655133 0.11135430
v 0.08366416 -0.02485933 0.11327542
v 0.08569858 -0.03250431 0.10965134
v -0.08569858 -0.04587253 0.10488310
v -0.08569858 -0.04959011 0.10305575
v -0.08569858 -0.05502481 0.10038438
v -0.08569858 -0.05768936 0.09876546
v -0.08569858 -0.06374039 0.09508899
v -0.08569858 -0.06542560 0.09384710
v -0.08569858 -0.08592355 0.07558356
v -0.07623664 -0.09083814 0.07990874
v -0.08569858 -0.08659590 0.07487258
v -0.08569858 -0.09167463 0.06844050
v -0.07623664 -0.09694537 0.07237797
v -0.08569858 -0.09291573 0.06686869
v -0.08569858 -0.09684110 0.06086744
v -0.07623664 -0.10242993 0.06438233
v -0.08569858 -0.09849815 0.05833410
v -0.08569858 -0.10139155 0.05291129
v -0.07623664 -0.10725661 0.05597317
v -0.08569858 -0.11406735 -0.00916520
v -0.07623664 -0.12059484 -0.00968813
v -0.08569858 -0.11402174 -0.01018804
v -0.08569858 -0.11293554 -0.01826545
v -0.07623664 -0.11943175 -0.01931403
v -0.08569858 -0.11266258 -0.02029523
v -0.08569858 -0.11108816 -0.02724481
v -0.07623664 -0.11750157 -0.02881588
v -0.08569858 -0.11040930 -0.03024136
v -0.08569858 -0.10853706 -0.03604807
v -0.07623664 -0.11481670 -0.03813265
v -0.08569858 -0.07275096 -0.08833058
v -0.07623664 -0.07691635 -0.09338550
v -0.08569858 -0.07195012 -0.08903895
v -0.07623664 -0.06919120 -0.09924491
v -0.08569858 -0.06542560 -0.09384710
v -0.08569858 -0.06374039 -0.09508899
v -0.08569858 -0.05768936 -0.09876546
v -0.08569858 -0.05502481 -0.10038438
v -0.08067950 -0.03329409 -0.11327542
v -0.08054356 -0.03358085 -0.11327542
v -0.08569858 -0.03635620 -0.10854944
v -0.08569858 -0.04117783 -0.10669181
v -0.08569858 -0.04587253 -0.10488310
v -0.08569858 -0.04959011 -0.10305575
v -0.05589142 -0.06691413 0.11327542
v -0.06628305 -0.07246660 -0.10394301
v -0.05590200 -0.08367904 0.10159618
v -0.06628305 -0.08055744 0.09780622
v -0.04516045 -0.08626098 -0.10473097
v -0.05590200 -0.08367904 -0.10159618
v -0.06628305 -0.08055744 -0.09780622
v 0.07623664 -0.06919120 -0.09924491
v 0.08067950 -0.03329409 0.11327542
v 0.08054356 -0.03358085 0.11327542
v 0.08569858 -0.03635620 0.10854944
v 0.08569858 -0.04117783 0.10669181
v 0.08569858 -0.04587253 0.10488310
v 0.08569858 -0.04959011 0.10305575
v 0.08569858 -0.05502481 0.10038438
v 0.08569858 -0.05768936 0.09876546
v 0.07623664 -0.06919120 0.09924491
v 0.08569858 -0.06542560 0.09384710
v 0.08569858 -0.06374039 0.09508899
v 0.06628305 -0.07246660 0.10394301
v 0.07623664 -0.07691635 0.09338550
v 0.08569858 -0.07275096 0.08833058
v 0.08569858 -0.07195012 0.08903895
v 0.04516045 -0.08626098 0.10473097
v 0.05590200 -0.08367904 0.10159618
v 0.06628305 -0.08055744 0.09780622
v -0.06628305 -0.08813088 0.09104122
v -0.05590200 -0.09154594 0.09456906
v -0.04516045 -0.09437063 0.09748702
v -0.03412766 -0.09658672 0.09977629
v -0.02287479 -0.09817993 0.10142212
v -0.01147439 -0.09913998 0.10241388
v -0.00000000 -0.09946069 0.10274518
v 0.01147439 -0.09913998 0.10241388
v 0.02287479 -0.09817993 0.10142212
v 0.03412766 -0.09658672 0.09977629
v 0.04516045 -0.09437063 0.09748702
v 0.05590200 -0.09154594 0.09456906
v 0.06628305 -0.08813088 0.09104122
v 0.07623664 -0.08414748 0.08692627
v 0.08569858 -0.07958882 0.08228227
v -0.06628305 -0.09513827 0.08369149
v -0.05590200 -0.09882487 0.08693452
v -0.04516045 -0.10187414 0.08961692
v -0.03412766 -0.10426644 0.09172139
v -0.02287479 -0.10598633 0.09323434
v -0.01147439 -0.10702272 0.09414604
v -0.00000000 -0.10736893 0.09445059
v 0.01147439 -0.10702272 0.09414604
v 0.02287479 -0.10598633 0.09323434
v 0.03412766 -0.10426644 0.09172139
v 0.04516045 -0.10187414 0.08961692
v 0.05590200 -0.09882487 0.08693452
v 0.06628305 -0.09513827 0.08369149
v -0.06628305 -0.10153461 0.07580423
v -0.05590200 -0.10546906 0.07874162
v -0.04516045 -0.10872334 0.08117123
v -0.03412766 -0.11127648 0.08307736
v -0.02287479 -0.11311200 0.08444773
v -0.01147439 -0.11421807 0.08527351
v -0.00000000 -0.11458755 0.08554936
v 0.01147439 -0.11421807 0.08527351
v 0.02287479 -0.11311200 0.08444773
v 0.03412766 -0.11127648 0.08307736
v 0.04516045 -0.10872334 0.08117123
v 0.05590200 -0.10546906 0.07874162
v 0.06628305 -0.10153461 0.07580423
v -0.06628305 -0.10727880 0.06743009
v -0.05590200 -0.11143584 0.07004299
v -0.04516045 -0.11487423 0.07220419
v -0.03412766 -0.11757181 0.07389975
v -0.02287479 -0.11951117 0.07511874
v -0.01147439 -0.12067981 0.07585329
v -0.00000000 -0.12107020 0.07609867
v 0.01147439 -0.12067981 0.07585329
v 0.02287479 -0.11951117 0.07511874
v 0.03412766 -0.11757181 0.07389975
v 0.04516045 -0.11487423 0.07220419
v 0.05590200 -0.11143584 0.07004299
v 0.06628305 -0.10727880 0.06743009
v -0.06628305 -0.11233396 0.05862285
v -0.05590200 -0.11668689 0.06089447
v -0.04516045 -0.12028730 0.06277339
v -0.03412766 -0.12311199 0.06424749
v -0.02287479 -0.12514274 0.06530727
v -0.01147439 -0.12636645 0.06594587
v -0.00000000 -0.12677523 0.06615920
v 0.01147439 -0.12636645 0.06594587
v 0.02287479 -0.12514274 0.06530727
v 0.03412766 -0.12311199 0.06424749
v 0.04516045 -0.12028730 0.06277339
v 0.05590200 -0.11668689 0.06089447
v 0.06628305 -0.11233396 0.05862285
v -0.06628305 -0.11666762 0.04943909
v -0.05590200 -0.12118847 0.05135484
v -0.04516045 -0.12492779 0.05293941
v -0.03412766 -0.12786146 0.05418259
v -0.02287479 -0.12997054 0.05507633
v -0.01147439 -0.13124146 0.05561490
v -0.00000000 -0.13166602 0.05579481
v 0.01147439 -0.13124146 0.05561490
v 0.02287479 -0.12997054 0.05507633
v 0.03412766 -0.12786146 0.05418259
v 0.04516045 -0.12492779 0.05293941
v 0.05590200 -0.12118847 0.05135484
v 0.06628305 -0.11666762 0.04943909
v 0.07623664 -0.11139439 0.04720450
v 0.08569858 -0.10529818 0.04462115
v 0.07623664 -0.11481670 0.03813265
v 0.08569858 -0.10853706 0.03604807
v 0.08569858 -0.10727978 0.03994747
v -0.06628305 -0.12025195 0.03993779
v -0.05590200 -0.12491169 0.04148537
v -0.04516045 -0.12876588 0.04276542
v -0.03412766 -0.13178967 0.04376967
v -0.02287479 -0.13396357 0.04449166
v -0.01147439 -0.13527353 0.04492672
v -0.00000000 -0.13571113 0.04507205
v 0.01147439 -0.13527353 0.04492672
v 0.02287479 -0.13396357 0.04449166
v 0.03412766 -0.13178967 0.04376967
v 0.04516045 -0.12876588 0.04276542
v 0.05590200 -0.12491169 0.04148537
v 0.06628305 -0.12025195 0.03993779
v 0.07623664 -0.11750157 0.02881588
v 0.08569858 -0.11108816 0.02724481
v 0.08569858 -0.11040930 0.03024136
v -0.06628305 -0.12306391 0.03017998
v -0.05590200 -0.12783262 0.03134944
v -0.04516045 -0.13177694 0.03231674
v -0.03412766 -0.13487144 0.03307563
v -0.02287479 -0.13709617 0.03362122
v -0.01147439 -0.13843676 0.03394999
v -0.00000000 -0.13888459 0.03405981
v 0.01147439 -0.13843676 0.03394999
v 0.02287479 -0.13709617 0.03362122
v 0.03412766 -0.13487144 0.03307563
v 0.04516045 -0.13177694 0.03231674
v 0.05590200 -0.12783262 0.03134944
v 0.06628305 -0.12306391 0.03017998
v 0.07623664 -0.11943175 0.01931403
v 0.08569858 -0.11293554 0.01826545
v 0.08569858 -0.11266258 0.02029523
v -0.06628305 -0.12508546 0.02022832
v -0.05590200 -0.12993251 0.02101217
v -0.04516045 -0.13394162 0.02166050
v -0.03412766 -0.13708694 0.02216916
v -0.02287479 -0.13934821 0.02253484
v -0.01147439 -0.14071083 0.02275520
v -0.00000000 -0.14116602 0.02282881
v 0.01147439 -0.14071083 0.02275520
v 0.02287479 -0.13934821 0.02253484
v 0.03412766 -0.13708694 0.02216916
v 0.04516045 -0.13394162 0.02166050
v 0.05590200 -0.12993251 0.02101217
v 0.06628305 -0.12508546 0.02022832
v 0.07623664 -0.12059484 0.00968813
v 0.08569858 -0.11406735 0.00916520
v 0.08569858 -0.11402174 0.01018804
v -0.06628305 -0.12630361 0.01014675
v -0.05590200 -0.13119785 0.01053993
v -0.04516045 -0.13524601 0.01086514
v -0.03412766 -0.13842197 0.01112029
v -0.02287479 -0.14070526 0.01130372
v -0.01147439 -0.14208116 0.01141425
v -0.00000000 -0.14254077 0.01145118
v 0.01147439 -0.14208116 0.01141425
v 0.02287479 -0.14070526 0.01130372
v 0.03412766 -0.13842197 0.01112029
v 0.04516045 -0.13524601 0.01086514
v 0.05590200 -0.13119785 0.01053993
v 0.06628305 -0.12630361 0.01014675
v -0.06628305 -0.12671052 -0.00000000
v -0.05590200 -0.13162054 -0.00000000
v -0.04516045 -0.13568173 -0.00000000
v -0.03412766 -0.13886793 -0.00000000
v -0.02287479 -0.14115858 -0.00000000
v -0.01147439 -0.14253891 -0.00000000
v -0.00000000 -0.14300001 -0.00000000
v 0.01147439 -0.14253891 -0.00000000
v 0.02287479 -0.14115858 -0.00000000
v 0.03412766 -0.13886793 -0.00000000
v 0.04516045 -0.13568173 -0.00000000
v 0.05590200 -0.13162054 -0.00000000
v 0.06628305 -0.12671052 -0.00000000
v 0.07623664 -0.12098337 -0.00000000
v 0.08569858 -0.11447600 -0.00000000
v -0.06628305 -0.12630361 -0.01014675
v -0.05590200 -0.13119785 -0.01053993
v -0.04516045 -0.13524601 -0.01086514
v -0.03412766 -0.13842197 -0.01112029
v -0.02287479 -0.14070526 -0.01130372
v -0.01147439 -0.14208116 -0.01141425
v -0.00000000 -0.14254077 -0.01145118
v 0.01147439 -0.14208116 -0.01141425
v 0.02287479 -0.14070526 -0.01130372
v 0.03412766 -0.13842197 -0.01112029
v 0.04516045 -0.13524601 -0.01086514
v 0.05590200 -0.13119785 -0.01053993
v 0.06628305 -0.12630361 -0.01014675
v -0.06628305 -0.12508546 -0.02022832
v -0.05590200 -0.12993251 -0.02101217
v -0.04516045 -0.13394162 -0.02166050
v -0.03412766 -0.13708694 -0.02216916
v -0.02287479 -0.13934821 -0.02253484
v -0.01147439 -0.14071083 -0.02275520
v -0.00000000 -0.14116602 -0.02282881
v 0.01147439 -0.14071083 -0.02275520
v 0.02287479 -0.13934821 -0.02253484
v 0.03412766 -0.13708694 -0.02216916
v 0.04516045 -0.13394162 -0.02166050
v 0.05590200 -0.12993251 -0.02101217
v 0.06628305 -0.12508546 -0.02022832
v -0.06628305 -0.12306391 -0.03017998
v -0.05590200 -0.12783262 -0.03134944
v -0.04516045 -0.13177694 -0.03231674
v -0.03412766 -0.13487144 -0.03307563
v -0.02287479 -0.13709617 -0.03362122
v -0.01147439 -0.13843676 -0.03394999
v -0.00000000 -0.13888459 -0.03405981
v 0.01147439 -0.13843676 -0.03394999
v 0.02287479 -0.13709617 -0.03362122
v 0.03412766 -0.13487144 -0.03307563
v 0.04516045 -0.13177694 -0.03231674
v 0.05590200 -0.12783262 -0.03134944
v 0.06628305 -0.12306391 -0.03017998
v -0.06628305 -0.12025195 -0.03993779
v -0.05590200 -0.12491169 -0.04148537
v -0.04516045 -0.12876588 -0.04276542
v -0.03412766 -0.13178967 -0.04376967
v -0.02287479 -0.13396357 -0.04449166
v -0.01147439 -0.13527353 -0.04492672
v -0.00000000 -0.13571113 -0.04507205
v 0.01147439 -0.13527353 -0.04492672
v 0.02287479 -0.13396357 -0.04449166
v 0.03412766 -0.13178967 -0.04376967
v 0.04516045 -0.12876588 -0.04276542
v 0.05590200 -0.12491169 -0.04148537
v 0.06628305 -0.12025195 -0.03993779
v -0.06628305 -0.11666762 -0.04943909
v -0.05590200 -0.12118847 -0.05135484
v -0.04516045 -0.12492779 -0.05293941
v -0.03412766 -0.12786146 -0.05418259
v -0.02287479 -0.12997054 -0.05507633
v -0.01147439 -0.13124146 -0.05561490
v -0.00000000 -0.13166602 -0.05579481
v 0.01147439 -0.13124146 -0.05561490
v 0.02287479 -0.12997054 -0.05507633
v 0.03412766 -0.12786146 -0.05418259
v 0.04516045 -0.12492779 -0.05293941
v 0.05590200 -0.12118847 -0.05135484
v 0.06628305 -0.11666762 -0.04943909
v 0.07623664 -0.11139439 -0.04720450
v 0.08569858 -0.10529818 -0.04462115
v 0.07623664 -0.10725661 -0.05597317
v 0.08569858 -0.10139155 -0.05291129
v 0.08569858 -0.10329887 -0.04933656
v -0.06628305 -0.11233396 -0.05862285
v -0.05590200 -0.11668689 -0.06089447
v -0.04516045 -0.12028730 -0.06277339
v -0.03412766 -0.12311199 -0.06424749
v -0.02287479 -0.12514274 -0.06530727
v -0.01147439 -0.12636645 -0.06594587
v -0.00000000 -0.12677523 -0.06615920
v 0.01147439 -0.12636645 -0.06594587
v 0.02287479 -0.12514274 -0.06530727
v 0.03412766 -0.12311199 -0.06424749
v 0.04516045 -0.12028730 -0.06277339
v 0.05590200 -0.11668689 -0.06089447
v 0.06628305 -0.11233396 -0.05862285
v 0.07623664 -0.10242993 -0.06438233
v 0.08569858 -0.09684110 -0.06086744
v 0.08569858 -0.09849815 -0.05833410
v -0.06628305 -0.10727880 -0.06743009
v -0.05590200 -0.11143584 -0.07004299
v -0.04516045 -0.11487423 -0.07220419
v -0.03412766 -0.11757181 -0.07389975
v -0.02287479 -0.11951117 -0.07511874
v -0.01147439 -0.12067981 -0.07585329
v -0.00000000 -0.12107020 -0.07609867
v 0.01147439 -0.12067981 -0.07585329
v 0.02287479 -0.11951117 -0.07511874
v 0.03412766 -0.11757181 -0.07389975
v 0.04516045 -0.11487423 -0.07220419
v 0.05590200 -0.11143584 -0.07004299
v 0.06628305 -0.10727880 -0.06743009
v 0.07623664 -0.09694537 -0.07237797
v 0.08569858 -0.09167463 -0.06844050
v 0.08569858 -0.09291573 -0.06686869
v -0.06628305 -0.10153461 -0.07580423
v -0.05590200 -0.10546906 -0.07874162
v -0.04516045 -0.10872334 -0.08117123
v -0.03412766 -0.11127648 -0.08307736
v -0.02287479 -0.11311200 -0.08444773
v -0.01147439 -0.11421807 -0.08527351
v -0.00000000 -0.11458755 -0.08554936
v 0.01147439 -0.11421807 -0.08527351
v 0.02287479 -0.11311200 -0.08444773
v 0.03412766 -0.11127648 -0.08307736
v 0.04516045 -0.10872334 -0.08117123
v 0.05590200 -0.10546906 -0.07874162
v 0.06628305 -0.10153461 -0.07580423
v 0.07623664 -0.09083814 -0.07990874
v 0.08569858 -0.08592355 -0.07558356
v 0.08569858 -0.08659590 -0.07487258
v -0.06628305 -0.09513827 -0.08369149
v -0.05590200 -0.09882487 -0.08693452
v -0.04516045 -0.10187414 -0.08961692
v -0.03412766 -0.10426644 -0.09172139
v -0.02287479 -0.10598633 -0.09323434
v -0.01147439 -0.10702272 -0.09414604
v -0.00000000 -0.10736893 -0.09445059
v 0.01147439 -0.10702272 -0.09414604
v 0.02287479 -0.10598633 -0.09323434
v 0.03412766 -0.10426644 -0.09172139
v 0.04516045 -0.10187414 -0.08961692
v 0.05590200 -0.09882487 -0.08693452
v 0.06628305 -0.09513827 -0.08369149
v -0.06628305 -0.08813088 -0.09104122
v -0.05590200 -0.09154594 -0.09456906
v -0.04516045 -0.09437063 -0.09748702
v -0.03412766 -0.09658672 -0.09977629
v -0.02287479 -0.09817993 -0.10142212
v -0.01147439 -0.09913998 -0.10241388
v -0.00000000 -0.09946069 -0.10274518
v 0.01147439 -0.09913998 -0.10241388
v 0.02287479 -0.09817993 -0.10142212
v 0.03412766 -0.09658672 -0.09977629
v 0.04516045 -0.09437063 -0.09748702
v 0.05590200 -0.09154594 -0.09456906
v 0.06628305 -0.08813088 -0.09104122
v 0.07623664 -0.08414748 -0.08692627
v 0.08569858 -0.07958882 -0.08228227
v 0.05590200 -0.08367904 -0.10159618
v 0.06628305 -0.08055744 -0.09780622
v 0.08569858 -0.06542560 -0.09384710
v 0.08569858 -0.04959011 -0.10305575
v 0.08569858 -0.05502481 -0.10038438
v 0.08569858 -0.05768936 -0.09876546
v 0.08569858 -0.06374039 -0.09508899
v 0.08569858 -0.04587253 -0.10488310
v -0.08650000 -0.08538477 0.07382541
v -0.08650000 -0.07847570 0.08113147
v -0.08650000 -0.01491481 0.09735459
v -0.08650000 -0.01000000 0.09800164
v -0.08650000 -0.01008519 0.09864868
v -0.08650000 0.00000000 0.11485970
v -0.08650000 -0.11108688 0.02001138
v -0.08650000 -0.10886511 0.02981840
v -0.08650000 -0.10577937 0.03938877
v -0.08650000 -0.01375000 0.09583657
v -0.08650000 -0.10185413 -0.04864654
v -0.08650000 -0.10577937 -0.03938877
v -0.08650000 -0.01033494 0.09925164
v -0.08650000 -0.01073223 0.09976941
v -0.08650000 -0.00005681 0.11484734
v -0.08650000 -0.01125000 0.10016670
v -0.08650000 -0.00842215 0.11307808
v -0.08650000 -0.01185295 0.10041645
v -0.08650000 -0.00922629 0.11291923
v -0.08650000 -0.01250000 0.10050164
v -0.08650000 -0.01630448 0.11169115
v -0.08650000 -0.10886511 -0.02981840
v -0.08650000 -0.11108688 -0.02001138
v -0.08650000 -0.11242703 -0.01004555
v -0.08650000 -0.01466506 0.09675164
v -0.08650000 -0.09712055 0.05751824
v -0.08650000 -0.09161621 0.06593346
v -0.08650000 -0.01250000 0.01050164
v -0.08650000 -0.01314705 0.01041645
v -0.08650000 -0.01314705 0.09558682
v -0.08650000 -0.01375000 0.01016670
v -0.08650000 -0.01314705 0.10041645
v -0.08650000 -0.01375000 0.10016670
v -0.08650000 -0.02617999 0.10979690
v -0.08650000 -0.01426777 0.09976941
v -0.08650000 -0.03584772 0.10703126
v -0.08650000 -0.01466506 0.09925164
v -0.08650000 -0.04523095 0.10341620
v -0.08650000 -0.01491481 0.09864868
v -0.08650000 -0.05425523 0.09898040
v -0.08650000 -0.01500000 0.09800164
v -0.08650000 -0.06284892 0.09375907
v -0.08650000 -0.07094382 0.08779365
v -0.08650000 -0.11242703 0.01004555
v -0.08650000 -0.01426777 0.09623387
v -0.08650000 -0.10185413 0.04864654
v -0.08650000 -0.11287493 -0.00000000
v -0.08650000 -0.01426777 0.00976941
v -0.08650000 -0.01466506 0.00925164
v -0.08650000 -0.01491481 0.00864869
v -0.08650000 -0.01500000 0.00800164
v -0.08650000 -0.01073223 0.00976941
v -0.08650000 -0.01125000 0.01016670
v -0.08650000 -0.01033494 0.09675164
v -0.08650000 -0.01033494 0.00675164
v -0.08650000 -0.01008519 0.00735459
v -0.08650000 0.00000000 -0.11485970
v -0.08650000 -0.01185295 0.00558682
v -0.08650000 -0.01125000 0.00583657
v -0.08650000 -0.01073223 0.00623387
v -0.08650000 -0.01000000 0.00800164
v -0.08650000 -0.01008519 0.00864869
v -0.08650000 -0.01033494 0.00925164
v -0.08650000 -0.01250000 0.09550164
v -0.08650000 -0.01185295 0.09558682
v -0.08650000 -0.01185295 0.01041645
v -0.08650000 -0.01125000 0.09583657
v -0.08650000 -0.01073223 0.09623387
v -0.08650000 -0.01491481 0.00735459
v -0.08650000 -0.01466506 0.00675164
v -0.08650000 -0.09712055 -0.05751824
v -0.08650000 -0.01426777 0.00623387
v -0.08650000 -0.07094382 -0.08779365
v -0.08650000 -0.07847570 -0.08113147
v -0.08650000 -0.01375000 0.00583657
v -0.08650000 -0.08538477 -0.07382541
v -0.08650000 -0.09161621 -0.06593346
v -0.08650000 -0.06284892 -0.09375907
v -0.08650000 -0.01314705 0.00558682
v -0.08650000 -0.05425523 -0.09898040
v -0.08650000 -0.01008519 0.09735459
v -0.08650000 -0.00005681 -0.11484734
v -0.08650000 -0.00842215 -0.11307808
v -0.08650000 -0.01250000 0.00550164
v -0.08650000 -0.00922629 -0.11291923
v -0.08650000 -0.01630448 -0.11169115
v -0.08650000 -0.02617999 -0.10979690
v -0.08650000 -0.03584772 -0.10703126
v -0.08650000 -0.04523095 -0.10341620
v 0.08650000 -0.01375000 0.10016670
v 0.08650000 -0.01314705 0.10041645
v 0.08650000 -0.01630448 0.11169115
v 0.08650000 -0.04523095 -0.10341620
v 0.08650000 -0.03584772 -0.10703126
v 0.08650000 -0.02617999 -0.10979690
v 0.08650000 -0.01314705 0.00558682
v 0.08650000 -0.05425523 -0.09898040
v 0.08650000 -0.01375000 0.00583657
v 0.08650000 -0.06284892 -0.09375907
v 0.08650000 -0.07094382 -0.08779365
v 0.08650000 -0.07847570 -0.08113147
v 0.08650000 -0.08538477 -0.07382541
v 0.08650000 -0.09161621 -0.06593346
v 0.08650000 -0.01426777 0.00623387
v 0.08650000 -0.09712055 -0.05751824
v 0.08650000 -0.01466506 0.00675164
v 0.08650000 -0.10185413 -0.04864654
v 0.08650000 -0.01250000 0.01050164
v 0.08650000 -0.01073223 0.09623387
v 0.08650000 -0.01125000 0.09583657
v 0.08650000 -0.01073223 0.00623387
v 0.08650000 -0.01125000 0.00583657
v 0.08650000 0.00000000 -0.11485970
v 0.08650000 -0.01185295 0.00558682
v 0.08650000 -0.00005681 -0.11484734
v 0.08650000 -0.01630448 -0.11169115
v 0.08650000 -0.01250000 0.00550164
v 0.08650000 -0.00922629 -0.11291923
v 0.08650000 -0.00842215 -0.11307808
v 0.08650000 -0.09161621 0.06593346
v 0.08650000 -0.09712055 0.05751824
v 0.08650000 -0.01491481 0.09735459
v 0.08650000 -0.01466506 0.09675164
v 0.08650000 -0.00922629 0.11291923
v 0.08650000 -0.01250000 0.10050164
v 0.08650000 -0.00842215 0.11307808
v 0.08650000 -0.01185295 0.10041645
v 0.08650000 -0.00005681 0.11484734
v 0.08650000 -0.01125000 0.10016670
v 0.08650000 0.00000000 0.11485970
v 0.08650000 -0.01073223 0.09976941
v 0.08650000 -0.01033494 0.09925164
v 0.08650000 -0.01491481 0.00735459
v 0.08650000 -0.01500000 0.00800164
v 0.08650000 -0.01491481 0.00864869
v 0.08650000 -0.08538477 0.07382541
v 0.08650000 -0.07847570 0.08113147
v 0.08650000 -0.07094382 0.08779365
v 0.08650000 -0.01500000 0.09800164
v 0.08650000 -0.06284892 0.09375907
v 0.08650000 -0.01426777 0.09976941
v 0.08650000 -0.02617999 0.10979690
v 0.08650000 -0.01466506 0.09925164
v 0.08650000 -0.03584772 0.10703126
v 0.08650000 -0.01491481 0.09864868
v 0.08650000 -0.04523095 0.10341620
v 0.08650000 -0.05425523 0.09898040
v 0.08650000 -0.01008519 0.09735459
v 0.08650000 -0.01185295 0.01041645
v 0.08650000 -0.01125000 0.01016670
v 0.08650000 -0.01073223 0.00976941
v 0.08650000 -0.01033494 0.00925164
v 0.08650000 -0.01008519 0.00864869
v 0.08650000 -0.01000000 0.00800164
v 0.08650000 -0.01008519 0.00735459
v 0.08650000 -0.01033494 0.00675164
v 0.08650000 -0.01466506 0.00925164
v 0.08650000 -0.01375000 0.09583657
v 0.08650000 -0.01426777 0.00976941
v 0.08650000 -0.01314705 0.09558682
v 0.08650000 -0.01185295 0.09558682
v 0.08650000 -0.01250000 0.09550164
v 0.08650000 -0.01314705 0.01041645
v 0.08650000 -0.01375000 0.01016670
v 0.08650000 -0.10886511 -0.02981840
v 0.08650000 -0.10577937 -0.03938877
v 0.08650000 -0.10886511 0.02981840
v 0.08650000 -0.01426777 0.09623387
v 0.08650000 -0.10577937 0.03938877
v 0.08650000 -0.10185413 0.04864654
v 0.08650000 -0.01033494 0.09675164
v 0.08650000 -0.11108688 -0.02001138
v 0.08650000 -0.11242703 -0.01004555
v 0.08650000 -0.11287493 0.00000000
v 0.08650000 -0.11242703 0.01004555
v 0.08650000 -0.11108688 0.02001138
v 0.08650000 -0.01008519 0.09864868
v 0.08650000 -0.01000000 0.09800164
v -0.08650000 0.00000000 0.11750164
v -0.08605620 -0.00875106 0.11750164
v -0.08619712 -0.00723231 0.11485970
v -0.08551344 -0.01229398 0.11750164
v -0.08550950 -0.01229529 0.11485970
v -0.08472934 -0.01741232 0.11750164
v -0.08500377 -0.01601901 0.11485970
v -0.08293220 -0.02435331 0.11750164
v -0.08298268 -0.02436661 0.11485970
v -0.08291713 -0.02463736 0.11485970
v -0.08253305 -0.02589491 0.11750164
v -0.07995912 -0.03299680 0.11485970
v 0.08650000 0.00000000 0.11750164
v 0.08619712 -0.00723231 0.11485970
v 0.08605620 -0.00875106 0.11750164
v 0.08550950 -0.01229529 0.11485970
v 0.08551344 -0.01229398 0.11750164
v 0.08500377 -0.01601901 0.11485970
v 0.08472934 -0.01741232 0.11750164
v 0.08298268 -0.02436661 0.11485970
v 0.08293220 -0.02435331 0.11750164
v 0.08291713 -0.02463736 0.11485970
v 0.08253305 -0.02589491 0.11750164
v 0.07995912 -0.03299680 0.11485970
v 0.07948985 -0.03411178 0.11750164
v 0.07858837 -0.03588846 0.11485970
v 0.07861315 -0.03589905 0.11750164
v 0.07616083 -0.04100949 0.11485970
v 0.07563099 -0.04197862 0.11750164
v 0.07269617 -0.04672160 0.11485970
v 0.07268122 -0.04671107 0.11750164
v 0.07156217 -0.04859121 0.11485970
v 0.07099604 -0.04941470 0.11750164
v 0.06621148 -0.05566229 0.11485970
v 0.06563257 -0.05634372 0.11750164
v 0.06533093 -0.05660686 0.11485970
v 0.06535838 -0.05663218 0.11750164
v 0.06016497 -0.06214842 0.11485970
v 0.05959564 -0.06269458 0.11750164
v 0.05657109 -0.06528720 0.11485970
v 0.05657373 -0.06528880 0.11750164
v 0.05348620 -0.06798144 0.11485970
v 0.05294717 -0.06840210 0.11750164
v 0.04674845 -0.07274441 0.11485970
v 0.04673556 -0.07272551 0.11750164
v 0.04624535 -0.07310005 0.11485970
v 0.04575539 -0.07340773 0.11750164
v 0.03851851 -0.07745046 0.11485970
v 0.03809410 -0.07766009 0.11750164
v 0.03589375 -0.07859199 0.11485970
v 0.03589866 -0.07860222 0.11750164
v 0.03038689 -0.08098695 0.11485970
v 0.03004191 -0.08111556 0.11750164
v 0.02434181 -0.08290786 0.11485970
v 0.02434103 -0.08290422 0.11750164
v 0.02193593 -0.08367237 0.11485970
v 0.02168144 -0.08373867 0.11750164
v 0.01325445 -0.08547848 0.11485970
v 0.01309850 -0.08550251 0.11750164
v 0.01230576 -0.08557611 0.11485970
v 0.01230652 -0.08558305 0.11750164
v 0.00443368 -0.08638630 0.11485970
v 0.00438115 -0.08638898 0.11750164
v 0.00000000 -0.08638630 0.11485970
v 0.00000000 -0.08638898 0.11750164
v -0.00443368 -0.08638630 0.11485970
v -0.00438115 -0.08638898 0.11750164
v -0.01230576 -0.08557611 0.11485970
v -0.01230652 -0.08558305 0.11750164
v -0.01325445 -0.08547848 0.11485970
v -0.01309850 -0.08550251 0.11750164
v -0.02193593 -0.08367237 0.11485970
v -0.02168144 -0.08373867 0.11750164
v -0.02434181 -0.08290786 0.11485970
v -0.02434103 -0.08290422 0.11750164
v -0.03038689 -0.08098695 0.11485970
v -0.03004191 -0.08111556 0.11750164
v -0.03589375 -0.07859199 0.11485970
v -0.03589866 -0.07860222 0.11750164
v -0.03851851 -0.07745046 0.11485970
v -0.03809410 -0.07766009 0.11750164
v -0.04624535 -0.07310005 0.11485970
v -0.04575539 -0.07340773 0.11750164
v -0.04674845 -0.07274441 0.11485970
v -0.04673556 -0.07272551 0.11750164
v -0.05348620 -0.06798144 0.11485970
v -0.05294717 -0.06840210 0.11750164
v -0.05657109 -0.06528720 0.11485970
v -0.05657373 -0.06528880 0.11750164
v -0.06016497 -0.06214842 0.11485970
v -0.05959564 -0.06269458 0.11750164
v -0.06533093 -0.05660686 0.11485970
v -0.06535838 -0.05663218 0.11750164
v -0.06621148 -0.05566229 0.11485970
v -0.06563257 -0.05634372 0.11750164
v -0.07156217 -0.04859121 0.11485970
v -0.07099604 -0.04941470 0.11750164
v -0.07269617 -0.04672160 0.11485970
v -0.07268122 -0.04671107 0.11750164
v -0.07616083 -0.04100949 0.11485970
v -0.07563099 -0.04197862 0.11750164
v -0.07858837 -0.03588846 0.11485970
v -0.07861315 -0.03589905 0.11750164
v -0.07948985 -0.03411178 0.11750164
v 0.04502885 -0.02499305 0.15250164
v 0.04732633 -0.02030933 0.15250164
v 0.00241481 -0.01314705 0.15250164
v 0.04913817 -0.01541720 0.15250164
v 0.00250000 -0.01250000 0.15250164
v 0.04226932 -0.02942031 0.15250164
v 0.00216506 -0.01375000 0.15250164
v 0.03907605 -0.03354568 0.15250164
v 0.03548180 -0.03732683 0.15250164
v 0.00176777 -0.01426777 0.15250164
v 0.03152346 -0.04072495 0.15250164
v -0.00260843 -0.05143390 0.15250164
v 0.00260843 -0.05143390 0.15250164
v -0.00000000 -0.01500000 0.15250164
v 0.00064705 -0.01491481 0.15250164
v -0.00779853 -0.05090612 0.15250164
v -0.00064705 -0.01491481 0.15250164
v -0.01290861 -0.04985597 0.15250164
v -0.00125000 -0.01466506 0.15250164
v -0.01788622 -0.04829424 0.15250164
v -0.02268030 -0.04623693 0.15250164
v -0.00176777 -0.01426777 0.15250164
v -0.02724165 -0.04370518 0.15250164
v 0.05044579 -0.01036687 0.15250164
v 0.05123577 -0.00521017 0.15250164
v 0.00241481 -0.01185295 0.15250164
v 0.05150000 0.00000000 0.15250164
v 0.00216506 -0.01125000 0.15250164
v 0.02724165 -0.04370518 0.15250164
v 0.02268030 -0.04623693 0.15250164
v 0.01788622 -0.04829424 0.15250164
v 0.00125000 -0.01466506 0.15250164
v 0.01290861 -0.04985597 0.15250164
v 0.00779853 -0.05090612 0.15250164
v -0.00216506 -0.01375000 0.15250164
v -0.03548180 -0.03732683 0.15250164
v -0.03152346 -0.04072495 0.15250164
v -0.00241481 -0.01314705 0.15250164
v -0.04226932 -0.02942031 0.15250164
v -0.03907605 -0.03354568 0.15250164
v 0.00064705 -0.01008519 0.15250164
v 0.00125000 -0.01033494 0.15250164
v 0.00176777 -0.01073223 0.15250164
v -0.05044579 -0.01036687 0.15250164
v -0.00250000 -0.01250000 0.15250164
v -0.05123577 -0.00521017 0.15250164
v -0.00241481 -0.01185295 0.15250164
v -0.05150000 0.00000000 0.15250164
v -0.00216506 -0.01125000 0.15250164
v -0.00176777 -0.01073223 0.15250164
v -0.00125000 -0.01033494 0.15250164
v -0.00064705 -0.01008519 0.15250164
v 0.00000000 -0.01000000 0.15250164
v -0.04913817 -0.01541720 0.15250164
v -0.04732633 -0.02030933 0.15250164
v -0.04502885 -0.02499305 0.15250164
v 0.06533093 -0.05660686 -0.11485970
v 0.06563257 -0.05634372 -0.11750164
v 0.06621148 -0.05566229 -0.11485970
v 0.07099604 -0.04941470 -0.11750164
v 0.08650000 0.00000000 -0.11750164
v 0.08605620 -0.00875106 -0.11750164
v 0.08619712 -0.00723231 -0.11485970
v 0.08551344 -0.01229398 -0.11750164
v 0.08550950 -0.01229529 -0.11485970
v 0.08472934 -0.01741232 -0.11750164
v 0.08500377 -0.01601901 -0.11485970
v 0.08293220 -0.02435331 -0.11750164
v 0.08298268 -0.02436661 -0.11485970
v 0.08253305 -0.02589491 -0.11750164
v 0.08291713 -0.02463736 -0.11485970
v 0.07948985 -0.03411178 -0.11750164
v 0.07995912 -0.03299680 -0.11485970
v 0.07861315 -0.03589905 -0.11750164
v 0.07858837 -0.03588846 -0.11485970
v 0.07563099 -0.04197862 -0.11750164
v 0.07616083 -0.04100949 -0.11485970
v 0.07268122 -0.04671107 -0.11750164
v 0.07269617 -0.04672160 -0.11485970
v 0.07156217 -0.04859121 -0.11485970
v -0.08650000 0.00000000 -0.11750164
v -0.08619712 -0.00723231 -0.11485970
v -0.08605620 -0.00875106 -0.11750164
v -0.08550950 -0.01229529 -0.11485970
v -0.08551344 -0.01229398 -0.11750164
v -0.08500377 -0.01601901 -0.11485970
v -0.08472934 -0.01741232 -0.11750164
v -0.08298268 -0.02436661 -0.11485970
v -0.08293220 -0.02435331 -0.11750164
v -0.08291713 -0.02463736 -0.11485970
v -0.08253305 -0.02589491 -0.11750164
v -0.07995912 -0.03299680 -0.11485970
v -0.07948985 -0.03411178 -0.11750164
v -0.07858837 -0.03588846 -0.11485970
v -0.07861315 -0.03589905 -0.11750164
v -0.07616083 -0.04100949 -0.11485970
v -0.07563099 -0.04197862 -0.11750164
v -0.07269617 -0.04672160 -0.11485970
v -0.07268122 -0.04671107 -0.11750164
v -0.07156217 -0.04859121 -0.11485970
v -0.07099604 -0.04941470 -0.11750164
v -0.06621148 -0.05566229 -0.11485970
v -0.06563257 -0.05634372 -0.11750164
v -0.06533093 -0.05660686 -0.11485970
v -0.06535838 -0.05663218 -0.11750164
v -0.06016497 -0.06214842 -0.11485970
v -0.05959564 -0.06269458 -0.11750164
v -0.05657109 -0.06528720 -0.11485970
v -0.05657373 -0.06528880 -0.11750164
v -0.05348620 -0.06798144 -0.11485970
v -0.05294717 -0.06840210 -0.11750164
v -0.04674845 -0.07274441 -0.11485970
v -0.04673556 -0.07272551 -0.11750164
v -0.04624535 -0.07310005 -0.11485970
v -0.04575539 -0.07340773 -0.11750164
v -0.03851851 -0.07745046 -0.11485970
v -0.03809410 -0.07766009 -0.11750164
v -0.03589375 -0.07859199 -0.11485970
v -0.03589866 -0.07860222 -0.11750164
v -0.03038689 -0.08098695 -0.11485970
v -0.03004191 -0.08111556 -0.11750164
v -0.02434181 -0.08290786 -0.11485970
v -0.02434103 -0.08290422 -0.11750164
v -0.02193593 -0.08367237 -0.11485970
v -0.02168144 -0.08373867 -0.11750164
v -0.01325445 -0.08547848 -0.11485970
v -0.01309850 -0.08550251 -0.11750164
v -0.01230576 -0.08557611 -0.11485970
v -0.01230652 -0.08558305 -0.11750164
v -0.00443368 -0.08638630 -0.11485970
v -0.00438115 -0.08638898 -0.11750164
v -0.00000000 -0.08638630 -0.11485970
v -0.00000000 -0.08638898 -0.11750164
v 0.00443368 -0.08638630 -0.11485970
v 0.00438115 -0.08638898 -0.11750164
v 0.01230576 -0.08557611 -0.11485970
v 0.01230652 -0.08558305 -0.11750164
v 0.01325445 -0.08547848 -0.11485970
v 0.01309850 -0.08550251 -0.11750164
v 0.02193593 -0.08367237 -0.11485970
v 0.02168144 -0.08373867 -0.11750164
v 0.02434181 -0.08290786 -0.11485970
v 0.02434103 -0.08290422 -0.11750164
v 0.03038689 -0.08098695 -0.11485970
v 0.03004191 -0.08111556 -0.11750164
v 0.03589375 -0.07859199 -0.11485970
v 0.03589866 -0.07860222 -0.11750164
v 0.03851851 -0.07745046 -0.11485970
v 0.03809410 -0.07766009 -0.11750164
v 0.04624535 -0.07310005 -0.11485970
v 0.04575539 -0.07340773 -0.11750164
v 0.04674845 -0.07274441 -0.11485970
v 0.04673556 -0.07272551 -0.11750164
v 0.05348620 -0.06798144 -0.11485970
v 0.05294717 -0.06840210 -0.11750164
v 0.05657109 -0.06528720 -0.11485970
v 0.05657373 -0.06528880 -0.11750164
v 0.06016497 -0.06214842 -0.11485970
v 0.05959564 -0.06269458 -0.11750164
v 0.06535838 -0.05663218 -0.11750164
v -0.04502885 -0.02499305 -0.15250164
v -0.04732633 -0.02030933 -0.15250164
v -0.00241481 -0.01314705 -0.15250164
v -0.04913817 -0.01541720 -0.15250164
v -0.00250000 -0.01250000 -0.15250164
v -0.04226932 -0.02942031 -0.15250164
v -0.00216506 -0.01375000 -0.15250164
v -0.03907605 -0.03354568 -0.15250164
v -0.03548180 -0.03732683 -0.15250164
v -0.00176777 -0.01426777 -0.15250164
v -0.03152346 -0.04072495 -0.15250164
v -0.02724165 -0.04370518 -0.15250164
v -0.00125000 -0.01466506 -0.15250164
v -0.02268030 -0.04623693 -0.15250164
v -0.00064705 -0.01491481 -0.15250164
v -0.01290861 -0.04985597 -0.15250164
v -0.01788622 -0.04829424 -0.15250164
v -0.00000000 -0.01500000 -0.15250164
v -0.00260843 -0.05143390 -0.15250164
v -0.00779853 -0.05090612 -0.15250164
v 0.03152346 -0.04072495 -0.15250164
v 0.00176777 -0.01426777 -0.15250164
v 0.03548180 -0.03732683 -0.15250164
v 0.00216506 -0.01375000 -0.15250164
v 0.00241481 -0.01314705 -0.15250164
v 0.04226932 -0.02942031 -0.15250164
v 0.03907605 -0.03354568 -0.15250164
v -0.05044579 -0.01036687 -0.15250164
v -0.05123577 -0.00521017 -0.15250164
v -0.00241481 -0.01185295 -0.15250164
v -0.05150000 0.00000000 -0.15250164
v -0.00216506 -0.01125000 -0.15250164
v 0.05044579 -0.01036687 -0.15250164
v 0.04913817 -0.01541720 -0.15250164
v 0.00250000 -0.01250000 -0.15250164
v 0.04732633 -0.02030933 -0.15250164
v 0.04502885 -0.02499305 -0.15250164
v 0.05123577 -0.00521017 -0.15250164
v 0.00241481 -0.01185295 -0.15250164
v 0.05150000 0.00000000 -0.15250164
v 0.00216506 -0.01125000 -0.15250164
v 0.00176777 -0.01073223 -0.15250164
v -0.00064705 -0.01008519 -0.15250164
v -0.00125000 -0.01033494 -0.15250164
v -0.00176777 -0.01073223 -0.15250164
v 0.00125000 -0.01466506 -0.15250164
v 0.01290861 -0.04985597 -0.15250164
v 0.00064705 -0.01491481 -0.15250164
v 0.00779853 -0.05090612 -0.15250164
v 0.00260843 -0.05143390 -0.15250164
v 0.00125000 -0.01033494 -0.15250164
v 0.00064705 -0.01008519 -0.15250164
v 0.00000000 -0.01000000 -0.15250164
v 0.02724165 -0.04370518 -0.15250164
v 0.02268030 -0.04623693 -0.15250164
v 0.01788622 -0.04829424 -0.15250164
v 0.04806519 -0.00288950 -0.15050164
v 0.04815197 0.00000000 -0.15050164
v 0.00241481 -0.01185295 -0.15050164
v 0.03760923 -0.03008480 -0.15050164
v 0.04056619 -0.02596023 -0.15050164
v 0.00216506 -0.01375000 -0.15050164
v 0.00241481 -0.01314705 -0.15050164
v 0.00176777 -0.01426777 -0.15050164
v 0.03047996 -0.03728969 -0.15050164
v 0.03423467 -0.03387532 -0.15050164
v -0.00125000 -0.01466506 -0.15050164
v -0.01737026 -0.04492019 -0.15050164
v -0.01254696 -0.04649864 -0.15050164
v 0.00125000 -0.01466506 -0.15050164
v 0.02200069 -0.04284296 -0.15050164
v 0.02638682 -0.04029001 -0.15050164
v 0.00064705 -0.01491481 -0.15050164
v 0.01254696 -0.04649864 -0.15050164
v 0.01737026 -0.04492019 -0.15050164
v -0.00064705 -0.01491481 -0.15050164
v -0.02200069 -0.04284296 -0.15050164
v -0.00176777 -0.01426777 -0.15050164
v -0.02638682 -0.04029001 -0.15050164
v 0.00216506 -0.01125000 -0.15050164
v -0.00758434 -0.04756077 -0.15050164
v -0.00253751 -0.04809481 -0.15050164
v -0.00000000 -0.01500000 -0.15050164
v 0.00253751 -0.04809481 -0.15050164
v 0.00758434 -0.04756077 -0.15050164
v -0.03047996 -0.03728969 -0.15050164
v -0.00216506 -0.01375000 -0.15050164
v -0.03423467 -0.03387532 -0.15050164
v -0.03760923 -0.03008480 -0.15050164
v -0.00241481 -0.01314705 -0.15050164
v -0.04056619 -0.02596023 -0.15050164
v 0.00064705 -0.01008519 -0.15050164
v 0.00125000 -0.01033494 -0.15050164
v 0.00176777 -0.01073223 -0.15050164
v 0.04776031 -0.00614362 -0.15050164
v 0.04724254 -0.00935087 -0.15050164
v 0.04662844 -0.01205563 -0.15050164
v 0.00250000 -0.01250000 -0.15050164
v 0.04510098 -0.01689531 -0.15050164
v 0.04307272 -0.02154740 -0.15050164
v -0.00250000 -0.01250000 -0.15050164
v -0.04510098 -0.01689531 -0.15050164
v -0.04307272 -0.02154740 -0.15050164
v -0.00241481 -0.01185295 -0.15050164
v -0.04724301 -0.00934849 -0.15050164
v -0.04662844 -0.01205563 -0.15050164
v -0.00176777 -0.01073223 -0.15050164
v -0.00125000 -0.01033494 -0.15050164
v -0.04815197 0.00000000 -0.15050164
v -0.00064705 -0.01008519 -0.15050164
v 0.00000000 -0.01000000 -0.15050164
v -0.04776052 -0.00614197 -0.15050164
v -0.04806519 -0.00288950 -0.15050164
v -0.00216506 -0.01125000 -0.15050164
v -0.04806519 -0.00288950 0.15050164
v -0.04815197 0.00000000 0.15050164
v -0.00241481 -0.01185295 0.15050164
v 0.00216506 -0.01375000 0.15050164
v 0.03423467 -0.03387532 0.15050164
v 0.03047996 -0.03728969 0.15050164
v -0.03760923 -0.03008480 0.15050164
v -0.04056619 -0.02596023 0.15050164
v -0.00216506 -0.01375000 0.15050164
v -0.00241481 -0.01314705 0.15050164
v -0.00176777 -0.01426777 0.15050164
v -0.03047996 -0.03728969 0.15050164
v -0.03423467 -0.03387532 0.15050164
v -0.00125000 -0.01466506 0.15050164
v -0.02200069 -0.04284296 0.15050164
v -0.02638682 -0.04029001 0.15050164
v -0.00064705 -0.01491481 0.15050164
v -0.01254696 -0.04649864 0.15050164
v -0.01737026 -0.04492019 0.15050164
v 0.00176777 -0.01426777 0.15050164
v 0.03760923 -0.03008480 0.15050164
v 0.00241481 -0.01314705 0.15050164
v 0.04056619 -0.02596023 0.15050164
v -0.00216506 -0.01125000 0.15050164
v 0.00064705 -0.01491481 0.15050164
v 0.00253751 -0.04809481 0.15050164
v -0.00000000 -0.01500000 0.15050164
v -0.00253751 -0.04809481 0.15050164
v -0.00758434 -0.04756077 0.15050164
v 0.00250000 -0.01250000 0.15050164
v 0.04510098 -0.01689531 0.15050164
v 0.04307272 -0.02154740 0.15050164
v 0.00241481 -0.01185295 0.15050164
v 0.04724301 -0.00934849 0.15050164
v 0.04662844 -0.01205563 0.15050164
v -0.00064705 -0.01008519 0.15050164
v -0.00125000 -0.01033494 0.15050164
v -0.00176777 -0.01073223 0.15050164
v -0.04776031 -0.00614362 0.15050164
v -0.04724254 -0.00935087 0.15050164
v -0.04662844 -0.01205563 0.15050164
v -0.00250000 -0.01250000 0.15050164
v -0.04510098 -0.01689531 0.15050164
v -0.04307272 -0.02154740 0.15050164
v 0.00125000 -0.01466506 0.15050164
v 0.01254696 -0.04649864 0.15050164
v 0.00758434 -0.04756077 0.15050164
v 0.02638682 -0.04029001 0.15050164
v 0.02200069 -0.04284296 0.15050164
v 0.01737026 -0.04492019 0.15050164
v 0.04776052 -0.00614197 0.15050164
v 0.04806519 -0.00288950 0.15050164
v 0.04815197 0.00000000 0.15050164
v 0.00216506 -0.01125000 0.15050164
v 0.00176777 -0.01073223 0.15050164
v 0.00125000 -0.01033494 0.15050164
v 0.00064705 -0.01008519 0.15050164
v 0.00000000 -0.01000000 0.15050164
v 0.08505489 -0.01602864 0.11440652
v 0.05351837 -0.06802233 0.11440652
v -0.00443635 -0.08643825 0.11440652
v 0.08037701 -0.03316926 0.11359323
v 0.08335049 -0.02476612 0.11359323
v 0.08311400 -0.02469586 0.11397691
v -0.01332372 -0.08592521 0.11359323
v -0.00445685 -0.08683778 0.11359323
v -0.00444421 -0.08659140 0.11397691
v -0.07193618 -0.04884516 0.11359323
v -0.06655752 -0.05595320 0.11359323
v -0.06636868 -0.05579444 0.11397691
v 0.06804274 -0.05453203 0.11327542
v 0.07193618 -0.04884516 0.11359323
v 0.03694906 -0.07898173 0.11327542
v 0.03871983 -0.07785524 0.11359323
v 0.01147150 -0.08644437 0.11327542
v 0.01332372 -0.08592521 0.11359323
v -0.03411438 -0.08021455 0.11327542
v -0.03054570 -0.08141022 0.11359323
v -0.08389501 -0.02391485 0.11327542
v -0.08335049 -0.02476612 0.11359323
v 0.08600164 -0.01253992 0.11362005
v 0.08544803 -0.01610273 0.11359323
v 0.08572732 -0.01615687 0.11330810
v 0.08628396 -0.00851626 0.11397754
v 0.08631644 -0.00724487 0.11410921
v 0.08624896 -0.00723666 0.11440652
v 0.08649999 -0.00005815 0.11485352
v 0.08639278 -0.00425594 0.11441877
v 0.08389501 -0.02391485 0.11327542
v -0.08600164 -0.01253992 0.11362005
v -0.08572732 -0.01615687 0.11330810
v -0.08544803 -0.01610273 0.11359323
v -0.08623856 -0.00941612 0.11388946
v -0.08520559 -0.01605704 0.11397691
v -0.08628183 -0.00859975 0.11396889
v -0.08639278 -0.00425594 0.11441877
v -0.08631644 -0.00724487 0.11410921
v -0.08624896 -0.00723666 0.11440652
v -0.08628396 -0.00851626 0.11397754
v -0.08649999 -0.00005815 0.11485352
v -0.08037701 -0.03316926 0.11359323
v -0.08054356 -0.03358085 0.11327542
v -0.07655887 -0.04122382 0.11359323
v -0.07623451 -0.04238874 0.11327542
v -0.07541254 -0.04374391 0.11327542
v -0.06804274 -0.05453203 0.11327542
v -0.06627983 -0.05673035 0.11327542
v -0.05671597 -0.06619399 0.11327542
v -0.05376574 -0.06833673 0.11359323
v -0.05589142 -0.06691413 0.11327542
v -0.04648704 -0.07348210 0.11359323
v -0.04515143 -0.07460912 0.11327542
v -0.03871983 -0.07785524 0.11359323
v -0.03694906 -0.07898173 0.11327542
v -0.01147150 -0.08644437 0.11327542
v -0.00000000 -0.08716458 0.11327542
v 0.00445685 -0.08683778 0.11359323
v 0.02205057 -0.08410967 0.11359323
v 0.02287115 -0.08419182 0.11327542
v 0.03054570 -0.08141022 0.11359323
v 0.03411438 -0.08021455 0.11327542
v 0.04515143 -0.07460912 0.11327542
v 0.04648704 -0.07348210 0.11359323
v 0.05376574 -0.06833673 0.11359323
v 0.05361319 -0.06814285 0.11397691
v 0.05589142 -0.06691413 0.11327542
v 0.05671597 -0.06619399 0.11327542
v 0.06047942 -0.06247323 0.11359323
v 0.06627983 -0.05673035 0.11327542
v 0.06655752 -0.05595320 0.11359323
v 0.07541254 -0.04374391 0.11327542
v 0.07655887 -0.04122382 0.11359323
v 0.07623451 -0.04238874 0.11327542
v 0.08054356 -0.03358085 0.11327542
v -0.06020116 -0.06218579 0.11440652
v -0.06030782 -0.06229597 0.11397691
v -0.06047942 -0.06247323 0.11359323
v 0.00443635 -0.08643825 0.11440652
v 0.00444421 -0.08659140 0.11397691
v 0.06020116 -0.06218579 0.11440652
v 0.06030782 -0.06229597 0.11397691
v 0.08520559 -0.01605704 0.11397691
v -0.07160521 -0.04862043 0.11440652
v -0.07620663 -0.04103415 0.11440652
v -0.07634165 -0.04110685 0.11397691
v -0.06625129 -0.05569576 0.11440652
v -0.07173208 -0.04870658 0.11397691
v -0.02194912 -0.08372269 0.11440652
v -0.03040516 -0.08103566 0.11440652
v -0.03045903 -0.08117924 0.11397691
v -0.01326242 -0.08552988 0.11440652
v -0.02198801 -0.08387102 0.11397691
v 0.03854168 -0.07749704 0.11440652
v 0.03040516 -0.08103566 0.11440652
v 0.03045903 -0.08117924 0.11397691
v 0.04627316 -0.07314401 0.11440652
v 0.03860997 -0.07763435 0.11397691
v 0.08000720 -0.03301665 0.11440652
v 0.07620663 -0.04103415 0.11440652
v 0.07634165 -0.04110685 0.11397691
v 0.08296700 -0.02465218 0.11440652
v 0.08014897 -0.03307515 0.11397691
v -0.08505489 -0.01602864 0.11440652
v -0.08296700 -0.02465218 0.11440652
v -0.08311400 -0.02469586 0.11397691
v -0.08014897 -0.03307515 0.11397691
v -0.08000720 -0.03301665 0.11440652
v -0.05351837 -0.06802233 0.11440652
v -0.05361319 -0.06814285 0.11397691
v -0.04627316 -0.07314401 0.11440652
v -0.04635515 -0.07327361 0.11397691
v -0.03860997 -0.07763435 0.11397691
v -0.03854168 -0.07749704 0.11440652
v -0.01328592 -0.08568142 0.11397691
v -0.02205057 -0.08410967 0.11359323
v -0.02287115 -0.08419182 0.11327542
v 0.01326242 -0.08552988 0.11440652
v 0.01328592 -0.08568142 0.11397691
v 0.02198801 -0.08387102 0.11397691
v 0.02194912 -0.08372269 0.11440652
v 0.04635515 -0.07327361 0.11397691
v 0.06625129 -0.05569576 0.11440652
v 0.06636868 -0.05579444 0.11397691
v 0.07173208 -0.04870658 0.11397691
v 0.07160521 -0.04862043 0.11440652
v 0.08628183 -0.00859975 0.11396889
v 0.08623856 -0.00941612 0.11388946
v -0.08505489 -0.01602864 -0.11440652
v -0.05351837 -0.06802233 -0.11440652
v 0.00443635 -0.08643825 -0.11440652
v -0.08037701 -0.03316926 -0.11359323
v -0.08335049 -0.02476612 -0.11359323
v -0.08311400 -0.02469586 -0.11397691
v 0.01332372 -0.08592521 -0.11359323
v 0.00445685 -0.08683778 -0.11359323
v 0.00444421 -0.08659140 -0.11397691
v 0.07193618 -0.04884516 -0.11359323
v 0.06655752 -0.05595320 -0.11359323
v 0.06636868 -0.05579444 -0.11397691
v -0.06804274 -0.05453203 -0.11327542
v -0.07193618 -0.04884516 -0.11359323
v -0.03694906 -0.07898173 -0.11327542
v -0.03871983 -0.07785524 -0.11359323
v -0.01147150 -0.08644437 -0.11327542
v -0.01332372 -0.08592521 -0.11359323
v 0.03411438 -0.08021455 -0.11327542
v 0.03054570 -0.08141022 -0.11359323
v -0.08600164 -0.01253992 -0.11362005
v -0.08544803 -0.01610273 -0.11359323
v -0.08572732 -0.01615687 -0.11330810
v -0.08628396 -0.00851626 -0.11397754
v -0.08631644 -0.00724487 -0.11410921
v -0.08624896 -0.00723666 -0.11440652
v 0.08389501 -0.02391485 -0.11327542
v 0.08335049 -0.02476612 -0.11359323
v 0.08600164 -0.01253992 -0.11362005
v 0.08572732 -0.01615687 -0.11330810
v 0.08544803 -0.01610273 -0.11359323
v 0.08623856 -0.00941612 -0.11388946
v 0.08520559 -0.01605704 -0.11397691
v 0.08628183 -0.00859975 -0.11396889
v 0.08639278 -0.00425594 -0.11441877
v 0.08631644 -0.00724487 -0.11410921
v 0.08624896 -0.00723666 -0.11440652
v 0.08628396 -0.00851626 -0.11397754
v 0.08649999 -0.00005815 -0.11485352
v -0.08649999 -0.00005815 -0.11485352
v -0.08639278 -0.00425594 -0.11441877
v -0.08389501 -0.02391485 -0.11327542
v 0.08037701 -0.03316926 -0.11359323
v 0.08054356 -0.03358085 -0.11327542
v 0.07655887 -0.04122382 -0.11359323
v 0.07623451 -0.04238874 -0.11327542
v 0.07541254 -0.04374391 -0.11327542
v 0.06804274 -0.05453203 -0.11327542
v 0.06627983 -0.05673035 -0.11327542
v 0.05671597 -0.06619399 -0.11327542
v 0.05376574 -0.06833673 -0.11359323
v 0.05589142 -0.06691413 -0.11327542
v 0.04648704 -0.07348210 -0.11359323
v 0.04515143 -0.07460912 -0.11327542
v 0.03871983 -0.07785524 -0.11359323
v 0.03694906 -0.07898173 -0.11327542
v 0.01147150 -0.08644437 -0.11327542
v -0.00000000 -0.08716458 -0.11327542
v -0.00445685 -0.08683778 -0.11359323
v -0.02205057 -0.08410967 -0.11359323
v -0.02287115 -0.08419182 -0.11327542
v -0.03054570 -0.08141022 -0.11359323
v -0.03411438 -0.08021455 -0.11327542
v -0.04515143 -0.07460912 -0.11327542
v -0.04648704 -0.07348210 -0.11359323
v -0.05376574 -0.06833673 -0.11359323
v -0.05361319 -0.06814285 -0.11397691
v -0.05589142 -0.06691413 -0.11327542
v -0.05671597 -0.06619399 -0.11327542
v -0.06047942 -0.06247323 -0.11359323
v -0.06627983 -0.05673035 -0.11327542
v -0.06655752 -0.05595320 -0.11359323
v -0.07541254 -0.04374391 -0.11327542
v -0.07655887 -0.04122382 -0.11359323
v -0.07623451 -0.04238874 -0.11327542
v -0.08054356 -0.03358085 -0.11327542
v 0.06020116 -0.06218579 -0.11440652
v 0.06030782 -0.06229597 -0.11397691
v 0.06047942 -0.06247323 -0.11359323
v -0.00443635 -0.08643825 -0.11440652
v -0.00444421 -0.08659140 -0.11397691
v -0.06020116 -0.06218579 -0.11440652
v -0.06030782 -0.06229597 -0.11397691
v -0.08520559 -0.01605704 -0.11397691
v 0.07160521 -0.04862043 -0.11440652
v 0.07620663 -0.04103415 -0.11440652
v 0.07634165 -0.04110685 -0.11397691
v 0.06625129 -0.05569576 -0.11440652
v 0.07173208 -0.04870658 -0.11397691
v 0.02194912 -0.08372269 -0.11440652
v 0.03040516 -0.08103566 -0.11440652
v 0.03045903 -0.08117924 -0.11397691
v 0.01326242 -0.08552988 -0.11440652
v 0.02198801 -0.08387102 -0.11397691
v -0.03854168 -0.07749704 -0.11440652
v -0.03040516 -0.08103566 -0.11440652
v -0.03045903 -0.08117924 -0.11397691
v -0.04627316 -0.07314401 -0.11440652
v -0.03860997 -0.07763435 -0.11397691
v -0.08000720 -0.03301665 -0.11440652
v -0.07620663 -0.04103415 -0.11440652
v -0.07634165 -0.04110685 -0.11397691
v -0.08296700 -0.02465218 -0.11440652
v -0.08014897 -0.03307515 -0.11397691
v 0.08505489 -0.01602864 -0.11440652
v 0.08296700 -0.02465218 -0.11440652
v 0.08311400 -0.02469586 -0.11397691
v 0.08014897 -0.03307515 -0.11397691
v 0.08000720 -0.03301665 -0.11440652
v 0.05351837 -0.06802233 -0.11440652
v 0.05361319 -0.06814285 -0.11397691
v 0.04627316 -0.07314401 -0.11440652
v 0.04635515 -0.07327361 -0.11397691
v 0.03860997 -0.07763435 -0.11397691
v 0.03854168 -0.07749704 -0.11440652
v 0.01328592 -0.08568142 -0.11397691
v 0.02205057 -0.08410967 -0.11359323
v 0.02287115 -0.08419182 -0.11327542
v -0.01326242 -0.08552988 -0.11440652
v -0.01328592 -0.08568142 -0.11397691
v -0.02198801 -0.08387102 -0.11397691
v -0.02194912 -0.08372269 -0.11440652
v -0.04635515 -0.07327361 -0.11397691
v -0.06625129 -0.05569576 -0.11440652
v -0.06636868 -0.05579444 -0.11397691
v -0.07173208 -0.04870658 -0.11397691
v -0.07160521 -0.04862043 -0.11440652
v -0.08628183 -0.00859975 -0.11396889
v -0.08623856 -0.00941612 -0.11388946
v -0.08600164 -0.01253992 0.11362005
v -0.08635150 -0.00937151 0.11366143
v -0.08650000 -0.00005748 0.11485042
v -0.08650000 -0.00005782 0.11485197
v -0.08650000 -0.00005715 0.11484888
v -0.08639278 -0.00425594 0.11441877
v -0.08637628 -0.00855755 0.11375723
v -0.08631644 -0.00724487 0.11410921
v -0.08644469 -0.00851348 0.11353615
v -0.08648612 -0.00846814 0.11330871
v -0.08643354 -0.00932447 0.11342102
v -0.08648331 -0.00927580 0.11317223
v -0.08603465 -0.01648974 0.11296022
v -0.08572732 -0.01615687 0.11330810
v -0.08628846 -0.01643380 0.11257698
v -0.08644640 -0.01637092 0.11214627
v -0.08569858 -0.02362290 -0.11191601
v -0.08603465 -0.01648974 -0.11296022
v -0.08603465 -0.02647745 -0.11104444
v -0.08569858 -0.03250431 -0.10965134
v -0.08603465 -0.03625503 -0.10824738
v -0.08569858 -0.04117783 -0.10669181
v -0.08603465 -0.04574488 -0.10459124
v -0.08569858 -0.04959011 -0.10305575
v -0.08603465 -0.05487169 -0.10010505
v -0.08569858 -0.05768936 -0.09876546
v -0.08603465 -0.06356302 -0.09482439
v -0.08569858 -0.06542560 -0.09384710
v -0.08603465 -0.07174990 -0.08879118
v -0.08569858 -0.07275096 -0.08833058
v -0.08603465 -0.07936735 -0.08205330
v -0.08569858 -0.08592355 -0.07558356
v -0.08603465 -0.08635493 -0.07466424
v -0.08569858 -0.09167463 -0.06844050
v -0.08603465 -0.09265718 -0.06668261
v -0.08569858 -0.09684110 -0.06086744
v -0.08603465 -0.09822407 -0.05817178
v -0.08569858 -0.10139155 -0.05291129
v -0.08603465 -0.10301143 -0.04919927
v -0.08569858 -0.10529818 -0.04462115
v -0.08603465 -0.10698126 -0.03983631
v -0.08569858 -0.10853706 -0.03604807
v -0.08603465 -0.11010206 -0.03015720
v -0.08569858 -0.11108816 -0.02724481
v -0.08603465 -0.11234908 -0.02023876
v -0.08569858 -0.11293554 -0.01826545
v -0.08603465 -0.11370446 -0.01015969
v -0.08569858 -0.11406735 -0.00916520
v -0.08603465 -0.11415745 -0.00000000
v -0.08569858 -0.11406735 0.00916520
v -0.08603465 -0.11370446 0.01015969
v -0.08569858 -0.11293554 0.01826545
v -0.08603465 -0.11234908 0.02023876
v -0.08569858 -0.11108816 0.02724481
v -0.08603465 -0.11010206 0.03015720
v -0.08569858 -0.10853706 0.03604807
v -0.08603465 -0.10698126 0.03983631
v -0.08569858 -0.10529818 0.04462115
v -0.08603465 -0.10301143 0.04919927
v -0.08569858 -0.10139155 0.05291129
v -0.08603465 -0.09822407 0.05817178
v -0.08569858 -0.09684110 0.06086744
v -0.08603465 -0.09265718 0.06668261
v -0.08569858 -0.09167463 0.06844050
v -0.08603465 -0.08635493 0.07466424
v -0.08569858 -0.08592355 0.07558356
v -0.08603465 -0.07936735 0.08205330
v -0.08569858 -0.07275096 0.08833058
v -0.08603465 -0.07174990 0.08879118
v -0.08569858 -0.06542560 0.09384710
v -0.08603465 -0.06356302 0.09482439
v -0.08569858 -0.05768936 0.09876546
v -0.08603465 -0.05487169 0.10010505
v -0.08569858 -0.04959011 0.10305575
v -0.08603465 -0.04574488 0.10459124
v -0.08569858 -0.04117783 0.10669181
v -0.08603465 -0.03625503 0.10824738
v -0.08569858 -0.03250431 0.10965134
v -0.08603465 -0.02647745 0.11104444
v -0.08569858 -0.02362290 0.11191601
v -0.08628846 -0.02638762 0.11066771
v -0.08628846 -0.03613203 0.10788014
v -0.08628846 -0.04558969 0.10423640
v -0.08628846 -0.05468553 0.09976543
v -0.08628846 -0.06334738 0.09450268
v -0.08628846 -0.07150648 0.08848994
v -0.08628846 -0.07909809 0.08177493
v -0.08628846 -0.08606196 0.07441092
v -0.08628846 -0.09234282 0.06645638
v -0.08628846 -0.09789082 0.05797442
v -0.08628846 -0.10266194 0.04903236
v -0.08628846 -0.10661831 0.03970116
v -0.08628846 -0.10972853 0.03005489
v -0.08628846 -0.11196791 0.02017010
v -0.08628846 -0.11331870 0.01012523
v -0.08628846 -0.11377015 -0.00000000
v -0.08628846 -0.11331870 -0.01012523
v -0.08628846 -0.11196791 -0.02017010
v -0.08628846 -0.10972853 -0.03005489
v -0.08628846 -0.10661831 -0.03970116
v -0.08628846 -0.10266194 -0.04903236
v -0.08628846 -0.09789082 -0.05797442
v -0.08628846 -0.09234282 -0.06645638
v -0.08628846 -0.08606196 -0.07441092
v -0.08628846 -0.07909809 -0.08177493
v -0.08628846 -0.07150648 -0.08848994
v -0.08628846 -0.06334738 -0.09450268
v -0.08628846 -0.05468553 -0.09976543
v -0.08628846 -0.04558969 -0.10423640
v -0.08628846 -0.03613203 -0.10788014
v -0.08628846 -0.02638762 -0.11066771
v -0.08628846 -0.01643380 -0.11257698
v -0.08644640 -0.02628666 0.11024429
v -0.08644640 -0.03599379 0.10746739
v -0.08644640 -0.04541526 0.10383759
v -0.08644640 -0.05447630 0.09938373
v -0.08644640 -0.06310501 0.09414112
v -0.08644640 -0.07123290 0.08815139
v -0.08644640 -0.07879546 0.08146206
v -0.08644640 -0.08573269 0.07412623
v -0.08644640 -0.09198952 0.06620212
v -0.08644640 -0.09751630 0.05775261
v -0.08644640 -0.10226917 0.04884476
v -0.08644640 -0.10621040 0.03954927
v -0.08644640 -0.10930871 0.02993990
v -0.08644640 -0.11153953 0.02009293
v -0.08644640 -0.11288514 0.01008649
v -0.08644640 -0.11333486 -0.00000000
v -0.08644640 -0.11288514 -0.01008649
v -0.08644640 -0.11153953 -0.02009293
v -0.08644640 -0.10930871 -0.02993990
v -0.08644640 -0.10621040 -0.03954927
v -0.08644640 -0.10226917 -0.04884476
v -0.08644640 -0.09751630 -0.05775261
v -0.08644640 -0.09198952 -0.06620212
v -0.08644640 -0.08573269 -0.07412623
v -0.08644640 -0.07879546 -0.08146206
v -0.08644640 -0.07123290 -0.08815139
v -0.08644640 -0.06310501 -0.09414112
v -0.08644640 -0.05447630 -0.09938373
v -0.08644640 -0.04541526 -0.10383759
v -0.08644640 -0.03599379 -0.10746739
v -0.08644640 -0.02628666 -0.11024429
v -0.08644640 -0.01637092 -0.11214627
v -0.08572732 -0.01615687 -0.11330810
v -0.08650000 -0.00005748 -0.11485042
v -0.08650000 -0.00005715 -0.11484888
v -0.08650000 -0.00005782 -0.11485197
v -0.08639278 -0.00425594 -0.11441877
v -0.08631644 -0.00724487 -0.11410921
v -0.08648612 -0.00846814 -0.11330871
v -0.08644469 -0.00851348 -0.11353615
v -0.08637628 -0.00855755 -0.11375723
v -0.08648331 -0.00927580 -0.11317223
v -0.08643354 -0.00932447 -0.11342102
v -0.08635150 -0.00937151 -0.11366143
v -0.08600164 -0.01253992 -0.11362005
v 0.08600164 -0.01253992 -0.11362005
v 0.08635150 -0.00937151 -0.11366143
v 0.08650000 -0.00005748 -0.11485042
v 0.08650000 -0.00005782 -0.11485197
v 0.08650000 -0.00005715 -0.11484888
v 0.08639278 -0.00425594 -0.11441877
v 0.08637628 -0.00855755 -0.11375723
v 0.08631644 -0.00724487 -0.11410921
v 0.08644469 -0.00851348 -0.11353615
v 0.08648612 -0.00846814 -0.11330871
v 0.08643354 -0.00932447 -0.11342102
v 0.08648331 -0.00927580 -0.11317223
v 0.08603465 -0.01648974 -0.11296022
v 0.08572732 -0.01615687 -0.11330810
v 0.08628846 -0.01643380 -0.11257698
v 0.08644640 -0.01637092 -0.11214627
v 0.08569858 -0.02362290 0.11191601
v 0.08603465 -0.01648974 0.11296022
v 0.08603465 -0.02647745 0.11104444
v 0.08569858 -0.03250431 0.10965134
v 0.08603465 -0.03625503 0.10824738
v 0.08569858 -0.04117783 0.10669181
v 0.08603465 -0.04574488 0.10459124
v 0.08569858 -0.04959011 0.10305575
v 0.08603465 -0.05487169 0.10010505
v 0.08569858 -0.05768936 0.09876546
v 0.08603465 -0.06356302 0.09482439
v 0.08569858 -0.06542560 0.09384710
v 0.08603465 -0.07174990 0.08879118
v 0.08569858 -0.07275096 0.08833058
v 0.08603465 -0.07936735 0.08205330
v 0.08569858 -0.08592355 0.07558356
v 0.08603465 -0.08635493 0.07466424
v 0.08569858 -0.09167463 0.06844050
v 0.08603465 -0.09265718 0.06668261
v 0.08569858 -0.09684110 0.06086744
v 0.08603465 -0.09822407 0.05817178
v 0.08569858 -0.10139155 0.05291129
v 0.08603465 -0.10301143 0.04919927
v 0.08569858 -0.10529818 0.04462115
v 0.08603465 -0.10698126 0.03983631
v 0.08569858 -0.10853706 0.03604807
v 0.08603465 -0.11010206 0.03015720
v 0.08569858 -0.11108816 0.02724481
v 0.08603465 -0.11234908 0.02023876
v 0.08569858 -0.11293554 0.01826545
v 0.08603465 -0.11370446 0.01015969
v 0.08569858 -0.11406735 0.00916520
v 0.08603465 -0.11415745 0.00000000
v 0.08569858 -0.11406735 -0.00916520
v 0.08603465 -0.11370446 -0.01015969
v 0.08569858 -0.11293554 -0.01826545
v 0.08603465 -0.11234908 -0.02023876
v 0.08569858 -0.11108816 -0.02724481
v 0.08603465 -0.11010206 -0.03015720
v 0.08569858 -0.10853706 -0.03604807
v 0.08603465 -0.10698126 -0.03983631
v 0.08569858 -0.10529818 -0.04462115
v 0.08603465 -0.10301143 -0.04919927
v 0.08569858 -0.10139155 -0.05291129
v 0.08603465 -0.09822407 -0.05817178
v 0.08569858 -0.09684110 -0.06086744
v 0.08603465 -0.09265718 -0.06668261
v 0.08569858 -0.09167463 -0.06844050
v 0.08603465 -0.08635493 -0.07466424
v 0.08569858 -0.08592355 -0.07558356
v 0.08603465 -0.07936735 -0.08205330
v 0.08569858 -0.07275096 -0.08833058
v 0.08603465 -0.07174990 -0.08879118
v 0.08569858 -0.06542560 -0.09384710
v 0.08603465 -0.06356302 -0.09482439
v 0.08569858 -0.05768936 -0.09876546
v 0.08603465 -0.05487169 -0.10010505
v 0.08569858 -0.04959011 -0.10305575
v 0.08603465 -0.04574488 -0.10459124
v 0.08569858 -0.04117783 -0.10669181
v 0.08603465 -0.03625503 -0.10824738
v 0.08569858 -0.03250431 -0.10965134
v 0.08603465 -0.02647745 -0.11104444
v 0.08569858 -0.02362290 -0.11191601
v 0.08628846 -0.02638762 -0.11066771
v 0.08628846 -0.03613203 -0.10788014
v 0.08628846 -0.04558969 -0.10423640
v 0.08628846 -0.05468553 -0.09976543
v 0.08628846 -0.06334738 -0.09450268
v 0.08628846 -0.07150648 -0.08848994
v 0.08628846 -0.07909809 -0.08177493
v 0.08628846 -0.08606196 -0.07441092
v 0.08628846 -0.09234282 -0.06645638
v 0.08628846 -0.09789082 -0.05797442
v 0.08628846 -0.10266194 -0.04903236
v 0.08628846 -0.10661831 -0.03970116
v 0.08628846 -0.10972853 -0.03005489
v 0.08628846 -0.11196791 -0.02017010
v 0.08628846 -0.11331870 -0.01012523
v 0.08628846 -0.11377015 0.00000000
v 0.08628846 -0.11331870 0.01012523
v 0.08628846 -0.11196791 0.02017010
v 0.08628846 -0.10972853 0.03005489
v 0.08628846 -0.10661831 0.03970116
v 0.08628846 -0.10266194 0.04903236
v 0.08628846 -0.09789082 0.05797442
v 0.08628846 -0.09234282 0.06645638
v 0.08628846 -0.08606196 0.07441092
v 0.08628846 -0.07909809 0.08177493
v 0.08628846 -0.07150648 0.08848994
v 0.08628846 -0.06334738 0.09450268
v 0.08628846 -0.05468553 0.09976543
v 0.08628846 -0.04558969 0.10423640
v 0.08628846 -0.03613203 0.10788014
v 0.08628846 -0.02638762 0.11066771
v 0.08628846 -0.01643380 0.11257698
v 0.08644640 -0.02628666 -0.11024429
v 0.08644640 -0.03599379 -0.10746739
v 0.08644640 -0.04541526 -0.10383759
v 0.08644640 -0.05447630 -0.09938373
v 0.08644640 -0.06310501 -0.09414112
v 0.08644640 -0.07123290 -0.08815139
v 0.08644640 -0.07879546 -0.08146206
v 0.08644640 -0.08573269 -0.07412623
v 0.08644640 -0.09198952 -0.06620212
v 0.08644640 -0.09751630 -0.05775261
v 0.08644640 -0.10226917 -0.04884476
v 0.08644640 -0.10621040 -0.03954927
v 0.08644640 -0.10930871 -0.02993990
v 0.08644640 -0.11153953 -0.02009293
v 0.08644640 -0.11288514 -0.01008649
v 0.08644640 -0.11333486 0.00000000
v 0.08644640 -0.11288514 0.01008649
v 0.08644640 -0.11153953 0.02009293
v 0.08644640 -0.10930871 0.02993990
v 0.08644640 -0.10621040 0.03954927
v 0.08644640 -0.10226917 0.04884476
v 0.08644640 -0.09751630 0.05775261
v 0.08644640 -0.09198952 0.06620212
v 0.08644640 -0.08573269 0.07412623
v 0.08644640 -0.07879546 0.08146206
v 0.08644640 -0.07123290 0.08815139
v 0.08644640 -0.06310501 0.09414112
v 0.08644640 -0.05447630 0.09938373
v 0.08644640 -0.04541526 0.10383759
v 0.08644640 -0.03599379 0.10746739
v 0.08644640 -0.02628666 0.11024429
v 0.08644640 -0.01637092 0.11214627
v 0.08650000 -0.00005715 0.11484888
v 0.08650000 -0.00005748 0.11485042
v 0.08650000 -0.00005782 0.11485197
v 0.08639278 -0.00425594 0.11441877
v 0.08631644 -0.00724487 0.11410921
v 0.08648612 -0.00846814 0.11330871
v 0.08644469 -0.00851348 0.11353615
v 0.08637628 -0.00855755 0.11375723
v 0.08648331 -0.00927580 0.11317223
v 0.08643354 -0.00932447 0.11342102
v 0.08635150 -0.00937151 0.11366143
v 0.08600164 -0.01253992 0.11362005
v 0.08572732 -0.01615687 0.11330810
v -0.08242279 -0.03712362 0.10810453
v -0.08329231 -0.03991701 0.10635849
v -0.08242279 -0.04563814 0.10478032
v -0.08329231 -0.04929022 0.10235219
v -0.08242279 -0.05386380 0.10079654
v -0.08329231 -0.05826657 0.09752181
v -0.08242279 -0.06175065 0.09617741
v -0.08329231 -0.06677379 0.09190624
v -0.08242279 -0.06925067 0.09095087
v -0.08329231 -0.07474339 0.08555070
v -0.08242279 -0.08892947 0.07191414
v -0.08329231 -0.08881790 0.07082991
v -0.08242279 -0.09436199 0.06455570
v -0.08329231 -0.09480949 0.06258320
v -0.08242279 -0.09919643 0.05679534
v -0.08329231 -0.10003773 0.05383260
v -0.08242279 -0.10340387 0.04868050
v -0.08329231 -0.10446053 0.04464857
v -0.08242279 -0.10695903 0.04026063
v -0.08329231 -0.10804227 0.03510506
v -0.08242279 -0.10984039 0.03158692
v -0.08329231 -0.11075412 0.02527890
v -0.08242279 -0.11203033 0.02271202
v -0.08329231 -0.11257423 0.01524922
v -0.08242279 -0.11428534 -0.00457489
v -0.08329231 -0.11348797 -0.00509675
v -0.08242279 -0.11351518 -0.01368976
v -0.08329231 -0.11257423 -0.01524922
v -0.08242279 -0.11203033 -0.02271202
v -0.08329231 -0.11075412 -0.02527890
v -0.08242279 -0.10984039 -0.03158692
v -0.08329231 -0.10804227 -0.03510506
v -0.08242279 -0.10695903 -0.04026063
v -0.08329231 -0.10446053 -0.04464857
v -0.08242279 -0.10340387 -0.04868050
v -0.08329231 -0.10003773 -0.05383260
v -0.08242279 -0.09919643 -0.05679534
v -0.08329231 -0.09480949 -0.06258320
v -0.08242279 -0.09436199 -0.06455570
v -0.08329231 -0.08881790 -0.07082991
v -0.08242279 -0.07631808 -0.08514833
v -0.08329231 -0.07474339 -0.08555070
v -0.08242279 -0.06925067 -0.09095087
v -0.08329231 -0.06677379 -0.09190624
v -0.08242279 -0.06175065 -0.09617741
v -0.08329231 -0.05826657 -0.09752181
v -0.08242279 -0.05386380 -0.10079654
v -0.08329231 -0.04929022 -0.10235219
v -0.08242279 -0.04563814 -0.10478032
v -0.08329231 -0.03991701 -0.10635849
v -0.08395050 -0.04886511 0.10146946
v -0.08395050 -0.03957275 0.10544121
v -0.08253901 -0.02041070 -0.11246981
v -0.08329231 -0.02028449 -0.11177672
v -0.08382598 0.00000000 -0.11285094
v -0.08395050 0.00000000 -0.11262260
v -0.08375987 -0.00471715 -0.11286317
v -0.08395050 -0.01009541 -0.11216921
v -0.08353709 -0.00982054 -0.11286724
v -0.08267659 -0.01934597 -0.11255454
v -0.08317145 -0.01469679 -0.11278443
v -0.08328696 -0.01315630 -0.11281059
v -0.08242279 -0.03712362 -0.10810453
v -0.08329231 -0.03022241 -0.10950845
v -0.08242279 -0.02837345 -0.11075687
v -0.08317145 -0.01469679 0.11278443
v -0.08267659 -0.01934597 0.11255454
v -0.08329231 -0.02028449 0.11177672
v -0.08253901 -0.02041070 0.11246981
v -0.08328696 -0.01315630 0.11281059
v -0.08395050 -0.02010954 0.11081271
v -0.08395050 -0.01009541 0.11216921
v -0.08395050 0.00000000 0.11262260
v -0.08382598 0.00000000 0.11285094
v -0.08375987 -0.00471715 0.11286317
v -0.08353709 -0.00982054 0.11286724
v -0.08351178 -0.01015819 0.11286150
v -0.08436068 -0.00999620 0.11106692
v -0.08434612 -0.01593468 0.11034378
v -0.08439454 -0.01504904 0.11034378
v -0.08450000 0.00000000 0.11034378
v -0.08436068 0.00000000 0.11151585
v -0.08449867 -0.00504800 0.11034378
v -0.08444772 -0.00994131 0.11034378
v -0.08394744 -0.02251772 0.11034378
v -0.08403022 -0.02171254 0.11034378
v -0.08385898 -0.02337818 0.11034378
v -0.08328558 -0.02697088 0.11034378
v -0.08242279 -0.02837345 0.11075687
v -0.08329231 -0.03022241 0.10950845
v -0.08383138 -0.03000000 0.10870495
v -0.08352537 -0.03000000 0.10926607
v -0.08328696 -0.03000000 0.10956497
v -0.08316855 -0.03000000 0.10971343
v -0.08249270 -0.03000000 0.11034378
v -0.08323477 -0.02728920 0.11034378
v -0.08449525 -0.03000000 0.10641377
v -0.08433607 -0.03000000 0.10740028
v -0.08436068 -0.03918386 0.10440502
v -0.08429341 -0.03000000 0.10766465
v -0.08436068 -0.00999620 -0.11106692
v -0.08436068 0.00000000 -0.11151585
v -0.08436068 -0.04838491 0.10047231
v -0.08436068 -0.05719640 0.09573065
v -0.08395050 -0.02010954 -0.11081271
v -0.08411563 -0.03000000 0.10818370
v -0.08412213 -0.02003154 0.11034378
v -0.08351178 -0.01015819 -0.11286150
v -0.08436068 -0.06554737 -0.09021822
v -0.08436068 -0.07337060 -0.08397941
v -0.08395050 -0.07409877 -0.08481286
v -0.08395050 -0.08140304 -0.07782927
v -0.08329231 -0.08211120 -0.07850635
v -0.08395050 -0.02996176 -0.10856400
v -0.08436068 -0.01991192 -0.10972374
v -0.08395050 -0.03957275 -0.10544121
v -0.08436068 -0.02966732 -0.10749713
v -0.08395050 -0.04886511 -0.10146946
v -0.08436068 -0.03918386 -0.10440502
v -0.08395050 -0.05776405 -0.09668074
v -0.08436068 -0.04838491 -0.10047231
v -0.08395050 -0.06619790 -0.09111360
v -0.08436068 -0.05719640 -0.09573065
v -0.08242279 -0.08892947 -0.07191414
v -0.08242279 -0.08290949 -0.07880456
v -0.08395050 -0.08805189 -0.07021904
v -0.08436068 -0.08060309 -0.07706444
v -0.08395050 -0.09399181 -0.06204345
v -0.08436068 -0.08718660 -0.06952900
v -0.08395050 -0.09917496 -0.05336832
v -0.08436068 -0.09306815 -0.06143374
v -0.08395050 -0.10355961 -0.04426350
v -0.08436068 -0.09820036 -0.05284387
v -0.08395050 -0.10711046 -0.03480230
v -0.08436068 -0.10254192 -0.04382852
v -0.08395050 -0.10979892 -0.02506089
v -0.08436068 -0.10605787 -0.03446029
v -0.08395050 -0.11160334 -0.01511770
v -0.08436068 -0.10871992 -0.02481461
v -0.08242279 -0.11351518 0.01368976
v -0.08329231 -0.11348797 0.00509675
v -0.08242279 -0.11428534 0.00457489
v -0.08395050 -0.11250920 -0.00505279
v -0.08436068 -0.11050660 -0.01496914
v -0.08395050 -0.11250920 0.00505279
v -0.08436068 -0.11140356 -0.00500314
v -0.08395050 -0.11160334 0.01511770
v -0.08436068 -0.11140356 0.00500314
v -0.08395050 -0.10979892 0.02506089
v -0.08436068 -0.11050660 0.01496914
v -0.08395050 -0.10711046 0.03480230
v -0.08436068 -0.10871992 0.02481461
v -0.08395050 -0.10355961 0.04426350
v -0.08436068 -0.10605787 0.03446029
v -0.08395050 -0.09917496 0.05336832
v -0.08436068 -0.10254192 0.04382852
v -0.08395050 -0.09399181 0.06204345
v -0.08436068 -0.09820036 0.05284387
v -0.08242279 -0.07631808 0.08514833
v -0.08329231 -0.08211120 0.07850635
v -0.08242279 -0.08290949 0.07880456
v -0.08395050 -0.08805189 0.07021904
v -0.08436068 -0.09306815 0.06143374
v -0.08395050 -0.08140304 0.07782927
v -0.08436068 -0.08718660 0.06952900
v -0.08395050 -0.07409877 0.08481286
v -0.08436068 -0.08060309 0.07706444
v -0.08395050 -0.06619790 0.09111360
v -0.08436068 -0.07337060 0.08397941
v -0.08395050 -0.05776405 0.09668074
v -0.08436068 -0.06554737 0.09021822
v -0.08392291 -0.03000000 0.10853711
v 0.08242279 -0.03712362 -0.10810453
v 0.08329231 -0.03991701 -0.10635849
v 0.08242279 -0.04563814 -0.10478032
v 0.08329231 -0.04929022 -0.10235219
v 0.08242279 -0.05386380 -0.10079654
v 0.08329231 -0.05826657 -0.09752181
v 0.08242279 -0.06175065 -0.09617741
v 0.08329231 -0.06677379 -0.09190624
v 0.08242279 -0.06925067 -0.09095087
v 0.08329231 -0.07474339 -0.08555070
v 0.08242279 -0.08892947 -0.07191414
v 0.08329231 -0.08881790 -0.07082991
v 0.08242279 -0.09436199 -0.06455570
v 0.08329231 -0.09480949 -0.06258320
v 0.08242279 -0.09919643 -0.05679534
v 0.08329231 -0.10003773 -0.05383260
v 0.08242279 -0.10340387 -0.04868050
v 0.08329231 -0.10446053 -0.04464857
v 0.08242279 -0.10695903 -0.04026063
v 0.08329231 -0.10804227 -0.03510506
v 0.08242279 -0.10984039 -0.03158692
v 0.08329231 -0.11075412 -0.02527890
v 0.08242279 -0.11203033 -0.02271202
v 0.08329231 -0.11257423 -0.01524922
v 0.08242279 -0.11428534 0.00457489
v 0.08329231 -0.11348797 0.00509675
v 0.08242279 -0.11351518 0.01368976
v 0.08329231 -0.11257423 0.01524922
v 0.08242279 -0.11203033 0.02271202
v 0.08329231 -0.11075412 0.02527890
v 0.08242279 -0.10984039 0.03158692
v 0.08329231 -0.10804227 0.03510506
v 0.08242279 -0.10695903 0.04026063
v 0.08329231 -0.10446053 0.04464857
v 0.08242279 -0.10340387 0.04868050
v 0.08329231 -0.10003773 0.05383260
v 0.08242279 -0.09919643 0.05679534
v 0.08329231 -0.09480949 0.06258320
v 0.08242279 -0.09436199 0.06455570
v 0.08329231 -0.08881790 0.07082991
v 0.08242279 -0.07631808 0.08514833
v 0.08329231 -0.07474339 0.08555070
v 0.08242279 -0.06925067 0.09095087
v 0.08329231 -0.06677379 0.09190624
v 0.08242279 -0.06175065 0.09617741
v 0.08329231 -0.05826657 0.09752181
v 0.08436068 -0.04838491 -0.10047231
v 0.08436068 -0.03918386 -0.10440502
v 0.08395050 -0.03957275 -0.10544121
v 0.08242279 -0.02837345 -0.11075687
v 0.08329231 -0.03022241 -0.10950845
v 0.08375987 -0.00471715 0.11286317
v 0.08382598 0.00000000 0.11285094
v 0.08395050 0.00000000 0.11262260
v 0.08328696 -0.01315630 0.11281059
v 0.08351178 -0.01015819 0.11286150
v 0.08395050 -0.01009541 0.11216921
v 0.08353709 -0.00982054 0.11286724
v 0.08329231 -0.02028449 0.11177672
v 0.08253901 -0.02041070 0.11246981
v 0.08267659 -0.01934597 0.11255454
v 0.08329231 -0.02028449 -0.11177672
v 0.08317145 -0.01469679 -0.11278443
v 0.08267659 -0.01934597 -0.11255454
v 0.08253901 -0.02041070 -0.11246981
v 0.08382598 0.00000000 -0.11285094
v 0.08375987 -0.00471715 -0.11286317
v 0.08395050 -0.01009541 -0.11216921
v 0.08353709 -0.00982054 -0.11286724
v 0.08351178 -0.01015819 -0.11286150
v 0.08328696 -0.01315630 -0.11281059
v 0.08436068 -0.03918386 0.10440502
v 0.08433607 -0.03000000 0.10740028
v 0.08449525 -0.03000000 0.10641377
v 0.08392291 -0.03000000 0.10853711
v 0.08411563 -0.03000000 0.10818370
v 0.08395050 -0.03957275 0.10544121
v 0.08429341 -0.03000000 0.10766465
v 0.08352537 -0.03000000 0.10926607
v 0.08383138 -0.03000000 0.10870495
v 0.08329231 -0.03022241 0.10950845
v 0.08435059 -0.01598388 0.11034378
v 0.08416062 -0.02002505 0.11034378
v 0.08395050 -0.02010954 0.11081271
v 0.08415395 -0.02016703 0.11034378
v 0.08392429 -0.02234089 0.11034378
v 0.08364000 -0.02503174 0.11034378
v 0.08327872 -0.02692850 0.11034378
v 0.08307882 -0.02797802 0.11034378
v 0.08252061 -0.02991983 0.11034378
v 0.08242279 -0.02837345 0.11075687
v 0.08249270 -0.03000000 0.11034378
v 0.08316855 -0.03000000 0.10971343
v 0.08328696 -0.03000000 0.10956497
v 0.08317145 -0.01469679 0.11278443
v 0.08436068 -0.00999620 0.11106692
v 0.08439454 -0.01504904 0.11034378
v 0.08446195 -0.01167249 0.11034378
v 0.08436068 0.00000000 0.11151585
v 0.08450000 0.00000000 0.11034378
v 0.08446760 -0.00993816 0.11034378
v 0.08395050 -0.02996176 -0.10856400
v 0.08436068 -0.02966732 -0.10749713
v 0.08395050 -0.02010954 -0.11081271
v 0.08436068 -0.01991192 -0.10972374
v 0.08436068 -0.00999620 -0.11106692
v 0.08395050 0.00000000 -0.11262260
v 0.08436068 0.00000000 -0.11151585
v 0.08329231 -0.04929022 0.10235219
v 0.08329231 -0.03991701 0.10635849
v 0.08436068 -0.06554737 0.09021822
v 0.08436068 -0.07337060 0.08397941
v 0.08395050 -0.07409877 0.08481286
v 0.08395050 -0.08140304 0.07782927
v 0.08329231 -0.08211120 0.07850635
v 0.08242279 -0.03712362 0.10810453
v 0.08242279 -0.05386380 0.10079654
v 0.08242279 -0.04563814 0.10478032
v 0.08395050 -0.04886511 0.10146946
v 0.08395050 -0.05776405 0.09668074
v 0.08436068 -0.04838491 0.10047231
v 0.08395050 -0.06619790 0.09111360
v 0.08436068 -0.05719640 0.09573065
v 0.08242279 -0.08892947 0.07191414
v 0.08242279 -0.08290949 0.07880456
v 0.08395050 -0.08805189 0.07021904
v 0.08436068 -0.08060309 0.07706444
v 0.08395050 -0.09399181 0.06204345
v 0.08436068 -0.08718660 0.06952900
v 0.08395050 -0.09917496 0.05336832
v 0.08436068 -0.09306815 0.06143374
v 0.08395050 -0.10355961 0.04426350
v 0.08436068 -0.09820036 0.05284387
v 0.08395050 -0.10711046 0.03480230
v 0.08436068 -0.10254192 0.04382852
v 0.08395050 -0.10979892 0.02506089
v 0.08436068 -0.10605787 0.03446029
v 0.08395050 -0.11160334 0.01511770
v 0.08436068 -0.10871992 0.02481461
v 0.08242279 -0.11351518 -0.01368976
v 0.08329231 -0.11348797 -0.00509675
v 0.08242279 -0.11428534 -0.00457489
v 0.08395050 -0.11250920 0.00505279
v 0.08436068 -0.11050660 0.01496914
v 0.08395050 -0.11250920 -0.00505279
v 0.08436068 -0.11140356 0.00500314
v 0.08395050 -0.11160334 -0.01511770
v 0.08436068 -0.11140356 -0.00500314
v 0.08395050 -0.10979892 -0.02506089
v 0.08436068 -0.11050660 -0.01496914
v 0.08395050 -0.10711046 -0.03480230
v 0.08436068 -0.10871992 -0.02481461
v 0.08395050 -0.10355961 -0.04426350
v 0.08436068 -0.10605787 -0.03446029
v 0.08395050 -0.09917496 -0.05336832
v 0.08436068 -0.10254192 -0.04382852
v 0.08395050 -0.09399181 -0.06204345
v 0.08436068 -0.09820036 -0.05284387
v 0.08242279 -0.07631808 -0.08514833
v 0.08329231 -0.08211120 -0.07850635
v 0.08242279 -0.08290949 -0.07880456
v 0.08395050 -0.08805189 -0.07021904
v 0.08436068 -0.09306815 -0.06143374
v 0.08395050 -0.08140304 -0.07782927
v 0.08436068 -0.08718660 -0.06952900
v 0.08395050 -0.07409877 -0.08481286
v 0.08436068 -0.08060309 -0.07706444
v 0.08395050 -0.06619790 -0.09111360
v 0.08436068 -0.07337060 -0.08397941
v 0.08395050 -0.05776405 -0.09668074
v 0.08436068 -0.06554737 -0.09021822
v 0.08395050 -0.04886511 -0.10146946
v 0.08436068 -0.05719640 -0.09573065
v -0.08313305 -0.00972655 0.11353579
v -0.08257794 -0.00950432 0.11577392
v -0.08266215 -0.00956666 0.11502361
v -0.08247821 -0.01056564 0.11583793
v -0.08187584 -0.01427589 0.11605424
v -0.08199193 -0.01434483 0.11523197
v -0.08158132 -0.01608989 0.11615999
v -0.08095055 -0.01886119 0.11622668
v -0.08109170 -0.01891506 0.11528707
v -0.08050594 -0.02081454 0.11627369
v -0.08195841 -0.01916095 0.11333894
v -0.08161805 -0.02110207 0.11319389
v -0.08163721 -0.02110703 0.11317495
v -0.08101071 -0.02094505 0.11415850
v -0.08063295 -0.02084738 0.11524098
v -0.08065996 -0.02085436 0.11516359
v -0.08142178 -0.01901505 0.11426416
v -0.08223227 -0.01443976 0.11434513
v -0.08262996 -0.01455843 0.11351989
v -0.08283897 -0.00964122 0.11426057
v -0.08307279 -0.00458781 0.11479274
v -0.08321212 -0.00462742 0.11411969
v -0.08344261 -0.00467081 0.11347241
v -0.08319502 0.00000000 0.11470342
v -0.08332341 0.00000000 0.11406001
v -0.08353495 0.00000000 0.11343896
v 0.07324897 -0.04317369 0.11239822
v 0.07102161 -0.04545010 0.11317270
v 0.06948645 -0.04898581 0.11239822
v 0.06584468 -0.05267122 0.11317270
v 0.06362730 -0.05638373 0.11239822
v 0.05993663 -0.05930751 0.11317270
v 0.05336305 -0.06528525 0.11317270
v 0.04328994 -0.07317013 0.11239822
v 0.03851789 -0.07500768 0.11317270
v -0.01098923 -0.08432662 0.11239822
v -0.01327835 -0.08326744 0.11317270
v -0.04499200 -0.07217945 0.11239822
v -0.04619695 -0.07053809 0.11317270
v -0.05336305 -0.06528525 0.11317270
v -0.05993663 -0.05930751 0.11317270
v -0.06362730 -0.05638373 0.11239822
v -0.06584468 -0.05267122 0.11317270
v -0.06948645 -0.04898581 0.11239822
v -0.07102161 -0.04545010 0.11317270
v 0.07800989 -0.02922335 0.11516060
v 0.08065996 -0.02085436 0.11516359
v 0.08101071 -0.02094505 0.11415850
v -0.02170212 -0.08042739 0.11516060
v -0.01311842 -0.08226454 0.11516060
v -0.01318069 -0.08265503 0.11410926
v 0.07436685 -0.03720248 0.11627369
v 0.07786871 -0.02917046 0.11627369
v -0.00438111 -0.08303769 0.11627369
v 0.00438111 -0.08303769 0.11627369
v 0.00438905 -0.08318824 0.11516060
v -0.01309468 -0.08211566 0.11627369
v -0.02166285 -0.08028184 0.11627369
v -0.02999048 -0.07755658 0.11627369
v 0.08050594 -0.02081454 0.11627369
v 0.08063295 -0.02084738 0.11524098
v -0.07485532 -0.03744685 0.11410926
v -0.07838019 -0.02936207 0.11410926
v -0.07800989 -0.02922335 0.11516060
v -0.00444256 -0.08420239 0.11317270
v -0.00440989 -0.08358312 0.11410926
v -0.00438905 -0.08318824 0.11516060
v 0.06493390 -0.05194267 0.11627369
v 0.07003922 -0.04482142 0.11627369
v 0.07016621 -0.04490268 0.11516060
v 0.07450167 -0.03726994 0.11516060
v 0.07485532 -0.03744685 0.11410926
v 0.07838019 -0.02936207 0.11410926
v 0.07896092 -0.02957962 0.11317270
v -0.07540993 -0.03772430 0.11317270
v -0.06493390 -0.05194267 0.11627369
v -0.05910758 -0.05848715 0.11627369
v -0.05921474 -0.05859319 0.11516060
v -0.05272034 -0.06449894 0.11516060
v -0.05297059 -0.06480511 0.11410926
v -0.04585719 -0.07001930 0.11410926
v -0.03851789 -0.07500768 0.11317270
v -0.05262493 -0.06438221 0.11627369
v -0.04564054 -0.06968851 0.11516060
v -0.03823460 -0.07445603 0.11410926
v -0.03041113 -0.07864441 0.11317270
v -0.04555795 -0.06956239 0.11627369
v -0.03805397 -0.07410427 0.11516060
v -0.03018747 -0.07806601 0.11410926
v -0.02196670 -0.08140789 0.11317270
v -0.02191762 -0.08224922 0.11239822
v 0.02196670 -0.08140789 0.11317270
v 0.01327835 -0.08326744 0.11317270
v 0.01318069 -0.08265503 0.11410926
v 0.03270074 -0.07850771 0.11239822
v 0.03041113 -0.07864441 0.11317270
v 0.02180514 -0.08080916 0.11410926
v 0.01311842 -0.08226454 0.11516060
v 0.05910758 -0.05848715 0.11627369
v 0.06505163 -0.05203684 0.11516060
v 0.07049927 -0.04511582 0.11410926
v 0.07540993 -0.03772430 0.11317270
v 0.08161805 -0.02110207 0.11319389
v 0.08163721 -0.02110703 0.11317495
v -0.07896092 -0.02957962 0.11317270
v -0.08005824 -0.02880210 0.11239822
v -0.07324897 -0.04317369 0.11239822
v -0.07584513 -0.03860304 0.11239822
v -0.07049927 -0.04511582 0.11410926
v -0.07450167 -0.03726994 0.11516060
v -0.07786871 -0.02917046 0.11627369
v -0.06536042 -0.05228385 0.11410926
v -0.07016621 -0.04490268 0.11516060
v -0.07436685 -0.03720248 0.11627369
v -0.05949582 -0.05887132 0.11410926
v -0.06505163 -0.05203684 0.11516060
v -0.07003922 -0.04482142 0.11627369
v -0.03270074 -0.07850771 0.11239822
v -0.04328994 -0.07317013 0.11239822
v -0.02180514 -0.08080916 0.11410926
v -0.03004485 -0.07769720 0.11516060
v -0.03798510 -0.07397016 0.11627369
v 0.00444256 -0.08420239 0.11317270
v 0.00000000 -0.08501482 0.11239822
v 0.00440989 -0.08358312 0.11410926
v 0.01098923 -0.08432662 0.11239822
v 0.02191762 -0.08224922 0.11239822
v 0.03018747 -0.07806601 0.11410926
v 0.02170212 -0.08042739 0.11516060
v 0.01309468 -0.08211566 0.11627369
v 0.04619695 -0.07053809 0.11317270
v 0.04499200 -0.07217945 0.11239822
v 0.03823460 -0.07445603 0.11410926
v 0.03004485 -0.07769720 0.11516060
v 0.02166285 -0.08028184 0.11627369
v 0.04585719 -0.07001930 0.11410926
v 0.03805397 -0.07410427 0.11516060
v 0.02999048 -0.07755658 0.11627369
v 0.05297059 -0.06480511 0.11410926
v 0.04564054 -0.06968851 0.11516060
v 0.03798510 -0.07397016 0.11627369
v 0.05949582 -0.05887132 0.11410926
v 0.05272034 -0.06449894 0.11516060
v 0.04555795 -0.06956239 0.11627369
v 0.06536042 -0.05228385 0.11410926
v 0.05921474 -0.05859319 0.11516060
v 0.05262493 -0.06438221 0.11627369
v 0.07584513 -0.03860304 0.11239822
v 0.08005824 -0.02880210 0.11239822
v 0.08283897 -0.00964122 0.11426057
v 0.08313305 -0.00972655 0.11353579
v 0.08262996 -0.01455843 0.11351989
v 0.08307279 -0.00458781 0.11479274
v 0.08257801 -0.00950433 0.11577391
v 0.08109170 -0.01891506 0.11528707
v 0.08095050 -0.01886118 0.11622664
v 0.08158214 -0.01608575 0.11615980
v 0.08142178 -0.01901505 0.11426416
v 0.08199193 -0.01434483 0.11523197
v 0.08187591 -0.01427590 0.11605427
v 0.08195841 -0.01916095 0.11333894
v 0.08223227 -0.01443976 0.11434513
v 0.08266215 -0.00956666 0.11502361
v 0.08247858 -0.01056282 0.11583775
v 0.08344261 -0.00467081 0.11347241
v 0.08321212 -0.00462742 0.11411969
v 0.08353495 0.00000000 0.11343896
v 0.08332341 0.00000000 0.11406001
v 0.08319502 0.00000000 0.11470342
v 0.08313305 -0.00972655 -0.11353579
v 0.08257794 -0.00950432 -0.11577392
v 0.08266215 -0.00956666 -0.11502361
v 0.08247821 -0.01056564 -0.11583793
v 0.08187584 -0.01427589 -0.11605424
v 0.08199193 -0.01434483 -0.11523197
v 0.08158132 -0.01608989 -0.11615999
v 0.08095055 -0.01886119 -0.11622668
v 0.08109170 -0.01891506 -0.11528707
v 0.08050594 -0.02081454 -0.11627369
v 0.08163721 -0.02110703 -0.11317495
v 0.08161805 -0.02110207 -0.11319389
v 0.08101071 -0.02094505 -0.11415850
v 0.08195841 -0.01916095 -0.11333894
v 0.08063295 -0.02084738 -0.11524098
v 0.08065996 -0.02085436 -0.11516359
v 0.08142178 -0.01901505 -0.11426416
v 0.08223227 -0.01443976 -0.11434513
v 0.08262996 -0.01455843 -0.11351989
v 0.08283897 -0.00964122 -0.11426057
v 0.08307279 -0.00458781 -0.11479274
v 0.08321212 -0.00462742 -0.11411969
v 0.08344261 -0.00467081 -0.11347241
v 0.08319502 0.00000000 -0.11470342
v 0.08332341 0.00000000 -0.11406001
v 0.08353495 0.00000000 -0.11343896
v -0.07324897 -0.04317369 -0.11239822
v -0.07102161 -0.04545010 -0.11317270
v -0.06948645 -0.04898581 -0.11239822
v -0.06584468 -0.05267122 -0.11317270
v -0.06362730 -0.05638373 -0.11239822
v -0.05993663 -0.05930751 -0.11317270
v -0.05336305 -0.06528525 -0.11317270
v -0.04328994 -0.07317013 -0.11239822
v -0.03851789 -0.07500768 -0.11317270
v 0.00000000 -0.08501482 -0.11239822
v 0.00444256 -0.08420239 -0.11317270
v 0.01098923 -0.08432662 -0.11239822
v 0.01327835 -0.08326744 -0.11317270
v 0.04499200 -0.07217945 -0.11239822
v 0.04619695 -0.07053809 -0.11317270
v 0.05336305 -0.06528525 -0.11317270
v 0.05993663 -0.05930751 -0.11317270
v 0.06362730 -0.05638373 -0.11239822
v 0.06584468 -0.05267122 -0.11317270
v 0.06948645 -0.04898581 -0.11239822
v 0.07102161 -0.04545010 -0.11317270
v -0.07800989 -0.02922335 -0.11516060
v -0.08065996 -0.02085436 -0.11516359
v -0.08101071 -0.02094505 -0.11415850
v 0.01311842 -0.08226454 -0.11516060
v 0.00438905 -0.08318824 -0.11516060
v 0.00440989 -0.08358312 -0.11410926
v -0.07436685 -0.03720248 -0.11627369
v -0.07786871 -0.02917046 -0.11627369
v 0.00438111 -0.08303769 -0.11627369
v 0.01309468 -0.08211566 -0.11627369
v 0.02166285 -0.08028184 -0.11627369
v -0.08050594 -0.02081454 -0.11627369
v -0.08063295 -0.02084738 -0.11524098
v 0.07485532 -0.03744685 -0.11410926
v 0.07838019 -0.02936207 -0.11410926
v 0.07800989 -0.02922335 -0.11516060
v -0.00444256 -0.08420239 -0.11317270
v -0.00440989 -0.08358312 -0.11410926
v -0.00438905 -0.08318824 -0.11516060
v -0.00438111 -0.08303769 -0.11627369
v -0.06493390 -0.05194267 -0.11627369
v -0.07003922 -0.04482142 -0.11627369
v -0.07016621 -0.04490268 -0.11516060
v -0.07450167 -0.03726994 -0.11516060
v -0.07485532 -0.03744685 -0.11410926
v -0.07838019 -0.02936207 -0.11410926
v -0.07896092 -0.02957962 -0.11317270
v 0.07540993 -0.03772430 -0.11317270
v 0.05910758 -0.05848715 -0.11627369
v 0.05262493 -0.06438221 -0.11627369
v 0.05272034 -0.06449894 -0.11516060
v 0.04564054 -0.06968851 -0.11516060
v 0.04585719 -0.07001930 -0.11410926
v 0.03823460 -0.07445603 -0.11410926
v 0.03851789 -0.07500768 -0.11317270
v 0.03041113 -0.07864441 -0.11317270
v 0.04555795 -0.06956239 -0.11627369
v 0.03805397 -0.07410427 -0.11516060
v 0.03018747 -0.07806601 -0.11410926
v 0.02196670 -0.08140789 -0.11317270
v 0.02191762 -0.08224922 -0.11239822
v -0.02196670 -0.08140789 -0.11317270
v -0.01327835 -0.08326744 -0.11317270
v -0.01318069 -0.08265503 -0.11410926
v -0.03270074 -0.07850771 -0.11239822
v -0.03041113 -0.07864441 -0.11317270
v -0.02180514 -0.08080916 -0.11410926
v -0.01311842 -0.08226454 -0.11516060
v -0.05910758 -0.05848715 -0.11627369
v -0.06505163 -0.05203684 -0.11516060
v -0.07049927 -0.04511582 -0.11410926
v -0.07540993 -0.03772430 -0.11317270
v -0.08161805 -0.02110207 -0.11319389
v -0.08163721 -0.02110703 -0.11317495
v 0.07896092 -0.02957962 -0.11317270
v 0.08005824 -0.02880210 -0.11239822
v 0.07324897 -0.04317369 -0.11239822
v 0.07584513 -0.03860304 -0.11239822
v 0.07049927 -0.04511582 -0.11410926
v 0.07450167 -0.03726994 -0.11516060
v 0.07786871 -0.02917046 -0.11627369
v 0.06536042 -0.05228385 -0.11410926
v 0.07016621 -0.04490268 -0.11516060
v 0.07436685 -0.03720248 -0.11627369
v 0.05949582 -0.05887132 -0.11410926
v 0.06505163 -0.05203684 -0.11516060
v 0.07003922 -0.04482142 -0.11627369
v 0.05297059 -0.06480511 -0.11410926
v 0.05921474 -0.05859319 -0.11516060
v 0.06493390 -0.05194267 -0.11627369
v 0.04328994 -0.07317013 -0.11239822
v 0.03270074 -0.07850771 -0.11239822
v 0.02180514 -0.08080916 -0.11410926
v 0.03004485 -0.07769720 -0.11516060
v 0.03798510 -0.07397016 -0.11627369
v 0.01318069 -0.08265503 -0.11410926
v 0.02170212 -0.08042739 -0.11516060
v 0.02999048 -0.07755658 -0.11627369
v -0.01098923 -0.08432662 -0.11239822
v -0.02191762 -0.08224922 -0.11239822
v -0.03018747 -0.07806601 -0.11410926
v -0.02170212 -0.08042739 -0.11516060
v -0.01309468 -0.08211566 -0.11627369
v -0.04619695 -0.07053809 -0.11317270
v -0.04499200 -0.07217945 -0.11239822
v -0.03823460 -0.07445603 -0.11410926
v -0.03004485 -0.07769720 -0.11516060
v -0.02166285 -0.08028184 -0.11627369
v -0.04585719 -0.07001930 -0.11410926
v -0.03805397 -0.07410427 -0.11516060
v -0.02999048 -0.07755658 -0.11627369
v -0.05297059 -0.06480511 -0.11410926
v -0.04564054 -0.06968851 -0.11516060
v -0.03798510 -0.07397016 -0.11627369
v -0.05949582 -0.05887132 -0.11410926
v -0.05272034 -0.06449894 -0.11516060
v -0.04555795 -0.06956239 -0.11627369
v -0.06536042 -0.05228385 -0.11410926
v -0.05921474 -0.05859319 -0.11516060
v -0.05262493 -0.06438221 -0.11627369
v -0.07584513 -0.03860304 -0.11239822
v -0.08005824 -0.02880210 -0.11239822
v -0.08283897 -0.00964122 -0.11426057
v -0.08313305 -0.00972655 -0.11353579
v -0.08262996 -0.01455843 -0.11351989
v -0.08307279 -0.00458781 -0.11479274
v -0.08257801 -0.00950433 -0.11577391
v -0.08109170 -0.01891506 -0.11528707
v -0.08095050 -0.01886118 -0.11622664
v -0.08158214 -0.01608575 -0.11615980
v -0.08142178 -0.01901505 -0.11426416
v -0.08199193 -0.01434483 -0.11523197
v -0.08187591 -0.01427590 -0.11605427
v -0.08195841 -0.01916095 -0.11333894
v -0.08223227 -0.01443976 -0.11434513
v -0.08266215 -0.00956666 -0.11502361
v -0.08247858 -0.01056282 -0.11583775
v -0.08344261 -0.00467081 -0.11347241
v -0.08321212 -0.00462742 -0.11411969
v -0.08353495 0.00000000 -0.11343896
v -0.08332341 0.00000000 -0.11406001
v -0.08319502 0.00000000 -0.11470342
v -0.08272106 0.00000000 0.12097684
v -0.08238865 -0.00495290 0.12095615
v -0.08212618 -0.00493712 0.12328987
v -0.08143894 0.00000000 0.12631723
v -0.08109314 -0.00487502 0.12624745
v -0.07954228 -0.00478178 0.13068756
v -0.07933719 0.00000000 0.13139130
v -0.07912730 -0.00475684 0.13134918
v -0.07646757 0.00000000 0.13607413
v -0.07621077 -0.00458151 0.13599922
v -0.07537998 -0.00453156 0.13732378
v -0.07290071 0.00000000 0.14025037
v -0.07261400 -0.00436528 0.14009476
v -0.06984801 -0.00419900 0.14286575
v -0.06872445 0.00000000 0.14381723
v -0.06852584 -0.00411952 0.14369802
v -0.06404164 0.00000000 0.14668687
v -0.06388418 -0.00384048 0.14661983
v -0.06322376 -0.00380078 0.14703555
v -0.05896756 0.00000000 0.14878862
v -0.05879165 -0.00353433 0.14858921
v -0.05583939 -0.00335685 0.14962411
v -0.05362717 0.00000000 0.15007073
v -0.05350988 -0.00321681 0.14988706
v -0.06273861 -0.00805141 0.14707711
v -0.05543966 -0.00712174 0.14963478
v -0.05479498 -0.01083304 0.14964493
v -0.05183629 -0.01340210 0.14990415
v -0.05406458 -0.01397822 0.14964849
v -0.06623369 -0.01712450 0.14388120
v -0.06750444 -0.01745305 0.14307083
v -0.06843904 -0.01351070 0.14304078
v -0.07017870 -0.01814447 0.14036891
v -0.07285296 -0.01883589 0.13766699
v -0.07386271 -0.01457510 0.13761666
v -0.08059873 -0.01589705 0.12383902
v -0.07798318 -0.01538375 0.13110989
v -0.07847938 -0.02029058 0.12683180
v -0.07951613 -0.02055863 0.12393366
v -0.07981274 -0.02063532 0.12163829
v -0.07366537 -0.01904594 0.13637264
v -0.07651719 -0.01978326 0.13182910
v -0.07692299 -0.01988818 0.13118255
v -0.05689264 -0.01470940 0.14864184
v -0.06113820 -0.01580708 0.14713064
v -0.06197770 -0.01224266 0.14711671
v -0.06177295 -0.01597119 0.14672585
v -0.08154455 -0.01044672 0.12357063
v -0.07893738 -0.01011465 0.13090363
v -0.07478585 -0.00958587 0.13747370
v -0.06929561 -0.00888657 0.14295536
v 0.07951613 -0.02055863 0.12393366
v 0.07981274 -0.02063532 0.12163829
v 0.07736499 -0.02898177 0.12166207
v -0.07608894 -0.02850374 0.12690297
v 0.07692299 -0.01988818 0.13118255
v 0.07847938 -0.02029058 0.12683180
v 0.07608894 -0.02850374 0.12690297
v -0.07407109 -0.02774784 0.13187096
v 0.07285296 -0.01883589 0.13766699
v 0.07366537 -0.01904594 0.13637264
v 0.07135977 -0.02673214 0.13644710
v -0.06801987 -0.02548098 0.14052184
v 0.06750444 -0.01745305 0.14307083
v 0.07017870 -0.01814447 0.14036891
v 0.06801987 -0.02548098 0.14052184
v -0.06413133 -0.02402429 0.14399767
v 0.06113820 -0.01580708 0.14713064
v 0.06177295 -0.01597119 0.14672585
v 0.05978724 -0.02239695 0.14679134
v -0.05509160 -0.02063791 0.14883602
v 0.05406458 -0.01397822 0.14964849
v 0.05689264 -0.01470940 0.14864184
v 0.05509160 -0.02063791 0.14883602
v -0.05015680 -0.01878928 0.15008272
v 0.05183629 -0.01340210 0.14990415
v 0.05015680 -0.01878928 0.15008272
v 0.04790118 -0.02396287 0.15008272
v 0.04511367 -0.02887037 0.15008272
v 0.04182523 -0.03345731 0.15008272
v 0.03807237 -0.03767275 0.15008272
v 0.03389677 -0.04146988 0.15008272
v 0.02934479 -0.04480653 0.15008272
v 0.02446697 -0.04764566 0.15008272
v 0.01931747 -0.04995575 0.15008272
v 0.01395347 -0.05171114 0.15008272
v 0.00843454 -0.05289234 0.15008272
v 0.00282196 -0.05348624 0.15008272
v -0.00282196 -0.05348624 0.15008272
v -0.00843454 -0.05289234 0.15008272
v -0.01395347 -0.05171114 0.15008272
v -0.01931747 -0.04995575 0.15008272
v -0.02446697 -0.04764566 0.15008272
v -0.02934479 -0.04480653 0.15008272
v -0.03389677 -0.04146988 0.15008272
v -0.03807237 -0.03767275 0.15008272
v -0.04182523 -0.03345731 0.15008272
v -0.04511367 -0.02887037 0.15008272
v -0.04790118 -0.02396287 0.15008272
v 0.05261405 -0.02632051 0.14883602
v 0.04955229 -0.03171086 0.14883602
v 0.04594031 -0.03674909 0.14883602
v 0.04181822 -0.04137927 0.14883602
v 0.03723179 -0.04554999 0.14883602
v 0.03223195 -0.04921493 0.14883602
v 0.02687421 -0.05233340 0.14883602
v 0.02121806 -0.05487077 0.14883602
v 0.01532632 -0.05679887 0.14883602
v 0.00926440 -0.05809629 0.14883602
v 0.00309960 -0.05874862 0.14883602
v -0.00309960 -0.05874862 0.14883602
v -0.00926440 -0.05809629 0.14883602
v -0.01532632 -0.05679887 0.14883602
v -0.02121806 -0.05487077 0.14883602
v -0.02687421 -0.05233340 0.14883602
v -0.03223195 -0.04921493 0.14883602
v -0.03723179 -0.04554999 0.14883602
v -0.04181822 -0.04137927 0.14883602
v -0.04594031 -0.03674909 0.14883602
v -0.04955229 -0.03171086 0.14883602
v -0.05261405 -0.02632051 0.14883602
v 0.05709852 -0.02856390 0.14679134
v 0.05377579 -0.03441368 0.14679134
v 0.04985595 -0.03988134 0.14679134
v 0.04538253 -0.04490617 0.14679134
v 0.04040518 -0.04943237 0.14679134
v 0.03497918 -0.05340968 0.14679134
v 0.02916479 -0.05679395 0.14679134
v 0.02302655 -0.05954759 0.14679134
v 0.01663264 -0.06164003 0.14679134
v 0.01005403 -0.06304803 0.14679134
v 0.00336380 -0.06375596 0.14679134
v -0.00336380 -0.06375596 0.14679134
v -0.01005403 -0.06304803 0.14679134
v -0.01663264 -0.06164003 0.14679134
v -0.02302655 -0.05954759 0.14679134
v -0.02916479 -0.05679395 0.14679134
v -0.03497918 -0.05340968 0.14679134
v -0.04040518 -0.04943237 0.14679134
v -0.04538253 -0.04490617 0.14679134
v -0.04985595 -0.03988134 0.14679134
v -0.05377579 -0.03441368 0.14679134
v -0.05709852 -0.02856390 0.14679134
v -0.05978724 -0.02239695 0.14679134
v 0.06623369 -0.01712450 0.14388120
v 0.06413133 -0.02402429 0.14399767
v 0.06124725 -0.03063932 0.14399767
v 0.05768310 -0.03691415 0.14399767
v 0.05347844 -0.04277908 0.14399767
v 0.04867998 -0.04816901 0.14399767
v 0.04334098 -0.05302408 0.14399767
v 0.03752074 -0.05729038 0.14399767
v 0.03128387 -0.06092055 0.14399767
v 0.02469964 -0.06387426 0.14399767
v 0.01784115 -0.06611873 0.14399767
v 0.01078455 -0.06762904 0.14399767
v 0.00360820 -0.06838841 0.14399767
v -0.00360820 -0.06838841 0.14399767
v -0.01078455 -0.06762904 0.14399767
v -0.01784115 -0.06611873 0.14399767
v -0.02469964 -0.06387426 0.14399767
v -0.03128387 -0.06092055 0.14399767
v -0.03752074 -0.05729038 0.14399767
v -0.04334098 -0.05302408 0.14399767
v -0.04867998 -0.04816901 0.14399767
v -0.05347844 -0.04277908 0.14399767
v -0.05768310 -0.03691415 0.14399767
v -0.06124725 -0.03063932 0.14399767
v 0.06496091 -0.03249711 0.14052184
v 0.06118065 -0.03915240 0.14052184
v 0.05672105 -0.04537295 0.14052184
v 0.05163164 -0.05108969 0.14052184
v 0.04596892 -0.05623914 0.14052184
v 0.03979577 -0.06076413 0.14052184
v 0.03318074 -0.06461440 0.14052184
v 0.02619728 -0.06774721 0.14052184
v 0.01892293 -0.07012778 0.14052184
v 0.01143846 -0.07172966 0.14052184
v 0.00382698 -0.07253507 0.14052184
v -0.00382698 -0.07253507 0.14052184
v -0.01143846 -0.07172966 0.14052184
v -0.01892293 -0.07012778 0.14052184
v -0.02619728 -0.06774721 0.14052184
v -0.03318074 -0.06461440 0.14052184
v -0.03979577 -0.06076413 0.14052184
v -0.04596892 -0.05623914 0.14052184
v -0.05163164 -0.05108969 0.14052184
v -0.05672105 -0.04537295 0.14052184
v -0.06118065 -0.03915240 0.14052184
v -0.06496091 -0.03249711 0.14052184
v 0.06815062 -0.03409278 0.13644710
v 0.06418474 -0.04107486 0.13644710
v 0.05950617 -0.04760085 0.13644710
v 0.05416685 -0.05359829 0.13644710
v 0.04822608 -0.05900059 0.13644710
v 0.04174982 -0.06374776 0.13644710
v 0.03480998 -0.06778710 0.13644710
v 0.02748361 -0.07107373 0.13644710
v 0.01985208 -0.07357119 0.13644710
v 0.01200011 -0.07525172 0.13644710
v 0.00401490 -0.07609668 0.13644710
v -0.00401490 -0.07609668 0.13644710
v -0.01200011 -0.07525172 0.13644710
v -0.01985208 -0.07357119 0.13644710
v -0.02748361 -0.07107373 0.13644710
v -0.03480998 -0.06778710 0.13644710
v -0.04174982 -0.06374776 0.13644710
v -0.04822608 -0.05900059 0.13644710
v -0.05416685 -0.05359829 0.13644710
v -0.05950617 -0.04760085 0.13644710
v -0.06418474 -0.04107486 0.13644710
v -0.06815062 -0.03409278 0.13644710
v -0.07135977 -0.02673214 0.13644710
v 0.07651719 -0.01978326 0.13182910
v 0.07407109 -0.02774784 0.13187096
v 0.07074001 -0.03538814 0.13187096
v 0.06662345 -0.04263550 0.13187096
v 0.06176711 -0.04940945 0.13187096
v 0.05622493 -0.05563477 0.13187096
v 0.05005844 -0.06124233 0.13187096
v 0.04333611 -0.06616987 0.13187096
v 0.03613259 -0.07036267 0.13187096
v 0.02852786 -0.07377419 0.13187096
v 0.02060636 -0.07636654 0.13187096
v 0.01245606 -0.07811093 0.13187096
v 0.00416744 -0.07898799 0.13187096
v -0.00416744 -0.07898799 0.13187096
v -0.01245606 -0.07811093 0.13187096
v -0.02060636 -0.07636654 0.13187096
v -0.02852786 -0.07377419 0.13187096
v -0.03613259 -0.07036267 0.13187096
v -0.04333611 -0.06616987 0.13187096
v -0.05005844 -0.06124233 0.13187096
v -0.05622493 -0.05563477 0.13187096
v -0.06176711 -0.04940945 0.13187096
v -0.06662345 -0.04263550 0.13187096
v -0.07074001 -0.03538814 0.13187096
v 0.07266711 -0.03635218 0.12690297
v 0.06843840 -0.04379698 0.12690297
v 0.06344977 -0.05075546 0.12690297
v 0.05775661 -0.05715037 0.12690297
v 0.05142213 -0.06291069 0.12690297
v 0.04451667 -0.06797247 0.12690297
v 0.03711691 -0.07227949 0.12690297
v 0.02930501 -0.07578395 0.12690297
v 0.02116772 -0.07844691 0.12690297
v 0.01279538 -0.08023882 0.12690297
v 0.00428097 -0.08113977 0.12690297
v -0.00428097 -0.08113977 0.12690297
v -0.01279538 -0.08023882 0.12690297
v -0.02116772 -0.07844691 0.12690297
v -0.02930501 -0.07578395 0.12690297
v -0.03711691 -0.07227949 0.12690297
v -0.04451667 -0.06797247 0.12690297
v -0.05142213 -0.06291069 0.12690297
v -0.05775661 -0.05715037 0.12690297
v -0.06344977 -0.05075546 0.12690297
v -0.06843840 -0.04379698 0.12690297
v -0.07266711 -0.03635218 0.12690297
v 0.07388578 -0.03696183 0.12166207
v 0.06958615 -0.04453148 0.12166207
v 0.06451385 -0.05160666 0.12166207
v 0.05872522 -0.05810881 0.12166207
v 0.05228451 -0.06396574 0.12166207
v 0.04526324 -0.06911240 0.12166207
v 0.03773938 -0.07349166 0.12166207
v 0.02979647 -0.07705488 0.12166207
v 0.02152271 -0.07976251 0.12166207
v 0.01300997 -0.08158447 0.12166207
v 0.00435277 -0.08250053 0.12166207
v -0.00435277 -0.08250053 0.12166207
v -0.01300997 -0.08158447 0.12166207
v -0.02152271 -0.07976251 0.12166207
v -0.02979647 -0.07705488 0.12166207
v -0.03773938 -0.07349166 0.12166207
v -0.04526324 -0.06911240 0.12166207
v -0.05228451 -0.06396574 0.12166207
v -0.05872522 -0.05810881 0.12166207
v -0.06451385 -0.05160666 0.12166207
v -0.06958615 -0.04453148 0.12166207
v -0.07388578 -0.03696183 0.12166207
v -0.07736499 -0.02898177 0.12166207
v 0.07912730 -0.00475684 0.13134918
v 0.07954228 -0.00478178 0.13068756
v 0.07893778 -0.01011195 0.13090351
v 0.08059958 -0.01589297 0.12383887
v 0.07386351 -0.01457137 0.13761657
v 0.06197836 -0.01223953 0.14711669
v 0.05479555 -0.01083028 0.14964491
v 0.06843978 -0.01350725 0.14304073
v 0.07798401 -0.01537980 0.13110977
v 0.05543993 -0.00711983 0.14963476
v 0.06273893 -0.00804926 0.14707710
v 0.06929597 -0.00888420 0.14295532
v 0.07478625 -0.00958331 0.13747361
v 0.08154494 -0.01044393 0.12357047
v 0.05350988 -0.00321681 0.14988706
v 0.05583939 -0.00335685 0.14962411
v 0.05879165 -0.00353433 0.14858921
v 0.06322376 -0.00380078 0.14703555
v 0.06388418 -0.00384048 0.14661983
v 0.06852584 -0.00411952 0.14369802
v 0.07621077 -0.00458151 0.13599922
v 0.06984801 -0.00419900 0.14286575
v 0.07261400 -0.00436528 0.14009476
v 0.07537998 -0.00453156 0.13732378
v 0.08109314 -0.00487502 0.12624745
v 0.08238865 -0.00495290 0.12095615
v 0.08212618 -0.00493712 0.12328987
v 0.08272106 0.00000000 0.12097684
v 0.08143894 0.00000000 0.12631723
v 0.07933719 0.00000000 0.13139130
v 0.07646757 0.00000000 0.13607413
v 0.07290071 0.00000000 0.14025037
v 0.06872445 0.00000000 0.14381723
v 0.06404164 0.00000000 0.14668687
v 0.05896756 0.00000000 0.14878862
v 0.05362717 0.00000000 0.15007073
v 0.08272106 0.00000000 -0.12097684
v 0.08238865 -0.00495290 -0.12095615
v 0.08212618 -0.00493712 -0.12328987
v 0.08143894 0.00000000 -0.12631723
v 0.08109314 -0.00487502 -0.12624745
v 0.07954228 -0.00478178 -0.13068756
v 0.07933719 0.00000000 -0.13139130
v 0.07912730 -0.00475684 -0.13134918
v 0.07646757 0.00000000 -0.13607413
v 0.07621077 -0.00458151 -0.13599922
v 0.07537998 -0.00453156 -0.13732378
v 0.07290071 0.00000000 -0.14025037
v 0.07261400 -0.00436528 -0.14009476
v 0.06984801 -0.00419900 -0.14286575
v 0.06872445 0.00000000 -0.14381723
v 0.06852584 -0.00411952 -0.14369802
v 0.06404164 0.00000000 -0.14668687
v 0.06388418 -0.00384048 -0.14661983
v 0.06322376 -0.00380078 -0.14703555
v 0.05896756 0.00000000 -0.14878862
v 0.05879165 -0.00353433 -0.14858921
v 0.05583939 -0.00335685 -0.14962411
v 0.05362717 0.00000000 -0.15007073
v 0.05350988 -0.00321681 -0.14988706
v 0.06273861 -0.00805141 -0.14707711
v 0.05543966 -0.00712174 -0.14963478
v 0.05479498 -0.01083304 -0.14964493
v 0.05183629 -0.01340210 -0.14990415
v 0.05406458 -0.01397822 -0.14964849
v 0.06623369 -0.01712450 -0.14388120
v 0.06750444 -0.01745305 -0.14307083
v 0.06843904 -0.01351070 -0.14304078
v 0.07017870 -0.01814447 -0.14036891
v 0.07285296 -0.01883589 -0.13766699
v 0.07386271 -0.01457510 -0.13761666
v 0.08059873 -0.01589705 -0.12383902
v 0.07981274 -0.02063532 -0.12163829
v 0.07798318 -0.01538375 -0.13110989
v 0.07847938 -0.02029058 -0.12683180
v 0.07951613 -0.02055863 -0.12393366
v 0.07366537 -0.01904594 -0.13637264
v 0.07651719 -0.01978326 -0.13182910
v 0.07692299 -0.01988818 -0.13118255
v 0.05689264 -0.01470940 -0.14864184
v 0.06113820 -0.01580708 -0.14713064
v 0.06197770 -0.01224266 -0.14711671
v 0.06177295 -0.01597119 -0.14672585
v 0.08154455 -0.01044672 -0.12357063
v 0.07893738 -0.01011465 -0.13090363
v 0.07478585 -0.00958587 -0.13747370
v 0.06929561 -0.00888657 -0.14295536
v -0.07951613 -0.02055863 -0.12393366
v -0.07981274 -0.02063532 -0.12163829
v -0.07736499 -0.02898177 -0.12166207
v 0.07608894 -0.02850374 -0.12690297
v -0.07692299 -0.01988818 -0.13118255
v -0.07847938 -0.02029058 -0.12683180
v -0.07608894 -0.02850374 -0.12690297
v 0.07407109 -0.02774784 -0.13187096
v -0.07285296 -0.01883589 -0.13766699
v -0.07366537 -0.01904594 -0.13637264
v -0.07135977 -0.02673214 -0.13644710
v 0.06801987 -0.02548098 -0.14052184
v -0.06750444 -0.01745305 -0.14307083
v -0.07017870 -0.01814447 -0.14036891
v -0.06801987 -0.02548098 -0.14052184
v 0.06413133 -0.02402429 -0.14399767
v -0.06113820 -0.01580708 -0.14713064
v -0.06177295 -0.01597119 -0.14672585
v -0.05978724 -0.02239695 -0.14679134
v 0.05509160 -0.02063791 -0.14883602
v -0.05406458 -0.01397822 -0.14964849
v -0.05689264 -0.01470940 -0.14864184
v -0.05509160 -0.02063791 -0.14883602
v 0.05015680 -0.01878928 -0.15008272
v -0.05183629 -0.01340210 -0.14990415
v -0.05015680 -0.01878928 -0.15008272
v -0.04790118 -0.02396287 -0.15008272
v -0.04511367 -0.02887037 -0.15008272
v -0.04182523 -0.03345731 -0.15008272
v -0.03807237 -0.03767275 -0.15008272
v -0.03389677 -0.04146988 -0.15008272
v -0.02934479 -0.04480653 -0.15008272
v -0.02446697 -0.04764566 -0.15008272
v -0.01931747 -0.04995575 -0.15008272
v -0.01395347 -0.05171114 -0.15008272
v -0.00843454 -0.05289234 -0.15008272
v -0.00282196 -0.05348624 -0.15008272
v 0.00282196 -0.05348624 -0.15008272
v 0.00843454 -0.05289234 -0.15008272
v 0.01395347 -0.05171114 -0.15008272
v 0.01931747 -0.04995575 -0.15008272
v 0.02446697 -0.04764566 -0.15008272
v 0.02934479 -0.04480653 -0.15008272
v 0.03389677 -0.04146988 -0.15008272
v 0.03807237 -0.03767275 -0.15008272
v 0.04182523 -0.03345731 -0.15008272
v 0.04511367 -0.02887037 -0.15008272
v 0.04790118 -0.02396287 -0.15008272
v -0.05261405 -0.02632051 -0.14883602
v -0.04955229 -0.03171086 -0.14883602
v -0.04594031 -0.03674909 -0.14883602
v -0.04181822 -0.04137927 -0.14883602
v -0.03723179 -0.04554999 -0.14883602
v -0.03223195 -0.04921493 -0.14883602
v -0.02687421 -0.05233340 -0.14883602
v -0.02121806 -0.05487077 -0.14883602
v -0.01532632 -0.05679887 -0.14883602
v -0.00926440 -0.05809629 -0.14883602
v -0.00309960 -0.05874862 -0.14883602
v 0.00309960 -0.05874862 -0.14883602
v 0.00926440 -0.05809629 -0.14883602
v 0.01532632 -0.05679887 -0.14883602
v 0.02121806 -0.05487077 -0.14883602
v 0.02687421 -0.05233340 -0.14883602
v 0.03223195 -0.04921493 -0.14883602
v 0.03723179 -0.04554999 -0.14883602
v 0.04181822 -0.04137927 -0.14883602
v 0.04594031 -0.03674909 -0.14883602
v 0.04955229 -0.03171086 -0.14883602
v 0.05261405 -0.02632051 -0.14883602
v -0.05709852 -0.02856390 -0.14679134
v -0.05377579 -0.03441368 -0.14679134
v -0.04985595 -0.03988134 -0.14679134
v -0.04538253 -0.04490617 -0.14679134
v -0.04040518 -0.04943237 -0.14679134
v -0.03497918 -0.05340968 -0.14679134
v -0.02916479 -0.05679395 -0.14679134
v -0.02302655 -0.05954759 -0.14679134
v -0.01663264 -0.06164003 -0.14679134
v -0.01005403 -0.06304803 -0.14679134
v -0.00336380 -0.06375596 -0.14679134
v 0.00336380 -0.06375596 -0.14679134
v 0.01005403 -0.06304803 -0.14679134
v 0.01663264 -0.06164003 -0.14679134
v 0.02302655 -0.05954759 -0.14679134
v 0.02916479 -0.05679395 -0.14679134
v 0.03497918 -0.05340968 -0.14679134
v 0.04040518 -0.04943237 -0.14679134
v 0.04538253 -0.04490617 -0.14679134
v 0.04985595 -0.03988134 -0.14679134
v 0.05377579 -0.03441368 -0.14679134
v 0.05709852 -0.02856390 -0.14679134
v 0.05978724 -0.02239695 -0.14679134
v -0.06623369 -0.01712450 -0.14388120
v -0.06413133 -0.02402429 -0.14399767
v -0.06124725 -0.03063932 -0.14399767
v -0.05768310 -0.03691415 -0.14399767
v -0.05347844 -0.04277908 -0.14399767
v -0.04867998 -0.04816901 -0.14399767
v -0.04334098 -0.05302408 -0.14399767
v -0.03752074 -0.05729038 -0.14399767
v -0.03128387 -0.06092055 -0.14399767
v -0.02469964 -0.06387426 -0.14399767
v -0.01784115 -0.06611873 -0.14399767
v -0.01078455 -0.06762904 -0.14399767
v -0.00360820 -0.06838841 -0.14399767
v 0.00360820 -0.06838841 -0.14399767
v 0.01078455 -0.06762904 -0.14399767
v 0.01784115 -0.06611873 -0.14399767
v 0.02469964 -0.06387426 -0.14399767
v 0.03128387 -0.06092055 -0.14399767
v 0.03752074 -0.05729038 -0.14399767
v 0.04334098 -0.05302408 -0.14399767
v 0.04867998 -0.04816901 -0.14399767
v 0.05347844 -0.04277908 -0.14399767
v 0.05768310 -0.03691415 -0.14399767
v 0.06124725 -0.03063932 -0.14399767
v -0.06496091 -0.03249711 -0.14052184
v -0.06118065 -0.03915240 -0.14052184
v -0.05672105 -0.04537295 -0.14052184
v -0.05163164 -0.05108969 -0.14052184
v -0.04596892 -0.05623914 -0.14052184
v -0.03979577 -0.06076413 -0.14052184
v -0.03318074 -0.06461440 -0.14052184
v -0.02619728 -0.06774721 -0.14052184
v -0.01892293 -0.07012778 -0.14052184
v -0.01143846 -0.07172966 -0.14052184
v -0.00382698 -0.07253507 -0.14052184
v 0.00382698 -0.07253507 -0.14052184
v 0.01143846 -0.07172966 -0.14052184
v 0.01892293 -0.07012778 -0.14052184
v 0.02619728 -0.06774721 -0.14052184
v 0.03318074 -0.06461440 -0.14052184
v 0.03979577 -0.06076413 -0.14052184
v 0.04596892 -0.05623914 -0.14052184
v 0.05163164 -0.05108969 -0.14052184
v 0.05672105 -0.04537295 -0.14052184
v 0.06118065 -0.03915240 -0.14052184
v 0.06496091 -0.03249711 -0.14052184
v -0.06815062 -0.03409278 -0.13644710
v -0.06418474 -0.04107486 -0.13644710
v -0.05950617 -0.04760085 -0.13644710
v -0.05416685 -0.05359829 -0.13644710
v -0.04822608 -0.05900059 -0.13644710
v -0.04174982 -0.06374776 -0.13644710
v -0.03480998 -0.06778710 -0.13644710
v -0.02748361 -0.07107373 -0.13644710
v -0.01985208 -0.07357119 -0.13644710
v -0.01200011 -0.07525172 -0.13644710
v -0.00401490 -0.07609668 -0.13644710
v 0.00401490 -0.07609668 -0.13644710
v 0.01200011 -0.07525172 -0.13644710
v 0.01985208 -0.07357119 -0.13644710
v 0.02748361 -0.07107373 -0.13644710
v 0.03480998 -0.06778710 -0.13644710
v 0.04174982 -0.06374776 -0.13644710
v 0.04822608 -0.05900059 -0.13644710
v 0.05416685 -0.05359829 -0.13644710
v 0.05950617 -0.04760085 -0.13644710
v 0.06418474 -0.04107486 -0.13644710
v 0.06815062 -0.03409278 -0.13644710
v 0.07135977 -0.02673214 -0.13644710
v -0.07651719 -0.01978326 -0.13182910
v -0.07407109 -0.02774784 -0.13187096
v -0.07074001 -0.03538814 -0.13187096
v -0.06662345 -0.04263550 -0.13187096
v -0.06176711 -0.04940945 -0.13187096
v -0.05622493 -0.05563477 -0.13187096
v -0.05005844 -0.06124233 -0.13187096
v -0.04333611 -0.06616987 -0.13187096
v -0.03613259 -0.07036267 -0.13187096
v -0.02852786 -0.07377419 -0.13187096
v -0.02060636 -0.07636654 -0.13187096
v -0.01245606 -0.07811093 -0.13187096
v -0.00416744 -0.07898799 -0.13187096
v 0.00416744 -0.07898799 -0.13187096
v 0.01245606 -0.07811093 -0.13187096
v 0.02060636 -0.07636654 -0.13187096
v 0.02852786 -0.07377419 -0.13187096
v 0.03613259 -0.07036267 -0.13187096
v 0.04333611 -0.06616987 -0.13187096
v 0.05005844 -0.06124233 -0.13187096
v 0.05622493 -0.05563477 -0.13187096
v 0.06176711 -0.04940945 -0.13187096
v 0.06662345 -0.04263550 -0.13187096
v 0.07074001 -0.03538814 -0.13187096
v -0.07266711 -0.03635218 -0.12690297
v -0.06843840 -0.04379698 -0.12690297
v -0.06344977 -0.05075546 -0.12690297
v -0.05775661 -0.05715037 -0.12690297
v -0.05142213 -0.06291069 -0.12690297
v -0.04451667 -0.06797247 -0.12690297
v -0.03711691 -0.07227949 -0.12690297
v -0.02930501 -0.07578395 -0.12690297
v -0.02116772 -0.07844691 -0.12690297
v -0.01279538 -0.08023882 -0.12690297
v -0.00428097 -0.08113977 -0.12690297
v 0.00428097 -0.08113977 -0.12690297
v 0.01279538 -0.08023882 -0.12690297
v 0.02116772 -0.07844691 -0.12690297
v 0.02930501 -0.07578395 -0.12690297
v 0.03711691 -0.07227949 -0.12690297
v 0.04451667 -0.06797247 -0.12690297
v 0.05142213 -0.06291069 -0.12690297
v 0.05775661 -0.05715037 -0.12690297
v 0.06344977 -0.05075546 -0.12690297
v 0.06843840 -0.04379698 -0.12690297
v 0.07266711 -0.03635218 -0.12690297
v -0.07388578 -0.03696183 -0.12166207
v -0.06958615 -0.04453148 -0.12166207
v -0.06451385 -0.05160666 -0.12166207
v -0.05872522 -0.05810881 -0.12166207
v -0.05228451 -0.06396574 -0.12166207
v -0.04526324 -0.06911240 -0.12166207
v -0.03773938 -0.07349166 -0.12166207
v -0.02979647 -0.07705488 -0.12166207
v -0.02152271 -0.07976251 -0.12166207
v -0.01300997 -0.08158447 -0.12166207
v -0.00435277 -0.08250053 -0.12166207
v 0.00435277 -0.08250053 -0.12166207
v 0.01300997 -0.08158447 -0.12166207
v 0.02152271 -0.07976251 -0.12166207
v 0.02979647 -0.07705488 -0.12166207
v 0.03773938 -0.07349166 -0.12166207
v 0.04526324 -0.06911240 -0.12166207
v 0.05228451 -0.06396574 -0.12166207
v 0.05872522 -0.05810881 -0.12166207
v 0.06451385 -0.05160666 -0.12166207
v 0.06958615 -0.04453148 -0.12166207
v 0.07388578 -0.03696183 -0.12166207
v 0.07736499 -0.02898177 -0.12166207
v -0.07912730 -0.00475684 -0.13134918
v -0.07954228 -0.00478178 -0.13068756
v -0.07893778 -0.01011195 -0.13090351
v -0.08059958 -0.01589297 -0.12383887
v -0.07386351 -0.01457137 -0.13761657
v -0.06197836 -0.01223953 -0.14711669
v -0.05479555 -0.01083028 -0.14964491
v -0.06843978 -0.01350725 -0.14304073
v -0.07798401 -0.01537980 -0.13110977
v -0.05543993 -0.00711983 -0.14963476
v -0.06273893 -0.00804926 -0.14707710
v -0.06929597 -0.00888420 -0.14295532
v -0.07478625 -0.00958331 -0.13747361
v -0.08154494 -0.01044393 -0.12357047
v -0.05350988 -0.00321681 -0.14988706
v -0.06388418 -0.00384048 -0.14661983
v -0.06852584 -0.00411952 -0.14369802
v -0.05583939 -0.00335685 -0.14962411
v -0.05879165 -0.00353433 -0.14858921
v -0.06322376 -0.00380078 -0.14703555
v -0.06984801 -0.00419900 -0.14286575
v -0.07261400 -0.00436528 -0.14009476
v -0.07537998 -0.00453156 -0.13732378
v -0.07621077 -0.00458151 -0.13599922
v -0.08109314 -0.00487502 -0.12624745
v -0.08238865 -0.00495290 -0.12095615
v -0.08212618 -0.00493712 -0.12328987
v -0.08272106 0.00000000 -0.12097684
v -0.08143894 0.00000000 -0.12631723
v -0.07933719 0.00000000 -0.13139130
v -0.07646757 0.00000000 -0.13607413
v -0.07290071 0.00000000 -0.14025037
v -0.06872445 0.00000000 -0.14381723
v -0.06404164 0.00000000 -0.14668687
v -0.05896756 0.00000000 -0.14878862
v -0.05362717 0.00000000 -0.15007073
v -0.05268341 -0.06806135 0.12297685
v 0.00435933 -0.08595862 0.12297685
v 0.05929876 -0.06238226 0.12297685
v -0.03013783 -0.04835168 0.15207073
v -0.03487486 -0.04505461 0.15207073
v -0.03814375 -0.04927766 0.15078862
v -0.05697520 0.00000000 0.15207073
v -0.05668288 -0.00576409 0.15207073
v 0.05668288 -0.00576409 0.15207073
v 0.05697520 0.00000000 0.15207073
v -0.04642925 -0.04884354 0.14868687
v -0.04293338 -0.04516589 0.15078862
v -0.03925403 -0.04129522 0.15207073
v -0.05468558 -0.04694603 0.14581724
v -0.05113246 -0.04389577 0.14868687
v -0.04728246 -0.04059066 0.15078862
v -0.04323040 -0.03711208 0.15207073
v -0.06258217 -0.04355848 0.14225037
v -0.05915446 -0.04117272 0.14581724
v -0.05531098 -0.03849757 0.14868687
v -0.05114636 -0.03559892 0.15078862
v -0.04676317 -0.03254813 0.15207073
v 0.07585753 -0.00771396 0.14225037
v 0.07624874 0.00000000 0.14225037
v 0.07207248 0.00000000 0.14581724
v -0.06978650 -0.03873466 0.13807411
v -0.06666782 -0.03700366 0.14225037
v -0.06301633 -0.03497692 0.14581724
v -0.05892193 -0.03270434 0.14868687
v -0.05448543 -0.03024188 0.15078862
v -0.04981608 -0.02765018 0.15207073
v -0.07598424 -0.03260740 0.13339131
v -0.07334717 -0.03147575 0.13807411
v -0.07006937 -0.03006914 0.14225037
v -0.06623157 -0.02842221 0.14581724
v -0.06192826 -0.02657551 0.14868687
v -0.05726540 -0.02457452 0.15078862
v -0.05235781 -0.02246851 0.15207073
v -0.08089858 -0.02538209 0.12831724
v -0.07889322 -0.02475291 0.13339131
v -0.07615519 -0.02389385 0.13807411
v -0.07275192 -0.02282606 0.14225037
v -0.06876718 -0.02157584 0.14581724
v -0.06429913 -0.02017398 0.14868687
v -0.05945776 -0.01865499 0.15078862
v -0.05436228 -0.01705628 0.15207073
v -0.08430725 -0.01732558 0.12297685
v -0.08305138 -0.01706749 0.12831724
v -0.08099265 -0.01664441 0.13339131
v -0.07818177 -0.01606676 0.13807411
v -0.07468792 -0.01534876 0.14225037
v -0.07059716 -0.01450808 0.14581724
v -0.06601020 -0.01356544 0.14868687
v -0.06103999 -0.01254404 0.15078862
v -0.05580892 -0.01146903 0.15207073
v 0.08212190 -0.02576591 0.12297685
v 0.08430725 -0.01732558 0.12297685
v 0.08305138 -0.01706749 0.12831724
v 0.07909387 -0.03394185 0.12297685
v 0.08089858 -0.02538209 0.12831724
v 0.08099265 -0.01664441 0.13339131
v 0.07064237 -0.04916854 0.12297685
v 0.07525422 -0.04176950 0.12297685
v 0.07413321 -0.04114729 0.12831724
v 0.07791565 -0.03343624 0.12831724
v 0.07598424 -0.03260740 0.13339131
v 0.07889322 -0.02475291 0.13339131
v 0.07615519 -0.02389385 0.13807411
v 0.07818177 -0.01606676 0.13807411
v 0.07468792 -0.01534876 0.14225037
v 0.07170270 -0.00729145 0.14581724
v 0.06738967 0.00000000 0.14868687
v 0.06530562 -0.05606304 0.12297685
v 0.06959005 -0.04843611 0.12831724
v 0.07229555 -0.04012730 0.13339131
v 0.07334717 -0.03147575 0.13807411
v 0.07275192 -0.02282606 0.14225037
v 0.07059716 -0.01450808 0.14581724
v 0.06704392 -0.00681770 0.14868687
v 0.06231559 0.00000000 0.15078862
v 0.05580892 -0.01146903 0.15207073
v 0.06103999 -0.01254404 0.15078862
v 0.05945776 -0.01865499 0.15078862
v 0.06429913 -0.02017398 0.14868687
v 0.06192826 -0.02657551 0.14868687
v 0.06623157 -0.02842221 0.14581724
v 0.06301633 -0.03497692 0.14581724
v 0.06666782 -0.03700366 0.14225037
v 0.06258217 -0.04355848 0.14225037
v 0.06550972 -0.04559611 0.13807411
v 0.06056073 -0.05198968 0.13807411
v 0.06273809 -0.05385888 0.13339131
v 0.05696739 -0.05992966 0.13339131
v 0.05841542 -0.06145299 0.12831724
v 0.05189862 -0.06704748 0.12831724
v 0.05268341 -0.06806135 0.12297685
v 0.04552745 -0.07304204 0.12297685
v 0.05436228 -0.01705628 0.15207073
v 0.05726540 -0.02457452 0.15078862
v 0.05892193 -0.03270434 0.14868687
v 0.05915446 -0.04117272 0.14581724
v 0.05785435 -0.04966633 0.14225037
v 0.05499030 -0.05784977 0.13807411
v 0.05061212 -0.06538548 0.13339131
v 0.04484926 -0.07195398 0.12831724
v 0.03790433 -0.07727322 0.12297685
v 0.05235781 -0.02246851 0.15207073
v 0.04981608 -0.02765018 0.15207073
v 0.05448543 -0.03024188 0.15078862
v 0.05114636 -0.03559892 0.15078862
v 0.05531098 -0.03849757 0.14868687
v 0.05113246 -0.04389577 0.14868687
v 0.05468558 -0.04694603 0.14581724
v 0.04965556 -0.05223761 0.14581724
v 0.05253286 -0.05526454 0.14225037
v 0.04667231 -0.06029565 0.14225037
v 0.04885560 -0.06311624 0.13807411
v 0.04221958 -0.06773505 0.13807411
v 0.04373751 -0.07017034 0.13339131
v 0.03641409 -0.07423517 0.13339131
v 0.03733969 -0.07612213 0.12831724
v 0.02944696 -0.07950917 0.12831724
v 0.02989225 -0.08071148 0.12297685
v 0.02157344 -0.08332152 0.12297685
v 0.04676317 -0.03254813 0.15207073
v 0.04728246 -0.04059066 0.15078862
v 0.04642925 -0.04884354 0.14868687
v 0.04411600 -0.05699317 0.14581724
v 0.04033284 -0.06470805 0.14225037
v 0.03515032 -0.07165881 0.13807411
v 0.02871701 -0.07753825 0.13339131
v 0.02125207 -0.08208033 0.12831724
v 0.01303325 -0.08507657 0.12297685
v 0.03925403 -0.04129522 0.15207073
v 0.03487486 -0.04505461 0.15207073
v 0.03814375 -0.04927766 0.15078862
v 0.03296271 -0.05288377 0.15078862
v 0.03564671 -0.05718986 0.14868687
v 0.02967802 -0.06050275 0.14868687
v 0.03174030 -0.06470700 0.14581724
v 0.02503115 -0.06758612 0.14581724
v 0.02648159 -0.07150242 0.14225037
v 0.01911194 -0.07381466 0.14225037
v 0.02000598 -0.07726765 0.13807411
v 0.01208630 -0.07889519 0.13807411
v 0.01252084 -0.08173173 0.13339131
v 0.00418794 -0.08257911 0.13339131
v 0.00429439 -0.08467816 0.12831724
v -0.00429439 -0.08467816 0.12831724
v -0.00435933 -0.08595862 0.12297685
v -0.01303325 -0.08507657 0.12297685
v 0.03013783 -0.04835168 0.15207073
v 0.02744342 -0.05594723 0.15078862
v 0.02340479 -0.06319480 0.14868687
v 0.01806515 -0.06977172 0.14581724
v 0.01154618 -0.07536946 0.14225037
v 0.00404259 -0.07971315 0.13807411
v -0.00418794 -0.08257911 0.13339131
v -0.01283910 -0.08380924 0.12831724
v -0.02157344 -0.08332152 0.12297685
v 0.02509155 -0.05115260 0.15207073
v 0.01978779 -0.05342862 0.15207073
v 0.02164253 -0.05843658 0.15078862
v 0.01561956 -0.06032630 0.15078862
v 0.01689139 -0.06523839 0.14868687
v 0.01020467 -0.06661255 0.14868687
v 0.01091378 -0.07124136 0.14581724
v 0.00365041 -0.07197998 0.14581724
v 0.00386194 -0.07615087 0.14225037
v -0.00386194 -0.07615087 0.14225037
v -0.00404259 -0.07971315 0.13807411
v -0.01208630 -0.07889519 0.13807411
v -0.01252084 -0.08173173 0.13339131
v -0.02072526 -0.08004568 0.13339131
v -0.02125207 -0.08208033 0.12831724
v -0.02944696 -0.07950917 0.12831724
v -0.02989225 -0.08071148 0.12297685
v -0.03790433 -0.07727322 0.12297685
v 0.01428098 -0.05515639 0.15207073
v 0.00943631 -0.06159699 0.15078862
v 0.00341323 -0.06730317 0.14868687
v -0.00365041 -0.07197998 0.14581724
v -0.01154618 -0.07536946 0.14225037
v -0.02000598 -0.07726765 0.13807411
v -0.02871701 -0.07753825 0.13339131
v -0.03733969 -0.07612213 0.12831724
v -0.04552745 -0.07304204 0.12297685
v 0.00288575 -0.05690208 0.15207073
v -0.00288575 -0.05690208 0.15207073
v -0.00315623 -0.06223561 0.15078862
v -0.00943631 -0.06159699 0.15078862
v -0.01020467 -0.06661255 0.14868687
v -0.01689139 -0.06523839 0.14868687
v -0.01806515 -0.06977172 0.14581724
v -0.02503115 -0.06758612 0.14581724
v -0.02648159 -0.07150242 0.14225037
v -0.03357950 -0.06845646 0.14225037
v -0.03515032 -0.07165881 0.13807411
v -0.04221958 -0.06773505 0.13807411
v -0.04373751 -0.07017034 0.13339131
v -0.05061212 -0.06538548 0.13339131
v -0.05189862 -0.06704748 0.12831724
v -0.05841542 -0.06145299 0.12831724
v -0.05929876 -0.06238226 0.12297685
v -0.06530562 -0.05606304 0.12297685
v -0.00862763 -0.05631819 0.15207073
v -0.01561956 -0.06032630 0.15078862
v -0.02340479 -0.06319480 0.14868687
v -0.03174030 -0.06470700 0.14581724
v -0.04033284 -0.06470805 0.14225037
v -0.04885560 -0.06311624 0.13807411
v -0.05696739 -0.05992966 0.13339131
v -0.06433281 -0.05522791 0.12831724
v -0.07064237 -0.04916854 0.12297685
v -0.01428098 -0.05515639 0.15207073
v -0.01978779 -0.05342862 0.15207073
v -0.02164253 -0.05843658 0.15078862
v -0.02744342 -0.05594723 0.15078862
v -0.02967802 -0.06050275 0.14868687
v -0.03564671 -0.05718986 0.14868687
v -0.03812375 -0.06116390 0.14581724
v -0.04411600 -0.05699317 0.14581724
v -0.04667231 -0.06029565 0.14225037
v -0.05253286 -0.05526454 0.14225037
v -0.05499030 -0.05784977 0.13807411
v -0.06056073 -0.05198968 0.13807411
v -0.06273809 -0.05385888 0.13339131
v -0.06786501 -0.04723544 0.13339131
v -0.06959005 -0.04843611 0.12831724
v -0.07413321 -0.04114729 0.12831724
v -0.07525422 -0.04176950 0.12297685
v -0.07909387 -0.03394185 0.12297685
v -0.02509155 -0.05115260 0.15207073
v -0.03296271 -0.05288377 0.15078862
v -0.04124962 -0.05329011 0.14868687
v -0.04965556 -0.05223761 0.14581724
v -0.05785435 -0.04966633 0.14225037
v -0.06550972 -0.04559611 0.13807411
v -0.07229555 -0.04012730 0.13339131
v -0.07791565 -0.03343624 0.12831724
v -0.08212190 -0.02576591 0.12297685
v 0.07940609 -0.00807481 0.13807411
v 0.07981560 0.00000000 0.13807411
v 0.08226100 -0.00836513 0.13339131
v 0.08268522 0.00000000 0.13339131
v 0.08435196 -0.00857776 0.12831724
v 0.08478698 0.00000000 0.12831724
v 0.08562750 -0.00870747 0.12297685
v 0.08606909 0.00000000 0.12297685
v 0.06433281 -0.05522791 0.12831724
v 0.06786501 -0.04723544 0.13339131
v 0.06978650 -0.03873466 0.13807411
v 0.07006937 -0.03006914 0.14225037
v 0.06876718 -0.02157584 0.14581724
v 0.06601020 -0.01356544 0.14868687
v 0.06199588 -0.00630436 0.15078862
v 0.01283910 -0.08380924 0.12831724
v 0.02072526 -0.08004568 0.13339131
v 0.02772037 -0.07484724 0.13807411
v 0.03357950 -0.06845646 0.14225037
v 0.03812375 -0.06116390 0.14581724
v 0.04124962 -0.05329011 0.14868687
v 0.04293338 -0.04516589 0.15078862
v 0.04323040 -0.03711208 0.15207073
v -0.04484926 -0.07195398 0.12831724
v -0.03641409 -0.07423517 0.13339131
v -0.02772037 -0.07484724 0.13807411
v -0.01911194 -0.07381466 0.14225037
v -0.01091378 -0.07124136 0.14581724
v -0.00341323 -0.06730317 0.14868687
v 0.00315623 -0.06223561 0.15078862
v 0.00862763 -0.05631819 0.15207073
v -0.08562750 -0.00870747 0.12297685
v -0.06199588 -0.00630436 0.15078862
v -0.06704392 -0.00681770 0.14868687
v -0.07170270 -0.00729145 0.14581724
v -0.07585753 -0.00771396 0.14225037
v -0.07940609 -0.00807481 0.13807411
v -0.08226100 -0.00836513 0.13339131
v -0.08435196 -0.00857776 0.12831724
v -0.06231559 0.00000000 0.15078862
v -0.06738967 0.00000000 0.14868687
v -0.07207248 0.00000000 0.14581724
v -0.07624874 0.00000000 0.14225037
v -0.07981560 0.00000000 0.13807411
v -0.08268522 0.00000000 0.13339131
v -0.08478698 0.00000000 0.12831724
v -0.08606909 0.00000000 0.12297685
v 0.05268341 -0.06806135 -0.12297685
v -0.00435933 -0.08595862 -0.12297685
v -0.05929876 -0.06238226 -0.12297685
v 0.03013783 -0.04835168 -0.15207073
v 0.03487486 -0.04505461 -0.15207073
v 0.03814375 -0.04927766 -0.15078862
v 0.05697520 0.00000000 -0.15207073
v 0.05668288 -0.00576409 -0.15207073
v -0.05668288 -0.00576409 -0.15207073
v -0.05697520 0.00000000 -0.15207073
v 0.04642925 -0.04884354 -0.14868687
v 0.04293338 -0.04516589 -0.15078862
v 0.03925403 -0.04129522 -0.15207073
v 0.05468558 -0.04694603 -0.14581724
v 0.05113246 -0.04389577 -0.14868687
v 0.04728246 -0.04059066 -0.15078862
v 0.04323040 -0.03711208 -0.15207073
v 0.06258217 -0.04355848 -0.14225037
v 0.05915446 -0.04117272 -0.14581724
v 0.05531098 -0.03849757 -0.14868687
v 0.05114636 -0.03559892 -0.15078862
v 0.04676317 -0.03254813 -0.15207073
v -0.07585753 -0.00771396 -0.14225037
v -0.07624874 0.00000000 -0.14225037
v -0.07207248 0.00000000 -0.14581724
v 0.06978650 -0.03873466 -0.13807411
v 0.06666782 -0.03700366 -0.14225037
v 0.06301633 -0.03497692 -0.14581724
v 0.05892193 -0.03270434 -0.14868687
v 0.05448543 -0.03024188 -0.15078862
v 0.04981608 -0.02765018 -0.15207073
v 0.07598424 -0.03260740 -0.13339131
v 0.07334717 -0.03147575 -0.13807411
v 0.07006937 -0.03006914 -0.14225037
v 0.06623157 -0.02842221 -0.14581724
v 0.06192826 -0.02657551 -0.14868687
v 0.05726540 -0.02457452 -0.15078862
v 0.05235781 -0.02246851 -0.15207073
v 0.08089858 -0.02538209 -0.12831724
v 0.07889322 -0.02475291 -0.13339131
v 0.07615519 -0.02389385 -0.13807411
v 0.07275192 -0.02282606 -0.14225037
v 0.06876718 -0.02157584 -0.14581724
v 0.06429913 -0.02017398 -0.14868687
v 0.05945776 -0.01865499 -0.15078862
v 0.05436228 -0.01705628 -0.15207073
v 0.08430725 -0.01732558 -0.12297685
v 0.08305138 -0.01706749 -0.12831724
v 0.08099265 -0.01664441 -0.13339131
v 0.07818177 -0.01606676 -0.13807411
v 0.07468792 -0.01534876 -0.14225037
v 0.07059716 -0.01450808 -0.14581724
v 0.06601020 -0.01356544 -0.14868687
v 0.06103999 -0.01254404 -0.15078862
v 0.05580892 -0.01146903 -0.15207073
v -0.08212190 -0.02576591 -0.12297685
v -0.08430725 -0.01732558 -0.12297685
v -0.08305138 -0.01706749 -0.12831724
v -0.07909387 -0.03394185 -0.12297685
v -0.08089858 -0.02538209 -0.12831724
v -0.08099265 -0.01664441 -0.13339131
v -0.07064237 -0.04916854 -0.12297685
v -0.07525422 -0.04176950 -0.12297685
v -0.07413321 -0.04114729 -0.12831724
v -0.07791565 -0.03343624 -0.12831724
v -0.07598424 -0.03260740 -0.13339131
v -0.07889322 -0.02475291 -0.13339131
v -0.07615519 -0.02389385 -0.13807411
v -0.07818177 -0.01606676 -0.13807411
v -0.07468792 -0.01534876 -0.14225037
v -0.07170270 -0.00729145 -0.14581724
v -0.06738967 0.00000000 -0.14868687
v -0.06530562 -0.05606304 -0.12297685
v -0.06959005 -0.04843611 -0.12831724
v -0.07229555 -0.04012730 -0.13339131
v -0.07334717 -0.03147575 -0.13807411
v -0.07275192 -0.02282606 -0.14225037
v -0.07059716 -0.01450808 -0.14581724
v -0.06704392 -0.00681770 -0.14868687
v -0.06231559 0.00000000 -0.15078862
v -0.05580892 -0.01146903 -0.15207073
v -0.06103999 -0.01254404 -0.15078862
v -0.05945776 -0.01865499 -0.15078862
v -0.06429913 -0.02017398 -0.14868687
v -0.06192826 -0.02657551 -0.14868687
v -0.06623157 -0.02842221 -0.14581724
v -0.06301633 -0.03497692 -0.14581724
v -0.06666782 -0.03700366 -0.14225037
v -0.06258217 -0.04355848 -0.14225037
v -0.06550972 -0.04559611 -0.13807411
v -0.06056073 -0.05198968 -0.13807411
v -0.06273809 -0.05385888 -0.13339131
v -0.05696739 -0.05992966 -0.13339131
v -0.05841542 -0.06145299 -0.12831724
v -0.05189862 -0.06704748 -0.12831724
v -0.05268341 -0.06806135 -0.12297685
v -0.04552745 -0.07304204 -0.12297685
v -0.05436228 -0.01705628 -0.15207073
v -0.05726540 -0.02457452 -0.15078862
v -0.05892193 -0.03270434 -0.14868687
v -0.05915446 -0.04117272 -0.14581724
v -0.05785435 -0.04966633 -0.14225037
v -0.05499030 -0.05784977 -0.13807411
v -0.05061212 -0.06538548 -0.13339131
v -0.04484926 -0.07195398 -0.12831724
v -0.03790433 -0.07727322 -0.12297685
v -0.05235781 -0.02246851 -0.15207073
v -0.04981608 -0.02765018 -0.15207073
v -0.05448543 -0.03024188 -0.15078862
v -0.05114636 -0.03559892 -0.15078862
v -0.05531098 -0.03849757 -0.14868687
v -0.05113246 -0.04389577 -0.14868687
v -0.05468558 -0.04694603 -0.14581724
v -0.04965556 -0.05223761 -0.14581724
v -0.05253286 -0.05526454 -0.14225037
v -0.04667231 -0.06029565 -0.14225037
v -0.04885560 -0.06311624 -0.13807411
v -0.04221958 -0.06773505 -0.13807411
v -0.04373751 -0.07017034 -0.13339131
v -0.03641409 -0.07423517 -0.13339131
v -0.03733969 -0.07612213 -0.12831724
v -0.02944696 -0.07950917 -0.12831724
v -0.02989225 -0.08071148 -0.12297685
v -0.02157344 -0.08332152 -0.12297685
v -0.04676317 -0.03254813 -0.15207073
v -0.04728246 -0.04059066 -0.15078862
v -0.04642925 -0.04884354 -0.14868687
v -0.04411600 -0.05699317 -0.14581724
v -0.04033284 -0.06470805 -0.14225037
v -0.03515032 -0.07165881 -0.13807411
v -0.02871701 -0.07753825 -0.13339131
v -0.02125207 -0.08208033 -0.12831724
v -0.01303325 -0.08507657 -0.12297685
v -0.03925403 -0.04129522 -0.15207073
v -0.03487486 -0.04505461 -0.15207073
v -0.03814375 -0.04927766 -0.15078862
v -0.03296271 -0.05288377 -0.15078862
v -0.03564671 -0.05718986 -0.14868687
v -0.02967802 -0.06050275 -0.14868687
v -0.03174030 -0.06470700 -0.14581724
v -0.02503115 -0.06758612 -0.14581724
v -0.02648159 -0.07150242 -0.14225037
v -0.01911194 -0.07381466 -0.14225037
v -0.02000598 -0.07726765 -0.13807411
v -0.01208630 -0.07889519 -0.13807411
v -0.01252084 -0.08173173 -0.13339131
v -0.00418794 -0.08257911 -0.13339131
v -0.00429439 -0.08467816 -0.12831724
v 0.00429439 -0.08467816 -0.12831724
v 0.00435933 -0.08595862 -0.12297685
v 0.01303325 -0.08507657 -0.12297685
v -0.03013783 -0.04835168 -0.15207073
v -0.02744342 -0.05594723 -0.15078862
v -0.02340479 -0.06319480 -0.14868687
v -0.01806515 -0.06977172 -0.14581724
v -0.01154618 -0.07536946 -0.14225037
v -0.00404259 -0.07971315 -0.13807411
v 0.00418794 -0.08257911 -0.13339131
v 0.01283910 -0.08380924 -0.12831724
v 0.02157344 -0.08332152 -0.12297685
v -0.02509155 -0.05115260 -0.15207073
v -0.01978779 -0.05342862 -0.15207073
v -0.02164253 -0.05843658 -0.15078862
v -0.01561956 -0.06032630 -0.15078862
v -0.01689139 -0.06523839 -0.14868687
v -0.01020467 -0.06661255 -0.14868687
v -0.01091378 -0.07124136 -0.14581724
v -0.00365041 -0.07197998 -0.14581724
v -0.00386194 -0.07615087 -0.14225037
v 0.00386194 -0.07615087 -0.14225037
v 0.00404259 -0.07971315 -0.13807411
v 0.01208630 -0.07889519 -0.13807411
v 0.01252084 -0.08173173 -0.13339131
v 0.02072526 -0.08004568 -0.13339131
v 0.02125207 -0.08208033 -0.12831724
v 0.02944696 -0.07950917 -0.12831724
v 0.02989225 -0.08071148 -0.12297685
v 0.03790433 -0.07727322 -0.12297685
v -0.01428098 -0.05515639 -0.15207073
v -0.00943631 -0.06159699 -0.15078862
v -0.00341323 -0.06730317 -0.14868687
v 0.00365041 -0.07197998 -0.14581724
v 0.01154618 -0.07536946 -0.14225037
v 0.02000598 -0.07726765 -0.13807411
v 0.02871701 -0.07753825 -0.13339131
v 0.03733969 -0.07612213 -0.12831724
v 0.04552745 -0.07304204 -0.12297685
v -0.00288575 -0.05690208 -0.15207073
v 0.00288575 -0.05690208 -0.15207073
v 0.00315623 -0.06223561 -0.15078862
v 0.00943631 -0.06159699 -0.15078862
v 0.01020467 -0.06661255 -0.14868687
v 0.01689139 -0.06523839 -0.14868687
v 0.01806515 -0.06977172 -0.14581724
v 0.02503115 -0.06758612 -0.14581724
v 0.02648159 -0.07150242 -0.14225037
v 0.03357950 -0.06845646 -0.14225037
v 0.03515032 -0.07165881 -0.13807411
v 0.04221958 -0.06773505 -0.13807411
v 0.04373751 -0.07017034 -0.13339131
v 0.05061212 -0.06538548 -0.13339131
v 0.05189862 -0.06704748 -0.12831724
v 0.05841542 -0.06145299 -0.12831724
v 0.05929876 -0.06238226 -0.12297685
v 0.06530562 -0.05606304 -0.12297685
v 0.00862763 -0.05631819 -0.15207073
v 0.01561956 -0.06032630 -0.15078862
v 0.02340479 -0.06319480 -0.14868687
v 0.03174030 -0.06470700 -0.14581724
v 0.04033284 -0.06470805 -0.14225037
v 0.04885560 -0.06311624 -0.13807411
v 0.05696739 -0.05992966 -0.13339131
v 0.06433281 -0.05522791 -0.12831724
v 0.07064237 -0.04916854 -0.12297685
v 0.01428098 -0.05515639 -0.15207073
v 0.01978779 -0.05342862 -0.15207073
v 0.02164253 -0.05843658 -0.15078862
v 0.02744342 -0.05594723 -0.15078862
v 0.02967802 -0.06050275 -0.14868687
v 0.03564671 -0.05718986 -0.14868687
v 0.03812375 -0.06116390 -0.14581724
v 0.04411600 -0.05699317 -0.14581724
v 0.04667231 -0.06029565 -0.14225037
v 0.05253286 -0.05526454 -0.14225037
v 0.05499030 -0.05784977 -0.13807411
v 0.06056073 -0.05198968 -0.13807411
v 0.06273809 -0.05385888 -0.13339131
v 0.06786501 -0.04723544 -0.13339131
v 0.06959005 -0.04843611 -0.12831724
v 0.07413321 -0.04114729 -0.12831724
v 0.07525422 -0.04176950 -0.12297685
v 0.07909387 -0.03394185 -0.12297685
v 0.02509155 -0.05115260 -0.15207073
v 0.03296271 -0.05288377 -0.15078862
v 0.04124962 -0.05329011 -0.14868687
v 0.04965556 -0.05223761 -0.14581724
v 0.05785435 -0.04966633 -0.14225037
v 0.06550972 -0.04559611 -0.13807411
v 0.07229555 -0.04012730 -0.13339131
v 0.07791565 -0.03343624 -0.12831724
v 0.08212190 -0.02576591 -0.12297685
v -0.07940609 -0.00807481 -0.13807411
v -0.07981560 0.00000000 -0.13807411
v -0.08226100 -0.00836513 -0.13339131
v -0.08268522 0.00000000 -0.13339131
v -0.08435196 -0.00857776 -0.12831724
v -0.08478698 0.00000000 -0.12831724
v -0.08562750 -0.00870747 -0.12297685
v -0.08606909 0.00000000 -0.12297685
v -0.06433281 -0.05522791 -0.12831724
v -0.06786501 -0.04723544 -0.13339131
v -0.06978650 -0.03873466 -0.13807411
v -0.07006937 -0.03006914 -0.14225037
v -0.06876718 -0.02157584 -0.14581724
v -0.06601020 -0.01356544 -0.14868687
v -0.06199588 -0.00630436 -0.15078862
v -0.01283910 -0.08380924 -0.12831724
v -0.02072526 -0.08004568 -0.13339131
v -0.02772037 -0.07484724 -0.13807411
v -0.03357950 -0.06845646 -0.14225037
v -0.03812375 -0.06116390 -0.14581724
v -0.04124962 -0.05329011 -0.14868687
v -0.04293338 -0.04516589 -0.15078862
v -0.04323040 -0.03711208 -0.15207073
v 0.04484926 -0.07195398 -0.12831724
v 0.03641409 -0.07423517 -0.13339131
v 0.02772037 -0.07484724 -0.13807411
v 0.01911194 -0.07381466 -0.14225037
v 0.01091378 -0.07124136 -0.14581724
v 0.00341323 -0.06730317 -0.14868687
v -0.00315623 -0.06223561 -0.15078862
v -0.00862763 -0.05631819 -0.15207073
v 0.08562750 -0.00870747 -0.12297685
v 0.06199588 -0.00630436 -0.15078862
v 0.06704392 -0.00681770 -0.14868687
v 0.07170270 -0.00729145 -0.14581724
v 0.07585753 -0.00771396 -0.14225037
v 0.07940609 -0.00807481 -0.13807411
v 0.08226100 -0.00836513 -0.13339131
v 0.08435196 -0.00857776 -0.12831724
v 0.06231559 0.00000000 -0.15078862
v 0.06738967 0.00000000 -0.14868687
v 0.07207248 0.00000000 -0.14581724
v 0.07624874 0.00000000 -0.14225037
v 0.07981560 0.00000000 -0.13807411
v 0.08268522 0.00000000 -0.13339131
v 0.08478698 0.00000000 -0.12831724
v 0.08606909 0.00000000 -0.12297685
v -0.08328558 -0.02697088 0.11034378
v -0.08323477 -0.02728920 0.11034378
v -0.08249270 -0.03000000 0.11034378
v -0.04350000 -0.03000000 0.11034378
v -0.08394744 -0.02251772 0.11034378
v -0.08385898 -0.02337818 0.11034378
v -0.08450000 0.00000000 0.11034378
v -0.08449867 -0.00504800 0.11034378
v -0.04350000 0.00000000 0.11034378
v -0.08444772 -0.00994131 0.11034378
v -0.08403022 -0.02171254 0.11034378
v -0.08412213 -0.02003154 0.11034378
v -0.08434612 -0.01593468 0.11034378
v -0.08439454 -0.01504904 0.11034378
v -0.08352537 -0.03000000 0.10926607
v -0.08383138 -0.03000000 0.10870495
v -0.08328696 -0.03000000 0.10956497
v -0.04350000 -0.03000000 -0.03965622
v -0.08316855 -0.03000000 0.10971343
v -0.04350000 -0.03000000 0.11034378
v -0.08249270 -0.03000000 0.11034378
v -0.08450000 -0.03000000 -0.03965622
v -0.08450000 -0.03000000 0.10618734
v -0.08433607 -0.03000000 0.10740028
v -0.08449525 -0.03000000 0.10641377
v -0.08429341 -0.03000000 0.10766465
v -0.08411563 -0.03000000 0.10818370
v -0.08392291 -0.03000000 0.10853711
v -0.04350000 -0.03000000 -0.03965622
v -0.08450000 -0.03000000 -0.03965622
v -0.04350000 0.00000000 -0.03965622
v -0.08450000 0.00000000 -0.03965622
v -0.04350000 -0.01008519 0.00735459
v -0.04350000 -0.01033494 0.00675164
v -0.04350000 0.00000000 -0.03965622
v -0.04350000 -0.01314705 0.00558682
v -0.04350000 -0.03000000 -0.03965622
v -0.04350000 -0.01250000 0.00550164
v -0.04350000 -0.01185295 0.00558682
v -0.04350000 -0.01000000 0.00800164
v -0.04350000 -0.01073223 0.00623387
v -0.04350000 -0.01125000 0.00583657
v -0.04350000 -0.01375000 0.01016670
v -0.04350000 -0.03000000 0.11034378
v -0.04350000 -0.01426777 0.00976941
v -0.04350000 -0.01466506 0.00925164
v -0.04350000 -0.01000000 0.09800164
v -0.04350000 -0.01008519 0.09735459
v -0.04350000 -0.01008519 0.00864869
v -0.04350000 -0.01033494 0.09675164
v -0.04350000 -0.01073223 0.09623387
v -0.04350000 -0.01125000 0.09583657
v -0.04350000 -0.01033494 0.00925164
v -0.04350000 -0.01073223 0.00976941
v -0.04350000 -0.01375000 0.00583657
v -0.04350000 -0.01426777 0.00623387
v -0.04350000 -0.01466506 0.00675164
v -0.04350000 -0.01375000 0.09583657
v -0.04350000 -0.01314705 0.09558682
v -0.04350000 -0.01314705 0.01041645
v -0.04350000 -0.01250000 0.09550164
v -0.04350000 -0.01250000 0.01050164
v -0.04350000 -0.01185295 0.09558682
v -0.04350000 -0.01185295 0.01041645
v -0.04350000 -0.01125000 0.01016670
v -0.04350000 -0.01185295 0.10041645
v -0.04350000 -0.01125000 0.10016670
v -0.04350000 0.00000000 0.11034378
v -0.04350000 -0.01073223 0.09976941
v -0.04350000 -0.01033494 0.09925164
v -0.04350000 -0.01008519 0.09864868
v -0.04350000 -0.01491481 0.00735459
v -0.04350000 -0.01500000 0.00800164
v -0.04350000 -0.01491481 0.00864869
v -0.04350000 -0.01314705 0.10041645
v -0.04350000 -0.01250000 0.10050164
v -0.04350000 -0.01426777 0.09623387
v -0.04350000 -0.01466506 0.09675164
v -0.04350000 -0.01491481 0.09735459
v -0.04350000 -0.01500000 0.09800164
v -0.04350000 -0.01491481 0.09864868
v -0.04350000 -0.01466506 0.09925164
v -0.04350000 -0.01426777 0.09976941
v -0.04350000 -0.01375000 0.10016670
v 0.08252061 -0.02991983 0.11034378
v 0.08307882 -0.02797802 0.11034378
v 0.08327872 -0.02692850 0.11034378
v 0.04250000 -0.03000000 0.11034378
v 0.08249270 -0.03000000 0.11034378
v 0.08364000 -0.02503174 0.11034378
v 0.08392429 -0.02234089 0.11034378
v 0.08415395 -0.02016703 0.11034378
v 0.08416062 -0.02002505 0.11034378
v 0.04250000 0.00000000 0.11034378
v 0.08435059 -0.01598388 0.11034378
v 0.08450000 0.00000000 0.11034378
v 0.08446760 -0.00993816 0.11034378
v 0.08446195 -0.01167249 0.11034378
v 0.08439454 -0.01504904 0.11034378
v 0.08249270 -0.03000000 0.11034378
v 0.04250000 -0.03000000 0.11034378
v 0.08316855 -0.03000000 0.10971343
v 0.04250000 -0.03000000 -0.03965622
v 0.08328696 -0.03000000 0.10956497
v 0.08449525 -0.03000000 0.10641377
v 0.08433607 -0.03000000 0.10740028
v 0.08450000 -0.03000000 0.10618734
v 0.08450000 -0.03000000 -0.03965622
v 0.08352537 -0.03000000 0.10926607
v 0.08383138 -0.03000000 0.10870495
v 0.08392291 -0.03000000 0.10853711
v 0.08411563 -0.03000000 0.10818370
v 0.08429341 -0.03000000 0.10766465
v 0.04250000 -0.01185295 0.10041645
v 0.04250000 -0.01250000 0.10050164
v 0.04250000 0.00000000 0.11034378
v 0.04250000 -0.03000000 0.11034378
v 0.04250000 -0.01375000 0.01016670
v 0.04250000 -0.01426777 0.00976941
v 0.04250000 -0.01033494 0.00925164
v 0.04250000 -0.01073223 0.00976941
v 0.04250000 -0.01125000 0.01016670
v 0.04250000 -0.01185295 0.01041645
v 0.04250000 -0.01426777 0.09623387
v 0.04250000 -0.01375000 0.09583657
v 0.04250000 -0.01250000 0.01050164
v 0.04250000 -0.01466506 0.09675164
v 0.04250000 -0.01426777 0.00623387
v 0.04250000 -0.03000000 -0.03965622
v 0.04250000 -0.01466506 0.00675164
v 0.04250000 -0.01491481 0.00735459
v 0.04250000 -0.01314705 0.10041645
v 0.04250000 -0.01375000 0.10016670
v 0.04250000 -0.01426777 0.09976941
v 0.04250000 -0.01185295 0.00558682
v 0.04250000 -0.01125000 0.00583657
v 0.04250000 0.00000000 -0.03965622
v 0.04250000 -0.01073223 0.00623387
v 0.04250000 -0.01033494 0.00675164
v 0.04250000 -0.01008519 0.00735459
v 0.04250000 -0.01000000 0.00800164
v 0.04250000 -0.01008519 0.00864869
v 0.04250000 -0.01466506 0.00925164
v 0.04250000 -0.01491481 0.00864869
v 0.04250000 -0.01500000 0.00800164
v 0.04250000 -0.01375000 0.00583657
v 0.04250000 -0.01314705 0.00558682
v 0.04250000 -0.01250000 0.00550164
v 0.04250000 -0.01314705 0.09558682
v 0.04250000 -0.01250000 0.09550164
v 0.04250000 -0.01185295 0.09558682
v 0.04250000 -0.01125000 0.09583657
v 0.04250000 -0.01000000 0.09800164
v 0.04250000 -0.01008519 0.09864868
v 0.04250000 -0.01033494 0.09925164
v 0.04250000 -0.01073223 0.09976941
v 0.04250000 -0.01125000 0.10016670
v 0.04250000 -0.01466506 0.09925164
v 0.04250000 -0.01491481 0.09864868
v 0.04250000 -0.01500000 0.09800164
v 0.04250000 -0.01073223 0.09623387
v 0.04250000 -0.01033494 0.09675164
v 0.04250000 -0.01008519 0.09735459
v 0.04250000 -0.01314705 0.01041645
v 0.04250000 -0.01491481 0.09735459
v 0.08450000 -0.03000000 -0.03965622
v 0.04250000 -0.03000000 -0.03965622
v 0.08450000 0.00000000 -0.03965622
v 0.04250000 0.00000000 -0.03965622
v 0.00241481 -0.01314705 0.15050164
v 0.00250000 -0.01250000 0.15250164
v 0.00250000 -0.01250000 0.15050164
v 0.00241481 -0.01185295 0.15250164
v 0.00241481 -0.01185295 0.15050164
v 0.00216506 -0.01125000 0.15250164
v 0.00216506 -0.01125000 0.15050164
v 0.00176777 -0.01073223 0.15250164
v 0.00176777 -0.01073223 0.15050164
v 0.00125000 -0.01033494 0.15250164
v 0.00125000 -0.01033494 0.15050164
v 0.00064705 -0.01008519 0.15250164
v 0.00064705 -0.01008519 0.15050164
v 0.00000000 -0.01000000 0.15250164
v 0.00000000 -0.01000000 0.15050164
v -0.00064705 -0.01008519 0.15250164
v -0.00064705 -0.01008519 0.15050164
v -0.00125000 -0.01033494 0.15250164
v -0.00125000 -0.01033494 0.15050164
v -0.00176777 -0.01073223 0.15250164
v -0.00176777 -0.01073223 0.15050164
v -0.00216506 -0.01125000 0.15250164
v -0.00216506 -0.01125000 0.15050164
v -0.00241481 -0.01185295 0.15250164
v -0.00241481 -0.01185295 0.15050164
v -0.00250000 -0.01250000 0.15250164
v -0.00250000 -0.01250000 0.15050164
v -0.00241481 -0.01314705 0.15250164
v -0.00241481 -0.01314705 0.15050164
v -0.00216506 -0.01375000 0.15250164
v -0.00216506 -0.01375000 0.15050164
v -0.00176777 -0.01426777 0.15250164
v -0.00176777 -0.01426777 0.15050164
v -0.00125000 -0.01466506 0.15250164
v -0.00125000 -0.01466506 0.15050164
v -0.00064705 -0.01491481 0.15250164
v -0.00064705 -0.01491481 0.15050164
v -0.00000000 -0.01500000 0.15250164
v -0.00000000 -0.01500000 0.15050164
v 0.00064705 -0.01491481 0.15250164
v 0.00064705 -0.01491481 0.15050164
v 0.00125000 -0.01466506 0.15250164
v 0.00125000 -0.01466506 0.15050164
v 0.00176777 -0.01426777 0.15250164
v 0.00176777 -0.01426777 0.15050164
v 0.00216506 -0.01375000 0.15250164
v 0.00216506 -0.01375000 0.15050164
v 0.00241481 -0.01314705 0.15250164
v 0.00241481 -0.01314705 -0.15250164
v 0.00250000 -0.01250000 -0.15050164
v 0.00250000 -0.01250000 -0.15250164
v 0.00241481 -0.01185295 -0.15050164
v 0.00241481 -0.01185295 -0.15250164
v 0.00216506 -0.01125000 -0.15050164
v 0.00216506 -0.01125000 -0.15250164
v 0.00176777 -0.01073223 -0.15050164
v 0.00176777 -0.01073223 -0.15250164
v 0.00125000 -0.01033494 -0.15050164
v 0.00125000 -0.01033494 -0.15250164
v 0.00064705 -0.01008519 -0.15050164
v 0.00064705 -0.01008519 -0.15250164
v 0.00000000 -0.01000000 -0.15050164
v 0.00000000 -0.01000000 -0.15250164
v -0.00064705 -0.01008519 -0.15050164
v -0.00064705 -0.01008519 -0.15250164
v -0.00125000 -0.01033494 -0.15050164
v -0.00125000 -0.01033494 -0.15250164
v -0.00176777 -0.01073223 -0.15050164
v -0.00176777 -0.01073223 -0.15250164
v -0.00216506 -0.01125000 -0.15050164
v -0.00216506 -0.01125000 -0.15250164
v -0.00241481 -0.01185295 -0.15050164
v -0.00241481 -0.01185295 -0.15250164
v -0.00250000 -0.01250000 -0.15050164
v -0.00250000 -0.01250000 -0.15250164
v -0.00241481 -0.01314705 -0.15050164
v -0.00241481 -0.01314705 -0.15250164
v -0.00216506 -0.01375000 -0.15050164
v -0.00216506 -0.01375000 -0.15250164
v -0.00176777 -0.01426777 -0.15050164
v -0.00176777 -0.01426777 -0.15250164
v -0.00125000 -0.01466506 -0.15050164
v -0.00125000 -0.01466506 -0.15250164
v -0.00064705 -0.01491481 -0.15050164
v -0.00064705 -0.01491481 -0.15250164
v -0.00000000 -0.01500000 -0.15050164
v -0.00000000 -0.01500000 -0.15250164
v 0.00064705 -0.01491481 -0.15050164
v 0.00064705 -0.01491481 -0.15250164
v 0.00125000 -0.01466506 -0.15050164
v 0.00125000 -0.01466506 -0.15250164
v 0.00176777 -0.01426777 -0.15050164
v 0.00176777 -0.01426777 -0.15250164
v 0.00216506 -0.01375000 -0.15050164
v 0.00216506 -0.01375000 -0.15250164
v 0.00241481 -0.01314705 -0.15050164
v 0.04250000 -0.01314705 0.09558682
v 0.08650000 -0.01250000 0.09550164
v 0.04250000 -0.01250000 0.09550164
v 0.08650000 -0.01185295 0.09558682
v 0.04250000 -0.01185295 0.09558682
v 0.08650000 -0.01125000 0.09583657
v 0.04250000 -0.01125000 0.09583657
v 0.08650000 -0.01073223 0.09623387
v 0.04250000 -0.01073223 0.09623387
v 0.08650000 -0.01033494 0.09675164
v 0.04250000 -0.01033494 0.09675164
v 0.08650000 -0.01008519 0.09735459
v 0.04250000 -0.01008519 0.09735459
v 0.08650000 -0.01000000 0.09800164
v 0.04250000 -0.01000000 0.09800164
v 0.08650000 -0.01008519 0.09864868
v 0.04250000 -0.01008519 0.09864868
v 0.08650000 -0.01033494 0.09925164
v 0.04250000 -0.01033494 0.09925164
v 0.08650000 -0.01073223 0.09976941
v 0.04250000 -0.01073223 0.09976941
v 0.08650000 -0.01125000 0.10016670
v 0.04250000 -0.01125000 0.10016670
v 0.08650000 -0.01185295 0.10041645
v 0.04250000 -0.01185295 0.10041645
v 0.08650000 -0.01250000 0.10050164
v 0.04250000 -0.01250000 0.10050164
v 0.08650000 -0.01314705 0.10041645
v 0.04250000 -0.01314705 0.10041645
v 0.08650000 -0.01375000 0.10016670
v 0.04250000 -0.01375000 0.10016670
v 0.08650000 -0.01426777 0.09976941
v 0.04250000 -0.01426777 0.09976941
v 0.08650000 -0.01466506 0.09925164
v 0.04250000 -0.01466506 0.09925164
v 0.08650000 -0.01491481 0.09864868
v 0.04250000 -0.01491481 0.09864868
v 0.08650000 -0.01500000 0.09800164
v 0.04250000 -0.01500000 0.09800164
v 0.08650000 -0.01491481 0.09735459
v 0.04250000 -0.01491481 0.09735459
v 0.08650000 -0.01466506 0.09675164
v 0.04250000 -0.01466506 0.09675164
v 0.08650000 -0.01426777 0.09623387
v 0.04250000 -0.01426777 0.09623387
v 0.08650000 -0.01375000 0.09583657
v 0.04250000 -0.01375000 0.09583657
v 0.08650000 -0.01314705 0.09558682
v -0.08650000 -0.01314705 0.09558682
v -0.04350000 -0.01250000 0.09550164
v -0.08650000 -0.01250000 0.09550164
v -0.04350000 -0.01185295 0.09558682
v -0.08650000 -0.01185295 0.09558682
v -0.04350000 -0.01125000 0.09583657
v -0.08650000 -0.01125000 0.09583657
v -0.04350000 -0.01073223 0.09623387
v -0.08650000 -0.01073223 0.09623387
v -0.04350000 -0.01033494 0.09675164
v -0.08650000 -0.01033494 0.09675164
v -0.04350000 -0.01008519 0.09735459
v -0.08650000 -0.01008519 0.09735459
v -0.04350000 -0.01000000 0.09800164
v -0.08650000 -0.01000000 0.09800164
v -0.04350000 -0.01008519 0.09864868
v -0.08650000 -0.01008519 0.09864868
v -0.04350000 -0.01033494 0.09925164
v -0.08650000 -0.01033494 0.09925164
v -0.04350000 -0.01073223 0.09976941
v -0.08650000 -0.01073223 0.09976941
v -0.04350000 -0.01125000 0.10016670
v -0.08650000 -0.01125000 0.10016670
v -0.04350000 -0.01185295 0.10041645
v -0.08650000 -0.01185295 0.10041645
v -0.04350000 -0.01250000 0.10050164
v -0.08650000 -0.01250000 0.10050164
v -0.04350000 -0.01314705 0.10041645
v -0.08650000 -0.01314705 0.10041645
v -0.04350000 -0.01375000 0.10016670
v -0.08650000 -0.01375000 0.10016670
v -0.04350000 -0.01426777 0.09976941
v -0.08650000 -0.01426777 0.09976941
v -0.04350000 -0.01466506 0.09925164
v -0.08650000 -0.01466506 0.09925164
v -0.04350000 -0.01491481 0.09864868
v -0.08650000 -0.01491481 0.09864868
v -0.04350000 -0.01500000 0.09800164
v -0.08650000 -0.01500000 0.09800164
v -0.04350000 -0.01491481 0.09735459
v -0.08650000 -0.01491481 0.09735459
v -0.04350000 -0.01466506 0.09675164
v -0.08650000 -0.01466506 0.09675164
v -0.04350000 -0.01426777 0.09623387
v -0.08650000 -0.01426777 0.09623387
v -0.04350000 -0.01375000 0.09583657
v -0.08650000 -0.01375000 0.09583657
v -0.04350000 -0.01314705 0.09558682
v 0.04250000 -0.01314705 0.00558682
v 0.08650000 -0.01250000 0.00550164
v 0.04250000 -0.01250000 0.00550164
v 0.08650000 -0.01185295 0.00558682
v 0.04250000 -0.01185295 0.00558682
v 0.08650000 -0.01125000 0.00583657
v 0.04250000 -0.01125000 0.00583657
v 0.08650000 -0.01073223 0.00623387
v 0.04250000 -0.01073223 0.00623387
v 0.08650000 -0.01033494 0.00675164
v 0.04250000 -0.01033494 0.00675164
v 0.08650000 -0.01008519 0.00735459
v 0.04250000 -0.01008519 0.00735459
v 0.08650000 -0.01000000 0.00800164
v 0.04250000 -0.01000000 0.00800164
v 0.08650000 -0.01008519 0.00864869
v 0.04250000 -0.01008519 0.00864869
v 0.08650000 -0.01033494 0.00925164
v 0.04250000 -0.01033494 0.00925164
v 0.08650000 -0.01073223 0.00976941
v 0.04250000 -0.01073223 0.00976941
v 0.08650000 -0.01125000 0.01016670
v 0.04250000 -0.01125000 0.01016670
v 0.08650000 -0.01185295 0.01041645
v 0.04250000 -0.01185295 0.01041645
v 0.08650000 -0.01250000 0.01050164
v 0.04250000 -0.01250000 0.01050164
v 0.08650000 -0.01314705 0.01041645
v 0.04250000 -0.01314705 0.01041645
v 0.08650000 -0.01375000 0.01016670
v 0.04250000 -0.01375000 0.01016670
v 0.08650000 -0.01426777 0.00976941
v 0.04250000 -0.01426777 0.00976941
v 0.08650000 -0.01466506 0.00925164
v 0.04250000 -0.01466506 0.00925164
v 0.08650000 -0.01491481 0.00864869
v 0.04250000 -0.01491481 0.00864869
v 0.08650000 -0.01500000 0.00800164
v 0.04250000 -0.01500000 0.00800164
v 0.08650000 -0.01491481 0.00735459
v 0.04250000 -0.01491481 0.00735459
v 0.08650000 -0.01466506 0.00675164
v 0.04250000 -0.01466506 0.00675164
v 0.08650000 -0.01426777 0.00623387
v 0.04250000 -0.01426777 0.00623387
v 0.08650000 -0.01375000 0.00583657
v 0.04250000 -0.01375000 0.00583657
v 0.08650000 -0.01314705 0.00558682
v -0.08650000 -0.01314705 0.00558682
v -0.04350000 -0.01250000 0.00550164
v -0.08650000 -0.01250000 0.00550164
v -0.04350000 -0.01185295 0.00558682
v -0.08650000 -0.01185295 0.00558682
v -0.04350000 -0.01125000 0.00583657
v -0.08650000 -0.01125000 0.00583657
v -0.04350000 -0.01073223 0.00623387
v -0.08650000 -0.01073223 0.00623387
v -0.04350000 -0.01033494 0.00675164
v -0.08650000 -0.01033494 0.00675164
v -0.04350000 -0.01008519 0.00735459
v -0.08650000 -0.01008519 0.00735459
v -0.04350000 -0.01000000 0.00800164
v -0.08650000 -0.01000000 0.00800164
v -0.04350000 -0.01008519 0.00864869
v -0.08650000 -0.01008519 0.00864869
v -0.04350000 -0.01033494 0.00925164
v -0.08650000 -0.01033494 0.00925164
v -0.04350000 -0.01073223 0.00976941
v -0.08650000 -0.01073223 0.00976941
v -0.04350000 -0.01125000 0.01016670
v -0.08650000 -0.01125000 0.01016670
v -0.04350000 -0.01185295 0.01041645
v -0.08650000 -0.01185295 0.01041645
v -0.04350000 -0.01250000 0.01050164
v -0.08650000 -0.01250000 0.01050164
v -0.04350000 -0.01314705 0.01041645
v -0.08650000 -0.01314705 0.01041645
v -0.04350000 -0.01375000 0.01016670
v -0.08650000 -0.01375000 0.01016670
v -0.04350000 -0.01426777 0.00976941
v -0.08650000 -0.01426777 0.00976941
v -0.04350000 -0.01466506 0.00925164
v -0.08650000 -0.01466506 0.00925164
v -0.04350000 -0.01491481 0.00864869
v -0.08650000 -0.01491481 0.00864869
v -0.04350000 -0.01500000 0.00800164
v -0.08650000 -0.01500000 0.00800164
v -0.04350000 -0.01491481 0.00735459
v -0.08650000 -0.01491481 0.00735459
v -0.04350000 -0.01466506 0.00675164
v -0.08650000 -0.01466506 0.00675164
v -0.04350000 -0.01426777 0.00623387
v -0.08650000 -0.01426777 0.00623387
v -0.04350000 -0.01375000 0.00583657
v -0.08650000 -0.01375000 0.00583657
v -0.04350000 -0.01314705 0.00558682
f 1 2 3
f 3 2 4
f 5 6 7
f 7 6 8
f 9 10 11
f 11 10 12
f 13 14 15
f 15 14 16
f 17 18 19
f 20 21 22
f 23 24 25
f 26 27 28
f 29 30 31
f 32 33 34
f 35 36 37
f 38 39 40
f 41 42 43
f 44 45 46
f 47 48 49
f 50 51 52
f 53 54 55
f 56 57 58
f 59 60 61
f 62 63 64
f 65 66 67
f 68 69 70
f 71 72 73
f 74 75 76
f 77 78 79
f 80 81 82
f 83 84 85
f 86 87 88
f 89 90 91
f 92 93 94
f 95 96 97
f 98 99 100
f 101 102 103
f 104 105 106
f 107 108 109
f 110 111 112
f 112 111 113
f 112 113 114
f 114 113 115
f 114 115 116
f 116 115 117
f 116 117 118
f 119 120 121
f 121 120 110
f 121 110 122
f 122 110 112
f 119 121 123
f 123 121 124
f 123 124 125
f 126 127 128
f 128 127 129
f 128 129 130
f 130 129 131
f 130 131 132
f 132 131 133
f 132 133 134
f 135 136 126
f 135 126 137
f 138 139 140
f 138 140 141
f 140 142 141
f 141 142 143
f 141 143 135
f 135 143 144
f 135 144 136
f 139 138 145
f 145 138 146
f 145 146 147
f 147 146 148
f 148 146 149
f 148 149 150
f 150 149 151
f 151 149 152
f 151 152 153
f 109 108 152
f 152 108 154
f 152 154 153
f 107 109 155
f 155 109 156
f 155 156 157
f 157 156 158
f 158 156 159
f 158 159 160
f 161 162 163
f 163 162 164
f 161 163 165
f 165 163 166
f 165 166 167
f 168 167 169
f 170 171 169
f 169 171 172
f 169 172 168
f 173 174 175
f 175 174 176
f 105 104 177
f 177 104 178
f 177 178 179
f 180 181 182
f 182 181 183
f 182 183 184
f 184 183 185
f 184 185 186
f 186 185 187
f 186 187 188
f 182 189 180
f 180 189 190
f 180 190 191
f 102 192 103
f 103 192 193
f 103 193 194
f 194 193 195
f 194 195 190
f 190 195 196
f 190 196 191
f 197 198 199
f 199 198 200
f 199 200 201
f 201 200 101
f 202 203 197
f 202 197 204
f 205 206 207
f 205 207 208
f 207 209 208
f 208 209 210
f 208 210 202
f 202 210 211
f 202 211 203
f 206 205 212
f 212 205 213
f 212 213 214
f 214 213 215
f 215 213 216
f 215 216 217
f 217 216 218
f 218 216 219
f 218 219 220
f 100 99 219
f 219 99 221
f 219 221 220
f 98 100 222
f 222 100 223
f 222 223 224
f 224 223 225
f 225 223 226
f 225 226 227
f 228 229 230
f 96 231 97
f 97 231 232
f 97 232 233
f 233 232 234
f 233 234 230
f 230 234 235
f 230 235 228
f 236 237 238
f 238 237 239
f 238 239 240
f 94 93 241
f 241 93 236
f 241 236 242
f 242 236 238
f 242 238 243
f 92 94 244
f 244 94 245
f 244 245 246
f 246 245 247
f 246 247 248
f 249 194 250
f 250 194 190
f 250 190 251
f 251 190 189
f 83 85 87
f 80 82 84
f 81 252 253
f 253 252 254
f 254 255 256
f 256 255 257
f 257 258 259
f 259 258 260
f 260 261 262
f 262 261 77
f 74 76 78
f 71 73 75
f 68 70 72
f 65 67 69
f 66 263 264
f 264 263 265
f 265 266 267
f 267 266 268
f 268 269 270
f 270 269 271
f 271 272 273
f 273 272 62
f 59 61 63
f 56 58 60
f 53 55 57
f 50 52 54
f 51 274 275
f 275 274 276
f 276 277 278
f 278 277 279
f 279 280 281
f 281 280 282
f 283 284 285
f 286 175 170
f 170 175 176
f 170 176 171
f 178 287 179
f 179 287 288
f 179 288 289
f 289 288 173
f 289 173 290
f 290 173 175
f 290 175 291
f 291 175 286
f 101 103 201
f 201 103 194
f 201 194 91
f 91 194 249
f 91 249 89
f 167 166 169
f 169 166 283
f 169 283 170
f 170 283 285
f 170 285 286
f 197 199 204
f 204 199 201
f 204 201 292
f 292 201 91
f 292 91 88
f 88 91 90
f 88 90 86
f 160 159 164
f 164 159 293
f 164 293 163
f 163 293 294
f 163 294 166
f 166 294 281
f 166 281 283
f 283 281 282
f 283 282 284
f 233 295 97
f 97 295 240
f 97 240 95
f 95 240 239
f 134 125 132
f 132 125 124
f 132 124 130
f 130 124 296
f 243 238 297
f 297 238 240
f 297 240 298
f 298 240 295
f 298 295 299
f 300 301 302
f 227 226 229
f 229 226 303
f 229 303 230
f 230 303 304
f 230 304 233
f 233 304 300
f 233 300 295
f 295 300 302
f 295 302 299
f 305 306 307
f 87 85 88
f 88 85 308
f 88 308 292
f 292 308 309
f 292 309 204
f 204 309 310
f 204 310 202
f 202 310 311
f 202 311 208
f 208 311 312
f 208 312 205
f 205 312 313
f 205 313 213
f 213 313 314
f 213 314 216
f 216 314 315
f 216 315 219
f 219 315 316
f 219 316 100
f 100 316 317
f 100 317 223
f 223 317 318
f 223 318 226
f 226 318 319
f 226 319 303
f 303 319 320
f 303 320 304
f 304 320 305
f 304 305 300
f 300 305 307
f 300 307 301
f 321 322 323
f 84 82 85
f 85 82 324
f 85 324 308
f 308 324 325
f 308 325 309
f 309 325 326
f 309 326 310
f 310 326 327
f 310 327 311
f 311 327 328
f 311 328 312
f 312 328 329
f 312 329 313
f 313 329 330
f 313 330 314
f 314 330 331
f 314 331 315
f 315 331 332
f 315 332 316
f 316 332 333
f 316 333 317
f 317 333 334
f 317 334 318
f 318 334 335
f 318 335 319
f 319 335 336
f 319 336 320
f 320 336 321
f 320 321 305
f 305 321 323
f 305 323 306
f 81 253 82
f 82 253 337
f 82 337 324
f 324 337 338
f 324 338 325
f 325 338 339
f 325 339 326
f 326 339 340
f 326 340 327
f 327 340 341
f 327 341 328
f 328 341 342
f 328 342 329
f 329 342 343
f 329 343 330
f 330 343 344
f 330 344 331
f 331 344 345
f 331 345 332
f 332 345 346
f 332 346 333
f 333 346 347
f 333 347 334
f 334 347 348
f 334 348 335
f 335 348 349
f 335 349 336
f 336 349 49
f 336 49 321
f 321 49 48
f 321 48 322
f 254 256 253
f 253 256 350
f 253 350 337
f 337 350 351
f 337 351 338
f 338 351 352
f 338 352 339
f 339 352 353
f 339 353 340
f 340 353 354
f 340 354 341
f 341 354 355
f 341 355 342
f 342 355 356
f 342 356 343
f 343 356 357
f 343 357 344
f 344 357 358
f 344 358 345
f 345 358 359
f 345 359 346
f 346 359 360
f 346 360 347
f 347 360 361
f 347 361 348
f 348 361 362
f 348 362 349
f 349 362 46
f 349 46 49
f 49 46 45
f 49 45 47
f 257 259 256
f 256 259 363
f 256 363 350
f 350 363 364
f 350 364 351
f 351 364 365
f 351 365 352
f 352 365 366
f 352 366 353
f 353 366 367
f 353 367 354
f 354 367 368
f 354 368 355
f 355 368 369
f 355 369 356
f 356 369 370
f 356 370 357
f 357 370 371
f 357 371 358
f 358 371 372
f 358 372 359
f 359 372 373
f 359 373 360
f 360 373 374
f 360 374 361
f 361 374 375
f 361 375 362
f 362 375 43
f 362 43 46
f 46 43 42
f 46 42 44
f 260 262 259
f 259 262 376
f 259 376 363
f 363 376 377
f 363 377 364
f 364 377 378
f 364 378 365
f 365 378 379
f 365 379 366
f 366 379 380
f 366 380 367
f 367 380 381
f 367 381 368
f 368 381 382
f 368 382 369
f 369 382 383
f 369 383 370
f 370 383 384
f 370 384 371
f 371 384 385
f 371 385 372
f 372 385 386
f 372 386 373
f 373 386 387
f 373 387 374
f 374 387 388
f 374 388 375
f 375 388 40
f 375 40 43
f 43 40 39
f 43 39 41
f 77 79 262
f 262 79 389
f 262 389 376
f 376 389 390
f 376 390 377
f 377 390 391
f 377 391 378
f 378 391 392
f 378 392 379
f 379 392 393
f 379 393 380
f 380 393 394
f 380 394 381
f 381 394 395
f 381 395 382
f 382 395 396
f 382 396 383
f 383 396 397
f 383 397 384
f 384 397 398
f 384 398 385
f 385 398 399
f 385 399 386
f 386 399 400
f 386 400 387
f 387 400 401
f 387 401 388
f 388 401 402
f 388 402 40
f 40 402 403
f 40 403 38
f 404 405 406
f 78 76 79
f 79 76 407
f 79 407 389
f 389 407 408
f 389 408 390
f 390 408 409
f 390 409 391
f 391 409 410
f 391 410 392
f 392 410 411
f 392 411 393
f 393 411 412
f 393 412 394
f 394 412 413
f 394 413 395
f 395 413 414
f 395 414 396
f 396 414 415
f 396 415 397
f 397 415 416
f 397 416 398
f 398 416 417
f 398 417 399
f 399 417 418
f 399 418 400
f 400 418 419
f 400 419 401
f 401 419 404
f 401 404 402
f 402 404 406
f 402 406 403
f 420 421 422
f 75 73 76
f 76 73 423
f 76 423 407
f 407 423 424
f 407 424 408
f 408 424 425
f 408 425 409
f 409 425 426
f 409 426 410
f 410 426 427
f 410 427 411
f 411 427 428
f 411 428 412
f 412 428 429
f 412 429 413
f 413 429 430
f 413 430 414
f 414 430 431
f 414 431 415
f 415 431 432
f 415 432 416
f 416 432 433
f 416 433 417
f 417 433 434
f 417 434 418
f 418 434 435
f 418 435 419
f 419 435 420
f 419 420 404
f 404 420 422
f 404 422 405
f 436 437 438
f 72 70 73
f 73 70 439
f 73 439 423
f 423 439 440
f 423 440 424
f 424 440 441
f 424 441 425
f 425 441 442
f 425 442 426
f 426 442 443
f 426 443 427
f 427 443 444
f 427 444 428
f 428 444 445
f 428 445 429
f 429 445 446
f 429 446 430
f 430 446 447
f 430 447 431
f 431 447 448
f 431 448 432
f 432 448 449
f 432 449 433
f 433 449 450
f 433 450 434
f 434 450 451
f 434 451 435
f 435 451 436
f 435 436 420
f 420 436 438
f 420 438 421
f 452 453 454
f 69 67 70
f 70 67 455
f 70 455 439
f 439 455 456
f 439 456 440
f 440 456 457
f 440 457 441
f 441 457 458
f 441 458 442
f 442 458 459
f 442 459 443
f 443 459 460
f 443 460 444
f 444 460 461
f 444 461 445
f 445 461 462
f 445 462 446
f 446 462 463
f 446 463 447
f 447 463 464
f 447 464 448
f 448 464 465
f 448 465 449
f 449 465 466
f 449 466 450
f 450 466 467
f 450 467 451
f 451 467 452
f 451 452 436
f 436 452 454
f 436 454 437
f 66 264 67
f 67 264 468
f 67 468 455
f 455 468 469
f 455 469 456
f 456 469 470
f 456 470 457
f 457 470 471
f 457 471 458
f 458 471 472
f 458 472 459
f 459 472 473
f 459 473 460
f 460 473 474
f 460 474 461
f 461 474 475
f 461 475 462
f 462 475 476
f 462 476 463
f 463 476 477
f 463 477 464
f 464 477 478
f 464 478 465
f 465 478 479
f 465 479 466
f 466 479 480
f 466 480 467
f 467 480 37
f 467 37 452
f 452 37 36
f 452 36 453
f 265 267 264
f 264 267 481
f 264 481 468
f 468 481 482
f 468 482 469
f 469 482 483
f 469 483 470
f 470 483 484
f 470 484 471
f 471 484 485
f 471 485 472
f 472 485 486
f 472 486 473
f 473 486 487
f 473 487 474
f 474 487 488
f 474 488 475
f 475 488 489
f 475 489 476
f 476 489 490
f 476 490 477
f 477 490 491
f 477 491 478
f 478 491 492
f 478 492 479
f 479 492 493
f 479 493 480
f 480 493 34
f 480 34 37
f 37 34 33
f 37 33 35
f 268 270 267
f 267 270 494
f 267 494 481
f 481 494 495
f 481 495 482
f 482 495 496
f 482 496 483
f 483 496 497
f 483 497 484
f 484 497 498
f 484 498 485
f 485 498 499
f 485 499 486
f 486 499 500
f 486 500 487
f 487 500 501
f 487 501 488
f 488 501 502
f 488 502 489
f 489 502 503
f 489 503 490
f 490 503 504
f 490 504 491
f 491 504 505
f 491 505 492
f 492 505 506
f 492 506 493
f 493 506 31
f 493 31 34
f 34 31 30
f 34 30 32
f 271 273 270
f 270 273 507
f 270 507 494
f 494 507 508
f 494 508 495
f 495 508 509
f 495 509 496
f 496 509 510
f 496 510 497
f 497 510 511
f 497 511 498
f 498 511 512
f 498 512 499
f 499 512 513
f 499 513 500
f 500 513 514
f 500 514 501
f 501 514 515
f 501 515 502
f 502 515 516
f 502 516 503
f 503 516 517
f 503 517 504
f 504 517 518
f 504 518 505
f 505 518 519
f 505 519 506
f 506 519 28
f 506 28 31
f 31 28 27
f 31 27 29
f 62 64 273
f 273 64 520
f 273 520 507
f 507 520 521
f 507 521 508
f 508 521 522
f 508 522 509
f 509 522 523
f 509 523 510
f 510 523 524
f 510 524 511
f 511 524 525
f 511 525 512
f 512 525 526
f 512 526 513
f 513 526 527
f 513 527 514
f 514 527 528
f 514 528 515
f 515 528 529
f 515 529 516
f 516 529 530
f 516 530 517
f 517 530 531
f 517 531 518
f 518 531 532
f 518 532 519
f 519 532 533
f 519 533 28
f 28 533 534
f 28 534 26
f 535 536 537
f 63 61 64
f 64 61 538
f 64 538 520
f 520 538 539
f 520 539 521
f 521 539 540
f 521 540 522
f 522 540 541
f 522 541 523
f 523 541 542
f 523 542 524
f 524 542 543
f 524 543 525
f 525 543 544
f 525 544 526
f 526 544 545
f 526 545 527
f 527 545 546
f 527 546 528
f 528 546 547
f 528 547 529
f 529 547 548
f 529 548 530
f 530 548 549
f 530 549 531
f 531 549 550
f 531 550 532
f 532 550 535
f 532 535 533
f 533 535 537
f 533 537 534
f 551 552 553
f 60 58 61
f 61 58 554
f 61 554 538
f 538 554 555
f 538 555 539
f 539 555 556
f 539 556 540
f 540 556 557
f 540 557 541
f 541 557 558
f 541 558 542
f 542 558 559
f 542 559 543
f 543 559 560
f 543 560 544
f 544 560 561
f 544 561 545
f 545 561 562
f 545 562 546
f 546 562 563
f 546 563 547
f 547 563 564
f 547 564 548
f 548 564 565
f 548 565 549
f 549 565 566
f 549 566 550
f 550 566 551
f 550 551 535
f 535 551 553
f 535 553 536
f 567 568 569
f 57 55 58
f 58 55 570
f 58 570 554
f 554 570 571
f 554 571 555
f 555 571 572
f 555 572 556
f 556 572 573
f 556 573 557
f 557 573 574
f 557 574 558
f 558 574 575
f 558 575 559
f 559 575 576
f 559 576 560
f 560 576 577
f 560 577 561
f 561 577 578
f 561 578 562
f 562 578 579
f 562 579 563
f 563 579 580
f 563 580 564
f 564 580 581
f 564 581 565
f 565 581 582
f 565 582 566
f 566 582 567
f 566 567 551
f 551 567 569
f 551 569 552
f 583 584 585
f 54 52 55
f 55 52 586
f 55 586 570
f 570 586 587
f 570 587 571
f 571 587 588
f 571 588 572
f 572 588 589
f 572 589 573
f 573 589 590
f 573 590 574
f 574 590 591
f 574 591 575
f 575 591 592
f 575 592 576
f 576 592 593
f 576 593 577
f 577 593 594
f 577 594 578
f 578 594 595
f 578 595 579
f 579 595 596
f 579 596 580
f 580 596 597
f 580 597 581
f 581 597 598
f 581 598 582
f 582 598 583
f 582 583 567
f 567 583 585
f 567 585 568
f 51 275 52
f 52 275 599
f 52 599 586
f 586 599 600
f 586 600 587
f 587 600 601
f 587 601 588
f 588 601 602
f 588 602 589
f 589 602 603
f 589 603 590
f 590 603 604
f 590 604 591
f 591 604 605
f 591 605 592
f 592 605 606
f 592 606 593
f 593 606 607
f 593 607 594
f 594 607 608
f 594 608 595
f 595 608 609
f 595 609 596
f 596 609 610
f 596 610 597
f 597 610 611
f 597 611 598
f 598 611 25
f 598 25 583
f 583 25 24
f 583 24 584
f 276 278 275
f 275 278 612
f 275 612 599
f 599 612 613
f 599 613 600
f 600 613 614
f 600 614 601
f 601 614 615
f 601 615 602
f 602 615 616
f 602 616 603
f 603 616 617
f 603 617 604
f 604 617 618
f 604 618 605
f 605 618 619
f 605 619 606
f 606 619 620
f 606 620 607
f 607 620 621
f 607 621 608
f 608 621 622
f 608 622 609
f 609 622 623
f 609 623 610
f 610 623 624
f 610 624 611
f 611 624 22
f 611 22 25
f 25 22 21
f 25 21 23
f 279 281 278
f 278 281 294
f 278 294 612
f 612 294 293
f 612 293 613
f 613 293 159
f 613 159 614
f 614 159 156
f 614 156 615
f 615 156 109
f 615 109 616
f 616 109 152
f 616 152 617
f 617 152 149
f 617 149 618
f 618 149 146
f 618 146 619
f 619 146 138
f 619 138 620
f 620 138 141
f 620 141 621
f 621 141 135
f 621 135 622
f 622 135 137
f 622 137 623
f 623 137 625
f 623 625 624
f 624 625 19
f 624 19 22
f 22 19 18
f 22 18 20
f 126 128 137
f 137 128 130
f 137 130 625
f 625 130 296
f 625 296 19
f 19 296 626
f 19 626 17
f 122 627 121
f 121 627 628
f 121 628 124
f 124 628 629
f 124 629 296
f 296 629 630
f 296 630 626
f 631 632 633
f 634 635 636
f 636 631 634
f 634 631 633
f 634 633 637
f 637 633 638
f 637 638 639
f 639 638 640
f 641 642 643
f 640 638 644
f 644 638 645
f 644 645 646
f 647 648 649
f 649 648 638
f 649 638 650
f 650 638 651
f 648 652 638
f 638 652 653
f 638 653 654
f 643 655 641
f 641 655 638
f 641 638 656
f 656 638 654
f 656 654 657
f 658 659 660
f 660 659 638
f 660 638 661
f 661 638 655
f 662 645 663
f 663 645 638
f 663 638 664
f 664 638 659
f 664 659 665
f 666 667 668
f 669 668 670
f 670 668 667
f 670 667 671
f 671 667 672
f 671 672 673
f 673 672 674
f 673 674 675
f 675 674 676
f 675 676 677
f 677 676 678
f 677 678 679
f 679 678 680
f 679 680 681
f 681 680 682
f 681 682 683
f 683 682 684
f 683 684 685
f 685 684 686
f 685 686 687
f 687 686 688
f 687 688 689
f 689 688 690
f 689 690 691
f 691 690 692
f 693 694 695
f 695 694 696
f 697 666 698
f 698 666 668
f 698 668 699
f 699 668 696
f 699 696 700
f 700 696 694
f 701 702 703
f 703 702 704
f 705 706 707
f 707 706 708
f 709 707 710
f 710 707 708
f 710 708 711
f 712 713 714
f 714 713 703
f 714 703 715
f 715 703 704
f 715 704 716
f 717 718 719
f 719 718 720
f 719 720 721
f 721 720 722
f 723 724 710
f 710 724 725
f 710 725 709
f 708 726 711
f 711 726 727
f 711 727 728
f 729 730 731
f 731 730 732
f 732 730 733
f 732 733 734
f 734 733 735
f 734 735 736
f 736 735 737
f 736 737 738
f 738 737 739
f 738 739 740
f 740 739 741
f 740 741 742
f 742 741 743
f 742 743 744
f 744 743 745
f 744 745 746
f 746 745 747
f 746 747 748
f 748 747 749
f 748 749 750
f 750 749 751
f 750 751 752
f 752 751 753
f 752 753 754
f 754 753 755
f 754 755 756
f 756 755 757
f 756 757 758
f 758 757 759
f 758 759 760
f 760 759 761
f 760 761 762
f 762 761 763
f 762 763 764
f 764 763 765
f 764 765 766
f 766 765 767
f 766 767 768
f 768 767 718
f 768 718 714
f 714 718 717
f 714 717 712
f 731 769 729
f 729 769 770
f 729 770 771
f 771 770 711
f 771 711 772
f 772 711 728
f 772 728 773
f 773 728 774
f 773 774 775
f 723 776 777
f 777 776 778
f 777 778 779
f 779 778 780
f 716 781 715
f 715 781 782
f 715 782 783
f 784 785 786
f 786 785 715
f 786 715 787
f 787 715 783
f 787 783 788
f 788 783 789
f 788 789 790
f 723 710 776
f 776 710 791
f 776 791 792
f 792 791 793
f 792 793 794
f 794 793 795
f 794 795 796
f 796 795 797
f 796 797 798
f 798 797 799
f 798 799 800
f 800 799 801
f 800 801 802
f 802 801 803
f 802 803 804
f 804 803 805
f 804 805 806
f 806 805 807
f 806 807 808
f 808 807 809
f 808 809 810
f 810 809 811
f 810 811 812
f 812 811 813
f 812 813 814
f 814 813 815
f 814 815 816
f 816 815 817
f 816 817 818
f 818 817 819
f 818 819 820
f 820 819 821
f 820 821 822
f 822 821 823
f 822 823 824
f 824 823 825
f 824 825 826
f 826 825 827
f 826 827 828
f 828 827 829
f 828 829 784
f 784 829 830
f 784 830 785
f 831 832 833
f 834 835 836
f 837 838 839
f 840 841 842
f 843 844 845
f 846 847 848
f 849 850 851
f 852 853 854
f 855 856 857
f 858 859 860
f 861 862 863
f 864 861 865
f 866 867 868
f 869 870 871
f 872 873 874
f 875 876 877
f 878 879 880
f 881 878 882
f 883 884 885
f 886 887 888
f 889 890 891
f 892 893 894
f 895 896 897
f 898 895 899
f 900 901 902
f 903 904 905
f 906 907 908
f 908 907 909
f 910 911 912
f 913 914 915
f 916 917 918
f 919 920 921
f 922 923 924
f 924 923 925
f 925 923 926
f 925 926 927
f 927 926 928
f 927 928 929
f 930 931 932
f 929 928 931
f 931 928 933
f 931 933 932
f 934 935 936
f 936 935 937
f 936 937 938
f 939 940 941
f 919 942 920
f 920 942 943
f 920 943 944
f 944 943 945
f 946 947 948
f 948 947 949
f 948 949 943
f 943 949 950
f 943 950 945
f 951 952 946
f 951 946 953
f 918 917 951
f 951 917 954
f 951 954 952
f 916 918 955
f 955 918 956
f 955 956 957
f 957 956 958
f 958 956 959
f 958 959 960
f 961 962 963
f 961 963 964
f 963 965 964
f 964 965 966
f 964 966 959
f 959 966 967
f 959 967 960
f 962 961 968
f 968 961 969
f 968 969 970
f 971 972 973
f 974 975 976
f 976 975 977
f 976 977 973
f 973 977 978
f 973 978 971
f 979 980 981
f 981 980 982
f 979 981 983
f 983 981 984
f 983 984 985
f 986 987 988
f 988 987 989
f 988 989 990
f 990 989 991
f 914 913 992
f 992 913 993
f 992 993 994
f 912 911 995
f 995 911 996
f 995 996 997
f 997 996 998
f 997 998 999
f 999 998 1000
f 1000 998 1001
f 1000 1001 1002
f 1003 1004 1005
f 1005 1004 858
f 1006 1007 1008
f 1008 1007 1009
f 1010 1011 1012
f 1012 1011 1013
f 1012 1013 1014
f 1014 1013 1015
f 1014 1015 1016
f 1017 1018 1010
f 1017 1010 1019
f 905 904 1017
f 1017 904 1020
f 1017 1020 1018
f 903 905 1021
f 1021 905 1022
f 1021 1022 1023
f 1023 1022 1024
f 1024 1022 1025
f 1024 1025 1026
f 1027 1028 1029
f 1027 1029 1030
f 1029 1031 1030
f 1030 1031 1032
f 1030 1032 1025
f 1025 1032 1033
f 1025 1033 1026
f 1028 1027 1034
f 1034 1027 1035
f 1034 1035 1036
f 1037 1038 1039
f 1040 1041 1042
f 1042 1041 1043
f 1042 1043 1039
f 1039 1043 1044
f 1039 1044 1037
f 1045 1046 1047
f 1048 1049 1050
f 1050 1049 1051
f 1050 1051 1052
f 1051 1053 1052
f 1052 1053 1054
f 1052 1054 1055
f 1055 1054 1056
f 1055 1056 1047
f 1047 1056 1057
f 1047 1057 1045
f 901 900 1058
f 1058 900 1059
f 1058 1059 1060
f 1003 906 1004
f 1004 906 908
f 1004 908 1002
f 1002 908 909
f 1002 909 1000
f 1002 1061 1004
f 1004 1061 1062
f 1004 1062 858
f 1062 1063 858
f 858 1063 1064
f 858 1064 859
f 859 1064 1065
f 859 1065 1066
f 896 1067 1068
f 1068 1067 1069
f 1069 1070 1071
f 1071 1070 1072
f 1072 1073 1074
f 1074 1073 1075
f 1075 1076 1077
f 1077 1076 892
f 889 891 893
f 886 888 890
f 883 885 887
f 881 882 884
f 879 1078 1079
f 1079 1078 1080
f 1080 1081 1082
f 1082 1081 1083
f 1083 1084 1085
f 1085 1084 1086
f 1086 1087 1088
f 1088 1087 875
f 872 874 876
f 869 871 873
f 866 868 870
f 864 865 867
f 862 1089 1090
f 1090 1089 1091
f 1092 1093 1094
f 1095 1096 984
f 984 1096 990
f 984 990 985
f 985 990 991
f 993 1097 994
f 994 1097 1098
f 994 1098 1099
f 1099 1098 986
f 1099 986 1100
f 1100 986 988
f 1100 988 1101
f 1101 988 990
f 1101 990 1102
f 1102 990 1096
f 1016 1103 1014
f 1014 1103 1006
f 1014 1006 860
f 860 1006 1008
f 860 1008 858
f 858 1008 1009
f 858 1009 1005
f 974 976 982
f 982 976 1104
f 982 1104 981
f 981 1104 1092
f 981 1092 984
f 984 1092 1094
f 984 1094 1095
f 1010 1012 1019
f 1019 1012 1014
f 1019 1014 1105
f 1105 1014 860
f 1105 860 1106
f 1106 860 859
f 1106 859 899
f 899 859 1066
f 899 1066 898
f 970 969 972
f 972 969 1107
f 972 1107 973
f 973 1107 1108
f 973 1108 976
f 976 1108 1109
f 976 1109 1104
f 1104 1109 1090
f 1104 1090 1092
f 1092 1090 1091
f 1092 1091 1093
f 921 939 919
f 919 939 941
f 919 941 942
f 942 941 1110
f 1059 1111 1060
f 1060 1111 1112
f 1060 1112 1113
f 1113 1112 1048
f 1113 1048 1114
f 1114 1048 1050
f 1114 1050 1115
f 1115 1050 1052
f 1115 1052 1116
f 1116 1052 1117
f 1117 1052 1055
f 1117 1055 1118
f 1119 1120 1121
f 1040 1042 1046
f 1046 1042 1122
f 1046 1122 1047
f 1047 1122 1119
f 1047 1119 1055
f 1055 1119 1121
f 1055 1121 1118
f 1123 1124 1125
f 1036 1035 1038
f 1038 1035 1126
f 1038 1126 1039
f 1039 1126 1127
f 1039 1127 1042
f 1042 1127 1128
f 1042 1128 1122
f 1122 1128 1123
f 1122 1123 1119
f 1119 1123 1125
f 1119 1125 1120
f 895 897 899
f 899 897 1129
f 899 1129 1106
f 1106 1129 1130
f 1106 1130 1105
f 1105 1130 1131
f 1105 1131 1019
f 1019 1131 1132
f 1019 1132 1017
f 1017 1132 1133
f 1017 1133 905
f 905 1133 1134
f 905 1134 1022
f 1022 1134 1135
f 1022 1135 1025
f 1025 1135 1136
f 1025 1136 1030
f 1030 1136 1137
f 1030 1137 1027
f 1027 1137 1138
f 1027 1138 1035
f 1035 1138 1139
f 1035 1139 1126
f 1126 1139 1140
f 1126 1140 1127
f 1127 1140 1141
f 1127 1141 1128
f 1128 1141 1142
f 1128 1142 1123
f 1123 1142 1143
f 1123 1143 1124
f 896 1068 897
f 897 1068 1144
f 897 1144 1129
f 1129 1144 1145
f 1129 1145 1130
f 1130 1145 1146
f 1130 1146 1131
f 1131 1146 1147
f 1131 1147 1132
f 1132 1147 1148
f 1132 1148 1133
f 1133 1148 1149
f 1133 1149 1134
f 1134 1149 1150
f 1134 1150 1135
f 1135 1150 1151
f 1135 1151 1136
f 1136 1151 1152
f 1136 1152 1137
f 1137 1152 1153
f 1137 1153 1138
f 1138 1153 1154
f 1138 1154 1139
f 1139 1154 1155
f 1139 1155 1140
f 1140 1155 1156
f 1140 1156 1141
f 1141 1156 857
f 1141 857 1142
f 1142 857 856
f 1142 856 1143
f 1069 1071 1068
f 1068 1071 1157
f 1068 1157 1144
f 1144 1157 1158
f 1144 1158 1145
f 1145 1158 1159
f 1145 1159 1146
f 1146 1159 1160
f 1146 1160 1147
f 1147 1160 1161
f 1147 1161 1148
f 1148 1161 1162
f 1148 1162 1149
f 1149 1162 1163
f 1149 1163 1150
f 1150 1163 1164
f 1150 1164 1151
f 1151 1164 1165
f 1151 1165 1152
f 1152 1165 1166
f 1152 1166 1153
f 1153 1166 1167
f 1153 1167 1154
f 1154 1167 1168
f 1154 1168 1155
f 1155 1168 1169
f 1155 1169 1156
f 1156 1169 854
f 1156 854 857
f 857 854 853
f 857 853 855
f 1072 1074 1071
f 1071 1074 1170
f 1071 1170 1157
f 1157 1170 1171
f 1157 1171 1158
f 1158 1171 1172
f 1158 1172 1159
f 1159 1172 1173
f 1159 1173 1160
f 1160 1173 1174
f 1160 1174 1161
f 1161 1174 1175
f 1161 1175 1162
f 1162 1175 1176
f 1162 1176 1163
f 1163 1176 1177
f 1163 1177 1164
f 1164 1177 1178
f 1164 1178 1165
f 1165 1178 1179
f 1165 1179 1166
f 1166 1179 1180
f 1166 1180 1167
f 1167 1180 1181
f 1167 1181 1168
f 1168 1181 1182
f 1168 1182 1169
f 1169 1182 851
f 1169 851 854
f 854 851 850
f 854 850 852
f 1075 1077 1074
f 1074 1077 1183
f 1074 1183 1170
f 1170 1183 1184
f 1170 1184 1171
f 1171 1184 1185
f 1171 1185 1172
f 1172 1185 1186
f 1172 1186 1173
f 1173 1186 1187
f 1173 1187 1174
f 1174 1187 1188
f 1174 1188 1175
f 1175 1188 1189
f 1175 1189 1176
f 1176 1189 1190
f 1176 1190 1177
f 1177 1190 1191
f 1177 1191 1178
f 1178 1191 1192
f 1178 1192 1179
f 1179 1192 1193
f 1179 1193 1180
f 1180 1193 1194
f 1180 1194 1181
f 1181 1194 1195
f 1181 1195 1182
f 1182 1195 848
f 1182 848 851
f 851 848 847
f 851 847 849
f 892 894 1077
f 1077 894 1196
f 1077 1196 1183
f 1183 1196 1197
f 1183 1197 1184
f 1184 1197 1198
f 1184 1198 1185
f 1185 1198 1199
f 1185 1199 1186
f 1186 1199 1200
f 1186 1200 1187
f 1187 1200 1201
f 1187 1201 1188
f 1188 1201 1202
f 1188 1202 1189
f 1189 1202 1203
f 1189 1203 1190
f 1190 1203 1204
f 1190 1204 1191
f 1191 1204 1205
f 1191 1205 1192
f 1192 1205 1206
f 1192 1206 1193
f 1193 1206 1207
f 1193 1207 1194
f 1194 1207 1208
f 1194 1208 1195
f 1195 1208 1209
f 1195 1209 848
f 848 1209 1210
f 848 1210 846
f 1211 1212 1213
f 893 891 894
f 894 891 1214
f 894 1214 1196
f 1196 1214 1215
f 1196 1215 1197
f 1197 1215 1216
f 1197 1216 1198
f 1198 1216 1217
f 1198 1217 1199
f 1199 1217 1218
f 1199 1218 1200
f 1200 1218 1219
f 1200 1219 1201
f 1201 1219 1220
f 1201 1220 1202
f 1202 1220 1221
f 1202 1221 1203
f 1203 1221 1222
f 1203 1222 1204
f 1204 1222 1223
f 1204 1223 1205
f 1205 1223 1224
f 1205 1224 1206
f 1206 1224 1225
f 1206 1225 1207
f 1207 1225 1226
f 1207 1226 1208
f 1208 1226 1211
f 1208 1211 1209
f 1209 1211 1213
f 1209 1213 1210
f 1227 1228 1229
f 890 888 891
f 891 888 1230
f 891 1230 1214
f 1214 1230 1231
f 1214 1231 1215
f 1215 1231 1232
f 1215 1232 1216
f 1216 1232 1233
f 1216 1233 1217
f 1217 1233 1234
f 1217 1234 1218
f 1218 1234 1235
f 1218 1235 1219
f 1219 1235 1236
f 1219 1236 1220
f 1220 1236 1237
f 1220 1237 1221
f 1221 1237 1238
f 1221 1238 1222
f 1222 1238 1239
f 1222 1239 1223
f 1223 1239 1240
f 1223 1240 1224
f 1224 1240 1241
f 1224 1241 1225
f 1225 1241 1242
f 1225 1242 1226
f 1226 1242 1227
f 1226 1227 1211
f 1211 1227 1229
f 1211 1229 1212
f 1243 1244 1245
f 887 885 888
f 888 885 1246
f 888 1246 1230
f 1230 1246 1247
f 1230 1247 1231
f 1231 1247 1248
f 1231 1248 1232
f 1232 1248 1249
f 1232 1249 1233
f 1233 1249 1250
f 1233 1250 1234
f 1234 1250 1251
f 1234 1251 1235
f 1235 1251 1252
f 1235 1252 1236
f 1236 1252 1253
f 1236 1253 1237
f 1237 1253 1254
f 1237 1254 1238
f 1238 1254 1255
f 1238 1255 1239
f 1239 1255 1256
f 1239 1256 1240
f 1240 1256 1257
f 1240 1257 1241
f 1241 1257 1258
f 1241 1258 1242
f 1242 1258 1243
f 1242 1243 1227
f 1227 1243 1245
f 1227 1245 1228
f 1259 1260 1261
f 884 882 885
f 885 882 1262
f 885 1262 1246
f 1246 1262 1263
f 1246 1263 1247
f 1247 1263 1264
f 1247 1264 1248
f 1248 1264 1265
f 1248 1265 1249
f 1249 1265 1266
f 1249 1266 1250
f 1250 1266 1267
f 1250 1267 1251
f 1251 1267 1268
f 1251 1268 1252
f 1252 1268 1269
f 1252 1269 1253
f 1253 1269 1270
f 1253 1270 1254
f 1254 1270 1271
f 1254 1271 1255
f 1255 1271 1272
f 1255 1272 1256
f 1256 1272 1273
f 1256 1273 1257
f 1257 1273 1274
f 1257 1274 1258
f 1258 1274 1259
f 1258 1259 1243
f 1243 1259 1261
f 1243 1261 1244
f 878 880 882
f 882 880 1275
f 882 1275 1262
f 1262 1275 1276
f 1262 1276 1263
f 1263 1276 1277
f 1263 1277 1264
f 1264 1277 1278
f 1264 1278 1265
f 1265 1278 1279
f 1265 1279 1266
f 1266 1279 1280
f 1266 1280 1267
f 1267 1280 1281
f 1267 1281 1268
f 1268 1281 1282
f 1268 1282 1269
f 1269 1282 1283
f 1269 1283 1270
f 1270 1283 1284
f 1270 1284 1271
f 1271 1284 1285
f 1271 1285 1272
f 1272 1285 1286
f 1272 1286 1273
f 1273 1286 1287
f 1273 1287 1274
f 1274 1287 1288
f 1274 1288 1259
f 1259 1288 1289
f 1259 1289 1260
f 879 1079 880
f 880 1079 1290
f 880 1290 1275
f 1275 1290 1291
f 1275 1291 1276
f 1276 1291 1292
f 1276 1292 1277
f 1277 1292 1293
f 1277 1293 1278
f 1278 1293 1294
f 1278 1294 1279
f 1279 1294 1295
f 1279 1295 1280
f 1280 1295 1296
f 1280 1296 1281
f 1281 1296 1297
f 1281 1297 1282
f 1282 1297 1298
f 1282 1298 1283
f 1283 1298 1299
f 1283 1299 1284
f 1284 1299 1300
f 1284 1300 1285
f 1285 1300 1301
f 1285 1301 1286
f 1286 1301 1302
f 1286 1302 1287
f 1287 1302 845
f 1287 845 1288
f 1288 845 844
f 1288 844 1289
f 1080 1082 1079
f 1079 1082 1303
f 1079 1303 1290
f 1290 1303 1304
f 1290 1304 1291
f 1291 1304 1305
f 1291 1305 1292
f 1292 1305 1306
f 1292 1306 1293
f 1293 1306 1307
f 1293 1307 1294
f 1294 1307 1308
f 1294 1308 1295
f 1295 1308 1309
f 1295 1309 1296
f 1296 1309 1310
f 1296 1310 1297
f 1297 1310 1311
f 1297 1311 1298
f 1298 1311 1312
f 1298 1312 1299
f 1299 1312 1313
f 1299 1313 1300
f 1300 1313 1314
f 1300 1314 1301
f 1301 1314 1315
f 1301 1315 1302
f 1302 1315 842
f 1302 842 845
f 845 842 841
f 845 841 843
f 1083 1085 1082
f 1082 1085 1316
f 1082 1316 1303
f 1303 1316 1317
f 1303 1317 1304
f 1304 1317 1318
f 1304 1318 1305
f 1305 1318 1319
f 1305 1319 1306
f 1306 1319 1320
f 1306 1320 1307
f 1307 1320 1321
f 1307 1321 1308
f 1308 1321 1322
f 1308 1322 1309
f 1309 1322 1323
f 1309 1323 1310
f 1310 1323 1324
f 1310 1324 1311
f 1311 1324 1325
f 1311 1325 1312
f 1312 1325 1326
f 1312 1326 1313
f 1313 1326 1327
f 1313 1327 1314
f 1314 1327 1328
f 1314 1328 1315
f 1315 1328 839
f 1315 839 842
f 842 839 838
f 842 838 840
f 1086 1088 1085
f 1085 1088 1329
f 1085 1329 1316
f 1316 1329 1330
f 1316 1330 1317
f 1317 1330 1331
f 1317 1331 1318
f 1318 1331 1332
f 1318 1332 1319
f 1319 1332 1333
f 1319 1333 1320
f 1320 1333 1334
f 1320 1334 1321
f 1321 1334 1335
f 1321 1335 1322
f 1322 1335 1336
f 1322 1336 1323
f 1323 1336 1337
f 1323 1337 1324
f 1324 1337 1338
f 1324 1338 1325
f 1325 1338 1339
f 1325 1339 1326
f 1326 1339 1340
f 1326 1340 1327
f 1327 1340 1341
f 1327 1341 1328
f 1328 1341 836
f 1328 836 839
f 839 836 835
f 839 835 837
f 875 877 1088
f 1088 877 1342
f 1088 1342 1329
f 1329 1342 1343
f 1329 1343 1330
f 1330 1343 1344
f 1330 1344 1331
f 1331 1344 1345
f 1331 1345 1332
f 1332 1345 1346
f 1332 1346 1333
f 1333 1346 1347
f 1333 1347 1334
f 1334 1347 1348
f 1334 1348 1335
f 1335 1348 1349
f 1335 1349 1336
f 1336 1349 1350
f 1336 1350 1337
f 1337 1350 1351
f 1337 1351 1338
f 1338 1351 1352
f 1338 1352 1339
f 1339 1352 1353
f 1339 1353 1340
f 1340 1353 1354
f 1340 1354 1341
f 1341 1354 1355
f 1341 1355 836
f 836 1355 1356
f 836 1356 834
f 1357 1358 1359
f 876 874 877
f 877 874 1360
f 877 1360 1342
f 1342 1360 1361
f 1342 1361 1343
f 1343 1361 1362
f 1343 1362 1344
f 1344 1362 1363
f 1344 1363 1345
f 1345 1363 1364
f 1345 1364 1346
f 1346 1364 1365
f 1346 1365 1347
f 1347 1365 1366
f 1347 1366 1348
f 1348 1366 1367
f 1348 1367 1349
f 1349 1367 1368
f 1349 1368 1350
f 1350 1368 1369
f 1350 1369 1351
f 1351 1369 1370
f 1351 1370 1352
f 1352 1370 1371
f 1352 1371 1353
f 1353 1371 1372
f 1353 1372 1354
f 1354 1372 1357
f 1354 1357 1355
f 1355 1357 1359
f 1355 1359 1356
f 1373 1374 1375
f 873 871 874
f 874 871 1376
f 874 1376 1360
f 1360 1376 1377
f 1360 1377 1361
f 1361 1377 1378
f 1361 1378 1362
f 1362 1378 1379
f 1362 1379 1363
f 1363 1379 1380
f 1363 1380 1364
f 1364 1380 1381
f 1364 1381 1365
f 1365 1381 1382
f 1365 1382 1366
f 1366 1382 1383
f 1366 1383 1367
f 1367 1383 1384
f 1367 1384 1368
f 1368 1384 1385
f 1368 1385 1369
f 1369 1385 1386
f 1369 1386 1370
f 1370 1386 1387
f 1370 1387 1371
f 1371 1387 1388
f 1371 1388 1372
f 1372 1388 1373
f 1372 1373 1357
f 1357 1373 1375
f 1357 1375 1358
f 1389 1390 1391
f 870 868 871
f 871 868 1392
f 871 1392 1376
f 1376 1392 1393
f 1376 1393 1377
f 1377 1393 1394
f 1377 1394 1378
f 1378 1394 1395
f 1378 1395 1379
f 1379 1395 1396
f 1379 1396 1380
f 1380 1396 1397
f 1380 1397 1381
f 1381 1397 1398
f 1381 1398 1382
f 1382 1398 1399
f 1382 1399 1383
f 1383 1399 1400
f 1383 1400 1384
f 1384 1400 1401
f 1384 1401 1385
f 1385 1401 1402
f 1385 1402 1386
f 1386 1402 1403
f 1386 1403 1387
f 1387 1403 1404
f 1387 1404 1388
f 1388 1404 1389
f 1388 1389 1373
f 1373 1389 1391
f 1373 1391 1374
f 1405 1406 1407
f 867 865 868
f 868 865 1408
f 868 1408 1392
f 1392 1408 1409
f 1392 1409 1393
f 1393 1409 1410
f 1393 1410 1394
f 1394 1410 1411
f 1394 1411 1395
f 1395 1411 1412
f 1395 1412 1396
f 1396 1412 1413
f 1396 1413 1397
f 1397 1413 1414
f 1397 1414 1398
f 1398 1414 1415
f 1398 1415 1399
f 1399 1415 1416
f 1399 1416 1400
f 1400 1416 1417
f 1400 1417 1401
f 1401 1417 1418
f 1401 1418 1402
f 1402 1418 1419
f 1402 1419 1403
f 1403 1419 1420
f 1403 1420 1404
f 1404 1420 1405
f 1404 1405 1389
f 1389 1405 1407
f 1389 1407 1390
f 861 863 865
f 865 863 1421
f 865 1421 1408
f 1408 1421 1422
f 1408 1422 1409
f 1409 1422 1423
f 1409 1423 1410
f 1410 1423 1424
f 1410 1424 1411
f 1411 1424 1425
f 1411 1425 1412
f 1412 1425 1426
f 1412 1426 1413
f 1413 1426 1427
f 1413 1427 1414
f 1414 1427 1428
f 1414 1428 1415
f 1415 1428 1429
f 1415 1429 1416
f 1416 1429 1430
f 1416 1430 1417
f 1417 1430 1431
f 1417 1431 1418
f 1418 1431 1432
f 1418 1432 1419
f 1419 1432 1433
f 1419 1433 1420
f 1420 1433 1434
f 1420 1434 1405
f 1405 1434 1435
f 1405 1435 1406
f 862 1090 863
f 863 1090 1109
f 863 1109 1421
f 1421 1109 1108
f 1421 1108 1422
f 1422 1108 1107
f 1422 1107 1423
f 1423 1107 969
f 1423 969 1424
f 1424 969 961
f 1424 961 1425
f 1425 961 964
f 1425 964 1426
f 1426 964 959
f 1426 959 1427
f 1427 959 956
f 1427 956 1428
f 1428 956 918
f 1428 918 1429
f 1429 918 951
f 1429 951 1430
f 1430 951 953
f 1430 953 1431
f 1431 953 1436
f 1431 1436 1432
f 1432 1436 1437
f 1432 1437 1433
f 1433 1437 833
f 1433 833 1434
f 1434 833 832
f 1434 832 1435
f 946 948 953
f 953 948 943
f 953 943 1436
f 1436 943 942
f 1436 942 1437
f 1437 942 1110
f 1437 1110 833
f 833 1110 1438
f 833 1438 831
f 1439 941 937
f 937 941 940
f 937 940 938
f 1439 1440 941
f 941 1440 1441
f 941 1441 1110
f 1110 1441 1442
f 1110 1442 1438
f 934 930 935
f 935 930 932
f 935 932 937
f 937 932 1443
f 937 1443 1439
f 1444 1445 1446
f 1447 1448 1449
f 1450 1451 1452
f 1453 1454 1455
f 1448 1456 1449
f 1449 1456 1457
f 1449 1457 1458
f 1458 1457 1459
f 1458 1459 1460
f 1460 1459 1461
f 1460 1461 1462
f 1462 1461 1463
f 1462 1463 1464
f 1465 1466 1467
f 1446 1468 1444
f 1444 1468 1469
f 1444 1469 1470
f 1471 1472 1473
f 1473 1472 1474
f 1473 1474 1453
f 1463 1475 1464
f 1464 1475 1476
f 1464 1476 1477
f 1477 1476 1478
f 1477 1478 1479
f 1479 1478 1480
f 1479 1480 1481
f 1481 1480 1482
f 1481 1482 1483
f 1483 1482 1484
f 1483 1484 1485
f 1485 1484 1446
f 1485 1446 1486
f 1486 1446 1445
f 1487 1450 1488
f 1488 1450 1452
f 1488 1452 1468
f 1468 1452 1489
f 1468 1489 1469
f 1455 1465 1453
f 1453 1465 1467
f 1453 1467 1488
f 1488 1467 1490
f 1488 1490 1487
f 1474 1491 1453
f 1453 1491 1492
f 1453 1492 1454
f 1454 1492 1493
f 1454 1493 1494
f 1495 1496 1497
f 1498 1499 1500
f 1501 1502 1500
f 1500 1502 1503
f 1500 1503 1498
f 1504 1505 1497
f 1497 1505 1506
f 1497 1506 1495
f 1473 1507 1471
f 1471 1507 1508
f 1471 1508 1509
f 1509 1508 1510
f 1509 1510 1496
f 1496 1510 1511
f 1496 1511 1497
f 1494 1512 1454
f 1454 1512 1513
f 1454 1513 1514
f 1514 1513 1515
f 1516 1517 1518
f 1518 1517 1519
f 1518 1519 1515
f 1515 1519 1520
f 1515 1520 1514
f 1516 1518 1521
f 1521 1518 1522
f 1521 1522 1523
f 1499 1504 1500
f 1500 1504 1497
f 1500 1497 1449
f 1449 1497 1524
f 1449 1524 1447
f 1500 1525 1501
f 1501 1525 1526
f 1501 1526 1527
f 1527 1526 1528
f 1527 1528 1529
f 1529 1530 1527
f 1527 1530 1531
f 1527 1531 1522
f 1522 1531 1532
f 1522 1532 1523
f 1533 1534 1535
f 1536 1537 1538
f 1536 1539 1540
f 1540 1539 1541
f 1540 1541 1542
f 1542 1541 1543
f 1544 1543 1545
f 1545 1543 1541
f 1545 1541 1546
f 1546 1541 1547
f 1546 1547 1548
f 1548 1547 1549
f 1548 1549 1550
f 1551 1552 1553
f 1554 1555 1556
f 1556 1555 1557
f 1556 1557 1558
f 1536 1538 1539
f 1539 1538 1559
f 1539 1559 1560
f 1560 1559 1561
f 1560 1561 1557
f 1557 1561 1562
f 1557 1562 1558
f 1563 1564 1565
f 1565 1564 1566
f 1535 1534 1567
f 1567 1534 1568
f 1567 1568 1569
f 1569 1568 1570
f 1569 1570 1571
f 1571 1570 1572
f 1571 1572 1573
f 1573 1572 1574
f 1573 1574 1575
f 1549 1576 1550
f 1550 1576 1577
f 1550 1577 1578
f 1579 1563 1580
f 1580 1563 1565
f 1580 1565 1581
f 1581 1565 1582
f 1581 1582 1583
f 1533 1535 1584
f 1584 1535 1585
f 1584 1585 1586
f 1586 1585 1587
f 1586 1587 1588
f 1588 1587 1589
f 1588 1589 1582
f 1582 1589 1590
f 1582 1590 1583
f 1591 1592 1593
f 1593 1594 1591
f 1591 1594 1595
f 1591 1595 1596
f 1597 1598 1556
f 1556 1598 1599
f 1556 1599 1554
f 1578 1600 1601
f 1601 1600 1602
f 1601 1602 1603
f 1553 1604 1551
f 1551 1604 1605
f 1551 1605 1606
f 1606 1605 1603
f 1606 1603 1607
f 1607 1603 1602
f 1578 1601 1550
f 1550 1601 1608
f 1550 1608 1609
f 1610 1611 1612
f 1612 1611 1566
f 1612 1566 1613
f 1613 1566 1564
f 1592 1591 1551
f 1551 1591 1614
f 1551 1614 1552
f 1615 1608 1616
f 1616 1608 1601
f 1616 1601 1617
f 1617 1601 1611
f 1617 1611 1618
f 1618 1611 1610
f 1618 1610 1619
f 1575 1620 1573
f 1573 1620 1621
f 1573 1621 1556
f 1556 1621 1591
f 1556 1591 1597
f 1597 1591 1596
f 1622 1449 1623
f 1623 1449 1624
f 1623 1624 1625
f 1625 1624 1626
f 1625 1626 1627
f 1627 1626 1628
f 1627 1628 1629
f 1628 1630 1629
f 1629 1630 1631
f 1629 1631 1632
f 1632 1631 1633
f 1573 1634 1635
f 1635 1634 1636
f 1635 1636 1637
f 1637 1636 1638
f 1637 1638 1639
f 1639 1638 1640
f 1639 1640 1641
f 1641 1640 1642
f 1641 1642 1643
f 1643 1642 1644
f 1643 1644 1645
f 1645 1644 1646
f 1645 1646 1647
f 1647 1646 1648
f 1647 1648 1649
f 1649 1648 1650
f 1649 1650 1651
f 1651 1650 1652
f 1651 1652 1653
f 1653 1652 1654
f 1653 1654 1655
f 1655 1654 1656
f 1655 1656 1657
f 1657 1656 1658
f 1657 1658 1659
f 1659 1658 1660
f 1659 1660 1661
f 1661 1660 1662
f 1661 1662 1663
f 1663 1662 1664
f 1663 1664 1665
f 1665 1664 1666
f 1665 1666 1667
f 1667 1666 1668
f 1667 1668 1669
f 1669 1668 1670
f 1669 1670 1671
f 1671 1670 1672
f 1671 1672 1673
f 1673 1672 1674
f 1673 1674 1675
f 1675 1674 1676
f 1675 1676 1677
f 1677 1676 1678
f 1677 1678 1679
f 1679 1678 1680
f 1679 1680 1681
f 1681 1680 1682
f 1681 1682 1683
f 1683 1682 1684
f 1683 1684 1685
f 1685 1684 1686
f 1685 1686 1687
f 1687 1686 1688
f 1687 1688 1689
f 1689 1688 1690
f 1689 1690 1691
f 1691 1690 1692
f 1691 1692 1693
f 1693 1692 1694
f 1693 1694 1695
f 1695 1694 1696
f 1695 1696 1697
f 1697 1696 1698
f 1697 1698 1699
f 1699 1698 1700
f 1699 1700 1701
f 1701 1700 1702
f 1701 1702 1703
f 1703 1702 1704
f 1703 1704 1705
f 1705 1704 1706
f 1705 1706 1707
f 1707 1706 1708
f 1707 1708 1709
f 1709 1708 1710
f 1709 1710 1711
f 1711 1710 1712
f 1711 1712 1713
f 1713 1712 1714
f 1713 1714 1715
f 1715 1714 1716
f 1715 1716 1717
f 1717 1716 1718
f 1717 1718 1719
f 1719 1718 1720
f 1719 1720 1721
f 1721 1720 1722
f 1721 1722 1723
f 1723 1722 1724
f 1723 1724 1633
f 1633 1724 1725
f 1633 1725 1632
f 1726 1727 1728
f 1728 1727 1729
f 1728 1729 1730
f 1726 1728 1731
f 1731 1728 1732
f 1731 1732 1733
f 1733 1732 1734
f 1734 1732 1735
f 1734 1735 1736
f 1737 1738 1739
f 1739 1738 1740
f 1737 1739 1741
f 1741 1739 1742
f 1741 1742 1743
f 1743 1742 1744
f 1743 1744 1745
f 1745 1744 1746
f 1746 1744 1747
f 1746 1747 1748
f 1729 1749 1730
f 1730 1749 1750
f 1730 1750 1751
f 1751 1750 1752
f 1751 1752 1753
f 1754 1736 1755
f 1755 1736 1735
f 1755 1735 1756
f 1756 1735 1757
f 1756 1757 1758
f 1758 1757 1740
f 1758 1740 1759
f 1759 1740 1738
f 1760 1761 1747
f 1747 1761 1762
f 1747 1762 1748
f 1763 1764 1760
f 1760 1764 1765
f 1760 1765 1761
f 1766 1767 1752
f 1752 1767 1768
f 1752 1768 1753
f 1769 1770 1771
f 1771 1770 1772
f 1771 1772 1773
f 1773 1772 1774
f 1773 1774 1775
f 1775 1776 1773
f 1773 1776 1777
f 1773 1777 1752
f 1752 1777 1778
f 1752 1778 1766
f 1769 1779 1770
f 1770 1779 1780
f 1770 1780 1763
f 1763 1780 1781
f 1763 1781 1764
f 1782 1783 1784
f 1784 1783 1785
f 1786 1556 1787
f 1787 1556 1788
f 1787 1788 1789
f 1789 1788 1790
f 1789 1790 1791
f 1791 1790 1792
f 1791 1792 1793
f 1793 1792 1794
f 1793 1794 1795
f 1795 1794 1796
f 1795 1796 1797
f 1797 1796 1798
f 1797 1798 1799
f 1799 1798 1800
f 1799 1800 1801
f 1801 1800 1802
f 1801 1802 1803
f 1803 1802 1804
f 1803 1804 1785
f 1785 1804 1805
f 1785 1805 1784
f 1500 1806 1807
f 1807 1806 1808
f 1807 1808 1809
f 1809 1808 1810
f 1809 1810 1811
f 1811 1810 1812
f 1811 1812 1813
f 1813 1812 1814
f 1813 1814 1815
f 1815 1814 1816
f 1815 1816 1817
f 1817 1816 1818
f 1817 1818 1819
f 1819 1818 1820
f 1819 1820 1821
f 1821 1820 1822
f 1821 1822 1823
f 1823 1822 1824
f 1823 1824 1825
f 1825 1824 1826
f 1825 1826 1827
f 1827 1826 1828
f 1827 1828 1829
f 1829 1828 1830
f 1829 1830 1831
f 1831 1830 1832
f 1831 1832 1833
f 1833 1832 1834
f 1833 1834 1835
f 1835 1834 1836
f 1835 1836 1837
f 1837 1836 1838
f 1837 1838 1839
f 1839 1838 1840
f 1839 1840 1841
f 1841 1840 1842
f 1841 1842 1843
f 1843 1842 1844
f 1843 1844 1845
f 1845 1844 1846
f 1845 1846 1847
f 1847 1846 1848
f 1847 1848 1849
f 1849 1848 1850
f 1849 1850 1851
f 1851 1850 1852
f 1851 1852 1853
f 1853 1852 1854
f 1853 1854 1855
f 1855 1854 1856
f 1855 1856 1857
f 1857 1856 1858
f 1857 1858 1859
f 1859 1858 1860
f 1859 1860 1861
f 1861 1860 1862
f 1861 1862 1863
f 1863 1862 1864
f 1863 1864 1865
f 1865 1864 1866
f 1865 1866 1867
f 1867 1866 1868
f 1867 1868 1869
f 1869 1868 1870
f 1869 1870 1871
f 1871 1870 1872
f 1871 1872 1873
f 1873 1872 1874
f 1873 1874 1875
f 1875 1874 1876
f 1875 1876 1877
f 1877 1876 1878
f 1877 1878 1879
f 1879 1878 1880
f 1879 1880 1881
f 1881 1880 1882
f 1881 1882 1883
f 1883 1882 1884
f 1883 1884 1782
f 1782 1884 1885
f 1782 1885 1783
f 1886 1887 1888
f 1888 1887 1889
f 1888 1889 1890
f 1886 1888 1891
f 1891 1888 1892
f 1891 1892 1893
f 1893 1892 1894
f 1894 1892 1895
f 1894 1895 1896
f 1896 1895 1897
f 1897 1895 1898
f 1897 1898 1899
f 1900 1901 1898
f 1898 1901 1902
f 1898 1902 1899
f 1903 1904 1900
f 1900 1904 1905
f 1900 1905 1901
f 1906 1907 1908
f 1908 1907 1909
f 1910 1911 1909
f 1909 1911 1912
f 1909 1912 1908
f 1889 1913 1890
f 1890 1913 1914
f 1890 1914 1915
f 1915 1914 1916
f 1915 1916 1917
f 1918 1919 1920
f 1920 1919 1921
f 1920 1921 1910
f 1910 1921 1922
f 1910 1922 1911
f 1918 1920 1923
f 1923 1920 1924
f 1923 1924 1925
f 1925 1924 1926
f 1925 1926 1927
f 1928 1929 1916
f 1916 1929 1930
f 1916 1930 1917
f 1931 1932 1933
f 1933 1932 1934
f 1933 1934 1903
f 1903 1934 1935
f 1903 1935 1904
f 1927 1936 1925
f 1925 1936 1937
f 1925 1937 1916
f 1916 1937 1938
f 1916 1938 1928
f 1906 1939 1907
f 1907 1939 1940
f 1907 1940 1931
f 1931 1940 1941
f 1931 1941 1932
f 1942 1943 1944
f 1945 1946 1947
f 1947 1946 1948
f 1949 1950 1947
f 1947 1950 1951
f 1947 1951 1945
f 1952 1953 1954
f 1955 1956 1949
f 1949 1956 1957
f 1949 1957 1950
f 1958 1959 1955
f 1955 1959 1960
f 1955 1960 1956
f 1952 1954 1961
f 1953 1952 1962
f 1962 1952 1963
f 1962 1963 1964
f 1944 1943 1965
f 1954 1966 1961
f 1961 1966 1967
f 1961 1967 1968
f 1968 1967 1969
f 1968 1969 1958
f 1958 1969 1970
f 1958 1970 1959
f 1964 1963 1971
f 1971 1963 1972
f 1971 1972 1973
f 1973 1972 1974
f 1974 1972 1975
f 1974 1975 1976
f 1977 1978 1943
f 1943 1978 1979
f 1943 1979 1965
f 1980 1942 1981
f 1981 1942 1944
f 1981 1944 1982
f 1982 1944 1983
f 1982 1983 1984
f 1984 1983 1948
f 1984 1948 1985
f 1985 1948 1946
f 1986 1987 1975
f 1975 1987 1988
f 1975 1988 1976
f 1989 1990 1986
f 1986 1990 1991
f 1986 1991 1987
f 1992 1993 1994
f 1994 1993 1995
f 1994 1995 1943
f 1943 1995 1996
f 1943 1996 1977
f 1997 1990 1998
f 1998 1990 1989
f 1998 1989 1994
f 1994 1989 1999
f 1994 1999 1992
f 2000 2001 2002
f 2003 2004 2005
f 2006 2007 2008
f 2008 2007 2009
f 2010 2011 2008
f 2008 2011 2012
f 2008 2012 2006
f 2013 2014 2010
f 2010 2014 2015
f 2010 2015 2011
f 2016 2017 2013
f 2013 2017 2018
f 2013 2018 2014
f 2003 2005 2019
f 2004 2003 2020
f 2020 2003 2021
f 2020 2021 2022
f 2002 2001 2023
f 2024 2025 2026
f 2026 2025 2027
f 2026 2027 2016
f 2016 2027 2028
f 2016 2028 2017
f 2029 2030 2021
f 2021 2030 2031
f 2021 2031 2022
f 2032 2033 2029
f 2029 2033 2034
f 2029 2034 2030
f 2035 2036 2001
f 2001 2036 2037
f 2001 2037 2023
f 2038 2000 2039
f 2039 2000 2002
f 2039 2002 2040
f 2040 2002 2041
f 2040 2041 2042
f 2042 2041 2009
f 2042 2009 2043
f 2043 2009 2007
f 2044 2045 2024
f 2024 2045 2046
f 2024 2046 2025
f 2005 2047 2019
f 2019 2047 2048
f 2019 2048 2044
f 2044 2048 2049
f 2044 2049 2045
f 2050 2033 2051
f 2051 2033 2032
f 2051 2032 2052
f 2052 2032 2053
f 2052 2053 2054
f 2054 2055 2052
f 2052 2055 2056
f 2052 2056 2001
f 2001 2056 2057
f 2001 2057 2035
f 1637 1639 2058
f 1661 1663 2059
f 1685 1687 2060
f 2061 2062 2063
f 2064 2065 2066
f 2067 2068 2069
f 2070 1053 2071
f 2072 1037 2073
f 2074 1031 2075
f 2076 1020 2077
f 2078 995 2079
f 2080 2081 2082
f 2083 2084 2085
f 1573 1635 2086
f 2086 1635 2085
f 2086 2085 2087
f 2087 2085 2084
f 1059 2088 2062
f 2062 2088 902
f 2089 2090 2091
f 2091 2090 910
f 2091 910 2078
f 2089 2091 2092
f 2092 2091 2093
f 2092 2093 2094
f 2095 2096 2097
f 2097 2096 2098
f 2095 2097 2099
f 2099 2097 1624
f 2099 1624 1449
f 995 997 2100
f 2100 997 2101
f 2101 1000 2102
f 2102 1000 2103
f 2104 906 2067
f 2067 906 2105
f 2067 2105 2068
f 2068 2105 1005
f 2068 1005 2106
f 1007 2107 2108
f 2108 2107 2109
f 2108 2109 1016
f 1016 1015 2110
f 2110 1015 2111
f 2111 1011 2112
f 2112 1011 2113
f 2112 2113 2076
f 903 1021 2064
f 2064 1021 2114
f 2064 2114 2065
f 2065 2114 1024
f 2065 1024 2115
f 2116 1033 2074
f 1031 1029 2117
f 2117 1029 2118
f 2118 1034 2119
f 2119 1034 2120
f 2121 1043 2122
f 2122 1043 2123
f 2122 2123 2124
f 1043 1041 2123
f 2123 1041 2125
f 2123 2125 2126
f 2127 1045 2128
f 2128 1056 2129
f 2129 1056 2070
f 1053 2130 2131
f 2131 2130 2132
f 2131 2132 1048
f 1059 2062 1111
f 1111 2062 2061
f 1111 2061 2133
f 2134 2069 2135
f 2135 2069 2068
f 2135 2068 2136
f 2136 2068 2106
f 2136 2106 1007
f 2137 2066 2138
f 2138 2066 2065
f 2138 2065 2116
f 2116 2065 2115
f 2116 2115 1033
f 2139 2124 2140
f 2140 2124 2123
f 2140 2123 2127
f 2127 2123 2126
f 2127 2126 1045
f 2058 2063 2141
f 2141 2063 2062
f 2141 2062 2081
f 2081 2062 902
f 2081 902 2082
f 2142 2143 2144
f 1713 1715 2145
f 2145 1715 2142
f 2145 2142 2146
f 2146 2142 2144
f 2146 2144 2102
f 2147 2148 2149
f 1689 1691 2150
f 2150 1691 2147
f 2150 2147 2151
f 2151 2147 2149
f 2151 2149 2077
f 2152 2153 2154
f 1665 1667 2155
f 2155 1667 2152
f 2155 2152 2156
f 2156 2152 2154
f 2156 2154 2119
f 2157 2158 2159
f 1641 1643 2160
f 2160 1643 2157
f 2160 2157 2161
f 2161 2157 2159
f 2161 2159 2131
f 2162 1628 1626
f 2094 2093 2098
f 2098 2093 2162
f 2098 2162 2097
f 2097 2162 1626
f 2097 1626 1624
f 2163 1631 1630
f 2078 2079 2091
f 2091 2079 2164
f 2091 2164 2093
f 2093 2164 2163
f 2093 2163 2162
f 2162 2163 1630
f 2162 1630 1628
f 995 2100 2079
f 2079 2100 2165
f 2079 2165 2164
f 2164 2165 2166
f 2164 2166 2163
f 2163 2166 1633
f 2163 1633 1631
f 2101 2102 2100
f 2100 2102 2144
f 2100 2144 2165
f 2165 2144 2143
f 2165 2143 2166
f 2166 2143 1723
f 2166 1723 1633
f 1715 1717 2142
f 2142 1717 1719
f 2142 1719 2143
f 2143 1719 1721
f 2143 1721 1723
f 1711 1713 2134
f 2134 1713 2145
f 2134 2145 2069
f 2069 2145 2146
f 2069 2146 2067
f 2067 2146 2102
f 2067 2102 2104
f 2104 2102 2103
f 2167 1707 1709
f 1007 2108 2136
f 2136 2108 2168
f 2136 2168 2135
f 2135 2168 2167
f 2135 2167 2134
f 2134 2167 1709
f 2134 1709 1711
f 2169 1703 1705
f 1016 2110 2108
f 2108 2110 2170
f 2108 2170 2168
f 2168 2170 2169
f 2168 2169 2167
f 2167 2169 1705
f 2167 1705 1707
f 2111 2112 2110
f 2110 2112 2171
f 2110 2171 2170
f 2170 2171 2172
f 2170 2172 2169
f 2169 2172 1701
f 2169 1701 1703
f 2076 2077 2112
f 2112 2077 2149
f 2112 2149 2171
f 2171 2149 2148
f 2171 2148 2172
f 2172 2148 1699
f 2172 1699 1701
f 1691 1693 2147
f 2147 1693 1695
f 2147 1695 2148
f 2148 1695 1697
f 2148 1697 1699
f 1687 1689 2060
f 2060 1689 2150
f 2060 2150 2173
f 2173 2150 2151
f 2173 2151 2174
f 2174 2151 2077
f 2174 2077 2175
f 2175 2077 1020
f 1683 1685 2137
f 2137 1685 2060
f 2137 2060 2066
f 2066 2060 2173
f 2066 2173 2064
f 2064 2173 2174
f 2064 2174 903
f 903 2174 2175
f 2176 1679 1681
f 2074 2075 2116
f 2116 2075 2177
f 2116 2177 2138
f 2138 2177 2176
f 2138 2176 2137
f 2137 2176 1681
f 2137 1681 1683
f 1031 2117 2075
f 2075 2117 2178
f 2075 2178 2177
f 2177 2178 2179
f 2177 2179 2176
f 2176 2179 1677
f 2176 1677 1679
f 2118 2119 2117
f 2117 2119 2154
f 2117 2154 2178
f 2178 2154 2153
f 2178 2153 2179
f 2179 2153 1675
f 2179 1675 1677
f 1667 1669 2152
f 2152 1669 1671
f 2152 1671 2153
f 2153 1671 1673
f 2153 1673 1675
f 1663 1665 2059
f 2059 1665 2155
f 2059 2155 2180
f 2180 2155 2156
f 2180 2156 2073
f 2073 2156 2119
f 2073 2119 2072
f 2072 2119 2120
f 1659 1661 2139
f 2139 1661 2059
f 2139 2059 2124
f 2124 2059 2180
f 2124 2180 2122
f 2122 2180 2073
f 2122 2073 2121
f 2121 2073 1037
f 2181 1655 1657
f 2128 2129 2127
f 2127 2129 2182
f 2127 2182 2140
f 2140 2182 2181
f 2140 2181 2139
f 2139 2181 1657
f 2139 1657 1659
f 2070 2071 2129
f 2129 2071 2183
f 2129 2183 2182
f 2182 2183 2184
f 2182 2184 2181
f 2181 2184 1653
f 2181 1653 1655
f 1053 2131 2071
f 2071 2131 2159
f 2071 2159 2183
f 2183 2159 2158
f 2183 2158 2184
f 2184 2158 1651
f 2184 1651 1653
f 1643 1645 2157
f 2157 1645 1647
f 2157 1647 2158
f 2158 1647 1649
f 2158 1649 1651
f 1639 1641 2058
f 2058 1641 2160
f 2058 2160 2063
f 2063 2160 2161
f 2063 2161 2061
f 2061 2161 2131
f 2061 2131 2133
f 2133 2131 1048
f 1635 1637 2085
f 2085 1637 2058
f 2085 2058 2083
f 2083 2058 2141
f 2083 2141 2185
f 2185 2141 2081
f 2185 2081 2186
f 2186 2081 2080
f 1809 1811 2187
f 1833 1835 2188
f 1857 1859 2189
f 2190 2191 2192
f 2193 2194 2195
f 2196 2197 2198
f 2199 991 2200
f 2201 971 2202
f 2203 965 2204
f 2205 954 2206
f 2207 2208 2209
f 2210 2211 2212
f 2213 925 2214
f 2215 2216 2217
f 2217 2216 922
f 2217 922 2213
f 2215 2217 2218
f 2218 2217 2219
f 2218 2219 2220
f 2221 2222 2223
f 2223 2222 2224
f 2221 2223 2225
f 2225 2223 1788
f 2225 1788 1556
f 1500 1807 2226
f 2226 1807 2212
f 2226 2212 2227
f 2227 2212 2211
f 993 2228 2191
f 2191 2228 915
f 925 927 2229
f 2229 927 2230
f 2230 931 2231
f 2231 931 2232
f 2233 936 2196
f 2196 936 2234
f 2196 2234 2197
f 2197 2234 940
f 2197 940 2235
f 921 2236 2237
f 2237 2236 2238
f 2237 2238 945
f 945 950 2239
f 2239 950 2240
f 2240 947 2241
f 2241 947 2242
f 2241 2242 2205
f 916 955 2193
f 2193 955 2243
f 2193 2243 2194
f 2194 2243 958
f 2194 958 2244
f 2245 967 2203
f 965 963 2246
f 2246 963 2247
f 2247 968 2248
f 2248 968 2249
f 2250 977 2251
f 2251 977 2252
f 2251 2252 2253
f 977 975 2252
f 2252 975 2254
f 2252 2254 2255
f 2256 980 2257
f 2257 983 2258
f 2258 983 2199
f 991 2259 2260
f 2260 2259 2261
f 2260 2261 986
f 993 2191 1097
f 1097 2191 2190
f 1097 2190 2262
f 2263 2198 2264
f 2264 2198 2197
f 2264 2197 2265
f 2265 2197 2235
f 2265 2235 921
f 2266 2195 2267
f 2267 2195 2194
f 2267 2194 2245
f 2245 2194 2244
f 2245 2244 967
f 2268 2253 2269
f 2269 2253 2252
f 2269 2252 2256
f 2256 2252 2255
f 2256 2255 980
f 2187 2192 2270
f 2270 2192 2191
f 2270 2191 2208
f 2208 2191 915
f 2208 915 2209
f 2271 2272 2273
f 1782 1784 2274
f 2274 1784 2271
f 2274 2271 2275
f 2275 2271 2273
f 2275 2273 2231
f 2276 2277 2278
f 1861 1863 2279
f 2279 1863 2276
f 2279 2276 2280
f 2280 2276 2278
f 2280 2278 2206
f 2281 2282 2283
f 1837 1839 2284
f 2284 1839 2281
f 2284 2281 2285
f 2285 2281 2283
f 2285 2283 2248
f 2286 2287 2288
f 1813 1815 2289
f 2289 1815 2286
f 2289 2286 2290
f 2290 2286 2288
f 2290 2288 2260
f 2291 1792 1790
f 2220 2219 2224
f 2224 2219 2291
f 2224 2291 2223
f 2223 2291 1790
f 2223 1790 1788
f 2292 1796 1794
f 2213 2214 2217
f 2217 2214 2293
f 2217 2293 2219
f 2219 2293 2292
f 2219 2292 2291
f 2291 2292 1794
f 2291 1794 1792
f 925 2229 2214
f 2214 2229 2294
f 2214 2294 2293
f 2293 2294 2295
f 2293 2295 2292
f 2292 2295 1798
f 2292 1798 1796
f 2230 2231 2229
f 2229 2231 2273
f 2229 2273 2294
f 2294 2273 2272
f 2294 2272 2295
f 2295 2272 1800
f 2295 1800 1798
f 1784 1805 2271
f 2271 1805 1804
f 2271 1804 2272
f 2272 1804 1802
f 2272 1802 1800
f 1883 1782 2263
f 2263 1782 2274
f 2263 2274 2198
f 2198 2274 2275
f 2198 2275 2196
f 2196 2275 2231
f 2196 2231 2233
f 2233 2231 2232
f 2296 1879 1881
f 921 2237 2265
f 2265 2237 2297
f 2265 2297 2264
f 2264 2297 2296
f 2264 2296 2263
f 2263 2296 1881
f 2263 1881 1883
f 2298 1875 1877
f 945 2239 2237
f 2237 2239 2299
f 2237 2299 2297
f 2297 2299 2298
f 2297 2298 2296
f 2296 2298 1877
f 2296 1877 1879
f 2240 2241 2239
f 2239 2241 2300
f 2239 2300 2299
f 2299 2300 2301
f 2299 2301 2298
f 2298 2301 1873
f 2298 1873 1875
f 2205 2206 2241
f 2241 2206 2278
f 2241 2278 2300
f 2300 2278 2277
f 2300 2277 2301
f 2301 2277 1871
f 2301 1871 1873
f 1863 1865 2276
f 2276 1865 1867
f 2276 1867 2277
f 2277 1867 1869
f 2277 1869 1871
f 1859 1861 2189
f 2189 1861 2279
f 2189 2279 2302
f 2302 2279 2280
f 2302 2280 2303
f 2303 2280 2206
f 2303 2206 2304
f 2304 2206 954
f 1855 1857 2266
f 2266 1857 2189
f 2266 2189 2195
f 2195 2189 2302
f 2195 2302 2193
f 2193 2302 2303
f 2193 2303 916
f 916 2303 2304
f 2305 1851 1853
f 2203 2204 2245
f 2245 2204 2306
f 2245 2306 2267
f 2267 2306 2305
f 2267 2305 2266
f 2266 2305 1853
f 2266 1853 1855
f 965 2246 2204
f 2204 2246 2307
f 2204 2307 2306
f 2306 2307 2308
f 2306 2308 2305
f 2305 2308 1849
f 2305 1849 1851
f 2247 2248 2246
f 2246 2248 2283
f 2246 2283 2307
f 2307 2283 2282
f 2307 2282 2308
f 2308 2282 1847
f 2308 1847 1849
f 1839 1841 2281
f 2281 1841 1843
f 2281 1843 2282
f 2282 1843 1845
f 2282 1845 1847
f 1835 1837 2188
f 2188 1837 2284
f 2188 2284 2309
f 2309 2284 2285
f 2309 2285 2202
f 2202 2285 2248
f 2202 2248 2201
f 2201 2248 2249
f 1831 1833 2268
f 2268 1833 2188
f 2268 2188 2253
f 2253 2188 2309
f 2253 2309 2251
f 2251 2309 2202
f 2251 2202 2250
f 2250 2202 971
f 2310 1827 1829
f 2257 2258 2256
f 2256 2258 2311
f 2256 2311 2269
f 2269 2311 2310
f 2269 2310 2268
f 2268 2310 1829
f 2268 1829 1831
f 2199 2200 2258
f 2258 2200 2312
f 2258 2312 2311
f 2311 2312 2313
f 2311 2313 2310
f 2310 2313 1825
f 2310 1825 1827
f 991 2260 2200
f 2200 2260 2288
f 2200 2288 2312
f 2312 2288 2287
f 2312 2287 2313
f 2313 2287 1823
f 2313 1823 1825
f 1815 1817 2286
f 2286 1817 1819
f 2286 1819 2287
f 2287 1819 1821
f 2287 1821 1823
f 1811 1813 2187
f 2187 1813 2289
f 2187 2289 2192
f 2192 2289 2290
f 2192 2290 2190
f 2190 2290 2260
f 2190 2260 2262
f 2262 2260 986
f 1807 1809 2212
f 2212 1809 2187
f 2212 2187 2210
f 2210 2187 2270
f 2210 2270 2314
f 2314 2270 2208
f 2314 2208 2315
f 2315 2208 2207
f 2316 2092 2317
f 2318 2319 1449
f 2318 1449 2320
f 2321 2099 2319
f 2319 2099 1449
f 1458 2320 1449
f 2094 2098 2322
f 2322 2098 2323
f 2323 2321 2322
f 2322 2321 2319
f 2322 2319 2324
f 2324 2319 2318
f 2324 2318 2325
f 2325 2318 2320
f 2325 2320 1460
f 1460 2320 1458
f 2092 2094 2317
f 2317 2094 2322
f 2317 2322 2326
f 2326 2322 2324
f 2326 2324 2327
f 2327 2324 2325
f 2327 2325 1462
f 1462 2325 1460
f 2328 910 2329
f 2329 2316 2328
f 2328 2316 2317
f 2328 2317 2330
f 2330 2317 2326
f 2330 2326 2331
f 2331 2326 2327
f 2331 2327 1464
f 1464 2327 1462
f 915 2332 2333
f 2333 2332 2334
f 2332 992 2334
f 2334 992 2335
f 2334 2335 2336
f 2335 1099 2336
f 2336 1099 2337
f 2336 2337 2338
f 2337 1101 2338
f 2338 1101 2339
f 2338 2339 2340
f 2339 1096 2340
f 2340 1096 2341
f 2340 2341 2342
f 2341 1094 2342
f 2342 1094 2343
f 2342 2343 2344
f 2343 1091 2344
f 2344 1091 2345
f 2344 2345 2346
f 2345 862 2346
f 2346 862 2347
f 2346 2347 2348
f 2347 864 2348
f 2348 864 2349
f 2348 2349 2350
f 2349 866 2350
f 2350 866 2351
f 2350 2351 2352
f 2351 869 2352
f 2352 869 2353
f 2352 2353 2354
f 2353 872 2354
f 2354 872 2355
f 2354 2355 2356
f 2355 875 2356
f 2356 875 2357
f 2356 2357 2358
f 2357 1086 2358
f 2358 1086 2359
f 2358 2359 2360
f 2359 1083 2360
f 2360 1083 2361
f 2360 2361 2362
f 2361 1080 2362
f 2362 1080 2363
f 2362 2363 2364
f 2363 879 2364
f 2364 879 2365
f 2364 2365 2366
f 2365 881 2366
f 2366 881 2367
f 2366 2367 2368
f 2367 883 2368
f 2368 883 2369
f 2368 2369 2370
f 2369 886 2370
f 2370 886 2371
f 2370 2371 2372
f 2371 889 2372
f 2372 889 2373
f 2372 2373 2374
f 2373 892 2374
f 2374 892 2375
f 2374 2375 2376
f 2375 1075 2376
f 2376 1075 2377
f 2376 2377 2378
f 2377 1072 2378
f 2378 1072 2379
f 2378 2379 2380
f 2379 1069 2380
f 2380 1069 2381
f 2380 2381 2382
f 2381 896 2382
f 2382 896 2383
f 2382 2383 2384
f 2383 898 2384
f 2384 898 2385
f 2384 2385 2386
f 2385 1065 2386
f 2386 1065 2387
f 2386 2387 2388
f 2387 1063 2388
f 2388 1063 2389
f 2388 2389 2390
f 2389 1061 2390
f 2390 1061 2391
f 2390 2391 2392
f 2391 1001 2392
f 2392 1001 2393
f 2392 2393 2394
f 910 2328 2395
f 2395 2328 2394
f 2395 2394 996
f 996 2394 2393
f 2328 2330 2394
f 2394 2330 2396
f 2394 2396 2392
f 2392 2396 2397
f 2392 2397 2390
f 2390 2397 2398
f 2390 2398 2388
f 2388 2398 2399
f 2388 2399 2386
f 2386 2399 2400
f 2386 2400 2384
f 2384 2400 2401
f 2384 2401 2382
f 2382 2401 2402
f 2382 2402 2380
f 2380 2402 2403
f 2380 2403 2378
f 2378 2403 2404
f 2378 2404 2376
f 2376 2404 2405
f 2376 2405 2374
f 2374 2405 2406
f 2374 2406 2372
f 2372 2406 2407
f 2372 2407 2370
f 2370 2407 2408
f 2370 2408 2368
f 2368 2408 2409
f 2368 2409 2366
f 2366 2409 2410
f 2366 2410 2364
f 2364 2410 2411
f 2364 2411 2362
f 2362 2411 2412
f 2362 2412 2360
f 2360 2412 2413
f 2360 2413 2358
f 2358 2413 2414
f 2358 2414 2356
f 2356 2414 2415
f 2356 2415 2354
f 2354 2415 2416
f 2354 2416 2352
f 2352 2416 2417
f 2352 2417 2350
f 2350 2417 2418
f 2350 2418 2348
f 2348 2418 2419
f 2348 2419 2346
f 2346 2419 2420
f 2346 2420 2344
f 2344 2420 2421
f 2344 2421 2342
f 2342 2421 2422
f 2342 2422 2340
f 2340 2422 2423
f 2340 2423 2338
f 2338 2423 2424
f 2338 2424 2336
f 2336 2424 2425
f 2336 2425 2334
f 2334 2425 2426
f 2334 2426 2333
f 2333 2426 2427
f 2330 2331 2396
f 2396 2331 2428
f 2396 2428 2397
f 2397 2428 2429
f 2397 2429 2398
f 2398 2429 2430
f 2398 2430 2399
f 2399 2430 2431
f 2399 2431 2400
f 2400 2431 2432
f 2400 2432 2401
f 2401 2432 2433
f 2401 2433 2402
f 2402 2433 2434
f 2402 2434 2403
f 2403 2434 2435
f 2403 2435 2404
f 2404 2435 2436
f 2404 2436 2405
f 2405 2436 2437
f 2405 2437 2406
f 2406 2437 2438
f 2406 2438 2407
f 2407 2438 2439
f 2407 2439 2408
f 2408 2439 2440
f 2408 2440 2409
f 2409 2440 2441
f 2409 2441 2410
f 2410 2441 2442
f 2410 2442 2411
f 2411 2442 2443
f 2411 2443 2412
f 2412 2443 2444
f 2412 2444 2413
f 2413 2444 2445
f 2413 2445 2414
f 2414 2445 2446
f 2414 2446 2415
f 2415 2446 2447
f 2415 2447 2416
f 2416 2447 2448
f 2416 2448 2417
f 2417 2448 2449
f 2417 2449 2418
f 2418 2449 2450
f 2418 2450 2419
f 2419 2450 2451
f 2419 2451 2420
f 2420 2451 2452
f 2420 2452 2421
f 2421 2452 2453
f 2421 2453 2422
f 2422 2453 2454
f 2422 2454 2423
f 2423 2454 2455
f 2423 2455 2424
f 2424 2455 2456
f 2424 2456 2425
f 2425 2456 2457
f 2425 2457 2426
f 2426 2457 2458
f 2426 2458 2427
f 2427 2458 2459
f 2331 1464 2428
f 2428 1464 1477
f 2428 1477 2429
f 2429 1477 1479
f 2429 1479 2430
f 2430 1479 1481
f 2430 1481 2431
f 2431 1481 1483
f 2431 1483 2432
f 2432 1483 1485
f 2432 1485 2433
f 2433 1485 1486
f 2433 1486 2434
f 2434 1486 1445
f 2434 1445 2435
f 2435 1445 1444
f 2435 1444 2436
f 2436 1444 1470
f 2436 1470 2437
f 2437 1470 1469
f 2437 1469 2438
f 2438 1469 1489
f 2438 1489 2439
f 2439 1489 1452
f 2439 1452 2440
f 2440 1452 1451
f 2440 1451 2441
f 2441 1451 1450
f 2441 1450 2442
f 2442 1450 1487
f 2442 1487 2443
f 2443 1487 1490
f 2443 1490 2444
f 2444 1490 1467
f 2444 1467 2445
f 2445 1467 1466
f 2445 1466 2446
f 2446 1466 1465
f 2446 1465 2447
f 2447 1465 1455
f 2447 1455 2448
f 2448 1455 1454
f 2448 1454 2449
f 2449 1454 1514
f 2449 1514 2450
f 2450 1514 1520
f 2450 1520 2451
f 2451 1520 1519
f 2451 1519 2452
f 2452 1519 1517
f 2452 1517 2453
f 2453 1517 1516
f 2453 1516 2454
f 2454 1516 1521
f 2454 1521 2455
f 2455 1521 1523
f 2455 1523 2456
f 2456 1523 1532
f 2456 1532 2457
f 2457 1532 1531
f 2457 1531 2458
f 2458 1531 1530
f 2458 1530 2459
f 2459 1530 1529
f 2460 915 2333
f 2461 2462 1500
f 2226 2463 1500
f 2226 2464 2463
f 2463 2464 2465
f 2463 2465 2210
f 1526 1525 2466
f 2466 1525 2462
f 2466 2462 2467
f 2210 2314 2468
f 2468 2314 2315
f 1528 1526 2469
f 2469 1526 2466
f 2469 2466 2470
f 2470 2466 2467
f 2470 2467 2471
f 2462 2461 2467
f 2467 2461 2468
f 2467 2468 2471
f 2471 2468 2315
f 2471 2315 2472
f 1525 1500 2462
f 1529 1528 2459
f 2459 1528 2469
f 2459 2469 2427
f 2427 2469 2470
f 2427 2470 2333
f 2333 2470 2471
f 2333 2471 2460
f 2460 2471 2472
f 2210 2468 2463
f 2463 2468 2461
f 2463 2461 1500
f 2473 2218 2474
f 2475 2476 1556
f 2475 1556 2477
f 2478 2225 2476
f 2476 2225 1556
f 1558 2477 1556
f 2220 2224 2479
f 2479 2224 2480
f 2480 2478 2479
f 2479 2478 2476
f 2479 2476 2481
f 2481 2476 2475
f 2481 2475 2482
f 2482 2475 2477
f 2482 2477 1562
f 1562 2477 1558
f 2218 2220 2474
f 2474 2220 2479
f 2474 2479 2483
f 2483 2479 2481
f 2483 2481 2484
f 2484 2481 2482
f 2484 2482 1561
f 1561 2482 1562
f 2485 922 2486
f 2486 2473 2485
f 2485 2473 2474
f 2485 2474 2487
f 2487 2474 2483
f 2487 2483 2488
f 2488 2483 2484
f 2488 2484 1559
f 1559 2484 1561
f 902 2489 2490
f 2490 2489 2491
f 2489 1058 2491
f 2491 1058 2492
f 2491 2492 2493
f 2492 1113 2493
f 2493 1113 2494
f 2493 2494 2495
f 2494 1115 2495
f 2495 1115 2496
f 2495 2496 2497
f 2496 1117 2497
f 2497 1117 2498
f 2497 2498 2499
f 2498 1121 2499
f 2499 1121 2500
f 2499 2500 2501
f 2500 1125 2501
f 2501 1125 2502
f 2501 2502 2503
f 2502 1143 2503
f 2503 1143 2504
f 2503 2504 2505
f 2504 855 2505
f 2505 855 2506
f 2505 2506 2507
f 2506 852 2507
f 2507 852 2508
f 2507 2508 2509
f 2508 849 2509
f 2509 849 2510
f 2509 2510 2511
f 2510 846 2511
f 2511 846 2512
f 2511 2512 2513
f 2512 1213 2513
f 2513 1213 2514
f 2513 2514 2515
f 2514 1229 2515
f 2515 1229 2516
f 2515 2516 2517
f 2516 1245 2517
f 2517 1245 2518
f 2517 2518 2519
f 2518 1261 2519
f 2519 1261 2520
f 2519 2520 2521
f 2520 1289 2521
f 2521 1289 2522
f 2521 2522 2523
f 2522 843 2523
f 2523 843 2524
f 2523 2524 2525
f 2524 840 2525
f 2525 840 2526
f 2525 2526 2527
f 2526 837 2527
f 2527 837 2528
f 2527 2528 2529
f 2528 834 2529
f 2529 834 2530
f 2529 2530 2531
f 2530 1359 2531
f 2531 1359 2532
f 2531 2532 2533
f 2532 1375 2533
f 2533 1375 2534
f 2533 2534 2535
f 2534 1391 2535
f 2535 1391 2536
f 2535 2536 2537
f 2536 1407 2537
f 2537 1407 2538
f 2537 2538 2539
f 2538 1435 2539
f 2539 1435 2540
f 2539 2540 2541
f 2540 831 2541
f 2541 831 2542
f 2541 2542 2543
f 2542 1442 2543
f 2543 1442 2544
f 2543 2544 2545
f 2544 1440 2545
f 2545 1440 2546
f 2545 2546 2547
f 2546 1443 2547
f 2547 1443 2548
f 2547 2548 2549
f 2548 933 2549
f 2549 933 2550
f 2549 2550 2551
f 922 2485 2552
f 2552 2485 2551
f 2552 2551 926
f 926 2551 2550
f 2485 2487 2551
f 2551 2487 2553
f 2551 2553 2549
f 2549 2553 2554
f 2549 2554 2547
f 2547 2554 2555
f 2547 2555 2545
f 2545 2555 2556
f 2545 2556 2543
f 2543 2556 2557
f 2543 2557 2541
f 2541 2557 2558
f 2541 2558 2539
f 2539 2558 2559
f 2539 2559 2537
f 2537 2559 2560
f 2537 2560 2535
f 2535 2560 2561
f 2535 2561 2533
f 2533 2561 2562
f 2533 2562 2531
f 2531 2562 2563
f 2531 2563 2529
f 2529 2563 2564
f 2529 2564 2527
f 2527 2564 2565
f 2527 2565 2525
f 2525 2565 2566
f 2525 2566 2523
f 2523 2566 2567
f 2523 2567 2521
f 2521 2567 2568
f 2521 2568 2519
f 2519 2568 2569
f 2519 2569 2517
f 2517 2569 2570
f 2517 2570 2515
f 2515 2570 2571
f 2515 2571 2513
f 2513 2571 2572
f 2513 2572 2511
f 2511 2572 2573
f 2511 2573 2509
f 2509 2573 2574
f 2509 2574 2507
f 2507 2574 2575
f 2507 2575 2505
f 2505 2575 2576
f 2505 2576 2503
f 2503 2576 2577
f 2503 2577 2501
f 2501 2577 2578
f 2501 2578 2499
f 2499 2578 2579
f 2499 2579 2497
f 2497 2579 2580
f 2497 2580 2495
f 2495 2580 2581
f 2495 2581 2493
f 2493 2581 2582
f 2493 2582 2491
f 2491 2582 2583
f 2491 2583 2490
f 2490 2583 2584
f 2487 2488 2553
f 2553 2488 2585
f 2553 2585 2554
f 2554 2585 2586
f 2554 2586 2555
f 2555 2586 2587
f 2555 2587 2556
f 2556 2587 2588
f 2556 2588 2557
f 2557 2588 2589
f 2557 2589 2558
f 2558 2589 2590
f 2558 2590 2559
f 2559 2590 2591
f 2559 2591 2560
f 2560 2591 2592
f 2560 2592 2561
f 2561 2592 2593
f 2561 2593 2562
f 2562 2593 2594
f 2562 2594 2563
f 2563 2594 2595
f 2563 2595 2564
f 2564 2595 2596
f 2564 2596 2565
f 2565 2596 2597
f 2565 2597 2566
f 2566 2597 2598
f 2566 2598 2567
f 2567 2598 2599
f 2567 2599 2568
f 2568 2599 2600
f 2568 2600 2569
f 2569 2600 2601
f 2569 2601 2570
f 2570 2601 2602
f 2570 2602 2571
f 2571 2602 2603
f 2571 2603 2572
f 2572 2603 2604
f 2572 2604 2573
f 2573 2604 2605
f 2573 2605 2574
f 2574 2605 2606
f 2574 2606 2575
f 2575 2606 2607
f 2575 2607 2576
f 2576 2607 2608
f 2576 2608 2577
f 2577 2608 2609
f 2577 2609 2578
f 2578 2609 2610
f 2578 2610 2579
f 2579 2610 2611
f 2579 2611 2580
f 2580 2611 2612
f 2580 2612 2581
f 2581 2612 2613
f 2581 2613 2582
f 2582 2613 2614
f 2582 2614 2583
f 2583 2614 2615
f 2583 2615 2584
f 2584 2615 2616
f 2488 1559 2585
f 2585 1559 1538
f 2585 1538 2586
f 2586 1538 1537
f 2586 1537 2587
f 2587 1537 1536
f 2587 1536 2588
f 2588 1536 1540
f 2588 1540 2589
f 2589 1540 1542
f 2589 1542 2590
f 2590 1542 1543
f 2590 1543 2591
f 2591 1543 1544
f 2591 1544 2592
f 2592 1544 1545
f 2592 1545 2593
f 2593 1545 1546
f 2593 1546 2594
f 2594 1546 1548
f 2594 1548 2595
f 2595 1548 1550
f 2595 1550 2596
f 2596 1550 1609
f 2596 1609 2597
f 2597 1609 1608
f 2597 1608 2598
f 2598 1608 1615
f 2598 1615 2599
f 2599 1615 1616
f 2599 1616 2600
f 2600 1616 1617
f 2600 1617 2601
f 2601 1617 1618
f 2601 1618 2602
f 2602 1618 1619
f 2602 1619 2603
f 2603 1619 1610
f 2603 1610 2604
f 2604 1610 1612
f 2604 1612 2605
f 2605 1612 1613
f 2605 1613 2606
f 2606 1613 1564
f 2606 1564 2607
f 2607 1564 1563
f 2607 1563 2608
f 2608 1563 1579
f 2608 1579 2609
f 2609 1579 1580
f 2609 1580 2610
f 2610 1580 1581
f 2610 1581 2611
f 2611 1581 1583
f 2611 1583 2612
f 2612 1583 1590
f 2612 1590 2613
f 2613 1590 1589
f 2613 1589 2614
f 2614 1589 1587
f 2614 1587 2615
f 2615 1587 1585
f 2615 1585 2616
f 2616 1585 1535
f 2617 1571 1573
f 2617 1573 2618
f 2086 2619 1573
f 2086 2620 2619
f 2619 2620 2621
f 2619 2621 2083
f 1569 1571 2622
f 2622 1571 2617
f 2622 2617 2623
f 2623 2617 2618
f 2623 2618 2624
f 1567 1569 2625
f 2625 1569 2622
f 2625 2622 2626
f 2626 2622 2623
f 2626 2623 2627
f 2627 2623 2624
f 2186 2628 2490
f 2490 2628 2629
f 2490 2629 902
f 1535 1567 2616
f 2616 1567 2625
f 2616 2625 2584
f 2584 2625 2626
f 2584 2626 2490
f 2490 2626 2627
f 2490 2627 2186
f 2186 2627 2624
f 2186 2624 2185
f 2185 2624 2083
f 2083 2624 2619
f 2619 2624 2618
f 2619 2618 1573
f 2630 241 2631
f 2632 243 2633
f 2634 298 2635
f 2636 302 2637
f 2638 307 2639
f 2640 47 2641
f 2642 44 2643
f 2644 41 2645
f 2646 38 2647
f 2648 406 2649
f 2650 422 2651
f 2652 438 2653
f 2654 35 2655
f 2656 32 2657
f 2658 29 2659
f 2660 26 2661
f 2662 537 2663
f 2664 553 2665
f 2666 569 2667
f 2668 585 2669
f 2670 20 2671
f 2672 17 2673
f 2674 630 2675
f 2676 628 2677
f 2678 122 2679
f 2680 2681 2631
f 118 2682 2683
f 2684 2685 2686
f 2686 2685 2687
f 2686 2687 2688
f 2682 2689 2683
f 2683 2689 2690
f 2683 2690 2691
f 2692 114 2693
f 2693 114 2694
f 2695 2696 2697
f 2697 2696 2698
f 2697 2698 248
f 2695 2697 2699
f 2699 2697 2700
f 2699 2700 2701
f 2702 2703 2701
f 2701 2703 2704
f 2704 2705 2701
f 2701 2705 2706
f 2701 2706 2699
f 2707 2708 2709
f 2710 2711 2712
f 2712 2711 2707
f 2712 2707 2713
f 2713 2707 2709
f 2700 2714 2715
f 2714 2700 2716
f 2716 2700 2697
f 2716 2697 2717
f 2717 2697 248
f 2717 248 2718
f 2719 2720 2721
f 2721 2722 2719
f 2719 2722 2723
f 2719 2723 245
f 245 2723 2724
f 245 2724 2718
f 2718 2724 2725
f 2718 2725 2717
f 2726 2727 2728
f 2728 2727 2729
f 2730 2731 632
f 651 2726 650
f 650 2726 2728
f 650 2728 649
f 649 2728 2732
f 649 2732 647
f 647 2732 2733
f 647 2733 648
f 2685 2731 2687
f 2687 2731 2730
f 2687 2730 2734
f 2729 2735 2728
f 2728 2735 2681
f 2728 2681 2732
f 2732 2681 2680
f 2732 2680 2733
f 2711 2702 2707
f 2707 2702 2701
f 2707 2701 2708
f 2708 2701 2700
f 2708 2700 2736
f 2736 2700 2715
f 2694 118 2693
f 2693 118 2683
f 2693 2683 2734
f 2734 2683 2691
f 2734 2691 2687
f 2687 2691 2737
f 2687 2737 2688
f 639 640 2738
f 2738 640 2739
f 2738 2739 2740
f 2740 2739 2741
f 2740 2741 2742
f 2742 2741 2669
f 122 2692 2679
f 2679 2692 2693
f 2679 2693 2743
f 2743 2693 2734
f 2743 2734 2744
f 2744 2734 2730
f 2744 2730 631
f 631 2730 632
f 628 2678 2677
f 2677 2678 2679
f 2677 2679 2745
f 2745 2679 2743
f 2745 2743 2746
f 2746 2743 2744
f 2746 2744 636
f 636 2744 631
f 630 2676 2675
f 2675 2676 2677
f 2675 2677 2747
f 2747 2677 2745
f 2747 2745 2748
f 2748 2745 2746
f 2748 2746 635
f 635 2746 636
f 17 2674 2673
f 2673 2674 2675
f 2673 2675 2749
f 2749 2675 2747
f 2749 2747 2750
f 2750 2747 2748
f 2750 2748 634
f 634 2748 635
f 20 2672 2671
f 2671 2672 2673
f 2671 2673 2751
f 2751 2673 2749
f 2751 2749 2752
f 2752 2749 2750
f 2752 2750 637
f 637 2750 634
f 637 639 2752
f 2752 639 2738
f 2752 2738 2751
f 2751 2738 2740
f 2751 2740 2671
f 2671 2740 2742
f 2671 2742 2670
f 585 2753 2669
f 2669 2753 2754
f 2669 2754 2742
f 2742 2754 23
f 2742 23 2670
f 569 2668 2667
f 2667 2668 2669
f 2667 2669 2755
f 2755 2669 2741
f 2755 2741 2756
f 2756 2741 2739
f 2756 2739 644
f 644 2739 640
f 553 2666 2665
f 2665 2666 2667
f 2665 2667 2757
f 2757 2667 2755
f 2757 2755 2758
f 2758 2755 2756
f 2758 2756 646
f 646 2756 644
f 537 2664 2663
f 2663 2664 2665
f 2663 2665 2759
f 2759 2665 2757
f 2759 2757 2760
f 2760 2757 2758
f 2760 2758 645
f 645 2758 646
f 26 2662 2661
f 2661 2662 2663
f 2661 2663 2761
f 2761 2663 2759
f 2761 2759 2762
f 2762 2759 2760
f 2762 2760 662
f 662 2760 645
f 29 2660 2659
f 2659 2660 2661
f 2659 2661 2763
f 2763 2661 2761
f 2763 2761 2764
f 2764 2761 2762
f 2764 2762 663
f 663 2762 662
f 32 2658 2657
f 2657 2658 2659
f 2657 2659 2765
f 2765 2659 2763
f 2765 2763 2766
f 2766 2763 2764
f 2766 2764 664
f 664 2764 663
f 35 2656 2655
f 2655 2656 2657
f 2655 2657 2767
f 2767 2657 2765
f 2767 2765 2768
f 2768 2765 2766
f 2768 2766 665
f 665 2766 664
f 2769 454 2770
f 2770 454 2771
f 2771 2654 2770
f 2770 2654 2655
f 2770 2655 2772
f 2772 2655 2767
f 2772 2767 2773
f 2773 2767 2768
f 2773 2768 659
f 659 2768 665
f 438 2769 2653
f 2653 2769 2770
f 2653 2770 2774
f 2774 2770 2772
f 2774 2772 2775
f 2775 2772 2773
f 2775 2773 658
f 658 2773 659
f 422 2652 2651
f 2651 2652 2653
f 2651 2653 2776
f 2776 2653 2774
f 2776 2774 2777
f 2777 2774 2775
f 2777 2775 660
f 660 2775 658
f 406 2650 2649
f 2649 2650 2651
f 2649 2651 2778
f 2778 2651 2776
f 2778 2776 2779
f 2779 2776 2777
f 2779 2777 661
f 661 2777 660
f 38 2648 2647
f 2647 2648 2649
f 2647 2649 2780
f 2780 2649 2778
f 2780 2778 2781
f 2781 2778 2779
f 2781 2779 655
f 655 2779 661
f 41 2646 2645
f 2645 2646 2647
f 2645 2647 2782
f 2782 2647 2780
f 2782 2780 2783
f 2783 2780 2781
f 2783 2781 643
f 643 2781 655
f 44 2644 2643
f 2643 2644 2645
f 2643 2645 2784
f 2784 2645 2782
f 2784 2782 2785
f 2785 2782 2783
f 2785 2783 642
f 642 2783 643
f 47 2642 2641
f 2641 2642 2643
f 2641 2643 2786
f 2786 2643 2784
f 2786 2784 2787
f 2787 2784 2785
f 2787 2785 641
f 641 2785 642
f 2788 323 2789
f 2789 323 2790
f 2790 2640 2789
f 2789 2640 2641
f 2789 2641 2791
f 2791 2641 2786
f 2791 2786 2792
f 2792 2786 2787
f 2792 2787 656
f 656 2787 641
f 307 2788 2639
f 2639 2788 2789
f 2639 2789 2793
f 2793 2789 2791
f 2793 2791 2794
f 2794 2791 2792
f 2794 2792 657
f 657 2792 656
f 302 2638 2637
f 2637 2638 2639
f 2637 2639 2795
f 2795 2639 2793
f 2795 2793 2796
f 2796 2793 2794
f 2796 2794 654
f 654 2794 657
f 298 2636 2635
f 2635 2636 2637
f 2635 2637 2797
f 2797 2637 2795
f 2797 2795 2798
f 2798 2795 2796
f 2798 2796 653
f 653 2796 654
f 243 2634 2633
f 2633 2634 2635
f 2633 2635 2799
f 2799 2635 2797
f 2799 2797 2800
f 2800 2797 2798
f 2800 2798 652
f 652 2798 653
f 241 2632 2631
f 2631 2632 2633
f 2631 2633 2680
f 2680 2633 2799
f 2680 2799 2733
f 2733 2799 2800
f 2733 2800 648
f 648 2800 652
f 245 2630 2719
f 2719 2630 2631
f 2719 2631 2720
f 2720 2631 2681
f 2720 2681 2801
f 2801 2681 2735
f 2802 289 2803
f 2804 291 2805
f 2806 285 2807
f 2808 282 2809
f 2810 279 2811
f 2812 50 2813
f 2814 53 2815
f 2816 56 2817
f 2818 59 2819
f 2820 62 2821
f 2822 271 2823
f 2824 268 2825
f 2826 65 2827
f 2828 68 2829
f 2830 71 2831
f 2832 74 2833
f 2834 77 2835
f 2836 260 2837
f 2838 257 2839
f 2840 254 2841
f 2842 83 2843
f 2844 86 2845
f 2846 89 2847
f 2848 2849 2850
f 2851 177 2852
f 2853 2854 2855
f 2856 2857 2858
f 2858 2857 2859
f 2858 2859 2853
f 2860 2861 2862
f 106 2851 2863
f 2864 2865 2863
f 2863 2865 2866
f 2863 2866 106
f 2867 2868 2869
f 2868 2870 2869
f 2869 2870 2871
f 2869 2871 2872
f 2873 2874 2875
f 2876 2877 2878
f 2878 2877 2879
f 2880 2881 2882
f 2883 2884 2885
f 2885 2884 2886
f 2886 2887 2885
f 2885 2887 2888
f 2885 2888 2860
f 2860 2888 2889
f 2860 2889 2861
f 2861 2889 2890
f 2861 2890 188
f 188 2890 2891
f 188 2891 2892
f 2892 2891 2893
f 2892 2893 184
f 184 2893 2894
f 184 2894 2882
f 2882 2894 2895
f 2882 2895 2880
f 2862 2896 2860
f 2860 2896 2856
f 2860 2856 2885
f 2885 2856 2858
f 2885 2858 2883
f 2883 2858 2897
f 2883 2897 2898
f 2898 2897 2899
f 2900 2901 2902
f 699 2849 698
f 698 2849 2848
f 698 2848 697
f 2853 2855 2858
f 2858 2855 2900
f 2858 2900 2897
f 2897 2900 2902
f 2897 2902 2899
f 2852 2850 2903
f 2903 2850 2849
f 2903 2849 2904
f 2904 2849 699
f 2904 699 700
f 2864 2863 2872
f 2872 2863 2905
f 2872 2905 2869
f 2869 2905 2906
f 2869 2906 2907
f 2907 2906 694
f 2907 694 693
f 2867 2869 2908
f 2908 2869 2907
f 2908 2907 2909
f 2909 2907 693
f 2909 693 695
f 2910 2911 2878
f 673 675 2912
f 2912 675 2913
f 2912 2913 2914
f 2914 2913 2915
f 2914 2915 2916
f 2916 2915 2841
f 2851 2852 2863
f 2863 2852 2903
f 2863 2903 2905
f 2905 2903 2904
f 2905 2904 2906
f 2906 2904 700
f 2906 700 694
f 2876 2878 2881
f 2881 2878 2911
f 2881 2911 2882
f 2882 2911 2917
f 2882 2917 184
f 2918 250 2910
f 2910 250 2919
f 2910 2919 2911
f 2911 2919 189
f 2911 189 2917
f 89 2918 2847
f 2847 2918 2910
f 2847 2910 2920
f 2920 2910 2878
f 2920 2878 2873
f 2873 2878 2879
f 2873 2879 2874
f 86 2846 2845
f 2845 2846 2847
f 2845 2847 2921
f 2921 2847 2920
f 2921 2920 2922
f 2922 2920 2873
f 2922 2873 670
f 670 2873 2875
f 670 2875 669
f 83 2844 2843
f 2843 2844 2845
f 2843 2845 2923
f 2923 2845 2921
f 2923 2921 2924
f 2924 2921 2922
f 2924 2922 671
f 671 2922 670
f 671 673 2924
f 2924 673 2912
f 2924 2912 2923
f 2923 2912 2914
f 2923 2914 2843
f 2843 2914 2916
f 2843 2916 2842
f 254 2925 2841
f 2841 2925 2926
f 2841 2926 2916
f 2916 2926 80
f 2916 80 2842
f 257 2840 2839
f 2839 2840 2841
f 2839 2841 2927
f 2927 2841 2915
f 2927 2915 2928
f 2928 2915 2913
f 2928 2913 677
f 677 2913 675
f 260 2838 2837
f 2837 2838 2839
f 2837 2839 2929
f 2929 2839 2927
f 2929 2927 2930
f 2930 2927 2928
f 2930 2928 679
f 679 2928 677
f 77 2836 2835
f 2835 2836 2837
f 2835 2837 2931
f 2931 2837 2929
f 2931 2929 2932
f 2932 2929 2930
f 2932 2930 681
f 681 2930 679
f 74 2834 2833
f 2833 2834 2835
f 2833 2835 2933
f 2933 2835 2931
f 2933 2931 2934
f 2934 2931 2932
f 2934 2932 683
f 683 2932 681
f 71 2832 2831
f 2831 2832 2833
f 2831 2833 2935
f 2935 2833 2933
f 2935 2933 2936
f 2936 2933 2934
f 2936 2934 685
f 685 2934 683
f 68 2830 2829
f 2829 2830 2831
f 2829 2831 2937
f 2937 2831 2935
f 2937 2935 2938
f 2938 2935 2936
f 2938 2936 687
f 687 2936 685
f 65 2828 2827
f 2827 2828 2829
f 2827 2829 2939
f 2939 2829 2937
f 2939 2937 2940
f 2940 2937 2938
f 2940 2938 689
f 689 2938 687
f 2941 265 2942
f 2942 265 2943
f 2943 2826 2942
f 2942 2826 2827
f 2942 2827 2944
f 2944 2827 2939
f 2944 2939 2945
f 2945 2939 2940
f 2945 2940 691
f 691 2940 689
f 268 2941 2825
f 2825 2941 2942
f 2825 2942 2946
f 2946 2942 2944
f 2946 2944 2947
f 2947 2944 2945
f 2947 2945 692
f 692 2945 691
f 271 2824 2823
f 2823 2824 2825
f 2823 2825 2948
f 2948 2825 2946
f 2948 2946 2949
f 2949 2946 2947
f 2949 2947 690
f 690 2947 692
f 62 2822 2821
f 2821 2822 2823
f 2821 2823 2950
f 2950 2823 2948
f 2950 2948 2951
f 2951 2948 2949
f 2951 2949 688
f 688 2949 690
f 59 2820 2819
f 2819 2820 2821
f 2819 2821 2952
f 2952 2821 2950
f 2952 2950 2953
f 2953 2950 2951
f 2953 2951 686
f 686 2951 688
f 56 2818 2817
f 2817 2818 2819
f 2817 2819 2954
f 2954 2819 2952
f 2954 2952 2955
f 2955 2952 2953
f 2955 2953 684
f 684 2953 686
f 53 2816 2815
f 2815 2816 2817
f 2815 2817 2956
f 2956 2817 2954
f 2956 2954 2957
f 2957 2954 2955
f 2957 2955 682
f 682 2955 684
f 50 2814 2813
f 2813 2814 2815
f 2813 2815 2958
f 2958 2815 2956
f 2958 2956 2959
f 2959 2956 2957
f 2959 2957 680
f 680 2957 682
f 2960 276 2961
f 2961 276 2962
f 2962 2812 2961
f 2961 2812 2813
f 2961 2813 2963
f 2963 2813 2958
f 2963 2958 2964
f 2964 2958 2959
f 2964 2959 678
f 678 2959 680
f 279 2960 2811
f 2811 2960 2961
f 2811 2961 2965
f 2965 2961 2963
f 2965 2963 2966
f 2966 2963 2964
f 2966 2964 676
f 676 2964 678
f 282 2810 2809
f 2809 2810 2811
f 2809 2811 2967
f 2967 2811 2965
f 2967 2965 2968
f 2968 2965 2966
f 2968 2966 674
f 674 2966 676
f 285 2808 2807
f 2807 2808 2809
f 2807 2809 2969
f 2969 2809 2967
f 2969 2967 2970
f 2970 2967 2968
f 2970 2968 672
f 672 2968 674
f 291 2806 2805
f 2805 2806 2807
f 2805 2807 2971
f 2971 2807 2969
f 2971 2969 2972
f 2972 2969 2970
f 2972 2970 667
f 667 2970 672
f 289 2804 2803
f 2803 2804 2805
f 2803 2805 2973
f 2973 2805 2971
f 2973 2971 2974
f 2974 2971 2972
f 2974 2972 666
f 666 2972 667
f 177 2802 2852
f 2852 2802 2803
f 2852 2803 2850
f 2850 2803 2973
f 2850 2973 2848
f 2848 2973 2974
f 2848 2974 697
f 697 2974 666
f 2706 2705 2975
f 5 2976 2977
f 2978 2979 2980
f 2981 2982 2983
f 2983 2982 2984
f 2985 2986 2987
f 2987 248 2698
f 2986 2985 2988
f 2984 2989 2983
f 2983 2989 2990
f 2983 2990 2991
f 2987 2698 2985
f 2985 2698 2696
f 2985 2696 2695
f 2979 2981 2980
f 2980 2981 2983
f 2980 2983 2992
f 2992 2983 2991
f 2992 2991 2993
f 2990 2988 2991
f 2991 2988 2985
f 2991 2985 2993
f 2993 2985 2695
f 2993 2695 2699
f 2976 2978 2977
f 2977 2978 2980
f 2977 2980 2994
f 2994 2980 2992
f 2994 2992 2975
f 2975 2992 2993
f 2975 2993 2706
f 2706 2993 2699
f 6 5 2995
f 2995 5 2977
f 2995 2977 2996
f 2996 2977 2994
f 2996 2994 2997
f 2997 2994 2975
f 2997 2975 2704
f 2704 2975 2705
f 8 6 2998
f 2998 6 2995
f 2998 2995 2999
f 2999 2995 2996
f 2999 2996 3000
f 3000 2996 2997
f 3000 2997 2703
f 2703 2997 2704
f 3001 191 3002
f 3003 195 3004
f 3005 192 3006
f 102 101 3007
f 3008 211 3009
f 3010 221 3011
f 3012 228 3013
f 235 234 3014
f 232 231 3015
f 3016 95 3017
f 3018 237 3019
f 3020 3021 3022
f 3023 3024 3025
f 3026 3027 3020
f 3028 3029 3030
f 3031 3024 3032
f 3032 3024 3023
f 3032 3023 3033
f 3027 3034 3020
f 3020 3034 3035
f 3020 3035 3021
f 3036 3037 3038
f 3038 3037 2990
f 3038 2990 2989
f 3039 3025 3040
f 3040 3025 3024
f 3040 3024 3041
f 3041 3024 3031
f 3041 3031 3028
f 3042 3043 3044
f 3044 3043 3045
f 3044 3045 3046
f 3046 3045 3047
f 3046 3047 3048
f 2987 2986 3037
f 3037 2986 2988
f 3037 2988 2990
f 3019 3049 3036
f 3050 3051 3052
f 3052 3051 3053
f 3052 3053 3054
f 3054 3053 3055
f 3054 3055 3013
f 3013 3055 3056
f 3051 3057 3053
f 3053 3057 3058
f 3053 3058 3055
f 3055 3058 3059
f 3055 3059 3056
f 3056 3059 3060
f 3057 3061 3058
f 3058 3061 3062
f 3058 3062 3059
f 3059 3062 3063
f 3059 3063 3060
f 3060 3063 3064
f 3060 3064 98
f 98 3064 3065
f 3066 3067 3068
f 3069 209 3070
f 3070 209 3066
f 3070 3066 3071
f 3071 3066 3068
f 3071 3068 3072
f 3073 3042 3074
f 3074 3042 3044
f 3074 3044 3075
f 3075 3044 3046
f 3075 3046 3076
f 3076 3046 3048
f 3043 3026 3045
f 3045 3026 3020
f 3045 3020 3047
f 3047 3020 3022
f 3047 3022 3048
f 3048 3022 3077
f 3048 3077 3078
f 3036 3049 3037
f 3037 3049 3079
f 3037 3079 2987
f 2987 3079 3080
f 2987 3080 248
f 237 3081 3019
f 3019 3081 3082
f 3019 3082 3049
f 3049 3082 92
f 3049 92 3079
f 3079 92 244
f 3079 244 3080
f 95 3018 3017
f 3017 3018 3019
f 3017 3019 3083
f 3083 3019 3036
f 3083 3036 3084
f 3084 3036 3038
f 3084 3038 3085
f 3085 3038 2989
f 3085 2989 2984
f 231 3016 3015
f 3015 3016 3017
f 3015 3017 3086
f 3086 3017 3083
f 3086 3083 3087
f 3087 3083 3084
f 3087 3084 3088
f 3088 3084 3085
f 234 232 3014
f 3014 232 3015
f 3014 3015 3089
f 3089 3015 3086
f 3089 3086 3090
f 3090 3086 3087
f 3090 3087 3091
f 3091 3087 3088
f 228 235 3013
f 3013 235 3014
f 3013 3014 3054
f 3054 3014 3089
f 3054 3089 3052
f 3052 3089 3090
f 3052 3090 3050
f 3050 3090 3091
f 98 222 3060
f 3060 222 3092
f 3060 3092 3056
f 3056 3092 225
f 3056 225 3013
f 3013 225 3093
f 3013 3093 3012
f 221 3065 3011
f 3011 3065 3064
f 3011 3064 3094
f 3094 3064 3063
f 3094 3063 3095
f 3095 3063 3062
f 3095 3062 3096
f 3096 3062 3061
f 218 3010 3039
f 3039 3010 3011
f 3039 3011 3025
f 3025 3011 3094
f 3025 3094 3023
f 3023 3094 3095
f 3023 3095 3033
f 3033 3095 3096
f 3097 215 3098
f 3028 3030 3041
f 3041 3030 3099
f 3041 3099 3040
f 3040 3099 3097
f 3040 3097 3039
f 3039 3097 3098
f 3039 3098 218
f 3029 3072 3030
f 3030 3072 3068
f 3030 3068 3099
f 3099 3068 3067
f 3099 3067 3097
f 3097 3067 3100
f 3097 3100 215
f 209 207 3066
f 3066 207 3101
f 3066 3101 3067
f 3067 3101 212
f 3067 212 3100
f 211 3069 3009
f 3009 3069 3070
f 3009 3070 3102
f 3102 3070 3071
f 3102 3071 3103
f 3103 3071 3072
f 3103 3072 3104
f 3104 3072 3029
f 200 198 3105
f 3105 198 3106
f 3106 3008 3105
f 3105 3008 3009
f 3105 3009 3107
f 3107 3009 3102
f 3107 3102 3108
f 3108 3102 3103
f 3108 3103 3109
f 3109 3103 3104
f 101 200 3007
f 3007 200 3105
f 3007 3105 3110
f 3110 3105 3107
f 3110 3107 3111
f 3111 3107 3108
f 3111 3108 3112
f 3112 3108 3109
f 192 102 3006
f 3006 102 3007
f 3006 3007 3113
f 3113 3007 3110
f 3113 3110 3114
f 3114 3110 3111
f 3114 3111 3115
f 3115 3111 3112
f 195 3005 3004
f 3004 3005 3006
f 3004 3006 3116
f 3116 3006 3113
f 3116 3113 3117
f 3117 3113 3114
f 3117 3114 3118
f 3118 3114 3115
f 191 3003 3002
f 3002 3003 3004
f 3002 3004 3119
f 3119 3004 3116
f 3119 3116 3120
f 3120 3116 3117
f 3120 3117 3121
f 3121 3117 3118
f 3076 183 3122
f 3122 3001 3076
f 3076 3001 3002
f 3076 3002 3075
f 3075 3002 3119
f 3075 3119 3074
f 3074 3119 3120
f 3074 3120 3073
f 3073 3120 3121
f 183 3076 185
f 185 3076 3048
f 185 3048 3123
f 3123 3048 3078
f 3123 3078 188
f 3124 3125 3126
f 12 10 3127
f 12 3127 3128
f 3129 3130 3131
f 3034 3130 3035
f 3035 3130 3129
f 3035 3129 3021
f 3077 3022 3132
f 3022 3021 3132
f 3132 3021 3129
f 3132 3129 3133
f 3133 3129 3131
f 3133 3131 3134
f 3078 3077 3135
f 3135 3077 3132
f 3135 3132 3136
f 3136 3132 3133
f 3136 3133 3137
f 3137 3133 3134
f 3137 3134 3138
f 3137 3124 3136
f 3136 3124 3126
f 3136 3126 3135
f 3135 3126 2862
f 3135 2862 3078
f 3078 2862 2861
f 3078 2861 188
f 2859 2857 3125
f 3125 2857 2856
f 3125 2856 3126
f 3126 2856 2896
f 3126 2896 2862
f 2853 2859 3139
f 3139 2859 3125
f 3139 3125 3140
f 3140 3125 3124
f 3140 3124 3127
f 3127 3124 3137
f 3127 3137 3128
f 3128 3137 3138
f 2854 2853 3141
f 3141 2853 3139
f 3141 3139 3142
f 3142 3139 3140
f 3142 3140 3143
f 3143 3140 3127
f 3143 3127 9
f 9 3127 10
f 2871 2870 3144
f 1 3145 3146
f 3147 3148 3149
f 3150 3151 3152
f 3152 3151 3153
f 106 2866 3154
f 3154 2866 3155
f 3156 3155 3157
f 3153 3158 3152
f 3152 3158 3159
f 3152 3159 3160
f 3155 2866 3157
f 3157 2866 2865
f 3157 2865 2864
f 3148 3150 3149
f 3149 3150 3152
f 3149 3152 3161
f 3161 3152 3160
f 3161 3160 3162
f 3159 3156 3160
f 3160 3156 3157
f 3160 3157 3162
f 3162 3157 2864
f 3162 2864 2872
f 3145 3147 3146
f 3146 3147 3149
f 3146 3149 3163
f 3163 3149 3161
f 3163 3161 3144
f 3144 3161 3162
f 3144 3162 2871
f 2871 3162 2872
f 2 1 3164
f 3164 1 3146
f 3164 3146 3165
f 3165 3146 3163
f 3165 3163 3166
f 3166 3163 3144
f 3166 3144 2868
f 2868 3144 2870
f 4 2 3167
f 3167 2 3164
f 3167 3164 3168
f 3168 3164 3165
f 3168 3165 3169
f 3169 3165 3166
f 3169 3166 2867
f 2867 3166 2868
f 3170 120 3171
f 3172 123 3173
f 3174 134 3175
f 133 131 3176
f 3177 144 3178
f 3179 151 3180
f 3181 154 3182
f 3183 162 3184
f 161 165 3185
f 167 168 3186
f 3187 171 3188
f 3189 174 3190
f 3191 3192 3193
f 3194 3195 3196
f 3197 3198 3191
f 3199 3195 3200
f 3200 3195 3194
f 3200 3194 3201
f 3198 3202 3191
f 3191 3202 3203
f 3191 3203 3192
f 3204 3205 3206
f 3206 3205 3159
f 3206 3159 3158
f 3207 3196 3208
f 3208 3196 3195
f 3208 3195 3209
f 3209 3195 3199
f 3209 3199 3210
f 3211 3212 3213
f 3213 3212 3214
f 3213 3214 3215
f 3215 3214 3216
f 3215 3216 3217
f 3154 3155 3205
f 3205 3155 3156
f 3205 3156 3159
f 3190 3218 3204
f 3219 3220 3221
f 3221 3220 3222
f 3221 3222 3223
f 3223 3222 3224
f 3223 3224 3225
f 3225 3224 3226
f 3220 3227 3222
f 3222 3227 3228
f 3222 3228 3224
f 3224 3228 3229
f 3224 3229 3226
f 3226 3229 3230
f 3226 3230 107
f 107 3230 3231
f 3232 3233 3234
f 3235 142 3236
f 3236 142 3232
f 3236 3232 3237
f 3237 3232 3234
f 3237 3234 3238
f 3239 3211 3240
f 3240 3211 3213
f 3240 3213 3241
f 3241 3213 3215
f 3241 3215 3242
f 3242 3215 3217
f 3212 3197 3214
f 3214 3197 3191
f 3214 3191 3216
f 3216 3191 3193
f 3216 3193 3217
f 3217 3193 3243
f 3217 3243 3244
f 3204 3218 3205
f 3205 3218 3245
f 3205 3245 3154
f 3154 3245 3246
f 3154 3246 106
f 174 3247 3190
f 3190 3247 3248
f 3190 3248 3218
f 3218 3248 287
f 3218 287 3245
f 3245 287 178
f 3245 178 3246
f 171 3189 3188
f 3188 3189 3190
f 3188 3190 3249
f 3249 3190 3204
f 3249 3204 3250
f 3250 3204 3206
f 3250 3206 3251
f 3251 3206 3158
f 3251 3158 3153
f 168 3187 3186
f 3186 3187 3188
f 3186 3188 3252
f 3252 3188 3249
f 3252 3249 3253
f 3253 3249 3250
f 3253 3250 3254
f 3254 3250 3251
f 165 167 3185
f 3185 167 3186
f 3185 3186 3255
f 3255 3186 3252
f 3255 3252 3256
f 3256 3252 3253
f 3256 3253 3257
f 3257 3253 3254
f 162 161 3184
f 3184 161 3185
f 3184 3185 3258
f 3258 3185 3255
f 3258 3255 3259
f 3259 3255 3256
f 3259 3256 3260
f 3260 3256 3257
f 3261 3183 3225
f 3225 3183 3184
f 3225 3184 3223
f 3223 3184 3258
f 3223 3258 3221
f 3221 3258 3259
f 3221 3259 3219
f 3219 3259 3260
f 107 155 3226
f 3226 155 3262
f 3226 3262 3225
f 3225 3262 158
f 3225 158 3261
f 154 3231 3182
f 3182 3231 3230
f 3182 3230 3263
f 3263 3230 3229
f 3263 3229 3264
f 3264 3229 3228
f 3264 3228 3265
f 3265 3228 3227
f 151 3181 3180
f 3180 3181 3182
f 3180 3182 3266
f 3266 3182 3263
f 3266 3263 3267
f 3267 3263 3264
f 3267 3264 3268
f 3268 3264 3265
f 148 3179 3207
f 3207 3179 3180
f 3207 3180 3196
f 3196 3180 3266
f 3196 3266 3194
f 3194 3266 3267
f 3194 3267 3201
f 3201 3267 3268
f 3210 3238 3209
f 3209 3238 3234
f 3209 3234 3208
f 3208 3234 3233
f 3208 3233 3207
f 3207 3233 3269
f 3207 3269 148
f 142 140 3232
f 3232 140 3270
f 3232 3270 3233
f 3233 3270 145
f 3233 145 3269
f 144 3235 3178
f 3178 3235 3236
f 3178 3236 3271
f 3271 3236 3237
f 3271 3237 3272
f 3272 3237 3238
f 3272 3238 3273
f 3273 3238 3210
f 129 127 3274
f 3274 127 3275
f 3275 3177 3274
f 3274 3177 3178
f 3274 3178 3276
f 3276 3178 3271
f 3276 3271 3277
f 3277 3271 3272
f 3277 3272 3278
f 3278 3272 3273
f 131 129 3176
f 3176 129 3274
f 3176 3274 3279
f 3279 3274 3276
f 3279 3276 3280
f 3280 3276 3277
f 3280 3277 3281
f 3281 3277 3278
f 134 133 3175
f 3175 133 3176
f 3175 3176 3282
f 3282 3176 3279
f 3282 3279 3283
f 3283 3279 3280
f 3283 3280 3284
f 3284 3280 3281
f 123 3174 3173
f 3173 3174 3175
f 3173 3175 3285
f 3285 3175 3282
f 3285 3282 3286
f 3286 3282 3283
f 3286 3283 3287
f 3287 3283 3284
f 120 3172 3171
f 3171 3172 3173
f 3171 3173 3288
f 3288 3173 3285
f 3288 3285 3289
f 3289 3285 3286
f 3289 3286 3290
f 3290 3286 3287
f 3242 113 3291
f 3291 3170 3242
f 3242 3170 3171
f 3242 3171 3241
f 3241 3171 3288
f 3241 3288 3240
f 3240 3288 3289
f 3240 3289 3239
f 3239 3289 3290
f 113 3242 115
f 115 3242 3217
f 115 3217 3292
f 3292 3217 3244
f 3292 3244 118
f 3293 3294 3295
f 16 14 3296
f 16 3296 3297
f 3298 3299 3300
f 3202 3299 3203
f 3203 3299 3298
f 3203 3298 3192
f 3243 3193 3301
f 3193 3192 3301
f 3301 3192 3298
f 3301 3298 3302
f 3302 3298 3300
f 3302 3300 3303
f 3244 3243 3304
f 3304 3243 3301
f 3304 3301 3305
f 3305 3301 3302
f 3305 3302 3306
f 3306 3302 3303
f 3306 3303 3307
f 3306 3293 3305
f 3305 3293 3295
f 3305 3295 3304
f 3304 3295 2689
f 3304 2689 3244
f 3244 2689 2682
f 3244 2682 118
f 2688 2737 3294
f 3294 2737 2691
f 3294 2691 3295
f 3295 2691 2690
f 3295 2690 2689
f 2686 2688 3308
f 3308 2688 3294
f 3308 3294 3309
f 3309 3294 3293
f 3309 3293 3296
f 3296 3293 3306
f 3296 3306 3297
f 3297 3306 3307
f 2684 2686 3310
f 3310 2686 3308
f 3310 3308 3311
f 3311 3308 3309
f 3311 3309 3312
f 3312 3309 3296
f 3312 3296 13
f 13 3296 14
f 7 3313 5
f 5 3313 3314
f 3314 3313 3315
f 3315 3313 3316
f 3315 3316 3317
f 3317 3316 3318
f 3318 3316 3319
f 3318 3319 3320
f 3320 3319 3321
f 3320 3321 3322
f 3322 3321 3323
f 3323 3321 3324
f 3323 3324 3325
f 3325 3324 3326
f 3326 3324 3327
f 3326 3327 3328
f 3328 3327 3329
f 3328 3329 3330
f 3330 3329 3331
f 3331 3329 3332
f 3331 3332 3333
f 3333 3332 3334
f 3334 3332 3335
f 3334 3335 3336
f 3336 3335 2001
f 3336 2001 2000
f 3337 3338 3339
f 3340 3341 3339
f 3342 3343 3344
f 3345 3346 3347
f 2982 2981 3348
f 3349 3350 3348
f 3348 3350 3351
f 3348 3351 2982
f 2982 3351 3352
f 2982 3352 2984
f 3346 3353 3347
f 3347 3353 3354
f 3347 3354 3349
f 3349 3354 3355
f 3349 3355 3350
f 3356 3357 3358
f 3358 3357 3359
f 2039 2040 3340
f 2981 2979 3348
f 3348 2979 3360
f 3348 3360 3349
f 3349 3360 3361
f 3349 3361 3347
f 3362 3363 3344
f 3344 3363 3358
f 3344 3358 3342
f 3342 3358 3359
f 5 3314 2976
f 2976 3314 3360
f 2976 3360 2978
f 2978 3360 2979
f 3320 3322 3361
f 3361 3322 3362
f 3361 3362 3347
f 3347 3362 3344
f 3347 3344 3345
f 3345 3344 3343
f 3314 3315 3360
f 3360 3315 3317
f 3360 3317 3361
f 3361 3317 3318
f 3361 3318 3320
f 3322 3323 3362
f 3362 3323 3325
f 3362 3325 3363
f 3363 3325 3326
f 3363 3326 3328
f 3328 3330 3363
f 3363 3330 3337
f 3363 3337 3358
f 3358 3337 3339
f 3358 3339 3356
f 3356 3339 3341
f 3330 3331 3337
f 3337 3331 3333
f 3337 3333 3338
f 3338 3333 3334
f 3338 3334 3336
f 3340 3339 2039
f 2039 3339 3338
f 2039 3338 2038
f 2038 3338 3336
f 2038 3336 2000
f 3364 3365 3366
f 3351 3350 3367
f 3368 3369 3370
f 3355 3354 3371
f 3372 3373 3374
f 3346 3345 3375
f 3376 3377 3378
f 3343 3342 3379
f 3380 3381 3382
f 3357 3356 3383
f 3384 3385 3386
f 3341 3340 3387
f 2034 3388 2030
f 2030 3388 3389
f 2030 3389 2031
f 2031 3389 3390
f 2031 3390 2022
f 2022 3390 3391
f 2022 3391 2020
f 2020 3391 3392
f 2020 3392 2004
f 2004 3392 3393
f 2004 3393 2005
f 2005 3393 3394
f 2005 3394 2047
f 2047 3394 3395
f 2047 3395 2048
f 2048 3395 3396
f 2048 3396 2049
f 2049 3396 3397
f 2049 3397 2045
f 2045 3397 3398
f 2045 3398 2046
f 2046 3398 3399
f 2046 3399 2025
f 2025 3399 3400
f 2025 3400 2027
f 2027 3400 3401
f 2027 3401 2028
f 2028 3401 3402
f 2028 3402 2017
f 2017 3402 3403
f 2017 3403 2018
f 2018 3403 3404
f 2018 3404 2014
f 2014 3404 3405
f 2014 3405 2015
f 2015 3405 3406
f 2015 3406 2011
f 2011 3406 3407
f 2011 3407 2012
f 2012 3407 3408
f 2012 3408 2006
f 2006 3408 3409
f 2006 3409 2007
f 2007 3409 3410
f 2007 3410 2043
f 2043 3410 3411
f 2043 3411 2042
f 2042 3411 3387
f 2042 3387 2040
f 2040 3387 3340
f 3388 3384 3389
f 3389 3384 3386
f 3389 3386 3390
f 3390 3386 3412
f 3390 3412 3391
f 3391 3412 3413
f 3391 3413 3392
f 3392 3413 3414
f 3392 3414 3393
f 3393 3414 3415
f 3393 3415 3394
f 3394 3415 3416
f 3394 3416 3395
f 3395 3416 3417
f 3395 3417 3396
f 3396 3417 3418
f 3396 3418 3397
f 3397 3418 3419
f 3397 3419 3398
f 3398 3419 3420
f 3398 3420 3399
f 3399 3420 3421
f 3399 3421 3400
f 3400 3421 3422
f 3400 3422 3401
f 3401 3422 3423
f 3401 3423 3402
f 3402 3423 3424
f 3402 3424 3403
f 3403 3424 3425
f 3403 3425 3404
f 3404 3425 3426
f 3404 3426 3405
f 3405 3426 3427
f 3405 3427 3406
f 3406 3427 3428
f 3406 3428 3407
f 3407 3428 3429
f 3407 3429 3408
f 3408 3429 3430
f 3408 3430 3409
f 3409 3430 3431
f 3409 3431 3410
f 3410 3431 3432
f 3410 3432 3411
f 3411 3432 3433
f 3411 3433 3387
f 3387 3433 3383
f 3387 3383 3341
f 3341 3383 3356
f 3385 3380 3386
f 3386 3380 3382
f 3386 3382 3412
f 3412 3382 3434
f 3412 3434 3413
f 3413 3434 3435
f 3413 3435 3414
f 3414 3435 3436
f 3414 3436 3415
f 3415 3436 3437
f 3415 3437 3416
f 3416 3437 3438
f 3416 3438 3417
f 3417 3438 3439
f 3417 3439 3418
f 3418 3439 3440
f 3418 3440 3419
f 3419 3440 3441
f 3419 3441 3420
f 3420 3441 3442
f 3420 3442 3421
f 3421 3442 3443
f 3421 3443 3422
f 3422 3443 3444
f 3422 3444 3423
f 3423 3444 3445
f 3423 3445 3424
f 3424 3445 3446
f 3424 3446 3425
f 3425 3446 3447
f 3425 3447 3426
f 3426 3447 3448
f 3426 3448 3427
f 3427 3448 3449
f 3427 3449 3428
f 3428 3449 3450
f 3428 3450 3429
f 3429 3450 3451
f 3429 3451 3430
f 3430 3451 3452
f 3430 3452 3431
f 3431 3452 3453
f 3431 3453 3432
f 3432 3453 3454
f 3432 3454 3433
f 3433 3454 3455
f 3433 3455 3383
f 3383 3455 3456
f 3383 3456 3357
f 3357 3456 3359
f 3381 3457 3382
f 3382 3457 3458
f 3382 3458 3434
f 3434 3458 3459
f 3434 3459 3435
f 3435 3459 3460
f 3435 3460 3436
f 3436 3460 3461
f 3436 3461 3437
f 3437 3461 3462
f 3437 3462 3438
f 3438 3462 3463
f 3438 3463 3439
f 3439 3463 3464
f 3439 3464 3440
f 3440 3464 3465
f 3440 3465 3441
f 3441 3465 3466
f 3441 3466 3442
f 3442 3466 3467
f 3442 3467 3443
f 3443 3467 3468
f 3443 3468 3444
f 3444 3468 3469
f 3444 3469 3445
f 3445 3469 3470
f 3445 3470 3446
f 3446 3470 3471
f 3446 3471 3447
f 3447 3471 3472
f 3447 3472 3448
f 3448 3472 3473
f 3448 3473 3449
f 3449 3473 3474
f 3449 3474 3450
f 3450 3474 3475
f 3450 3475 3451
f 3451 3475 3476
f 3451 3476 3452
f 3452 3476 3477
f 3452 3477 3453
f 3453 3477 3478
f 3453 3478 3454
f 3454 3478 3479
f 3454 3479 3455
f 3455 3479 3480
f 3455 3480 3456
f 3456 3480 3379
f 3456 3379 3359
f 3359 3379 3342
f 3457 3376 3458
f 3458 3376 3378
f 3458 3378 3459
f 3459 3378 3481
f 3459 3481 3460
f 3460 3481 3482
f 3460 3482 3461
f 3461 3482 3483
f 3461 3483 3462
f 3462 3483 3484
f 3462 3484 3463
f 3463 3484 3485
f 3463 3485 3464
f 3464 3485 3486
f 3464 3486 3465
f 3465 3486 3487
f 3465 3487 3466
f 3466 3487 3488
f 3466 3488 3467
f 3467 3488 3489
f 3467 3489 3468
f 3468 3489 3490
f 3468 3490 3469
f 3469 3490 3491
f 3469 3491 3470
f 3470 3491 3492
f 3470 3492 3471
f 3471 3492 3493
f 3471 3493 3472
f 3472 3493 3494
f 3472 3494 3473
f 3473 3494 3495
f 3473 3495 3474
f 3474 3495 3496
f 3474 3496 3475
f 3475 3496 3497
f 3475 3497 3476
f 3476 3497 3498
f 3476 3498 3477
f 3477 3498 3499
f 3477 3499 3478
f 3478 3499 3500
f 3478 3500 3479
f 3479 3500 3501
f 3479 3501 3480
f 3480 3501 3502
f 3480 3502 3379
f 3379 3502 3375
f 3379 3375 3343
f 3343 3375 3345
f 3377 3372 3378
f 3378 3372 3374
f 3378 3374 3481
f 3481 3374 3503
f 3481 3503 3482
f 3482 3503 3504
f 3482 3504 3483
f 3483 3504 3505
f 3483 3505 3484
f 3484 3505 3506
f 3484 3506 3485
f 3485 3506 3507
f 3485 3507 3486
f 3486 3507 3508
f 3486 3508 3487
f 3487 3508 3509
f 3487 3509 3488
f 3488 3509 3510
f 3488 3510 3489
f 3489 3510 3511
f 3489 3511 3490
f 3490 3511 3512
f 3490 3512 3491
f 3491 3512 3513
f 3491 3513 3492
f 3492 3513 3514
f 3492 3514 3493
f 3493 3514 3515
f 3493 3515 3494
f 3494 3515 3516
f 3494 3516 3495
f 3495 3516 3517
f 3495 3517 3496
f 3496 3517 3518
f 3496 3518 3497
f 3497 3518 3519
f 3497 3519 3498
f 3498 3519 3520
f 3498 3520 3499
f 3499 3520 3521
f 3499 3521 3500
f 3500 3521 3522
f 3500 3522 3501
f 3501 3522 3523
f 3501 3523 3502
f 3502 3523 3524
f 3502 3524 3375
f 3375 3524 3525
f 3375 3525 3346
f 3346 3525 3353
f 3373 3526 3374
f 3374 3526 3527
f 3374 3527 3503
f 3503 3527 3528
f 3503 3528 3504
f 3504 3528 3529
f 3504 3529 3505
f 3505 3529 3530
f 3505 3530 3506
f 3506 3530 3531
f 3506 3531 3507
f 3507 3531 3532
f 3507 3532 3508
f 3508 3532 3533
f 3508 3533 3509
f 3509 3533 3534
f 3509 3534 3510
f 3510 3534 3535
f 3510 3535 3511
f 3511 3535 3536
f 3511 3536 3512
f 3512 3536 3537
f 3512 3537 3513
f 3513 3537 3538
f 3513 3538 3514
f 3514 3538 3539
f 3514 3539 3515
f 3515 3539 3540
f 3515 3540 3516
f 3516 3540 3541
f 3516 3541 3517
f 3517 3541 3542
f 3517 3542 3518
f 3518 3542 3543
f 3518 3543 3519
f 3519 3543 3544
f 3519 3544 3520
f 3520 3544 3545
f 3520 3545 3521
f 3521 3545 3546
f 3521 3546 3522
f 3522 3546 3547
f 3522 3547 3523
f 3523 3547 3548
f 3523 3548 3524
f 3524 3548 3549
f 3524 3549 3525
f 3525 3549 3371
f 3525 3371 3353
f 3353 3371 3354
f 3526 3368 3527
f 3527 3368 3370
f 3527 3370 3528
f 3528 3370 3550
f 3528 3550 3529
f 3529 3550 3551
f 3529 3551 3530
f 3530 3551 3552
f 3530 3552 3531
f 3531 3552 3553
f 3531 3553 3532
f 3532 3553 3554
f 3532 3554 3533
f 3533 3554 3555
f 3533 3555 3534
f 3534 3555 3556
f 3534 3556 3535
f 3535 3556 3557
f 3535 3557 3536
f 3536 3557 3558
f 3536 3558 3537
f 3537 3558 3559
f 3537 3559 3538
f 3538 3559 3560
f 3538 3560 3539
f 3539 3560 3561
f 3539 3561 3540
f 3540 3561 3562
f 3540 3562 3541
f 3541 3562 3563
f 3541 3563 3542
f 3542 3563 3564
f 3542 3564 3543
f 3543 3564 3565
f 3543 3565 3544
f 3544 3565 3566
f 3544 3566 3545
f 3545 3566 3567
f 3545 3567 3546
f 3546 3567 3568
f 3546 3568 3547
f 3547 3568 3569
f 3547 3569 3548
f 3548 3569 3570
f 3548 3570 3549
f 3549 3570 3571
f 3549 3571 3371
f 3371 3571 3367
f 3371 3367 3355
f 3355 3367 3350
f 3369 3364 3370
f 3370 3364 3366
f 3370 3366 3550
f 3550 3366 3572
f 3550 3572 3551
f 3551 3572 3573
f 3551 3573 3552
f 3552 3573 3574
f 3552 3574 3553
f 3553 3574 3575
f 3553 3575 3554
f 3554 3575 3576
f 3554 3576 3555
f 3555 3576 3577
f 3555 3577 3556
f 3556 3577 3578
f 3556 3578 3557
f 3557 3578 3579
f 3557 3579 3558
f 3558 3579 3580
f 3558 3580 3559
f 3559 3580 3581
f 3559 3581 3560
f 3560 3581 3582
f 3560 3582 3561
f 3561 3582 3583
f 3561 3583 3562
f 3562 3583 3584
f 3562 3584 3563
f 3563 3584 3585
f 3563 3585 3564
f 3564 3585 3586
f 3564 3586 3565
f 3565 3586 3587
f 3565 3587 3566
f 3566 3587 3588
f 3566 3588 3567
f 3567 3588 3589
f 3567 3589 3568
f 3568 3589 3590
f 3568 3590 3569
f 3569 3590 3591
f 3569 3591 3570
f 3570 3591 3592
f 3570 3592 3571
f 3571 3592 3593
f 3571 3593 3367
f 3367 3593 3594
f 3367 3594 3351
f 3351 3594 3352
f 3365 3034 3366
f 3366 3034 3027
f 3366 3027 3572
f 3572 3027 3026
f 3572 3026 3573
f 3573 3026 3043
f 3573 3043 3574
f 3574 3043 3042
f 3574 3042 3575
f 3575 3042 3073
f 3575 3073 3576
f 3576 3073 3121
f 3576 3121 3577
f 3577 3121 3118
f 3577 3118 3578
f 3578 3118 3115
f 3578 3115 3579
f 3579 3115 3112
f 3579 3112 3580
f 3580 3112 3109
f 3580 3109 3581
f 3581 3109 3104
f 3581 3104 3582
f 3582 3104 3029
f 3582 3029 3583
f 3583 3029 3028
f 3583 3028 3584
f 3584 3028 3031
f 3584 3031 3585
f 3585 3031 3032
f 3585 3032 3586
f 3586 3032 3033
f 3586 3033 3587
f 3587 3033 3096
f 3587 3096 3588
f 3588 3096 3061
f 3588 3061 3589
f 3589 3061 3057
f 3589 3057 3590
f 3590 3057 3051
f 3590 3051 3591
f 3591 3051 3050
f 3591 3050 3592
f 3592 3050 3091
f 3592 3091 3593
f 3593 3091 3088
f 3593 3088 3594
f 3594 3088 3085
f 3594 3085 3352
f 3352 3085 2984
f 3595 3596 3597
f 3365 3364 3598
f 3373 3372 3599
f 3381 3380 3600
f 3385 3384 3601
f 3601 3384 3388
f 3377 3376 3602
f 3602 3376 3457
f 3369 3368 3603
f 3603 3368 3526
f 3598 3131 3365
f 3365 3131 3130
f 3365 3130 3034
f 2050 3601 2033
f 2033 3601 3388
f 2033 3388 2034
f 3604 3605 3600
f 3600 3605 3602
f 3600 3602 3381
f 3381 3602 3457
f 3606 3607 3599
f 3599 3607 3603
f 3599 3603 3373
f 3373 3603 3526
f 3128 3138 3608
f 3608 3138 3134
f 2051 3609 2050
f 2050 3609 3604
f 2050 3604 3601
f 3601 3604 3600
f 3601 3600 3385
f 3385 3600 3380
f 3609 3610 3604
f 3604 3610 3611
f 3604 3611 3605
f 3605 3611 3612
f 3605 3612 3613
f 3613 3614 3605
f 3605 3614 3606
f 3605 3606 3602
f 3602 3606 3599
f 3602 3599 3377
f 3377 3599 3372
f 3615 3595 3607
f 3607 3595 3597
f 3607 3597 3603
f 3603 3597 3598
f 3603 3598 3369
f 3369 3598 3364
f 3614 3616 3606
f 3606 3616 3617
f 3606 3617 3607
f 3607 3617 3618
f 3607 3618 3615
f 3596 3619 3597
f 3597 3619 3608
f 3597 3608 3598
f 3598 3608 3134
f 3598 3134 3131
f 12 3128 3620
f 3620 3128 3608
f 3620 3608 3621
f 3621 3608 3619
f 11 12 3620
f 11 3620 3622
f 3622 3620 3621
f 3622 3621 3623
f 3621 3619 3623
f 3623 3619 3596
f 3623 3596 3624
f 3596 3595 3624
f 3624 3595 3615
f 3624 3615 3625
f 3625 3615 3618
f 3625 3618 3626
f 3618 3617 3626
f 3626 3617 3616
f 3626 3616 3627
f 3616 3614 3627
f 3627 3614 3613
f 3627 3613 3628
f 3628 3613 3612
f 3628 3612 3629
f 3612 3611 3629
f 3629 3611 3610
f 3629 3610 3630
f 3610 3609 3630
f 3630 3609 2051
f 3630 2051 2052
f 3 3631 1
f 1 3631 3632
f 3632 3631 3633
f 3633 3631 3634
f 3633 3634 3635
f 3635 3634 3636
f 3636 3634 3637
f 3636 3637 3638
f 3638 3637 3639
f 3638 3639 3640
f 3640 3639 3641
f 3641 3639 3642
f 3641 3642 3643
f 3643 3642 3644
f 3644 3642 3645
f 3644 3645 3646
f 3646 3645 3647
f 3646 3647 3648
f 3648 3647 3649
f 3649 3647 3650
f 3649 3650 3651
f 3651 3650 3652
f 3652 3650 3653
f 3652 3653 3654
f 3654 3653 1943
f 3654 1943 1942
f 3655 3656 3657
f 3658 3659 3657
f 3660 3661 3662
f 3663 3664 3665
f 3150 3666 3151
f 3151 3666 3667
f 3151 3667 3153
f 3668 3669 3666
f 3666 3669 3670
f 3666 3670 3667
f 3664 3671 3665
f 3665 3671 3672
f 3665 3672 3668
f 3668 3672 3673
f 3668 3673 3669
f 3674 3675 3676
f 3676 3675 3677
f 1981 1982 3658
f 3150 3148 3666
f 3666 3148 3678
f 3666 3678 3668
f 3668 3678 3679
f 3668 3679 3665
f 3680 3681 3662
f 3662 3681 3676
f 3662 3676 3660
f 3660 3676 3677
f 1 3632 3145
f 3145 3632 3678
f 3145 3678 3147
f 3147 3678 3148
f 3638 3640 3679
f 3679 3640 3680
f 3679 3680 3665
f 3665 3680 3662
f 3665 3662 3663
f 3663 3662 3661
f 3632 3633 3678
f 3678 3633 3635
f 3678 3635 3679
f 3679 3635 3636
f 3679 3636 3638
f 3640 3641 3680
f 3680 3641 3643
f 3680 3643 3681
f 3681 3643 3644
f 3681 3644 3646
f 3646 3648 3681
f 3681 3648 3655
f 3681 3655 3676
f 3676 3655 3657
f 3676 3657 3674
f 3674 3657 3659
f 3648 3649 3655
f 3655 3649 3651
f 3655 3651 3656
f 3656 3651 3652
f 3656 3652 3654
f 3658 3657 1981
f 1981 3657 3656
f 1981 3656 1980
f 1980 3656 3654
f 1980 3654 1942
f 3682 3683 3684
f 3670 3669 3685
f 3686 3687 3688
f 3673 3672 3689
f 3690 3691 3692
f 3664 3663 3693
f 3694 3695 3696
f 3661 3660 3697
f 3698 3699 3700
f 3675 3674 3701
f 3702 3703 3704
f 3659 3658 3705
f 1991 3706 1987
f 1987 3706 3707
f 1987 3707 1988
f 1988 3707 3708
f 1988 3708 1976
f 1976 3708 3709
f 1976 3709 1974
f 1974 3709 3710
f 1974 3710 1973
f 1973 3710 3711
f 1973 3711 1971
f 1971 3711 3712
f 1971 3712 1964
f 1964 3712 3713
f 1964 3713 1962
f 1962 3713 3714
f 1962 3714 1953
f 1953 3714 3715
f 1953 3715 1954
f 1954 3715 3716
f 1954 3716 1966
f 1966 3716 3717
f 1966 3717 1967
f 1967 3717 3718
f 1967 3718 1969
f 1969 3718 3719
f 1969 3719 1970
f 1970 3719 3720
f 1970 3720 1959
f 1959 3720 3721
f 1959 3721 1960
f 1960 3721 3722
f 1960 3722 1956
f 1956 3722 3723
f 1956 3723 1957
f 1957 3723 3724
f 1957 3724 1950
f 1950 3724 3725
f 1950 3725 1951
f 1951 3725 3726
f 1951 3726 1945
f 1945 3726 3727
f 1945 3727 1946
f 1946 3727 3728
f 1946 3728 1985
f 1985 3728 3729
f 1985 3729 1984
f 1984 3729 3705
f 1984 3705 1982
f 1982 3705 3658
f 3706 3702 3707
f 3707 3702 3704
f 3707 3704 3708
f 3708 3704 3730
f 3708 3730 3709
f 3709 3730 3731
f 3709 3731 3710
f 3710 3731 3732
f 3710 3732 3711
f 3711 3732 3733
f 3711 3733 3712
f 3712 3733 3734
f 3712 3734 3713
f 3713 3734 3735
f 3713 3735 3714
f 3714 3735 3736
f 3714 3736 3715
f 3715 3736 3737
f 3715 3737 3716
f 3716 3737 3738
f 3716 3738 3717
f 3717 3738 3739
f 3717 3739 3718
f 3718 3739 3740
f 3718 3740 3719
f 3719 3740 3741
f 3719 3741 3720
f 3720 3741 3742
f 3720 3742 3721
f 3721 3742 3743
f 3721 3743 3722
f 3722 3743 3744
f 3722 3744 3723
f 3723 3744 3745
f 3723 3745 3724
f 3724 3745 3746
f 3724 3746 3725
f 3725 3746 3747
f 3725 3747 3726
f 3726 3747 3748
f 3726 3748 3727
f 3727 3748 3749
f 3727 3749 3728
f 3728 3749 3750
f 3728 3750 3729
f 3729 3750 3751
f 3729 3751 3705
f 3705 3751 3701
f 3705 3701 3659
f 3659 3701 3674
f 3703 3698 3704
f 3704 3698 3700
f 3704 3700 3730
f 3730 3700 3752
f 3730 3752 3731
f 3731 3752 3753
f 3731 3753 3732
f 3732 3753 3754
f 3732 3754 3733
f 3733 3754 3755
f 3733 3755 3734
f 3734 3755 3756
f 3734 3756 3735
f 3735 3756 3757
f 3735 3757 3736
f 3736 3757 3758
f 3736 3758 3737
f 3737 3758 3759
f 3737 3759 3738
f 3738 3759 3760
f 3738 3760 3739
f 3739 3760 3761
f 3739 3761 3740
f 3740 3761 3762
f 3740 3762 3741
f 3741 3762 3763
f 3741 3763 3742
f 3742 3763 3764
f 3742 3764 3743
f 3743 3764 3765
f 3743 3765 3744
f 3744 3765 3766
f 3744 3766 3745
f 3745 3766 3767
f 3745 3767 3746
f 3746 3767 3768
f 3746 3768 3747
f 3747 3768 3769
f 3747 3769 3748
f 3748 3769 3770
f 3748 3770 3749
f 3749 3770 3771
f 3749 3771 3750
f 3750 3771 3772
f 3750 3772 3751
f 3751 3772 3773
f 3751 3773 3701
f 3701 3773 3774
f 3701 3774 3675
f 3675 3774 3677
f 3699 3775 3700
f 3700 3775 3776
f 3700 3776 3752
f 3752 3776 3777
f 3752 3777 3753
f 3753 3777 3778
f 3753 3778 3754
f 3754 3778 3779
f 3754 3779 3755
f 3755 3779 3780
f 3755 3780 3756
f 3756 3780 3781
f 3756 3781 3757
f 3757 3781 3782
f 3757 3782 3758
f 3758 3782 3783
f 3758 3783 3759
f 3759 3783 3784
f 3759 3784 3760
f 3760 3784 3785
f 3760 3785 3761
f 3761 3785 3786
f 3761 3786 3762
f 3762 3786 3787
f 3762 3787 3763
f 3763 3787 3788
f 3763 3788 3764
f 3764 3788 3789
f 3764 3789 3765
f 3765 3789 3790
f 3765 3790 3766
f 3766 3790 3791
f 3766 3791 3767
f 3767 3791 3792
f 3767 3792 3768
f 3768 3792 3793
f 3768 3793 3769
f 3769 3793 3794
f 3769 3794 3770
f 3770 3794 3795
f 3770 3795 3771
f 3771 3795 3796
f 3771 3796 3772
f 3772 3796 3797
f 3772 3797 3773
f 3773 3797 3798
f 3773 3798 3774
f 3774 3798 3697
f 3774 3697 3677
f 3677 3697 3660
f 3775 3694 3776
f 3776 3694 3696
f 3776 3696 3777
f 3777 3696 3799
f 3777 3799 3778
f 3778 3799 3800
f 3778 3800 3779
f 3779 3800 3801
f 3779 3801 3780
f 3780 3801 3802
f 3780 3802 3781
f 3781 3802 3803
f 3781 3803 3782
f 3782 3803 3804
f 3782 3804 3783
f 3783 3804 3805
f 3783 3805 3784
f 3784 3805 3806
f 3784 3806 3785
f 3785 3806 3807
f 3785 3807 3786
f 3786 3807 3808
f 3786 3808 3787
f 3787 3808 3809
f 3787 3809 3788
f 3788 3809 3810
f 3788 3810 3789
f 3789 3810 3811
f 3789 3811 3790
f 3790 3811 3812
f 3790 3812 3791
f 3791 3812 3813
f 3791 3813 3792
f 3792 3813 3814
f 3792 3814 3793
f 3793 3814 3815
f 3793 3815 3794
f 3794 3815 3816
f 3794 3816 3795
f 3795 3816 3817
f 3795 3817 3796
f 3796 3817 3818
f 3796 3818 3797
f 3797 3818 3819
f 3797 3819 3798
f 3798 3819 3820
f 3798 3820 3697
f 3697 3820 3693
f 3697 3693 3661
f 3661 3693 3663
f 3695 3690 3696
f 3696 3690 3692
f 3696 3692 3799
f 3799 3692 3821
f 3799 3821 3800
f 3800 3821 3822
f 3800 3822 3801
f 3801 3822 3823
f 3801 3823 3802
f 3802 3823 3824
f 3802 3824 3803
f 3803 3824 3825
f 3803 3825 3804
f 3804 3825 3826
f 3804 3826 3805
f 3805 3826 3827
f 3805 3827 3806
f 3806 3827 3828
f 3806 3828 3807
f 3807 3828 3829
f 3807 3829 3808
f 3808 3829 3830
f 3808 3830 3809
f 3809 3830 3831
f 3809 3831 3810
f 3810 3831 3832
f 3810 3832 3811
f 3811 3832 3833
f 3811 3833 3812
f 3812 3833 3834
f 3812 3834 3813
f 3813 3834 3835
f 3813 3835 3814
f 3814 3835 3836
f 3814 3836 3815
f 3815 3836 3837
f 3815 3837 3816
f 3816 3837 3838
f 3816 3838 3817
f 3817 3838 3839
f 3817 3839 3818
f 3818 3839 3840
f 3818 3840 3819
f 3819 3840 3841
f 3819 3841 3820
f 3820 3841 3842
f 3820 3842 3693
f 3693 3842 3843
f 3693 3843 3664
f 3664 3843 3671
f 3691 3844 3692
f 3692 3844 3845
f 3692 3845 3821
f 3821 3845 3846
f 3821 3846 3822
f 3822 3846 3847
f 3822 3847 3823
f 3823 3847 3848
f 3823 3848 3824
f 3824 3848 3849
f 3824 3849 3825
f 3825 3849 3850
f 3825 3850 3826
f 3826 3850 3851
f 3826 3851 3827
f 3827 3851 3852
f 3827 3852 3828
f 3828 3852 3853
f 3828 3853 3829
f 3829 3853 3854
f 3829 3854 3830
f 3830 3854 3855
f 3830 3855 3831
f 3831 3855 3856
f 3831 3856 3832
f 3832 3856 3857
f 3832 3857 3833
f 3833 3857 3858
f 3833 3858 3834
f 3834 3858 3859
f 3834 3859 3835
f 3835 3859 3860
f 3835 3860 3836
f 3836 3860 3861
f 3836 3861 3837
f 3837 3861 3862
f 3837 3862 3838
f 3838 3862 3863
f 3838 3863 3839
f 3839 3863 3864
f 3839 3864 3840
f 3840 3864 3865
f 3840 3865 3841
f 3841 3865 3866
f 3841 3866 3842
f 3842 3866 3867
f 3842 3867 3843
f 3843 3867 3689
f 3843 3689 3671
f 3671 3689 3672
f 3844 3686 3845
f 3845 3686 3688
f 3845 3688 3846
f 3846 3688 3868
f 3846 3868 3847
f 3847 3868 3869
f 3847 3869 3848
f 3848 3869 3870
f 3848 3870 3849
f 3849 3870 3871
f 3849 3871 3850
f 3850 3871 3872
f 3850 3872 3851
f 3851 3872 3873
f 3851 3873 3852
f 3852 3873 3874
f 3852 3874 3853
f 3853 3874 3875
f 3853 3875 3854
f 3854 3875 3876
f 3854 3876 3855
f 3855 3876 3877
f 3855 3877 3856
f 3856 3877 3878
f 3856 3878 3857
f 3857 3878 3879
f 3857 3879 3858
f 3858 3879 3880
f 3858 3880 3859
f 3859 3880 3881
f 3859 3881 3860
f 3860 3881 3882
f 3860 3882 3861
f 3861 3882 3883
f 3861 3883 3862
f 3862 3883 3884
f 3862 3884 3863
f 3863 3884 3885
f 3863 3885 3864
f 3864 3885 3886
f 3864 3886 3865
f 3865 3886 3887
f 3865 3887 3866
f 3866 3887 3888
f 3866 3888 3867
f 3867 3888 3889
f 3867 3889 3689
f 3689 3889 3685
f 3689 3685 3673
f 3673 3685 3669
f 3687 3682 3688
f 3688 3682 3684
f 3688 3684 3868
f 3868 3684 3890
f 3868 3890 3869
f 3869 3890 3891
f 3869 3891 3870
f 3870 3891 3892
f 3870 3892 3871
f 3871 3892 3893
f 3871 3893 3872
f 3872 3893 3894
f 3872 3894 3873
f 3873 3894 3895
f 3873 3895 3874
f 3874 3895 3896
f 3874 3896 3875
f 3875 3896 3897
f 3875 3897 3876
f 3876 3897 3898
f 3876 3898 3877
f 3877 3898 3899
f 3877 3899 3878
f 3878 3899 3900
f 3878 3900 3879
f 3879 3900 3901
f 3879 3901 3880
f 3880 3901 3902
f 3880 3902 3881
f 3881 3902 3903
f 3881 3903 3882
f 3882 3903 3904
f 3882 3904 3883
f 3883 3904 3905
f 3883 3905 3884
f 3884 3905 3906
f 3884 3906 3885
f 3885 3906 3907
f 3885 3907 3886
f 3886 3907 3908
f 3886 3908 3887
f 3887 3908 3909
f 3887 3909 3888
f 3888 3909 3910
f 3888 3910 3889
f 3889 3910 3911
f 3889 3911 3685
f 3685 3911 3912
f 3685 3912 3670
f 3670 3912 3667
f 3683 3202 3684
f 3684 3202 3198
f 3684 3198 3890
f 3890 3198 3197
f 3890 3197 3891
f 3891 3197 3212
f 3891 3212 3892
f 3892 3212 3211
f 3892 3211 3893
f 3893 3211 3239
f 3893 3239 3894
f 3894 3239 3290
f 3894 3290 3895
f 3895 3290 3287
f 3895 3287 3896
f 3896 3287 3284
f 3896 3284 3897
f 3897 3284 3281
f 3897 3281 3898
f 3898 3281 3278
f 3898 3278 3899
f 3899 3278 3273
f 3899 3273 3900
f 3900 3273 3210
f 3900 3210 3901
f 3901 3210 3199
f 3901 3199 3902
f 3902 3199 3200
f 3902 3200 3903
f 3903 3200 3201
f 3903 3201 3904
f 3904 3201 3268
f 3904 3268 3905
f 3905 3268 3265
f 3905 3265 3906
f 3906 3265 3227
f 3906 3227 3907
f 3907 3227 3220
f 3907 3220 3908
f 3908 3220 3219
f 3908 3219 3909
f 3909 3219 3260
f 3909 3260 3910
f 3910 3260 3257
f 3910 3257 3911
f 3911 3257 3254
f 3911 3254 3912
f 3912 3254 3251
f 3912 3251 3667
f 3667 3251 3153
f 3913 3914 3915
f 3683 3682 3916
f 3691 3690 3917
f 3699 3698 3918
f 3703 3702 3919
f 3919 3702 3706
f 3695 3694 3920
f 3920 3694 3775
f 3687 3686 3921
f 3921 3686 3844
f 3916 3300 3683
f 3683 3300 3299
f 3683 3299 3202
f 1997 3919 1990
f 1990 3919 3706
f 1990 3706 1991
f 3922 3923 3918
f 3918 3923 3920
f 3918 3920 3699
f 3699 3920 3775
f 3924 3925 3917
f 3917 3925 3921
f 3917 3921 3691
f 3691 3921 3844
f 3297 3307 3926
f 3926 3307 3303
f 1998 3927 1997
f 1997 3927 3922
f 1997 3922 3919
f 3919 3922 3918
f 3919 3918 3703
f 3703 3918 3698
f 3928 3929 3923
f 3923 3929 3924
f 3923 3924 3920
f 3920 3924 3917
f 3920 3917 3695
f 3695 3917 3690
f 3927 3930 3922
f 3922 3930 3931
f 3922 3931 3923
f 3923 3931 3932
f 3923 3932 3928
f 3929 3933 3924
f 3924 3933 3934
f 3924 3934 3925
f 3925 3934 3935
f 3925 3935 3936
f 3936 3913 3925
f 3925 3913 3915
f 3925 3915 3921
f 3921 3915 3916
f 3921 3916 3687
f 3687 3916 3682
f 3914 3937 3915
f 3915 3937 3926
f 3915 3926 3916
f 3916 3926 3303
f 3916 3303 3300
f 16 3297 3938
f 3938 3297 3926
f 3938 3926 3939
f 3939 3926 3937
f 15 16 3938
f 15 3938 3940
f 3940 3938 3939
f 3940 3939 3941
f 3939 3937 3941
f 3941 3937 3914
f 3941 3914 3942
f 3914 3913 3942
f 3942 3913 3936
f 3942 3936 3943
f 3943 3936 3935
f 3943 3935 3944
f 3935 3934 3944
f 3944 3934 3933
f 3944 3933 3945
f 3933 3929 3945
f 3945 3929 3928
f 3945 3928 3946
f 3946 3928 3932
f 3946 3932 3947
f 3932 3931 3947
f 3947 3931 3930
f 3947 3930 3948
f 3930 3927 3948
f 3948 3927 1998
f 3948 1998 1994
f 1710 1708 3949
f 1686 1684 3950
f 1662 1660 3951
f 3952 3953 3954
f 1771 1773 3955
f 1769 1771 3956
f 3957 3958 1752
f 1762 3953 1748
f 1748 3953 3952
f 1748 3952 1746
f 3959 3954 3960
f 3960 3954 3953
f 3960 3953 3961
f 3961 3953 1762
f 3961 1762 1761
f 3962 3959 3963
f 3963 3959 3960
f 3963 3960 3964
f 3964 3960 3961
f 3964 3961 3965
f 3965 3961 1761
f 3965 1761 1765
f 3966 3962 3967
f 3967 3962 3963
f 3967 3963 3968
f 3968 3963 3964
f 3968 3964 3969
f 3969 3964 3965
f 3969 3965 3970
f 3970 3965 1765
f 3970 1765 1764
f 3971 3972 3973
f 3974 3966 3975
f 3975 3966 3967
f 3975 3967 3976
f 3976 3967 3968
f 3976 3968 3977
f 3977 3968 3969
f 3977 3969 3978
f 3978 3969 3970
f 3978 3970 3979
f 3979 3970 1764
f 3979 1764 1781
f 3980 3974 3981
f 3981 3974 3975
f 3981 3975 3982
f 3982 3975 3976
f 3982 3976 3983
f 3983 3976 3977
f 3983 3977 3984
f 3984 3977 3978
f 3984 3978 3985
f 3985 3978 3979
f 3985 3979 3986
f 3986 3979 1781
f 3986 1781 1780
f 3987 3980 3988
f 3988 3980 3981
f 3988 3981 3989
f 3989 3981 3982
f 3989 3982 3990
f 3990 3982 3983
f 3990 3983 3991
f 3991 3983 3984
f 3991 3984 3992
f 3992 3984 3985
f 3992 3985 3993
f 3993 3985 3986
f 3993 3986 3994
f 3994 3986 1780
f 3994 1780 1779
f 3995 3987 3996
f 3996 3987 3988
f 3996 3988 3997
f 3997 3988 3989
f 3997 3989 3998
f 3998 3989 3990
f 3998 3990 3999
f 3999 3990 3991
f 3999 3991 4000
f 4000 3991 3992
f 4000 3992 4001
f 4001 3992 3993
f 4001 3993 4002
f 4002 3993 3994
f 4002 3994 4003
f 4003 3994 1779
f 4003 1779 1769
f 4004 4005 4006
f 1648 1646 4007
f 4007 1646 4004
f 4007 4004 4008
f 4008 4004 4006
f 4008 4006 4009
f 4010 4011 4012
f 4012 4011 4013
f 4012 4013 4014
f 4014 4013 4015
f 4014 4015 4016
f 4016 4015 4017
f 4016 4017 4018
f 4018 4017 3971
f 4018 3971 4019
f 4019 3971 3973
f 4019 3973 4020
f 1658 1656 4021
f 4021 1656 4010
f 4021 4010 4022
f 4022 4010 4012
f 4022 4012 4023
f 4023 4012 4014
f 4023 4014 4024
f 4024 4014 4016
f 4024 4016 4025
f 4025 4016 4018
f 4025 4018 4026
f 4026 4018 4019
f 4026 4019 4027
f 4027 4019 4020
f 4027 4020 4028
f 1752 1750 3957
f 3957 1750 4029
f 3957 4029 4030
f 4030 4029 4031
f 4030 4031 4032
f 4032 4031 4033
f 4032 4033 4034
f 4034 4033 4035
f 4034 4035 4036
f 4036 4035 4037
f 4036 4037 4038
f 4038 4037 4039
f 4038 4039 4040
f 4040 4039 4041
f 4040 4041 4042
f 4042 4041 4043
f 4042 4043 4044
f 4044 4043 4045
f 1750 1749 4029
f 4029 1749 4046
f 4029 4046 4031
f 4031 4046 4047
f 4031 4047 4033
f 4033 4047 4048
f 4033 4048 4035
f 4035 4048 4049
f 4035 4049 4037
f 4037 4049 4050
f 4037 4050 4039
f 4039 4050 4051
f 4039 4051 4041
f 4041 4051 4052
f 4041 4052 4043
f 4043 4052 4053
f 4043 4053 4045
f 4045 4053 4054
f 4045 4054 1670
f 1670 4054 1672
f 1729 1727 4055
f 4055 1727 4056
f 4055 4056 4057
f 4057 4056 4058
f 4057 4058 4059
f 4059 4058 4060
f 4059 4060 4061
f 4061 4060 4062
f 4061 4062 4063
f 4063 4062 4064
f 4063 4064 4065
f 4065 4064 4066
f 4065 4066 4067
f 4067 4066 4068
f 4067 4068 4069
f 4069 4068 4070
f 4069 4070 4071
f 4071 4070 4072
f 1727 1726 4056
f 4056 1726 4073
f 4056 4073 4058
f 4058 4073 4074
f 4058 4074 4060
f 4060 4074 4075
f 4060 4075 4062
f 4062 4075 4076
f 4062 4076 4064
f 4064 4076 4077
f 4064 4077 4066
f 4066 4077 4078
f 4066 4078 4068
f 4068 4078 4079
f 4068 4079 4070
f 4070 4079 4080
f 4070 4080 4072
f 4072 4080 4081
f 4072 4081 1680
f 1680 4081 1682
f 1733 1734 4082
f 4082 1734 4083
f 4082 4083 4084
f 4084 4083 4085
f 4084 4085 4086
f 4086 4085 4087
f 4086 4087 4088
f 4088 4087 4089
f 4088 4089 4090
f 4090 4089 4091
f 4090 4091 4092
f 4092 4091 4093
f 4092 4093 4094
f 4094 4093 4095
f 4094 4095 4096
f 4096 4095 4097
f 4096 4097 4098
f 4098 4097 4099
f 1734 1736 4083
f 4083 1736 4100
f 4083 4100 4085
f 4085 4100 4101
f 4085 4101 4087
f 4087 4101 4102
f 4087 4102 4089
f 4089 4102 4103
f 4089 4103 4091
f 4091 4103 4104
f 4091 4104 4093
f 4093 4104 4105
f 4093 4105 4095
f 4095 4105 4106
f 4095 4106 4097
f 4097 4106 4107
f 4097 4107 4099
f 4099 4107 4108
f 4099 4108 1694
f 1694 4108 1696
f 1754 1755 4109
f 4109 1755 4110
f 4109 4110 4111
f 4111 4110 4112
f 4111 4112 4113
f 4113 4112 4114
f 4113 4114 4115
f 4115 4114 4116
f 4115 4116 4117
f 4117 4116 4118
f 4117 4118 4119
f 4119 4118 4120
f 4119 4120 4121
f 4121 4120 4122
f 4121 4122 4123
f 4123 4122 4124
f 4123 4124 4125
f 4125 4124 4126
f 1755 1756 4110
f 4110 1756 4127
f 4110 4127 4112
f 4112 4127 4128
f 4112 4128 4114
f 4114 4128 4129
f 4114 4129 4116
f 4116 4129 4130
f 4116 4130 4118
f 4118 4130 4131
f 4118 4131 4120
f 4120 4131 4132
f 4120 4132 4122
f 4122 4132 4133
f 4122 4133 4124
f 4124 4133 4134
f 4124 4134 4126
f 4126 4134 4135
f 4126 4135 1704
f 1704 4135 1706
f 1759 1738 4136
f 4136 1738 4137
f 4136 4137 4138
f 4138 4137 4139
f 4138 4139 4140
f 4140 4139 4141
f 4140 4141 4142
f 4142 4141 4143
f 4142 4143 4144
f 4144 4143 4145
f 4144 4145 4146
f 4146 4145 4147
f 4146 4147 4148
f 4148 4147 4149
f 4148 4149 4150
f 4150 4149 4151
f 4150 4151 4152
f 4152 4151 4153
f 1738 1737 4137
f 4137 1737 4154
f 4137 4154 4139
f 4139 4154 4155
f 4139 4155 4141
f 4141 4155 4156
f 4141 4156 4143
f 4143 4156 4157
f 4143 4157 4145
f 4145 4157 4158
f 4145 4158 4147
f 4147 4158 4159
f 4147 4159 4149
f 4149 4159 4160
f 4149 4160 4151
f 4151 4160 4161
f 4151 4161 4153
f 4153 4161 4162
f 4153 4162 1718
f 1718 4162 1720
f 1741 1743 4163
f 4163 1743 4164
f 4163 4164 4165
f 4165 4164 4166
f 4165 4166 4167
f 4167 4166 4168
f 4167 4168 4169
f 4169 4168 4170
f 4169 4170 4171
f 4171 4170 4172
f 4171 4172 4173
f 4173 4172 4174
f 4173 4174 4175
f 4175 4174 4176
f 4175 4176 4177
f 4177 4176 4178
f 4177 4178 4179
f 4179 4178 4180
f 1743 1745 4164
f 4164 1745 4181
f 4164 4181 4166
f 4166 4181 4182
f 4166 4182 4168
f 4168 4182 4183
f 4168 4183 4170
f 4170 4183 4184
f 4170 4184 4172
f 4172 4184 4185
f 4172 4185 4174
f 4174 4185 4186
f 4174 4186 4176
f 4176 4186 4187
f 4176 4187 4178
f 4178 4187 4188
f 4178 4188 4180
f 4180 4188 4189
f 4180 4189 1632
f 1632 4189 1629
f 3972 4190 4191
f 4191 4190 4192
f 4191 4192 4193
f 4193 4192 4194
f 4193 4194 4195
f 4195 4194 4196
f 4195 4196 4197
f 4197 4196 1636
f 4197 1636 1634
f 4190 4009 4192
f 4192 4009 4006
f 4192 4006 4194
f 4194 4006 4005
f 4194 4005 4196
f 4196 4005 1638
f 4196 1638 1636
f 1646 1644 4004
f 4004 1644 1642
f 4004 1642 4005
f 4005 1642 1640
f 4005 1640 1638
f 3972 3971 4190
f 4190 3971 4017
f 4190 4017 4009
f 4009 4017 4015
f 4009 4015 4008
f 4008 4015 4013
f 4008 4013 4007
f 4007 4013 4011
f 4007 4011 1648
f 1656 1654 4010
f 4010 1654 1652
f 4010 1652 4011
f 4011 1652 1650
f 4011 1650 1648
f 1660 1658 3951
f 3951 1658 4021
f 3951 4021 4198
f 4198 4021 4022
f 4198 4022 4199
f 4199 4022 4023
f 4199 4023 4200
f 4200 4023 4024
f 4200 4024 4201
f 4201 4024 4025
f 4201 4025 4202
f 4202 4025 4026
f 4202 4026 4203
f 4203 4026 4027
f 4203 4027 4204
f 4204 4027 4028
f 4204 4028 3958
f 3958 3957 4204
f 4204 3957 4030
f 4204 4030 4203
f 4203 4030 4032
f 4203 4032 4202
f 4202 4032 4034
f 4202 4034 4201
f 4201 4034 4036
f 4201 4036 4200
f 4200 4036 4038
f 4200 4038 4199
f 4199 4038 4040
f 4199 4040 4198
f 4198 4040 4042
f 4198 4042 3951
f 3951 4042 4044
f 3951 4044 1662
f 1670 1668 4045
f 4045 1668 1666
f 4045 1666 4044
f 4044 1666 1664
f 4044 1664 1662
f 1749 1729 4046
f 4046 1729 4055
f 4046 4055 4047
f 4047 4055 4057
f 4047 4057 4048
f 4048 4057 4059
f 4048 4059 4049
f 4049 4059 4061
f 4049 4061 4050
f 4050 4061 4063
f 4050 4063 4051
f 4051 4063 4065
f 4051 4065 4052
f 4052 4065 4067
f 4052 4067 4053
f 4053 4067 4069
f 4053 4069 4054
f 4054 4069 4071
f 4054 4071 1672
f 1680 1678 4072
f 4072 1678 1676
f 4072 1676 4071
f 4071 1676 1674
f 4071 1674 1672
f 1684 1682 3950
f 3950 1682 4081
f 3950 4081 4205
f 4205 4081 4080
f 4205 4080 4206
f 4206 4080 4079
f 4206 4079 4207
f 4207 4079 4078
f 4207 4078 4208
f 4208 4078 4077
f 4208 4077 4209
f 4209 4077 4076
f 4209 4076 4210
f 4210 4076 4075
f 4210 4075 4211
f 4211 4075 4074
f 4211 4074 4212
f 4212 4074 4073
f 4212 4073 1731
f 1731 4073 1726
f 1731 1733 4212
f 4212 1733 4082
f 4212 4082 4211
f 4211 4082 4084
f 4211 4084 4210
f 4210 4084 4086
f 4210 4086 4209
f 4209 4086 4088
f 4209 4088 4208
f 4208 4088 4090
f 4208 4090 4207
f 4207 4090 4092
f 4207 4092 4206
f 4206 4092 4094
f 4206 4094 4205
f 4205 4094 4096
f 4205 4096 3950
f 3950 4096 4098
f 3950 4098 1686
f 1694 1692 4099
f 4099 1692 1690
f 4099 1690 4098
f 4098 1690 1688
f 4098 1688 1686
f 1736 1754 4100
f 4100 1754 4109
f 4100 4109 4101
f 4101 4109 4111
f 4101 4111 4102
f 4102 4111 4113
f 4102 4113 4103
f 4103 4113 4115
f 4103 4115 4104
f 4104 4115 4117
f 4104 4117 4105
f 4105 4117 4119
f 4105 4119 4106
f 4106 4119 4121
f 4106 4121 4107
f 4107 4121 4123
f 4107 4123 4108
f 4108 4123 4125
f 4108 4125 1696
f 1704 1702 4126
f 4126 1702 1700
f 4126 1700 4125
f 4125 1700 1698
f 4125 1698 1696
f 1708 1706 3949
f 3949 1706 4135
f 3949 4135 4213
f 4213 4135 4134
f 4213 4134 4214
f 4214 4134 4133
f 4214 4133 4215
f 4215 4133 4132
f 4215 4132 4216
f 4216 4132 4131
f 4216 4131 4217
f 4217 4131 4130
f 4217 4130 4218
f 4218 4130 4129
f 4218 4129 4219
f 4219 4129 4128
f 4219 4128 4220
f 4220 4128 4127
f 4220 4127 1758
f 1758 4127 1756
f 1758 1759 4220
f 4220 1759 4136
f 4220 4136 4219
f 4219 4136 4138
f 4219 4138 4218
f 4218 4138 4140
f 4218 4140 4217
f 4217 4140 4142
f 4217 4142 4216
f 4216 4142 4144
f 4216 4144 4215
f 4215 4144 4146
f 4215 4146 4214
f 4214 4146 4148
f 4214 4148 4213
f 4213 4148 4150
f 4213 4150 3949
f 3949 4150 4152
f 3949 4152 1710
f 1718 1716 4153
f 4153 1716 1714
f 4153 1714 4152
f 4152 1714 1712
f 4152 1712 1710
f 1737 1741 4154
f 4154 1741 4163
f 4154 4163 4155
f 4155 4163 4165
f 4155 4165 4156
f 4156 4165 4167
f 4156 4167 4157
f 4157 4167 4169
f 4157 4169 4158
f 4158 4169 4171
f 4158 4171 4159
f 4159 4171 4173
f 4159 4173 4160
f 4160 4173 4175
f 4160 4175 4161
f 4161 4175 4177
f 4161 4177 4162
f 4162 4177 4179
f 4162 4179 1720
f 1632 1725 4180
f 4180 1725 1724
f 4180 1724 4179
f 4179 1724 1722
f 4179 1722 1720
f 1627 1629 3995
f 3995 1629 4189
f 3995 4189 3987
f 3987 4189 4188
f 3987 4188 3980
f 3980 4188 4187
f 3980 4187 3974
f 3974 4187 4186
f 3974 4186 3966
f 3966 4186 4185
f 3966 4185 3962
f 3962 4185 4184
f 3962 4184 3959
f 3959 4184 4183
f 3959 4183 3954
f 3954 4183 4182
f 3954 4182 3952
f 3952 4182 4181
f 3952 4181 1746
f 1746 4181 1745
f 4221 1623 1625
f 1769 3956 4003
f 4003 3956 4222
f 4003 4222 4002
f 4002 4222 4223
f 4002 4223 4001
f 4001 4223 4224
f 4001 4224 4000
f 4000 4224 4225
f 4000 4225 3999
f 3999 4225 4226
f 3999 4226 3998
f 3998 4226 4227
f 3998 4227 3997
f 3997 4227 4228
f 3997 4228 3996
f 3996 4228 4221
f 3996 4221 3995
f 3995 4221 1625
f 3995 1625 1627
f 1771 3955 3956
f 3956 3955 4229
f 3956 4229 4222
f 4222 4229 4230
f 4222 4230 4223
f 4223 4230 4231
f 4223 4231 4224
f 4224 4231 4232
f 4224 4232 4225
f 4225 4232 4233
f 4225 4233 4226
f 4226 4233 4234
f 4226 4234 4227
f 4227 4234 4235
f 4227 4235 4228
f 4228 4235 4236
f 4228 4236 4221
f 4221 4236 1622
f 4221 1622 1623
f 1882 1880 4237
f 1858 1856 4238
f 1834 1832 4239
f 4240 4241 4242
f 1923 1925 4243
f 1918 1923 4244
f 4245 4246 1916
f 1906 4241 1939
f 1939 4241 4240
f 1939 4240 1940
f 4247 4242 4248
f 4248 4242 4241
f 4248 4241 4249
f 4249 4241 1906
f 4249 1906 1908
f 4250 4247 4251
f 4251 4247 4248
f 4251 4248 4252
f 4252 4248 4249
f 4252 4249 4253
f 4253 4249 1908
f 4253 1908 1912
f 4254 4250 4255
f 4255 4250 4251
f 4255 4251 4256
f 4256 4251 4252
f 4256 4252 4257
f 4257 4252 4253
f 4257 4253 4258
f 4258 4253 1912
f 4258 1912 1911
f 4259 4260 4261
f 4262 4254 4263
f 4263 4254 4255
f 4263 4255 4264
f 4264 4255 4256
f 4264 4256 4265
f 4265 4256 4257
f 4265 4257 4266
f 4266 4257 4258
f 4266 4258 4267
f 4267 4258 1911
f 4267 1911 1922
f 4268 4262 4269
f 4269 4262 4263
f 4269 4263 4270
f 4270 4263 4264
f 4270 4264 4271
f 4271 4264 4265
f 4271 4265 4272
f 4272 4265 4266
f 4272 4266 4273
f 4273 4266 4267
f 4273 4267 4274
f 4274 4267 1922
f 4274 1922 1921
f 4275 4268 4276
f 4276 4268 4269
f 4276 4269 4277
f 4277 4269 4270
f 4277 4270 4278
f 4278 4270 4271
f 4278 4271 4279
f 4279 4271 4272
f 4279 4272 4280
f 4280 4272 4273
f 4280 4273 4281
f 4281 4273 4274
f 4281 4274 4282
f 4282 4274 1921
f 4282 1921 1919
f 4283 4275 4284
f 4284 4275 4276
f 4284 4276 4285
f 4285 4276 4277
f 4285 4277 4286
f 4286 4277 4278
f 4286 4278 4287
f 4287 4278 4279
f 4287 4279 4288
f 4288 4279 4280
f 4288 4280 4289
f 4289 4280 4281
f 4289 4281 4290
f 4290 4281 4282
f 4290 4282 4291
f 4291 4282 1919
f 4291 1919 1918
f 4292 4293 4294
f 1820 1818 4295
f 4295 1818 4292
f 4295 4292 4296
f 4296 4292 4294
f 4296 4294 4297
f 4298 4299 4300
f 4300 4299 4301
f 4300 4301 4302
f 4302 4301 4303
f 4302 4303 4304
f 4304 4303 4305
f 4304 4305 4306
f 4306 4305 4259
f 4306 4259 4307
f 4307 4259 4261
f 4307 4261 4308
f 1830 1828 4309
f 4309 1828 4298
f 4309 4298 4310
f 4310 4298 4300
f 4310 4300 4311
f 4311 4300 4302
f 4311 4302 4312
f 4312 4302 4304
f 4312 4304 4313
f 4313 4304 4306
f 4313 4306 4314
f 4314 4306 4307
f 4314 4307 4315
f 4315 4307 4308
f 4315 4308 4316
f 1916 1914 4245
f 4245 1914 4317
f 4245 4317 4318
f 4318 4317 4319
f 4318 4319 4320
f 4320 4319 4321
f 4320 4321 4322
f 4322 4321 4323
f 4322 4323 4324
f 4324 4323 4325
f 4324 4325 4326
f 4326 4325 4327
f 4326 4327 4328
f 4328 4327 4329
f 4328 4329 4330
f 4330 4329 4331
f 4330 4331 4332
f 4332 4331 4333
f 1914 1913 4317
f 4317 1913 4334
f 4317 4334 4319
f 4319 4334 4335
f 4319 4335 4321
f 4321 4335 4336
f 4321 4336 4323
f 4323 4336 4337
f 4323 4337 4325
f 4325 4337 4338
f 4325 4338 4327
f 4327 4338 4339
f 4327 4339 4329
f 4329 4339 4340
f 4329 4340 4331
f 4331 4340 4341
f 4331 4341 4333
f 4333 4341 4342
f 4333 4342 1842
f 1842 4342 1844
f 1889 1887 4343
f 4343 1887 4344
f 4343 4344 4345
f 4345 4344 4346
f 4345 4346 4347
f 4347 4346 4348
f 4347 4348 4349
f 4349 4348 4350
f 4349 4350 4351
f 4351 4350 4352
f 4351 4352 4353
f 4353 4352 4354
f 4353 4354 4355
f 4355 4354 4356
f 4355 4356 4357
f 4357 4356 4358
f 4357 4358 4359
f 4359 4358 4360
f 1887 1886 4344
f 4344 1886 4361
f 4344 4361 4346
f 4346 4361 4362
f 4346 4362 4348
f 4348 4362 4363
f 4348 4363 4350
f 4350 4363 4364
f 4350 4364 4352
f 4352 4364 4365
f 4352 4365 4354
f 4354 4365 4366
f 4354 4366 4356
f 4356 4366 4367
f 4356 4367 4358
f 4358 4367 4368
f 4358 4368 4360
f 4360 4368 4369
f 4360 4369 1852
f 1852 4369 1854
f 1893 1894 4370
f 4370 1894 4371
f 4370 4371 4372
f 4372 4371 4373
f 4372 4373 4374
f 4374 4373 4375
f 4374 4375 4376
f 4376 4375 4377
f 4376 4377 4378
f 4378 4377 4379
f 4378 4379 4380
f 4380 4379 4381
f 4380 4381 4382
f 4382 4381 4383
f 4382 4383 4384
f 4384 4383 4385
f 4384 4385 4386
f 4386 4385 4387
f 1894 1896 4371
f 4371 1896 4388
f 4371 4388 4373
f 4373 4388 4389
f 4373 4389 4375
f 4375 4389 4390
f 4375 4390 4377
f 4377 4390 4391
f 4377 4391 4379
f 4379 4391 4392
f 4379 4392 4381
f 4381 4392 4393
f 4381 4393 4383
f 4383 4393 4394
f 4383 4394 4385
f 4385 4394 4395
f 4385 4395 4387
f 4387 4395 4396
f 4387 4396 1866
f 1866 4396 1868
f 1897 1899 4397
f 4397 1899 4398
f 4397 4398 4399
f 4399 4398 4400
f 4399 4400 4401
f 4401 4400 4402
f 4401 4402 4403
f 4403 4402 4404
f 4403 4404 4405
f 4405 4404 4406
f 4405 4406 4407
f 4407 4406 4408
f 4407 4408 4409
f 4409 4408 4410
f 4409 4410 4411
f 4411 4410 4412
f 4411 4412 4413
f 4413 4412 4414
f 1899 1902 4398
f 4398 1902 4415
f 4398 4415 4400
f 4400 4415 4416
f 4400 4416 4402
f 4402 4416 4417
f 4402 4417 4404
f 4404 4417 4418
f 4404 4418 4406
f 4406 4418 4419
f 4406 4419 4408
f 4408 4419 4420
f 4408 4420 4410
f 4410 4420 4421
f 4410 4421 4412
f 4412 4421 4422
f 4412 4422 4414
f 4414 4422 4423
f 4414 4423 1876
f 1876 4423 1878
f 1905 1904 4424
f 4424 1904 4425
f 4424 4425 4426
f 4426 4425 4427
f 4426 4427 4428
f 4428 4427 4429
f 4428 4429 4430
f 4430 4429 4431
f 4430 4431 4432
f 4432 4431 4433
f 4432 4433 4434
f 4434 4433 4435
f 4434 4435 4436
f 4436 4435 4437
f 4436 4437 4438
f 4438 4437 4439
f 4438 4439 4440
f 4440 4439 4441
f 1904 1935 4425
f 4425 1935 4442
f 4425 4442 4427
f 4427 4442 4443
f 4427 4443 4429
f 4429 4443 4444
f 4429 4444 4431
f 4431 4444 4445
f 4431 4445 4433
f 4433 4445 4446
f 4433 4446 4435
f 4435 4446 4447
f 4435 4447 4437
f 4437 4447 4448
f 4437 4448 4439
f 4439 4448 4449
f 4439 4449 4441
f 4441 4449 4450
f 4441 4450 1785
f 1785 4450 1803
f 1934 1932 4451
f 4451 1932 4452
f 4451 4452 4453
f 4453 4452 4454
f 4453 4454 4455
f 4455 4454 4456
f 4455 4456 4457
f 4457 4456 4458
f 4457 4458 4459
f 4459 4458 4460
f 4459 4460 4461
f 4461 4460 4462
f 4461 4462 4463
f 4463 4462 4464
f 4463 4464 4465
f 4465 4464 4466
f 4465 4466 4467
f 4467 4466 4468
f 1932 1941 4452
f 4452 1941 4469
f 4452 4469 4454
f 4454 4469 4470
f 4454 4470 4456
f 4456 4470 4471
f 4456 4471 4458
f 4458 4471 4472
f 4458 4472 4460
f 4460 4472 4473
f 4460 4473 4462
f 4462 4473 4474
f 4462 4474 4464
f 4464 4474 4475
f 4464 4475 4466
f 4466 4475 4476
f 4466 4476 4468
f 4468 4476 4477
f 4468 4477 1795
f 1795 4477 1793
f 4260 4478 4479
f 4479 4478 4480
f 4479 4480 4481
f 4481 4480 4482
f 4481 4482 4483
f 4483 4482 4484
f 4483 4484 4485
f 4485 4484 1808
f 4485 1808 1806
f 4478 4297 4480
f 4480 4297 4294
f 4480 4294 4482
f 4482 4294 4293
f 4482 4293 4484
f 4484 4293 1810
f 4484 1810 1808
f 1818 1816 4292
f 4292 1816 1814
f 4292 1814 4293
f 4293 1814 1812
f 4293 1812 1810
f 4260 4259 4478
f 4478 4259 4305
f 4478 4305 4297
f 4297 4305 4303
f 4297 4303 4296
f 4296 4303 4301
f 4296 4301 4295
f 4295 4301 4299
f 4295 4299 1820
f 1828 1826 4298
f 4298 1826 1824
f 4298 1824 4299
f 4299 1824 1822
f 4299 1822 1820
f 1832 1830 4239
f 4239 1830 4309
f 4239 4309 4486
f 4486 4309 4310
f 4486 4310 4487
f 4487 4310 4311
f 4487 4311 4488
f 4488 4311 4312
f 4488 4312 4489
f 4489 4312 4313
f 4489 4313 4490
f 4490 4313 4314
f 4490 4314 4491
f 4491 4314 4315
f 4491 4315 4492
f 4492 4315 4316
f 4492 4316 4246
f 4246 4245 4492
f 4492 4245 4318
f 4492 4318 4491
f 4491 4318 4320
f 4491 4320 4490
f 4490 4320 4322
f 4490 4322 4489
f 4489 4322 4324
f 4489 4324 4488
f 4488 4324 4326
f 4488 4326 4487
f 4487 4326 4328
f 4487 4328 4486
f 4486 4328 4330
f 4486 4330 4239
f 4239 4330 4332
f 4239 4332 1834
f 1842 1840 4333
f 4333 1840 1838
f 4333 1838 4332
f 4332 1838 1836
f 4332 1836 1834
f 1913 1889 4334
f 4334 1889 4343
f 4334 4343 4335
f 4335 4343 4345
f 4335 4345 4336
f 4336 4345 4347
f 4336 4347 4337
f 4337 4347 4349
f 4337 4349 4338
f 4338 4349 4351
f 4338 4351 4339
f 4339 4351 4353
f 4339 4353 4340
f 4340 4353 4355
f 4340 4355 4341
f 4341 4355 4357
f 4341 4357 4342
f 4342 4357 4359
f 4342 4359 1844
f 1852 1850 4360
f 4360 1850 1848
f 4360 1848 4359
f 4359 1848 1846
f 4359 1846 1844
f 1856 1854 4238
f 4238 1854 4369
f 4238 4369 4493
f 4493 4369 4368
f 4493 4368 4494
f 4494 4368 4367
f 4494 4367 4495
f 4495 4367 4366
f 4495 4366 4496
f 4496 4366 4365
f 4496 4365 4497
f 4497 4365 4364
f 4497 4364 4498
f 4498 4364 4363
f 4498 4363 4499
f 4499 4363 4362
f 4499 4362 4500
f 4500 4362 4361
f 4500 4361 1891
f 1891 4361 1886
f 1891 1893 4500
f 4500 1893 4370
f 4500 4370 4499
f 4499 4370 4372
f 4499 4372 4498
f 4498 4372 4374
f 4498 4374 4497
f 4497 4374 4376
f 4497 4376 4496
f 4496 4376 4378
f 4496 4378 4495
f 4495 4378 4380
f 4495 4380 4494
f 4494 4380 4382
f 4494 4382 4493
f 4493 4382 4384
f 4493 4384 4238
f 4238 4384 4386
f 4238 4386 1858
f 1866 1864 4387
f 4387 1864 1862
f 4387 1862 4386
f 4386 1862 1860
f 4386 1860 1858
f 1896 1897 4388
f 4388 1897 4397
f 4388 4397 4389
f 4389 4397 4399
f 4389 4399 4390
f 4390 4399 4401
f 4390 4401 4391
f 4391 4401 4403
f 4391 4403 4392
f 4392 4403 4405
f 4392 4405 4393
f 4393 4405 4407
f 4393 4407 4394
f 4394 4407 4409
f 4394 4409 4395
f 4395 4409 4411
f 4395 4411 4396
f 4396 4411 4413
f 4396 4413 1868
f 1876 1874 4414
f 4414 1874 1872
f 4414 1872 4413
f 4413 1872 1870
f 4413 1870 1868
f 1880 1878 4237
f 4237 1878 4423
f 4237 4423 4501
f 4501 4423 4422
f 4501 4422 4502
f 4502 4422 4421
f 4502 4421 4503
f 4503 4421 4420
f 4503 4420 4504
f 4504 4420 4419
f 4504 4419 4505
f 4505 4419 4418
f 4505 4418 4506
f 4506 4418 4417
f 4506 4417 4507
f 4507 4417 4416
f 4507 4416 4508
f 4508 4416 4415
f 4508 4415 1901
f 1901 4415 1902
f 1901 1905 4508
f 4508 1905 4424
f 4508 4424 4507
f 4507 4424 4426
f 4507 4426 4506
f 4506 4426 4428
f 4506 4428 4505
f 4505 4428 4430
f 4505 4430 4504
f 4504 4430 4432
f 4504 4432 4503
f 4503 4432 4434
f 4503 4434 4502
f 4502 4434 4436
f 4502 4436 4501
f 4501 4436 4438
f 4501 4438 4237
f 4237 4438 4440
f 4237 4440 1882
f 1785 1783 4441
f 4441 1783 1885
f 4441 1885 4440
f 4440 1885 1884
f 4440 1884 1882
f 1935 1934 4442
f 4442 1934 4451
f 4442 4451 4443
f 4443 4451 4453
f 4443 4453 4444
f 4444 4453 4455
f 4444 4455 4445
f 4445 4455 4457
f 4445 4457 4446
f 4446 4457 4459
f 4446 4459 4447
f 4447 4459 4461
f 4447 4461 4448
f 4448 4461 4463
f 4448 4463 4449
f 4449 4463 4465
f 4449 4465 4450
f 4450 4465 4467
f 4450 4467 1803
f 1795 1797 4468
f 4468 1797 1799
f 4468 1799 4467
f 4467 1799 1801
f 4467 1801 1803
f 1791 1793 4283
f 4283 1793 4477
f 4283 4477 4275
f 4275 4477 4476
f 4275 4476 4268
f 4268 4476 4475
f 4268 4475 4262
f 4262 4475 4474
f 4262 4474 4254
f 4254 4474 4473
f 4254 4473 4250
f 4250 4473 4472
f 4250 4472 4247
f 4247 4472 4471
f 4247 4471 4242
f 4242 4471 4470
f 4242 4470 4240
f 4240 4470 4469
f 4240 4469 1940
f 1940 4469 1941
f 4509 1787 1789
f 1918 4244 4291
f 4291 4244 4510
f 4291 4510 4290
f 4290 4510 4511
f 4290 4511 4289
f 4289 4511 4512
f 4289 4512 4288
f 4288 4512 4513
f 4288 4513 4287
f 4287 4513 4514
f 4287 4514 4286
f 4286 4514 4515
f 4286 4515 4285
f 4285 4515 4516
f 4285 4516 4284
f 4284 4516 4509
f 4284 4509 4283
f 4283 4509 1789
f 4283 1789 1791
f 1923 4243 4244
f 4244 4243 4517
f 4244 4517 4510
f 4510 4517 4518
f 4510 4518 4511
f 4511 4518 4519
f 4511 4519 4512
f 4512 4519 4520
f 4512 4520 4513
f 4513 4520 4521
f 4513 4521 4514
f 4514 4521 4522
f 4514 4522 4515
f 4515 4522 4523
f 4515 4523 4516
f 4516 4523 4524
f 4516 4524 4509
f 4509 4524 1786
f 4509 1786 1787
f 4525 4526 4527
f 4527 4528 4525
f 4525 4528 4529
f 4525 4529 4530
f 4531 4532 4533
f 4533 4532 4534
f 4535 4529 4536
f 4536 4529 4528
f 4536 4528 4537
f 4537 4528 4533
f 4537 4533 4538
f 4538 4533 4534
f 4539 4540 4541
f 4541 4540 4542
f 4541 4542 4543
f 4543 4542 4544
f 4543 4544 4545
f 4546 4542 4547
f 4547 4542 4548
f 4547 4548 4549
f 4550 4548 4551
f 4551 4548 4542
f 4551 4542 4552
f 4552 4542 4540
f 4553 4554 4555
f 4555 4554 4556
f 4557 4558 4559
f 4560 4561 4562
f 4562 4561 4559
f 4562 4559 4563
f 4557 4559 4564
f 4558 4565 4559
f 4559 4565 4566
f 4559 4566 4563
f 4567 4568 4569
f 4569 4568 4570
f 4571 4572 4573
f 4573 4572 4574
f 4574 4575 4573
f 4573 4575 4576
f 4573 4576 4577
f 4577 4576 4578
f 4560 4579 4561
f 4561 4579 4580
f 4561 4580 4581
f 4582 4567 4583
f 4583 4567 4584
f 4583 4584 4585
f 4585 4584 4586
f 4585 4586 4587
f 4587 4586 4588
f 4587 4588 4576
f 4576 4588 4589
f 4576 4589 4578
f 4590 4591 4592
f 4592 4591 4593
f 4592 4593 4594
f 4594 4595 4592
f 4592 4595 4571
f 4592 4571 4559
f 4559 4571 4573
f 4559 4573 4564
f 4581 4596 4561
f 4561 4596 4597
f 4561 4597 4568
f 4568 4597 4598
f 4568 4598 4570
f 4568 4599 4592
f 4592 4599 4600
f 4592 4600 4590
f 4582 4601 4567
f 4567 4601 4602
f 4567 4602 4568
f 4568 4602 4603
f 4603 4604 4568
f 4568 4604 4605
f 4568 4605 4606
f 4606 4607 4568
f 4568 4607 4608
f 4568 4608 4599
f 4609 4610 4611
f 4612 4613 4609
f 4609 4611 4612
f 4612 4611 4614
f 4612 4614 4615
f 4615 4616 4612
f 4612 4616 4617
f 4612 4617 4618
f 4618 4617 4619
f 4620 4618 4621
f 4621 4618 4619
f 4621 4619 4622
f 4622 4619 4623
f 4624 4625 4626
f 4626 4625 4627
f 4626 4627 4628
f 4629 4630 4631
f 4631 4630 4627
f 4631 4627 4632
f 4633 4628 4634
f 4634 4628 4627
f 4634 4627 4635
f 4635 4627 4630
f 4635 4630 4636
f 4636 4630 4637
f 4638 4639 4640
f 4640 4639 4641
f 4641 4642 4643
f 4644 4645 4640
f 4640 4645 4646
f 4640 4646 4647
f 4648 4649 4650
f 4648 4650 4651
f 4652 4653 4654
f 4654 4653 4655
f 4639 4656 4641
f 4641 4656 4657
f 4641 4657 4658
f 4659 4660 4661
f 4661 4660 4662
f 4661 4662 4663
f 4663 4664 4661
f 4661 4664 4665
f 4661 4665 4640
f 4640 4665 4666
f 4640 4666 4644
f 4643 4667 4641
f 4641 4667 4668
f 4641 4668 4653
f 4653 4668 4669
f 4653 4669 4655
f 4652 4670 4653
f 4653 4670 4671
f 4653 4671 4661
f 4661 4671 4672
f 4661 4672 4659
f 4649 4673 4650
f 4650 4673 4674
f 4650 4674 4647
f 4647 4674 4675
f 4647 4675 4676
f 4677 4678 4640
f 4640 4678 4679
f 4679 4680 4640
f 4640 4680 4681
f 4640 4681 4638
f 4658 4682 4641
f 4641 4682 4683
f 4641 4683 4684
f 4676 4685 4647
f 4647 4685 4686
f 4647 4686 4640
f 4640 4686 4687
f 4640 4687 4677
f 4642 4641 4688
f 4688 4641 4684
f 4688 4684 4650
f 4650 4684 4689
f 4650 4689 4651
f 4690 4691 4692
f 4692 4691 4693
f 4694 4695 4696
f 4696 4695 4697
f 4696 4697 4698
f 4698 4697 4699
f 4698 4699 4700
f 4700 4699 4701
f 4700 4701 4702
f 4702 4701 4703
f 4702 4703 4704
f 4704 4703 4705
f 4704 4705 4706
f 4706 4705 4707
f 4706 4707 4708
f 4708 4707 4709
f 4708 4709 4710
f 4710 4709 4711
f 4710 4711 4712
f 4712 4711 4713
f 4712 4713 4714
f 4714 4713 4715
f 4714 4715 4716
f 4716 4715 4717
f 4716 4717 4718
f 4718 4717 4719
f 4718 4719 4720
f 4720 4719 4721
f 4720 4721 4722
f 4722 4721 4723
f 4722 4723 4724
f 4724 4723 4725
f 4724 4725 4726
f 4726 4725 4727
f 4726 4727 4728
f 4728 4727 4729
f 4728 4729 4730
f 4730 4729 4731
f 4730 4731 4732
f 4732 4731 4733
f 4732 4733 4734
f 4734 4733 4735
f 4734 4735 4736
f 4736 4735 4737
f 4736 4737 4738
f 4738 4737 4739
f 4738 4739 4740
f 4740 4739 4741
f 4740 4741 4694
f 4694 4741 4695
f 4742 4743 4744
f 4744 4743 4745
f 4744 4745 4746
f 4746 4745 4747
f 4746 4747 4748
f 4748 4747 4749
f 4748 4749 4750
f 4750 4749 4751
f 4750 4751 4752
f 4752 4751 4753
f 4752 4753 4754
f 4754 4753 4755
f 4754 4755 4756
f 4756 4755 4757
f 4756 4757 4758
f 4758 4757 4759
f 4758 4759 4760
f 4760 4759 4761
f 4760 4761 4762
f 4762 4761 4763
f 4762 4763 4764
f 4764 4763 4765
f 4764 4765 4766
f 4766 4765 4767
f 4766 4767 4768
f 4768 4767 4769
f 4768 4769 4770
f 4770 4769 4771
f 4770 4771 4772
f 4772 4771 4773
f 4772 4773 4774
f 4774 4773 4775
f 4774 4775 4776
f 4776 4775 4777
f 4776 4777 4778
f 4778 4777 4779
f 4778 4779 4780
f 4780 4779 4781
f 4780 4781 4782
f 4782 4781 4783
f 4782 4783 4784
f 4784 4783 4785
f 4784 4785 4786
f 4786 4785 4787
f 4786 4787 4788
f 4788 4787 4789
f 4788 4789 4742
f 4742 4789 4743
f 4790 4791 4792
f 4792 4791 4793
f 4792 4793 4794
f 4794 4793 4795
f 4794 4795 4796
f 4796 4795 4797
f 4796 4797 4798
f 4798 4797 4799
f 4798 4799 4800
f 4800 4799 4801
f 4800 4801 4802
f 4802 4801 4803
f 4802 4803 4804
f 4804 4803 4805
f 4804 4805 4806
f 4806 4805 4807
f 4806 4807 4808
f 4808 4807 4809
f 4808 4809 4810
f 4810 4809 4811
f 4810 4811 4812
f 4812 4811 4813
f 4812 4813 4814
f 4814 4813 4815
f 4814 4815 4816
f 4816 4815 4817
f 4816 4817 4818
f 4818 4817 4819
f 4818 4819 4820
f 4820 4819 4821
f 4820 4821 4822
f 4822 4821 4823
f 4822 4823 4824
f 4824 4823 4825
f 4824 4825 4826
f 4826 4825 4827
f 4826 4827 4828
f 4828 4827 4829
f 4828 4829 4830
f 4830 4829 4831
f 4830 4831 4832
f 4832 4831 4833
f 4832 4833 4834
f 4834 4833 4835
f 4834 4835 4836
f 4836 4835 4837
f 4836 4837 4790
f 4790 4837 4791
f 4838 4839 4840
f 4840 4839 4841
f 4840 4841 4842
f 4842 4841 4843
f 4842 4843 4844
f 4844 4843 4845
f 4844 4845 4846
f 4846 4845 4847
f 4846 4847 4848
f 4848 4847 4849
f 4848 4849 4850
f 4850 4849 4851
f 4850 4851 4852
f 4852 4851 4853
f 4852 4853 4854
f 4854 4853 4855
f 4854 4855 4856
f 4856 4855 4857
f 4856 4857 4858
f 4858 4857 4859
f 4858 4859 4860
f 4860 4859 4861
f 4860 4861 4862
f 4862 4861 4863
f 4862 4863 4864
f 4864 4863 4865
f 4864 4865 4866
f 4866 4865 4867
f 4866 4867 4868
f 4868 4867 4869
f 4868 4869 4870
f 4870 4869 4871
f 4870 4871 4872
f 4872 4871 4873
f 4872 4873 4874
f 4874 4873 4875
f 4874 4875 4876
f 4876 4875 4877
f 4876 4877 4878
f 4878 4877 4879
f 4878 4879 4880
f 4880 4879 4881
f 4880 4881 4882
f 4882 4881 4883
f 4882 4883 4884
f 4884 4883 4885
f 4884 4885 4838
f 4838 4885 4839
f 4886 4887 4888
f 4888 4887 4889
f 4888 4889 4890
f 4890 4889 4891
f 4890 4891 4892
f 4892 4891 4893
f 4892 4893 4894
f 4894 4893 4895
f 4894 4895 4896
f 4896 4895 4897
f 4896 4897 4898
f 4898 4897 4899
f 4898 4899 4900
f 4900 4899 4901
f 4900 4901 4902
f 4902 4901 4903
f 4902 4903 4904
f 4904 4903 4905
f 4904 4905 4906
f 4906 4905 4907
f 4906 4907 4908
f 4908 4907 4909
f 4908 4909 4910
f 4910 4909 4911
f 4910 4911 4912
f 4912 4911 4913
f 4912 4913 4914
f 4914 4913 4915
f 4914 4915 4916
f 4916 4915 4917
f 4916 4917 4918
f 4918 4917 4919
f 4918 4919 4920
f 4920 4919 4921
f 4920 4921 4922
f 4922 4921 4923
f 4922 4923 4924
f 4924 4923 4925
f 4924 4925 4926
f 4926 4925 4927
f 4926 4927 4928
f 4928 4927 4929
f 4928 4929 4930
f 4930 4929 4931
f 4930 4931 4932
f 4932 4931 4933
f 4932 4933 4886
f 4886 4933 4887
f 4934 4935 4936
f 4936 4935 4937
f 4936 4937 4938
f 4938 4937 4939
f 4938 4939 4940
f 4940 4939 4941
f 4940 4941 4942
f 4942 4941 4943
f 4942 4943 4944
f 4944 4943 4945
f 4944 4945 4946
f 4946 4945 4947
f 4946 4947 4948
f 4948 4947 4949
f 4948 4949 4950
f 4950 4949 4951
f 4950 4951 4952
f 4952 4951 4953
f 4952 4953 4954
f 4954 4953 4955
f 4954 4955 4956
f 4956 4955 4957
f 4956 4957 4958
f 4958 4957 4959
f 4958 4959 4960
f 4960 4959 4961
f 4960 4961 4962
f 4962 4961 4963
f 4962 4963 4964
f 4964 4963 4965
f 4964 4965 4966
f 4966 4965 4967
f 4966 4967 4968
f 4968 4967 4969
f 4968 4969 4970
f 4970 4969 4971
f 4970 4971 4972
f 4972 4971 4973
f 4972 4973 4974
f 4974 4973 4975
f 4974 4975 4976
f 4976 4975 4977
f 4976 4977 4978
f 4978 4977 4979
f 4978 4979 4980
f 4980 4979 4981
f 4980 4981 4934
f 4934 4981 4935

