# https://github.com/mikedh/trimesh
mtllib material.mtl
usemtl material_0
v 0.01633694 0.03827709 0.41999999
v 0.01633694 0.00827709 0.41999999
v 0.00833694 0.00827709 0.41999999
v -0.03563361 0.03800450 0.41999999
v -0.03756306 0.03720530 0.41999999
v -0.04056306 0.04127709 0.41999999
v 0.03343694 0.04127709 0.41999999
v 0.03343694 0.03415008 0.41999999
v 0.03336514 0.03427709 0.41999999
v -0.01546306 0.00827709 0.41999999
v -0.02346306 0.00827709 0.41999999
v -0.01546306 0.03827709 0.41999999
v -0.02346306 0.03827709 0.41999999
v 0.03209379 0.03593395 0.41999999
v 0.03043694 0.03720530 0.41999999
v 0.02850749 0.03800450 0.41999999
v 0.02643694 0.03827709 0.41999999
v 0.00833694 0.03827709 0.41999999
v -0.03921992 0.03593395 0.41999999
v -0.04049126 0.03427709 0.41999999
v -0.04056306 0.03415008 0.41999999
v -0.03356306 0.03827709 0.41999999
v 0.03743694 0.02402709 0.42683494
v 0.03743694 0.02350933 0.42723224
v 0.03743694 0.00827709 0.42387298
v 0.03743694 0.02311203 0.42774999
v 0.03743694 0.02286228 0.42835295
v 0.03743694 0.02652709 0.42683494
v 0.03743694 0.02592414 0.42658520
v 0.03743694 0.03027709 0.42387298
v 0.03743694 0.02527709 0.42649999
v 0.03743694 0.02463005 0.42658520
v 0.03743694 0.02277709 0.42899999
v 0.03743694 0.02286228 0.42964706
v 0.03743694 0.00827709 0.44937560
v 0.03743694 0.02311203 0.43024999
v 0.03743694 0.02350933 0.43076777
v 0.03743694 0.02592414 0.43141481
v 0.03743694 0.02652709 0.43116507
v 0.03743694 0.04127709 0.44937560
v 0.03743694 0.04127709 0.42399999
v 0.03743694 0.02777709 0.42899999
v 0.03743694 0.02769191 0.42835295
v 0.03743694 0.02704486 0.42723224
v 0.03743694 0.03094762 0.42388111
v 0.03743694 0.02744216 0.42774999
v 0.03743694 0.02704486 0.43076777
v 0.03743694 0.02744216 0.43024999
v 0.03743694 0.02769191 0.42964706
v 0.03743694 0.03243341 0.42394257
v 0.03743694 0.03391941 0.42399850
v 0.03743694 0.03415008 0.42399999
v 0.03743694 0.02402709 0.43116507
v 0.03743694 0.02463005 0.43141481
v 0.03743694 0.02527709 0.43149999
v -0.04456306 0.02592414 0.43141481
v -0.04456306 0.02527709 0.43149999
v -0.04456306 0.04127709 0.44937560
v -0.04456306 0.00827709 0.44937560
v -0.04456306 0.02463005 0.43141481
v -0.04456306 0.02402709 0.43116507
v -0.04456306 0.02277709 0.42899999
v -0.04456306 0.02286228 0.42835295
v -0.04456306 0.00827709 0.42387298
v -0.04456306 0.02311203 0.42774999
v -0.04456306 0.02350933 0.42723224
v -0.04456306 0.02350933 0.43076777
v -0.04456306 0.02311203 0.43024999
v -0.04456306 0.02286228 0.42964706
v -0.04456306 0.02744216 0.43024999
v -0.04456306 0.02769191 0.42964706
v -0.04456306 0.04127709 0.42399999
v -0.04456306 0.02704486 0.43076777
v -0.04456306 0.02652709 0.43116507
v -0.04456306 0.02402709 0.42683494
v -0.04456306 0.02463005 0.42658520
v -0.04456306 0.03027709 0.42387298
v -0.04456306 0.02527709 0.42649999
v -0.04456306 0.02592414 0.42658520
v -0.04456306 0.03410232 0.42399994
v -0.04456306 0.02744216 0.42774999
v -0.04456306 0.03415008 0.42399999
v -0.04456306 0.02769191 0.42835295
v -0.04456306 0.02777709 0.42899999
v -0.04456306 0.02652709 0.42683494
v -0.04456306 0.02704486 0.42723224
v -0.04456306 0.03123381 0.42388922
v -0.04456306 0.03218987 0.42393032
v 0.03741564 0.00827709 0.44978780
v 0.03738908 0.04127709 0.44999254
v 0.03738381 0.00827709 0.44999170
v 0.03735198 0.00827709 0.45019561
v 0.03724664 0.04127709 0.45059469
v 0.03724664 0.00827709 0.45059469
v 0.03447222 0.04127709 0.42013630
v 0.03447222 0.03415008 0.42013630
v 0.03543694 0.04127709 0.42053589
v 0.03543694 0.03415008 0.42053589
v 0.03626537 0.04127709 0.42117158
v 0.03626537 0.03415008 0.42117158
v 0.03690104 0.04127709 0.42199999
v 0.03690104 0.03415008 0.42199999
v 0.03730064 0.04127709 0.42296472
v 0.03730064 0.03415008 0.42296472
v -0.04437276 0.00827709 0.45059469
v -0.04437276 0.04127709 0.45059469
v -0.04447810 0.00827709 0.45019561
v -0.04451520 0.04127709 0.44999254
v -0.04450994 0.00827709 0.44999170
v -0.04454177 0.00827709 0.44978780
v -0.04159834 0.03415008 0.42013630
v -0.04159834 0.04127709 0.42013630
v -0.04256306 0.03415008 0.42053589
v -0.04256306 0.04127709 0.42053589
v -0.04339149 0.03415008 0.42117158
v -0.04339149 0.04127709 0.42117158
v -0.04402716 0.03415008 0.42199999
v -0.04402716 0.04127709 0.42199999
v -0.04442677 0.03415008 0.42296472
v -0.04442677 0.04127709 0.42296472
v -0.04156306 0.02286228 0.39264706
v -0.04156306 0.02277709 0.39199999
v -0.04156306 0.00827709 0.41999999
v -0.04156306 0.00827709 0.00800000
v -0.04156306 0.02704486 0.39023224
v -0.04156306 0.02744216 0.39074999
v -0.04156306 0.03027709 0.00800000
v -0.04156306 0.02402709 0.39416507
v -0.04156306 0.02350933 0.39376777
v -0.04156306 0.02311203 0.39324999
v -0.04156306 0.02286228 0.39135295
v -0.04156306 0.02311203 0.39074999
v -0.04156306 0.02350933 0.39023224
v -0.04156306 0.02402709 0.38983494
v -0.04156306 0.02463005 0.38958520
v -0.04156306 0.02527709 0.38949999
v -0.04156306 0.02592414 0.38958520
v -0.04156306 0.02652709 0.38983494
v -0.04156306 0.02744216 0.39324999
v -0.04156306 0.02704486 0.39376777
v -0.04156306 0.03027709 0.41999999
v -0.04156306 0.02652709 0.39416507
v -0.04156306 0.02769191 0.39135295
v -0.04156306 0.02777709 0.39199999
v -0.04156306 0.02769191 0.39264706
v -0.04156306 0.02592414 0.39441481
v -0.04156306 0.02527709 0.39449999
v -0.04156306 0.02463005 0.39441481
v 0.02919811 0.00027709 0.42247856
v 0.02943694 0.00027709 0.42264575
v 0.02943694 0.00027709 0.44873911
v -0.03356306 0.00027709 0.00800000
v 0.02643694 0.00027709 0.00800000
v -0.03356306 0.00027709 0.41999999
v 0.02643694 0.00027709 0.41999999
v -0.03656306 0.00027709 0.44873911
v -0.03656306 0.00027709 0.42264575
v -0.03632424 0.00027709 0.42247856
v -0.03532421 0.00027709 0.42168137
v -0.03443404 0.00027709 0.42086083
v -0.03357201 0.00027709 0.42000896
v 0.02644588 0.00027709 0.42000896
v 0.02730792 0.00027709 0.42086083
v 0.02819809 0.00027709 0.42168137
v 0.03443694 0.02769191 0.39264706
v 0.03443694 0.02777709 0.39199999
v 0.03443694 0.03027709 0.41999999
v 0.03443694 0.03027709 0.00800000
v 0.03443694 0.02350933 0.39023224
v 0.03443694 0.02311203 0.39074999
v 0.03443694 0.00827709 0.00800000
v 0.03443694 0.02592414 0.39441481
v 0.03443694 0.02652709 0.39416507
v 0.03443694 0.00827709 0.41999999
v 0.03443694 0.02286228 0.39135295
v 0.03443694 0.02277709 0.39199999
v 0.03443694 0.02704486 0.39376777
v 0.03443694 0.02744216 0.39324999
v 0.03443694 0.02286228 0.39264706
v 0.03443694 0.02311203 0.39324999
v 0.03443694 0.02350933 0.39376777
v 0.03443694 0.02769191 0.39135295
v 0.03443694 0.02744216 0.39074999
v 0.03443694 0.02704486 0.39023224
v 0.03443694 0.02652709 0.38983494
v 0.03443694 0.02592414 0.38958520
v 0.03443694 0.02527709 0.38949999
v 0.03443694 0.02463005 0.38958520
v 0.03443694 0.02402709 0.38983494
v 0.03443694 0.02402709 0.39416507
v 0.03443694 0.02463005 0.39441481
v 0.03443694 0.02527709 0.39449999
v -0.03356306 0.03827709 0.41999999
v -0.02346306 0.03827709 0.41999999
v -0.03356306 0.03827709 0.00800000
v -0.02346306 0.03827709 0.06000000
v -0.02332676 0.03827709 0.05896473
v -0.02292716 0.03827709 0.05800000
v -0.02229149 0.03827709 0.05717157
v 0.00887284 0.03827709 0.05800000
v 0.00950851 0.03827709 0.05717157
v 0.01337222 0.03827709 0.05613630
v 0.01433694 0.03827709 0.05653590
v 0.02643694 0.03827709 0.00800000
v 0.01516537 0.03827709 0.05717157
v 0.01580104 0.03827709 0.05800000
v 0.01633694 0.03827709 0.41999999
v 0.02643694 0.03827709 0.41999999
v 0.01633694 0.03827709 0.06000000
v 0.01620064 0.03827709 0.05896473
v -0.02146306 0.03827709 0.05653590
v -0.02049834 0.03827709 0.05613630
v -0.01946306 0.03827709 0.05600000
v 0.01033694 0.03827709 0.05653590
v 0.01130166 0.03827709 0.05613630
v 0.01233694 0.03827709 0.05600000
v -0.01842779 0.03827709 0.05613630
v -0.01746306 0.03827709 0.05653590
v -0.01663463 0.03827709 0.05717157
v -0.01546306 0.03827709 0.06000000
v -0.01546306 0.03827709 0.41999999
v 0.00833694 0.03827709 0.41999999
v -0.01599896 0.03827709 0.05800000
v -0.01559936 0.03827709 0.05896473
v 0.00847324 0.03827709 0.05896473
v 0.00833694 0.03827709 0.06000000
v -0.00548306 0.00827709 0.00000000
v -0.03356306 0.00827709 0.00000000
v -0.00507650 0.00855845 0.00000000
v -0.03356306 0.03027709 0.00000000
v 0.02643694 0.00827709 0.00000000
v -0.00164306 0.00827709 0.00000000
v 0.02643694 0.03027709 0.00000000
v -0.00204962 0.00855845 0.00000000
v -0.00277965 0.00886083 0.00000000
v -0.00356306 0.00896397 0.00000000
v -0.00434648 0.00886083 0.00000000
v 0.03195713 0.05027709 0.45400000
v 0.01343713 0.05027709 0.45400000
v 0.01851713 0.05027709 0.49599999
v 0.01343713 0.05027709 0.46399999
v -0.02056287 0.05027709 0.45400000
v -0.03908325 0.05027709 0.45400000
v -0.02056287 0.05027709 0.46399999
v -0.02564325 0.05027709 0.49599999
v 0.00993713 0.05027709 0.49000001
v 0.00993713 0.05027709 0.46799999
v -0.01706287 0.05027709 0.46799999
v -0.01706287 0.05027709 0.49000001
v 0.01851713 0.03735971 0.50000000
v 0.01851713 0.04627709 0.50000000
v -0.02564325 0.03735971 0.50000000
v -0.02564325 0.04627709 0.50000000
v -0.03777807 0.00036990 0.44880539
v -0.03833682 0.00050432 0.44890141
v -0.03833415 0.00051746 0.42311162
v -0.03907754 0.00068253 0.44902870
v -0.04001898 0.00110318 0.44932917
v -0.04002417 0.00108619 0.42343044
v -0.04319068 0.00379662 0.42378268
v -0.04278148 0.00332030 0.42374662
v -0.04373867 0.00474006 0.45066369
v -0.04454247 0.00770349 0.44940776
v -0.04433107 0.00650103 0.42385969
v -0.04445772 0.00698309 0.44954020
v -0.04434919 0.00649991 0.44970977
v -0.04373891 0.00481866 0.42382175
v -0.04376504 0.00480830 0.45062250
v -0.04425280 0.00607076 0.44986036
v -0.04429464 0.00622219 0.42385760
v -0.04329156 0.00394958 0.45136231
v -0.04360564 0.00448209 0.42381316
v -0.04154336 0.00203104 0.44999194
v -0.04232836 0.00273080 0.45049176
v -0.04278813 0.00331257 0.45090732
v -0.04054281 0.00133723 0.44949636
v -0.04154577 0.00202869 0.42362943
v -0.04137370 0.00188509 0.42361107
v -0.04199130 0.00240051 0.42367700
v -0.04141314 0.00191496 0.44990900
v -0.03912079 0.00069699 0.42328385
v -0.03985313 0.00098494 0.42340755
v -0.03683153 0.00028160 0.42273369
v -0.03754704 0.00033784 0.42293930
v 0.03093526 0.00041865 0.42306593
v 0.03125561 0.00048656 0.42313737
v 0.03031337 0.00032524 0.44877350
v 0.03149984 0.00057170 0.42318165
v 0.03150639 0.00055538 0.44893789
v 0.03343640 0.00134962 0.42351040
v 0.03158113 0.00056980 0.44894817
v 0.03342998 0.00134488 0.42350966
v 0.03285550 0.00104429 0.42342734
v 0.03616543 0.00394958 0.45136231
v 0.03539675 0.00294037 0.45064145
v 0.03634967 0.00428808 0.42380303
v 0.03537881 0.00292040 0.42372563
v 0.03508103 0.00263334 0.45042214
v 0.03508838 0.00262557 0.42369819
v 0.03460515 0.00217057 0.45009160
v 0.03488232 0.00241639 0.42367873
v 0.03341239 0.00138645 0.44953150
v 0.03299392 0.00111135 0.44933501
v 0.03708942 0.00594480 0.44991860
v 0.03651170 0.00454242 0.45082128
v 0.03635886 0.00428075 0.45106009
v 0.03645388 0.00443490 0.42381135
v 0.03678206 0.00510706 0.42383358
v 0.03715275 0.00620933 0.44981962
v 0.03711442 0.00622143 0.42385387
v 0.03731589 0.00689069 0.44956473
v 0.03741040 0.00762594 0.44941708
v 0.03741442 0.00767733 0.42387173
v 0.03731854 0.00690585 0.42386633
v 0.03615694 0.04127709 0.45400000
v 0.03661088 0.00611334 0.45258144
v 0.03678402 0.00640976 0.45204037
v 0.03707287 0.00711095 0.45113769
v 0.03718611 0.00758389 0.45078385
v 0.03723336 0.00795152 0.45063618
v 0.03615694 0.04627709 0.45400000
v 0.02232683 0.04627709 0.49721912
v 0.02232683 0.03735971 0.49721912
v -0.02945295 0.04627709 0.49721912
v -0.04328306 0.04627709 0.45400000
v -0.02945295 0.03735971 0.49721912
v -0.04328306 0.04127709 0.45400000
v -0.04373701 0.00611334 0.45258144
v -0.04396056 0.00650858 0.45188281
v -0.04436246 0.00799029 0.45062688
v -0.04421763 0.00717393 0.45107949
v -0.04432008 0.00763009 0.45075929
v 0.03241684 0.00233180 0.45293531
v 0.03280119 0.00283641 0.45365617
v 0.01851713 0.03408279 0.49829385
v -0.03782030 0.00120288 0.45132256
v -0.03717057 0.00104657 0.45109925
v -0.03656306 0.00100017 0.45103297
v 0.03050904 0.00114652 0.45124203
v 0.03121543 0.00141729 0.45162886
v 0.02987515 0.00102424 0.45106736
v 0.03202105 0.00194691 0.45238546
v 0.02943694 0.00100017 0.45103297
v -0.03992731 0.00283641 0.45365617
v -0.03944571 0.00222702 0.45278561
v -0.02564325 0.03408279 0.49829385
v -0.03898810 0.00181910 0.45220286
v -0.03855294 0.00153024 0.45179021
v 0.01950315 0.05014079 0.49631554
v 0.03304316 0.05013436 0.45400000
v 0.03309453 0.05012761 0.45400000
v 0.01954643 0.05012197 0.49632937
v 0.03405256 0.04973146 0.45400000
v 0.02042198 0.04974119 0.49660954
v 0.03413424 0.04969769 0.45400000
v 0.02048568 0.04968987 0.49662992
v 0.02120016 0.04911425 0.49685857
v 0.03491913 0.04909643 0.45400000
v 0.02121099 0.04910552 0.49686202
v 0.03499831 0.04903578 0.45400000
v 0.02126674 0.04902925 0.49687988
v 0.03558590 0.04827127 0.45400000
v 0.02181642 0.04827709 0.49705577
v 0.03563725 0.04820445 0.45400000
v 0.02219701 0.04731237 0.49717757
v 0.02220288 0.04726557 0.49717945
v 0.03602652 0.04726620 0.45400000
v 0.03600823 0.04731026 0.45400000
v -0.04315264 0.04726620 0.45400000
v -0.02932900 0.04726557 0.49717945
v -0.04313435 0.04731026 0.45400000
v -0.02932314 0.04731237 0.49717757
v -0.04276337 0.04820445 0.45400000
v -0.02894255 0.04827709 0.49705577
v -0.04271202 0.04827127 0.45400000
v -0.04212443 0.04903578 0.45400000
v -0.02839286 0.04902925 0.49687988
v -0.04204525 0.04909643 0.45400000
v -0.02833711 0.04910552 0.49686202
v -0.04126036 0.04969769 0.45400000
v -0.02832628 0.04911425 0.49685857
v -0.02761181 0.04968987 0.49662992
v -0.04117868 0.04973146 0.45400000
v -0.02754810 0.04974119 0.49660954
v -0.04022064 0.05012761 0.45400000
v -0.02667256 0.05012197 0.49632937
v -0.04016928 0.05013436 0.45400000
v -0.02662927 0.05014079 0.49631554
v -0.02564325 0.04717243 0.49989852
v 0.01851713 0.04717243 0.49989852
v -0.02564325 0.04730783 0.49985081
v 0.01851713 0.04730783 0.49985081
v -0.02564325 0.04802233 0.49959919
v 0.01851713 0.04802233 0.49959919
v -0.02564325 0.04826526 0.49944541
v 0.01851713 0.04826526 0.49944541
v -0.02564325 0.04878366 0.49911723
v 0.01851713 0.04878366 0.49911723
v -0.02564325 0.04908747 0.49881056
v 0.01851713 0.04908747 0.49881056
v -0.02564325 0.04941780 0.49847707
v 0.01851713 0.04941780 0.49847707
v -0.02564325 0.04972123 0.49798763
v 0.01851713 0.04972123 0.49798763
v -0.02564325 0.04989257 0.49771124
v 0.01851713 0.04989257 0.49771124
v -0.02564325 0.05012530 0.49702999
v 0.01851713 0.05012530 0.49702999
v -0.02564325 0.05018387 0.49685854
v 0.01851713 0.05018387 0.49685854
v 0.02188051 0.04627709 0.49811789
v 0.02213261 0.04627709 0.49771124
v 0.02200941 0.04721285 0.49771124
v 0.01929251 0.04672476 0.49989852
v 0.01915023 0.04691019 0.49989852
v 0.01874886 0.04714192 0.49989852
v 0.01952828 0.05005075 0.49685854
v 0.02047052 0.04966046 0.49685854
v 0.02107366 0.04883362 0.49771124
v 0.02032487 0.04940819 0.49771124
v 0.02164822 0.04808483 0.49771124
v 0.01896883 0.04796286 0.49959919
v 0.01975119 0.04751116 0.49959919
v 0.01938975 0.04778851 0.49959919
v 0.01896480 0.04705247 0.49989852
v 0.02002855 0.04714971 0.49959919
v 0.02020290 0.04672879 0.49959919
v 0.02093829 0.04692584 0.49911723
v 0.01941246 0.04627709 0.49989852
v 0.01938196 0.04650882 0.49989852
v 0.01951184 0.04627709 0.49986351
v 0.01916588 0.04869825 0.49911723
v 0.01977042 0.04844785 0.49911723
v 0.02028954 0.04804951 0.49911723
v 0.02068788 0.04753038 0.49911723
v 0.01933001 0.04931079 0.49847707
v 0.02008749 0.04899703 0.49847707
v 0.02073795 0.04849791 0.49847707
v 0.02123707 0.04784745 0.49847707
v 0.02155082 0.04708997 0.49847707
v 0.02026236 0.04627709 0.49959919
v 0.02044062 0.04627709 0.49948636
v 0.02102370 0.04627709 0.49911723
v 0.02124661 0.04627709 0.49889222
v 0.02165784 0.04627709 0.49847707
v 0.01945288 0.04976938 0.49771124
v -0.02651587 0.04778851 0.49959919
v -0.02609495 0.04796286 0.49959919
v -0.02629200 0.04869825 0.49911723
v -0.02609092 0.04705247 0.49989852
v -0.02627635 0.04691019 0.49989852
v -0.02587498 0.04714192 0.49989852
v -0.02759664 0.04966046 0.49685854
v -0.02819978 0.04883362 0.49771124
v -0.02913553 0.04721285 0.49771124
v -0.02665440 0.05005075 0.49685854
v -0.02756674 0.04627709 0.49948636
v -0.02738849 0.04627709 0.49959919
v -0.02732902 0.04672879 0.49959919
v -0.02663796 0.04627709 0.49986351
v -0.02806441 0.04692584 0.49911723
v -0.02814982 0.04627709 0.49911723
v -0.02867695 0.04708997 0.49847707
v -0.02878396 0.04627709 0.49847707
v -0.02837273 0.04627709 0.49889222
v -0.02650808 0.04650882 0.49989852
v -0.02641863 0.04672476 0.49989852
v -0.02715467 0.04714971 0.49959919
v -0.02687732 0.04751116 0.49959919
v -0.02741566 0.04804951 0.49911723
v -0.02689654 0.04844785 0.49911723
v -0.02721361 0.04899703 0.49847707
v -0.02645613 0.04931079 0.49847707
v -0.02657901 0.04976938 0.49771124
v -0.02653858 0.04627709 0.49989852
v -0.02925873 0.04627709 0.49771124
v -0.02900663 0.04627709 0.49811789
v -0.02877435 0.04808483 0.49771124
v -0.02836319 0.04784745 0.49847707
v -0.02781400 0.04753038 0.49911723
v -0.02786407 0.04849791 0.49847707
v -0.02745099 0.04940819 0.49771124
v 0.01951525 0.03735971 0.49987268
v 0.01952120 0.03735971 0.49987194
v 0.02044983 0.03735971 0.49950039
v 0.02191490 0.03735971 0.49811071
v 0.02189974 0.03735971 0.49812937
v 0.02127628 0.03735971 0.49889603
v 0.02126177 0.03735971 0.49890673
v 0.02046098 0.03735971 0.49949592
v -0.02904102 0.03735971 0.49811071
v -0.02902586 0.03735971 0.49812937
v -0.02840240 0.03735971 0.49889603
v -0.02838789 0.03735971 0.49890673
v -0.02758710 0.03735971 0.49949592
v -0.02757595 0.03735971 0.49950039
v -0.02664732 0.03735971 0.49987194
v -0.02664137 0.03735971 0.49987268
v -0.02564325 0.03640967 0.49987882
v -0.02564325 0.03460056 0.49889603
v 0.01851713 0.03460056 0.49889603
v -0.02564325 0.03473236 0.49899301
v 0.01851713 0.03473236 0.49899301
v -0.02564325 0.03541587 0.49949592
v 0.01851713 0.03541587 0.49949592
v -0.02564325 0.03551707 0.49953642
v 0.01851713 0.03551707 0.49953642
v -0.02564325 0.03635564 0.49987194
v 0.01851713 0.03635564 0.49987194
v 0.01851713 0.03640967 0.49987882
v 0.01923125 0.03469458 0.49889603
v 0.01902024 0.03548210 0.49949592
v 0.01922712 0.03664973 0.49987194
v 0.01938668 0.03685768 0.49987194
v 0.01901917 0.03649016 0.49987194
v 0.02179912 0.03648031 0.49811071
v 0.02197351 0.03643951 0.49775019
v 0.02206847 0.03659281 0.49767327
v 0.02161898 0.03586718 0.49803737
v 0.02090663 0.03598014 0.49889603
v 0.02143976 0.03567957 0.49811134
v 0.02144192 0.03568183 0.49811044
v 0.02100254 0.03522188 0.49829182
v 0.02046814 0.03540870 0.49889603
v 0.02080257 0.03508055 0.49832675
v 0.02025232 0.03469164 0.49842292
v 0.01989670 0.03497022 0.49889603
v 0.02010002 0.03462184 0.49842304
v 0.01940872 0.03430501 0.49842361
v 0.01934037 0.03428797 0.49841365
v 0.01948699 0.03709984 0.49987194
v 0.01851713 0.03735971 0.50000000
v 0.01877700 0.03638985 0.49987194
v 0.02039474 0.03685661 0.49949592
v 0.01948905 0.03567629 0.49949592
v 0.01989164 0.03598521 0.49949592
v 0.02020055 0.03638779 0.49949592
v 0.02118227 0.03664559 0.49889603
v -0.02614636 0.03548210 0.49949592
v -0.02590312 0.03638985 0.49987194
v -0.02635324 0.03664973 0.49987194
v -0.02614529 0.03649016 0.49987194
v -0.02919460 0.03659281 0.49767327
v -0.02909963 0.03643951 0.49775019
v -0.02892525 0.03648031 0.49811071
v -0.02635737 0.03469458 0.49889603
v -0.02702283 0.03497022 0.49889603
v -0.02653484 0.03430501 0.49842361
v -0.02646649 0.03428797 0.49841365
v -0.02759427 0.03540870 0.49889603
v -0.02737845 0.03469164 0.49842292
v -0.02722614 0.03462184 0.49842304
v -0.02856804 0.03568183 0.49811044
v -0.02856588 0.03567957 0.49811134
v -0.02803275 0.03598014 0.49889603
v -0.02812866 0.03522188 0.49829182
v -0.02792869 0.03508055 0.49832675
v -0.02874510 0.03586718 0.49803737
v -0.02830839 0.03664559 0.49889603
v -0.02661311 0.03709984 0.49987194
v -0.02752087 0.03685661 0.49949592
v -0.02651280 0.03685768 0.49987194
v -0.02661518 0.03567629 0.49949592
v -0.02701776 0.03598521 0.49949592
v -0.02732668 0.03638779 0.49949592
v -0.02564325 0.03735971 0.50000000
v 0.03348745 0.00300746 0.45375603
v 0.03369278 0.00305863 0.45378593
v 0.03415638 0.00327111 0.45378554
v 0.03453638 0.00344527 0.45378524
v 0.03478529 0.00362119 0.45374173
v 0.03528659 0.00397550 0.45365414
v 0.03590304 0.00462080 0.45339969
v 0.03590992 0.00463192 0.45339411
v 0.03632130 0.00529602 0.45306087
v 0.03634289 0.00533086 0.45304340
v 0.03635253 0.00534643 0.45303559
v -0.04347865 0.00534643 0.45303559
v -0.04061358 0.00300746 0.45375603
v -0.04081890 0.00305863 0.45378593
v -0.04128250 0.00327111 0.45378554
v -0.04166250 0.00344527 0.45378524
v -0.04191142 0.00362119 0.45374173
v -0.04241272 0.00397550 0.45365414
v -0.04302916 0.00462080 0.45339969
v -0.04303605 0.00463192 0.45339411
v -0.04344743 0.00529602 0.45306087
v -0.04346901 0.00533086 0.45304340
v 0.02943694 0.00061011 0.45032033
v 0.02943694 0.00054265 0.45017228
v 0.03006026 0.00057196 0.45020834
v 0.02943694 0.00036621 0.44954661
v 0.02943694 0.00030689 0.44922647
v 0.03023406 0.00034733 0.44926172
v 0.03014926 0.00042999 0.44974244
v 0.02943694 0.00039586 0.44970658
v 0.02996842 0.00077106 0.45065224
v 0.02943694 0.00074509 0.45061660
v 0.03139008 0.00055289 0.44944072
v 0.03268822 0.00100934 0.44983751
v 0.03341239 0.00138645 0.44953150
v 0.03419505 0.00190726 0.45061511
v 0.03096543 0.00072097 0.45039156
v 0.03073924 0.00090300 0.45083326
v 0.03198596 0.00105197 0.45079798
v 0.03160504 0.00119567 0.45123458
v 0.03318167 0.00170379 0.45159569
v 0.03261079 0.00177014 0.45202142
v 0.03379281 0.00218153 0.45217800
v 0.03311861 0.00218951 0.45259503
v 0.03590294 0.00364774 0.45169178
v 0.03495470 0.00256448 0.45118165
v 0.03571590 0.00343265 0.45192656
v 0.03538688 0.00321907 0.45222420
v 0.03520043 0.00309803 0.45239285
v 0.03118364 0.00060358 0.44992468
v 0.03234972 0.00098940 0.45032883
v 0.03371545 0.00175000 0.45112187
v 0.03441297 0.00230818 0.45170063
v 0.03512286 0.00304768 0.45246303
v 0.03441554 0.00281364 0.45294532
v 0.03437737 0.00281017 0.45296493
v 0.03419169 0.00279327 0.45306033
v 0.03362873 0.00274204 0.45334965
v 0.03354817 0.00275123 0.45337948
v -0.04150349 0.00281017 0.45296493
v -0.04154165 0.00281364 0.45294532
v -0.04076660 0.00205111 0.45201924
v -0.04224899 0.00304768 0.45246303
v -0.04232655 0.00309803 0.45239285
v -0.04189241 0.00238515 0.45102727
v -0.04251301 0.00321907 0.45222420
v -0.04284202 0.00343265 0.45192656
v -0.04302907 0.00364774 0.45169178
v -0.04136527 0.00215574 0.45154285
v -0.04067430 0.00275123 0.45337948
v -0.04075485 0.00274204 0.45334965
v -0.04011869 0.00207517 0.45243871
v -0.04131782 0.00279327 0.45306033
v -0.04102031 0.00168992 0.45042723
v -0.04020618 0.00120024 0.45000315
v -0.04001898 0.00110318 0.44932917
v -0.03885512 0.00064777 0.44952330
v -0.04056734 0.00156569 0.45093015
v -0.03982937 0.00115092 0.45049763
v -0.03861360 0.00068373 0.45000875
v -0.03766843 0.00038484 0.44929439
v -0.03755098 0.00046166 0.44977570
v -0.04006763 0.00154593 0.45140281
v -0.03942153 0.00119047 0.45096779
v -0.03835744 0.00078975 0.45047611
v -0.03742754 0.00059914 0.45024177
v -0.03833682 0.00050432 0.44890141
v -0.03656306 0.00030689 0.44922647
v -0.03656306 0.00036621 0.44954661
v -0.03656306 0.00039586 0.44970658
v -0.03656306 0.00054265 0.45017228
v -0.03656306 0.00061011 0.45032033
v -0.03953597 0.00163125 0.45183128
v -0.03899258 0.00131795 0.45140216
v -0.03809137 0.00096387 0.45091674
v -0.03730007 0.00079514 0.45068529
v -0.03656306 0.00074509 0.45061660
v 0.03435924 0.00284430 0.45306110
v 0.03638429 0.00440562 0.45165926
v 0.03663376 0.00538181 0.45222476
v 0.03661492 0.00526985 0.45222488
v 0.03663487 0.00534598 0.45220730
v 0.03632709 0.00443286 0.45222488
v 0.03648410 0.00461360 0.45179465
v 0.03661899 0.00526880 0.45216382
v 0.03585821 0.00368217 0.45222488
v 0.03505524 0.00327902 0.45306110
v 0.03563550 0.00385928 0.45306110
v 0.03607022 0.00455529 0.45306110
v 0.02850749 0.00054969 0.41999999
v 0.02963516 0.00101678 0.41999999
v 0.02932380 0.00066352 0.42038721
v 0.02645453 0.00027941 0.41999999
v 0.02645229 0.00027816 0.42000240
v 0.02813372 0.00050048 0.41999999
v 0.03061465 0.00109618 0.42051002
v 0.03043694 0.00134889 0.41999999
v 0.03097467 0.00170393 0.41999999
v 0.02645035 0.00027710 0.42000446
v 0.02644812 0.00027709 0.42000672
v 0.02772831 0.00032315 0.42042542
v 0.02751872 0.00028862 0.42064250
v 0.02896247 0.00045041 0.42080262
v 0.02858448 0.00032066 0.42123717
v 0.03018113 0.00064839 0.42111248
v 0.02970144 0.00037102 0.42177910
v 0.03123694 0.00187709 0.41999999
v 0.03099794 0.00142953 0.42035130
v 0.03087862 0.00120609 0.42052668
v 0.03073362 0.00103735 0.42073983
v 0.02793547 0.00038047 0.42021084
v 0.03044317 0.00069938 0.42116672
v 0.03011682 0.00048909 0.42164642
v 0.02995388 0.00038410 0.42188591
v 0.02978174 0.00034846 0.42213893
v 0.03187278 0.00114992 0.42134166
v 0.03199789 0.00156759 0.42082387
v 0.03305931 0.00226671 0.42085657
v 0.03491227 0.00255177 0.42289701
v 0.03538216 0.00304659 0.42292556
v 0.03671543 0.00518358 0.42298403
v 0.03439243 0.00793903 0.41999999
v 0.03443694 0.00827709 0.41999999
v 0.03524606 0.00787014 0.42031157
v 0.03525692 0.00827709 0.42031100
v 0.03597518 0.00781129 0.42079398
v 0.03598941 0.00827709 0.42079324
v 0.03658195 0.00776040 0.42142409
v 0.03659922 0.00827709 0.42142349
v 0.03703726 0.00771991 0.42217165
v 0.03705702 0.00827709 0.42217150
v 0.03731927 0.00769177 0.42300078
v 0.03734080 0.00827709 0.42300129
v 0.03433451 0.00749905 0.41999999
v 0.03519977 0.00734498 0.42031395
v 0.03591453 0.00721103 0.42079714
v 0.03650844 0.00709521 0.42142656
v 0.03695318 0.00700304 0.42217222
v 0.03722757 0.00693890 0.42299861
v 0.03648382 0.00532912 0.42217335
v 0.03609783 0.00553702 0.42143863
v 0.03557512 0.00579777 0.42081350
v 0.03493960 0.00609942 0.42032653
v 0.03408768 0.00602145 0.41999999
v 0.03416435 0.00620654 0.41999999
v 0.03419399 0.00643167 0.41999999
v 0.03424819 0.00448425 0.42035353
v 0.03477940 0.00561990 0.42033362
v 0.03468470 0.00401131 0.42084533
v 0.03536731 0.00526031 0.42082238
v 0.03502784 0.00360347 0.42145526
v 0.03584716 0.00494959 0.42144451
v 0.03526355 0.00327744 0.42215827
v 0.03619755 0.00470163 0.42217225
v 0.03640284 0.00452747 0.42297310
v 0.03399908 0.00407840 0.42036092
v 0.03436802 0.00357591 0.42085257
v 0.03464996 0.00314318 0.42145553
v 0.03483379 0.00279726 0.42214608
v 0.03367610 0.00502780 0.41999999
v 0.03296319 0.00375326 0.41999999
v 0.03336514 0.00427709 0.41999999
v 0.03351841 0.00464712 0.41999999
v 0.03354364 0.00211815 0.42143703
v 0.03358019 0.00175061 0.42208639
v 0.03308497 0.00144384 0.42205143
v 0.03149625 0.00060155 0.42251521
v 0.03300100 0.00118644 0.42272779
v 0.03354185 0.00148982 0.42278537
v 0.03170395 0.00082480 0.42191088
v 0.03310462 0.00180796 0.42142072
v 0.03343349 0.00257961 0.42085996
v 0.03325358 0.00311890 0.42037532
v 0.03178105 0.00145341 0.42081243
v 0.03162377 0.00104936 0.42131865
v 0.03142656 0.00073690 0.42187342
v 0.03119492 0.00052470 0.42246127
v 0.03295054 0.00280487 0.42037770
v 0.03207570 0.00206585 0.42037234
v 0.03189405 0.00193783 0.42036876
v 0.03272762 0.00344626 0.41999999
v 0.03209379 0.00262024 0.41999999
v 0.03195235 0.00249756 0.41999999
v 0.03739629 0.00773239 0.44982967
v 0.03732736 0.00711633 0.44997874
v 0.03673873 0.00512632 0.45124790
v 0.03683060 0.00575631 0.45165917
v 0.03716197 0.00632029 0.45033607
v 0.03715642 0.00671162 0.45074517
v 0.03728390 0.00734848 0.45038700
v 0.03733706 0.00784133 0.45023757
v -0.04276162 0.00385928 0.45306110
v -0.04218137 0.00327902 0.45306110
v -0.04319634 0.00455529 0.45306110
v -0.04351041 0.00440562 0.45165926
v -0.04345321 0.00443286 0.45222488
v -0.04361022 0.00461360 0.45179465
v -0.04374104 0.00526985 0.45222488
v -0.04374511 0.00526880 0.45216382
v -0.04376100 0.00534598 0.45220730
v -0.04375987 0.00538181 0.45222476
v -0.04148536 0.00284430 0.45306110
v -0.04298434 0.00368217 0.45222488
v 0.03734080 0.03027709 0.42300129
v 0.03705702 0.03027709 0.42217150
v 0.03659922 0.03027709 0.42142349
v 0.03598941 0.03027709 0.42079324
v 0.03525692 0.03027709 0.42031100
v 0.03443694 0.03027709 0.41999999
v 0.03351307 0.03396143 0.41999999
v 0.03454990 0.03396779 0.42015678
v 0.03549255 0.03396262 0.42056739
v 0.03629937 0.03395459 0.42120472
v 0.03691706 0.03394425 0.42202666
v 0.03730479 0.03393225 0.42297891
v 0.03732720 0.03248028 0.42301321
v 0.03700399 0.03252458 0.42213485
v 0.03648505 0.03256387 0.42135566
v 0.03579885 0.03259601 0.42071846
v 0.03498305 0.03261922 0.42025813
v 0.03433760 0.03103164 0.41999999
v 0.03416435 0.03234765 0.41999999
v 0.03405410 0.03262082 0.41999999
v 0.03522896 0.03103264 0.42030600
v 0.03597006 0.03102122 0.42078629
v 0.03658767 0.03100621 0.42141747
v 0.03705167 0.03098834 0.42216879
v 0.03733943 0.03096849 0.42300355
v -0.04452676 0.00779729 0.44982028
v -0.04446653 0.00789325 0.45022815
v -0.04446494 0.00719385 0.44995397
v -0.04434919 0.00649991 0.44970977
v -0.04431532 0.00642661 0.45027727
v -0.04441886 0.00741049 0.45036218
v -0.04430353 0.00679668 0.45068622
v -0.04393888 0.00529600 0.45108867
v -0.04401367 0.00589208 0.45149958
v -0.04142161 0.03135149 0.41999999
v -0.04156306 0.03027709 0.41999999
v -0.04232647 0.03135062 0.42030078
v -0.04238304 0.03027709 0.42031100
v -0.04307636 0.03133505 0.42077905
v -0.04311553 0.03027709 0.42079324
v -0.04370195 0.03131448 0.42141113
v -0.04372534 0.03027709 0.42142349
v -0.04417230 0.03128991 0.42216575
v -0.04418314 0.03027709 0.42217150
v -0.04446415 0.03126257 0.42300564
v -0.04446692 0.03027709 0.42300129
v -0.04129047 0.03234765 0.41999999
v -0.04216484 0.03237237 0.42026958
v -0.04296389 0.03234917 0.42073491
v -0.04363457 0.03231746 0.42137110
v -0.04414100 0.03227892 0.42214414
v -0.04445612 0.03223561 0.42301270
v -0.04057863 0.03411149 0.41999999
v -0.04161458 0.03411297 0.42014062
v -0.04257471 0.03411186 0.42054260
v -0.04339862 0.03411010 0.42117867
v -0.04403052 0.03410782 0.42200577
v -0.04442763 0.03410517 0.42296791
v -0.04446692 0.00827709 0.42300129
v -0.04418314 0.00827709 0.42217150
v -0.04372534 0.00827709 0.42142349
v -0.04311553 0.00827709 0.42079324
v -0.04238304 0.00827709 0.42031100
v -0.04156306 0.00827709 0.41999999
v -0.04421033 0.00627177 0.42299494
v -0.04355337 0.00457355 0.42297402
v -0.04315878 0.00390402 0.42295802
v -0.03800044 0.00121525 0.42053300
v -0.03786708 0.00101739 0.42072901
v -0.03805706 0.00108417 0.42074826
v -0.03707846 0.00039571 0.42188817
v -0.03690941 0.00032477 0.42213666
v -0.03716276 0.00034180 0.42220542
v -0.03748258 0.00049857 0.42169011
v -0.03724751 0.00046666 0.42163971
v -0.03756929 0.00069938 0.42116672
v -0.03778313 0.00074807 0.42120036
v -0.03829763 0.00149864 0.42034483
v -0.03813380 0.00141311 0.42033699
v -0.03872316 0.00174440 0.42036089
v -0.03849220 0.00198910 0.41999999
v -0.03836306 0.00187709 0.41999999
v -0.03783699 0.00042696 0.42236459
v -0.03931738 0.00082811 0.42262408
v -0.04000621 0.00112597 0.42271370
v -0.04143880 0.00202766 0.42285371
v -0.04202219 0.00253615 0.42289594
v -0.03810630 0.00061850 0.42180508
v -0.03946868 0.00107153 0.42198461
v -0.04010032 0.00138195 0.42204261
v -0.04141154 0.00228439 0.42212465
v -0.04194509 0.00278204 0.42214558
v -0.04298481 0.00410374 0.42216906
v -0.04334601 0.00474575 0.42217237
v -0.03834787 0.00090740 0.42127550
v -0.03957004 0.00141979 0.42138499
v -0.04013237 0.00174449 0.42141628
v -0.04129294 0.00264568 0.42145115
v -0.04176303 0.00312852 0.42145547
v -0.04267631 0.00438715 0.42144996
v -0.04299285 0.00499098 0.42144409
v -0.03855531 0.00128603 0.42078984
v -0.03961837 0.00186220 0.42084366
v -0.04010131 0.00220170 0.42085525
v -0.04108743 0.00309801 0.42085841
v -0.04148319 0.00356195 0.42085278
v -0.04224662 0.00474196 0.42083183
v -0.04250967 0.00529829 0.42082173
v -0.03961216 0.00238517 0.42037722
v -0.04000816 0.00273858 0.42037794
v -0.04080269 0.00362449 0.42036861
v -0.04111655 0.00406527 0.42036116
v -0.04171435 0.00515283 0.42034143
v -0.04191807 0.00565394 0.42033309
v -0.04104920 0.00562407 0.41999999
v -0.04063933 0.00463454 0.41999999
v -0.04049126 0.00427709 0.41999999
v -0.03980206 0.00337890 0.41999999
v -0.03951305 0.00300226 0.41999999
v -0.03921992 0.00262024 0.41999999
v -0.03883393 0.00228548 0.41999999
v -0.04140834 0.00710187 0.41999999
v -0.04129047 0.00620654 0.41999999
v -0.04122557 0.00604986 0.41999999
v -0.04225334 0.00687622 0.42031759
v -0.04294577 0.00667693 0.42080194
v -0.04351962 0.00650462 0.42143023
v -0.04394787 0.00636742 0.42217290
v -0.03810079 0.00170393 0.41999999
v -0.03774077 0.00109618 0.42051002
v -0.03357841 0.00027816 0.42000240
v -0.03358065 0.00027941 0.41999999
v -0.03506159 0.00038047 0.42021084
v -0.03525984 0.00050048 0.41999999
v -0.03563361 0.00054969 0.41999999
v -0.03644992 0.00066352 0.42038721
v -0.03676128 0.00101678 0.41999999
v -0.03682756 0.00037102 0.42177910
v -0.03571061 0.00032066 0.42123717
v -0.03464484 0.00028862 0.42064250
v -0.03357424 0.00027709 0.42000672
v -0.03357648 0.00027710 0.42000446
v -0.03485443 0.00032315 0.42042542
v -0.03608859 0.00045041 0.42080262
v -0.03730725 0.00064839 0.42111248
v -0.03756306 0.00134889 0.41999999
v -0.01706287 0.04727709 0.49000001
v -0.01706287 0.04727709 0.46799999
v -0.01706287 0.05027709 0.49000001
v -0.01706287 0.05027709 0.46799999
v -0.01706287 0.04727709 0.46799999
v 0.00993713 0.04727709 0.46799999
v -0.01706287 0.05027709 0.46799999
v 0.00993713 0.05027709 0.46799999
v 0.00993713 0.04727709 0.46799999
v 0.00993713 0.04727709 0.49000001
v 0.00993713 0.05027709 0.46799999
v 0.00993713 0.05027709 0.49000001
v 0.00993713 0.04727709 0.49000001
v -0.01706287 0.04727709 0.49000001
v 0.00993713 0.05027709 0.49000001
v -0.01706287 0.05027709 0.49000001
v 0.00993713 0.04727709 0.49000001
v 0.00993713 0.04727709 0.46799999
v -0.01706287 0.04727709 0.49000001
v -0.01706287 0.04727709 0.46799999
v -0.02056287 0.04427709 0.46399999
v -0.02056287 0.04427709 0.45400000
v -0.02056287 0.05027709 0.46399999
v -0.02056287 0.05027709 0.45400000
v 0.01343713 0.04427709 0.45400000
v 0.01343713 0.04427709 0.46399999
v 0.01343713 0.05027709 0.45400000
v 0.01343713 0.05027709 0.46399999
v 0.01343713 0.04427709 0.46399999
v -0.02056287 0.04427709 0.46399999
v 0.01343713 0.05027709 0.46399999
v -0.02056287 0.05027709 0.46399999
v 0.01343713 0.04427709 0.46399999
v 0.01343713 0.04427709 0.45400000
v -0.02056287 0.04427709 0.46399999
v -0.02056287 0.04427709 0.45400000
v -0.04328306 0.04127709 0.45400000
v 0.03615694 0.04127709 0.45400000
v -0.04437276 0.04127709 0.45059469
v 0.03724664 0.04127709 0.45059469
v -0.04451520 0.04127709 0.44999254
v -0.04456306 0.04127709 0.44937560
v -0.04456306 0.04127709 0.42399999
v 0.03738908 0.04127709 0.44999254
v 0.03743694 0.04127709 0.44937560
v 0.03343694 0.04127709 0.41999999
v -0.04056306 0.04127709 0.41999999
v -0.04442677 0.04127709 0.42296472
v -0.04402716 0.04127709 0.42199999
v -0.04339149 0.04127709 0.42117158
v -0.04159834 0.04127709 0.42013630
v -0.04256306 0.04127709 0.42053589
v 0.03543694 0.04127709 0.42053589
v 0.03447222 0.04127709 0.42013630
v 0.03626537 0.04127709 0.42117158
v 0.03690104 0.04127709 0.42199999
v 0.03730064 0.04127709 0.42296472
v 0.03743694 0.04127709 0.42399999
v -0.03908325 0.05027709 0.45400000
v -0.02056287 0.05027709 0.45400000
v -0.02056287 0.04427709 0.45400000
v -0.04204525 0.04909643 0.45400000
v -0.04126036 0.04969769 0.45400000
v -0.04117868 0.04973146 0.45400000
v 0.03558590 0.04827127 0.45400000
v 0.03563725 0.04820445 0.45400000
v 0.03600823 0.04731026 0.45400000
v -0.04328306 0.04127709 0.45400000
v -0.04022064 0.05012761 0.45400000
v -0.04016928 0.05013436 0.45400000
v 0.03491913 0.04909643 0.45400000
v 0.03499831 0.04903578 0.45400000
v -0.04328306 0.04627709 0.45400000
v -0.04315264 0.04726620 0.45400000
v -0.04313435 0.04731026 0.45400000
v 0.03615694 0.04127709 0.45400000
v 0.01343713 0.04427709 0.45400000
v 0.03615694 0.04627709 0.45400000
v -0.04212443 0.04903578 0.45400000
v -0.04271202 0.04827127 0.45400000
v -0.04276337 0.04820445 0.45400000
v 0.01343713 0.05027709 0.45400000
v 0.03195713 0.05027709 0.45400000
v 0.03602652 0.04726620 0.45400000
v 0.03304316 0.05013436 0.45400000
v 0.03413424 0.04969769 0.45400000
v 0.03405256 0.04973146 0.45400000
v 0.03309453 0.05012761 0.45400000
v -0.04456306 0.02463005 0.42658520
v 0.03743694 0.02527709 0.42649999
v -0.04456306 0.02527709 0.42649999
v 0.03743694 0.02592414 0.42658520
v -0.04456306 0.02592414 0.42658520
v 0.03743694 0.02652709 0.42683494
v -0.04456306 0.02652709 0.42683494
v 0.03743694 0.02704486 0.42723224
v -0.04456306 0.02704486 0.42723224
v 0.03743694 0.02744216 0.42774999
v -0.04456306 0.02744216 0.42774999
v 0.03743694 0.02769191 0.42835295
v -0.04456306 0.02769191 0.42835295
v 0.03743694 0.02777709 0.42899999
v -0.04456306 0.02777709 0.42899999
v 0.03743694 0.02769191 0.42964706
v -0.04456306 0.02769191 0.42964706
v 0.03743694 0.02744216 0.43024999
v -0.04456306 0.02744216 0.43024999
v 0.03743694 0.02704486 0.43076777
v -0.04456306 0.02704486 0.43076777
v 0.03743694 0.02652709 0.43116507
v -0.04456306 0.02652709 0.43116507
v 0.03743694 0.02592414 0.43141481
v -0.04456306 0.02592414 0.43141481
v 0.03743694 0.02527709 0.43149999
v -0.04456306 0.02527709 0.43149999
v 0.03743694 0.02463005 0.43141481
v -0.04456306 0.02463005 0.43141481
v 0.03743694 0.02402709 0.43116507
v -0.04456306 0.02402709 0.43116507
v 0.03743694 0.02350933 0.43076777
v -0.04456306 0.02350933 0.43076777
v 0.03743694 0.02311203 0.43024999
v -0.04456306 0.02311203 0.43024999
v 0.03743694 0.02286228 0.42964706
v -0.04456306 0.02286228 0.42964706
v 0.03743694 0.02277709 0.42899999
v -0.04456306 0.02277709 0.42899999
v 0.03743694 0.02286228 0.42835295
v -0.04456306 0.02286228 0.42835295
v 0.03743694 0.02311203 0.42774999
v -0.04456306 0.02311203 0.42774999
v 0.03743694 0.02350933 0.42723224
v -0.04456306 0.02350933 0.42723224
v 0.03743694 0.02402709 0.42683494
v -0.04456306 0.02402709 0.42683494
v 0.03743694 0.02463005 0.42658520
v -0.01546306 0.02463005 0.38958520
v 0.00833694 0.02527709 0.38949999
v -0.01546306 0.02527709 0.38949999
v 0.00833694 0.02592414 0.38958520
v -0.01546306 0.02592414 0.38958520
v 0.00833694 0.02652709 0.38983494
v -0.01546306 0.02652709 0.38983494
v 0.00833694 0.02704486 0.39023224
v -0.01546306 0.02704486 0.39023224
v 0.00833694 0.02744216 0.39074999
v -0.01546306 0.02744216 0.39074999
v 0.00833694 0.02769191 0.39135295
v -0.01546306 0.02769191 0.39135295
v 0.00833694 0.02777709 0.39199999
v -0.01546306 0.02777709 0.39199999
v 0.00833694 0.02769191 0.39264706
v -0.01546306 0.02769191 0.39264706
v 0.00833694 0.02744216 0.39324999
v -0.01546306 0.02744216 0.39324999
v 0.00833694 0.02704486 0.39376777
v -0.01546306 0.02704486 0.39376777
v 0.00833694 0.02652709 0.39416507
v -0.01546306 0.02652709 0.39416507
v 0.00833694 0.02592414 0.39441481
v -0.01546306 0.02592414 0.39441481
v 0.00833694 0.02527709 0.39449999
v -0.01546306 0.02527709 0.39449999
v 0.00833694 0.02463005 0.39441481
v -0.01546306 0.02463005 0.39441481
v 0.00833694 0.02402709 0.39416507
v -0.01546306 0.02402709 0.39416507
v 0.00833694 0.02350933 0.39376777
v -0.01546306 0.02350933 0.39376777
v 0.00833694 0.02311203 0.39324999
v -0.01546306 0.02311203 0.39324999
v 0.00833694 0.02286228 0.39264706
v -0.01546306 0.02286228 0.39264706
v 0.00833694 0.02277709 0.39199999
v -0.01546306 0.02277709 0.39199999
v 0.00833694 0.02286228 0.39135295
v -0.01546306 0.02286228 0.39135295
v 0.00833694 0.02311203 0.39074999
v -0.01546306 0.02311203 0.39074999
v 0.00833694 0.02350933 0.39023224
v -0.01546306 0.02350933 0.39023224
v 0.00833694 0.02402709 0.38983494
v -0.01546306 0.02402709 0.38983494
v 0.00833694 0.02463005 0.38958520
v 0.01633694 0.02463005 0.38958520
v 0.03443694 0.02527709 0.38949999
v 0.01633694 0.02527709 0.38949999
v 0.03443694 0.02592414 0.38958520
v 0.01633694 0.02592414 0.38958520
v 0.03443694 0.02652709 0.38983494
v 0.01633694 0.02652709 0.38983494
v 0.03443694 0.02704486 0.39023224
v 0.01633694 0.02704486 0.39023224
v 0.03443694 0.02744216 0.39074999
v 0.01633694 0.02744216 0.39074999
v 0.03443694 0.02769191 0.39135295
v 0.01633694 0.02769191 0.39135295
v 0.03443694 0.02777709 0.39199999
v 0.01633694 0.02777709 0.39199999
v 0.03443694 0.02769191 0.39264706
v 0.01633694 0.02769191 0.39264706
v 0.03443694 0.02744216 0.39324999
v 0.01633694 0.02744216 0.39324999
v 0.03443694 0.02704486 0.39376777
v 0.01633694 0.02704486 0.39376777
v 0.03443694 0.02652709 0.39416507
v 0.01633694 0.02652709 0.39416507
v 0.03443694 0.02592414 0.39441481
v 0.01633694 0.02592414 0.39441481
v 0.03443694 0.02527709 0.39449999
v 0.01633694 0.02527709 0.39449999
v 0.03443694 0.02463005 0.39441481
v 0.01633694 0.02463005 0.39441481
v 0.03443694 0.02402709 0.39416507
v 0.01633694 0.02402709 0.39416507
v 0.03443694 0.02350933 0.39376777
v 0.01633694 0.02350933 0.39376777
v 0.03443694 0.02311203 0.39324999
v 0.01633694 0.02311203 0.39324999
v 0.03443694 0.02286228 0.39264706
v 0.01633694 0.02286228 0.39264706
v 0.03443694 0.02277709 0.39199999
v 0.01633694 0.02277709 0.39199999
v 0.03443694 0.02286228 0.39135295
v 0.01633694 0.02286228 0.39135295
v 0.03443694 0.02311203 0.39074999
v 0.01633694 0.02311203 0.39074999
v 0.03443694 0.02350933 0.39023224
v 0.01633694 0.02350933 0.39023224
v 0.03443694 0.02402709 0.38983494
v 0.01633694 0.02402709 0.38983494
v 0.03443694 0.02463005 0.38958520
v -0.04156306 0.02463005 0.38958520
v -0.02346306 0.02527709 0.38949999
v -0.04156306 0.02527709 0.38949999
v -0.02346306 0.02592414 0.38958520
v -0.04156306 0.02592414 0.38958520
v -0.02346306 0.02652709 0.38983494
v -0.04156306 0.02652709 0.38983494
v -0.02346306 0.02704486 0.39023224
v -0.04156306 0.02704486 0.39023224
v -0.02346306 0.02744216 0.39074999
v -0.04156306 0.02744216 0.39074999
v -0.02346306 0.02769191 0.39135295
v -0.04156306 0.02769191 0.39135295
v -0.02346306 0.02777709 0.39199999
v -0.04156306 0.02777709 0.39199999
v -0.02346306 0.02769191 0.39264706
v -0.04156306 0.02769191 0.39264706
v -0.02346306 0.02744216 0.39324999
v -0.04156306 0.02744216 0.39324999
v -0.02346306 0.02704486 0.39376777
v -0.04156306 0.02704486 0.39376777
v -0.02346306 0.02652709 0.39416507
v -0.04156306 0.02652709 0.39416507
v -0.02346306 0.02592414 0.39441481
v -0.04156306 0.02592414 0.39441481
v -0.02346306 0.02527709 0.39449999
v -0.04156306 0.02527709 0.39449999
v -0.02346306 0.02463005 0.39441481
v -0.04156306 0.02463005 0.39441481
v -0.02346306 0.02402709 0.39416507
v -0.04156306 0.02402709 0.39416507
v -0.02346306 0.02350933 0.39376777
v -0.04156306 0.02350933 0.39376777
v -0.02346306 0.02311203 0.39324999
v -0.04156306 0.02311203 0.39324999
v -0.02346306 0.02286228 0.39264706
v -0.04156306 0.02286228 0.39264706
v -0.02346306 0.02277709 0.39199999
v -0.04156306 0.02277709 0.39199999
v -0.02346306 0.02286228 0.39135295
v -0.04156306 0.02286228 0.39135295
v -0.02346306 0.02311203 0.39074999
v -0.04156306 0.02311203 0.39074999
v -0.02346306 0.02350933 0.39023224
v -0.04156306 0.02350933 0.39023224
v -0.02346306 0.02402709 0.38983494
v -0.04156306 0.02402709 0.38983494
v -0.02346306 0.02463005 0.38958520
v -0.00570133 0.00807543 0.00000310
v -0.00563854 0.00814036 0.00000117
v -0.00570339 0.00807742 0.15000001
v -0.00548306 0.00827709 0.00000000
v -0.00507650 0.00855845 0.15000001
v -0.00583455 0.00793768 0.00000720
v -0.00618442 0.00745053 0.15000001
v -0.00617696 0.00744535 0.00004569
v -0.00622905 0.00737044 0.00005154
v -0.00648680 0.00672051 0.15000001
v -0.00638072 0.00704289 0.00009578
v -0.00656978 0.00620740 0.00027573
v -0.00658993 0.00594499 0.00034746
v -0.00658994 0.00593709 0.15000001
v -0.00655563 0.00639155 0.00022538
v -0.00646861 0.00671562 0.00016090
v -0.00648680 0.00515368 0.15000001
v -0.00651139 0.00525198 0.00059401
v -0.00658905 0.00593719 0.00035024
v -0.00596558 0.00409593 0.00117960
v -0.00618442 0.00442365 0.15000001
v -0.00568542 0.00381467 0.00136861
v -0.00570339 0.00379677 0.15000001
v -0.00541353 0.00354173 0.00155203
v -0.00605685 0.00422157 0.00110415
v -0.00608617 0.00427841 0.00107429
v -0.00616602 0.00443321 0.00099296
v -0.00640656 0.00489953 0.00074796
v -0.00648253 0.00515494 0.00063640
v -0.00440375 0.00302930 0.00196173
v -0.00507650 0.00331574 0.15000001
v -0.00434554 0.00301829 0.00197147
v -0.00434648 0.00301335 0.15000001
v -0.00384203 0.00292309 0.00205570
v -0.00457788 0.00308540 0.00191343
v -0.00507076 0.00332736 0.00171709
v -0.00519855 0.00339010 0.00166618
v -0.00356296 0.00291291 0.00206489
v -0.00356306 0.00291021 0.15000001
v -0.00350458 0.00291078 0.00206682
v -0.00205258 0.00332067 0.00172154
v -0.00217369 0.00324792 0.00177847
v -0.00204962 0.00331574 0.15000001
v -0.00274108 0.00302396 0.00196638
v -0.00277965 0.00301335 0.15000001
v -0.00277994 0.00301458 0.00197462
v -0.00296629 0.00296962 0.00201412
v -0.00142273 0.00379677 0.15000001
v -0.00143489 0.00381030 0.00136861
v -0.00184147 0.00344749 0.00162231
v -0.00105196 0.00428038 0.00107781
v -0.00114406 0.00411763 0.00116634
v -0.00128476 0.00394426 0.00127493
v -0.00096380 0.00443617 0.00099307
v -0.00094171 0.00442365 0.15000001
v -0.00075779 0.00480022 0.00079505
v -0.00063932 0.00515368 0.15000001
v -0.00068772 0.00499135 0.00070590
v -0.00063932 0.00672051 0.15000001
v -0.00064215 0.00671968 0.00015415
v -0.00061902 0.00664038 0.00016922
v -0.00053626 0.00595832 0.00034341
v -0.00053698 0.00593712 0.00035022
v -0.00053618 0.00593709 0.15000001
v -0.00054478 0.00570903 0.00042339
v -0.00065477 0.00515680 0.00064077
v -0.00056659 0.00620832 0.00027956
v -0.00070262 0.00692698 0.00011475
v -0.00094171 0.00745053 0.15000001
v -0.00095057 0.00744630 0.00004634
v -0.00099491 0.00753916 0.00003411
v -0.00142273 0.00807742 0.15000001
v -0.00115879 0.00777598 0.00001571
v -0.00507650 0.00855845 0.00000000
v -0.00434648 0.00886083 0.00000000
v -0.00434648 0.00886083 0.15000001
v -0.00356306 0.00896397 0.00000000
v -0.00356306 0.00896397 0.15000001
v -0.00277965 0.00886083 0.00000000
v -0.00277965 0.00886083 0.15000001
v -0.00204962 0.00855845 0.00000000
v -0.00204962 0.00855845 0.15000001
v -0.00164306 0.00827709 0.00000000
v -0.00143688 0.00806374 0.00000669
v -0.00094171 0.00442365 0.15000001
v -0.00142273 0.00379677 0.15000001
v -0.00204962 0.00331574 0.15000001
v -0.00507650 0.00855845 0.15000001
v -0.00618442 0.00442365 0.15000001
v -0.00648680 0.00515368 0.15000001
v -0.00434648 0.00886083 0.15000001
v -0.00277965 0.00301335 0.15000001
v -0.00356306 0.00291021 0.15000001
v -0.00356306 0.00896397 0.15000001
v -0.00277965 0.00886083 0.15000001
v -0.00204962 0.00855845 0.15000001
v -0.00618442 0.00745053 0.15000001
v -0.00570339 0.00807742 0.15000001
v -0.00648680 0.00672051 0.15000001
v -0.00658994 0.00593709 0.15000001
v -0.00570339 0.00379677 0.15000001
v -0.00507650 0.00331574 0.15000001
v -0.00434648 0.00301335 0.15000001
v -0.00094171 0.00745053 0.15000001
v -0.00063932 0.00672051 0.15000001
v -0.00053618 0.00593709 0.15000001
v -0.00142273 0.00807742 0.15000001
v -0.00063932 0.00515368 0.15000001
v -0.04049126 0.03427709 0.00800000
v -0.03921992 0.03593395 0.41999999
v -0.03921992 0.03593395 0.00800000
v -0.03756306 0.03720530 0.41999999
v -0.03756306 0.03720530 0.00800000
v -0.03563361 0.03800450 0.41999999
v -0.03563361 0.03800450 0.00800000
v -0.03356306 0.03827709 0.41999999
v -0.03356306 0.03827709 0.00800000
v -0.04057863 0.03411149 0.41999999
v -0.04056306 0.03415008 0.41999999
v -0.04049126 0.03427709 0.41999999
v -0.04129047 0.03234765 0.41999999
v -0.04129047 0.03234765 0.00800000
v -0.04142161 0.03135149 0.41999999
v -0.04156306 0.03027709 0.00800000
v -0.04156306 0.03027709 0.41999999
v 0.03443694 0.03027709 0.41999999
v 0.03443694 0.03027709 0.00800000
v 0.03433760 0.03103164 0.41999999
v 0.03416435 0.03234765 0.00800000
v 0.03416435 0.03234765 0.41999999
v 0.03336514 0.03427709 0.41999999
v 0.03343694 0.03415008 0.41999999
v 0.03351307 0.03396143 0.41999999
v 0.03405410 0.03262082 0.41999999
v 0.03336514 0.03427709 0.00800000
v 0.03209379 0.03593395 0.00800000
v 0.03209379 0.03593395 0.41999999
v 0.03043694 0.03720530 0.00800000
v 0.03043694 0.03720530 0.41999999
v 0.02850749 0.03800450 0.00800000
v 0.02850749 0.03800450 0.41999999
v 0.02643694 0.03827709 0.00800000
v 0.02643694 0.03827709 0.41999999
v 0.02643694 0.03027709 0.00000000
v -0.03356306 0.03027709 0.00000000
v -0.03356306 0.03234765 0.00027259
v 0.02643694 0.03234765 0.00027259
v -0.03356306 0.03427709 0.00107180
v 0.02643694 0.03427709 0.00107180
v -0.03356306 0.03593395 0.00234315
v 0.02643694 0.03593395 0.00234315
v -0.03356306 0.03720530 0.00400000
v 0.02643694 0.03720530 0.00400000
v -0.03356306 0.03800450 0.00592945
v 0.02643694 0.03800450 0.00592945
v -0.04102716 0.03227709 0.00592945
v -0.04129047 0.03027709 0.00592945
v -0.04025519 0.03207024 0.00400000
v -0.04049126 0.03027709 0.00400000
v -0.03846204 0.03310552 0.00234315
v -0.03956306 0.03374119 0.00400000
v -0.04025519 0.03414080 0.00592945
v -0.03902716 0.03174119 0.00234315
v -0.03921992 0.03027709 0.00234315
v -0.03639149 0.03310552 0.00107180
v -0.03756306 0.03427709 0.00234315
v -0.03846204 0.03517607 0.00400000
v -0.03902716 0.03574120 0.00592945
v -0.03742677 0.03131237 0.00107180
v -0.03756306 0.03027709 0.00107180
v -0.03459834 0.03207024 0.00027259
v -0.03556306 0.03374119 0.00107180
v -0.03639149 0.03517607 0.00234315
v -0.03702716 0.03627709 0.00400000
v -0.03742677 0.03696922 0.00592945
v -0.03563361 0.03027709 0.00027259
v -0.03556306 0.03081299 0.00027259
v -0.03535621 0.03131237 0.00027259
v -0.03702716 0.03227709 0.00107180
v -0.03502716 0.03174119 0.00027259
v -0.03409896 0.03227709 0.00027259
v -0.03459834 0.03414080 0.00107180
v -0.03502716 0.03574120 0.00234315
v -0.03535621 0.03696922 0.00400000
v -0.03556306 0.03774120 0.00592945
v 0.02843694 0.03774120 0.00592945
v 0.02823009 0.03696922 0.00400000
v 0.02926537 0.03517607 0.00234315
v 0.02990104 0.03627709 0.00400000
v 0.03030064 0.03696922 0.00592945
v 0.02790104 0.03574120 0.00234315
v 0.02926537 0.03310552 0.00107180
v 0.03043694 0.03427709 0.00234315
v 0.03133592 0.03517607 0.00400000
v 0.03190104 0.03574120 0.00592945
v 0.02747221 0.03414080 0.00107180
v 0.02823009 0.03131237 0.00027259
v 0.02990104 0.03227709 0.00107180
v 0.03133592 0.03310552 0.00234315
v 0.03243694 0.03374119 0.00400000
v 0.03312907 0.03414080 0.00592945
v 0.02697284 0.03227709 0.00027259
v 0.02747221 0.03207024 0.00027259
v 0.02843694 0.03374119 0.00107180
v 0.02790104 0.03174119 0.00027259
v 0.02843694 0.03081299 0.00027259
v 0.03030064 0.03131237 0.00107180
v 0.03190104 0.03174119 0.00234315
v 0.03312907 0.03207024 0.00400000
v 0.03390104 0.03227709 0.00592945
v 0.02850749 0.03027709 0.00027259
v 0.03043694 0.03027709 0.00107180
v 0.03209379 0.03027709 0.00234315
v 0.03336514 0.03027709 0.00400000
v 0.03416435 0.03027709 0.00592945
v -0.03356306 0.00827709 0.00000000
v -0.03563361 0.00827709 0.00027259
v -0.03756306 0.00827709 0.00107180
v -0.03921992 0.00827709 0.00234315
v -0.04049126 0.00827709 0.00400000
v -0.04129047 0.00827709 0.00592945
v -0.04156306 0.00827709 0.00800000
v -0.04129047 0.00620654 0.00800000
v -0.04129047 0.00620654 0.41999999
v -0.04140834 0.00710187 0.41999999
v -0.04156306 0.00827709 0.41999999
v -0.04063933 0.00463454 0.41999999
v -0.04104920 0.00562407 0.41999999
v -0.04122557 0.00604986 0.41999999
v -0.04049126 0.00427709 0.41999999
v -0.04049126 0.00427709 0.00800000
v -0.03980206 0.00337890 0.41999999
v -0.03836306 0.00187709 0.41999999
v -0.03849220 0.00198910 0.41999999
v -0.03921992 0.00262024 0.00800000
v -0.03883393 0.00228548 0.41999999
v -0.03921992 0.00262024 0.41999999
v -0.03951305 0.00300226 0.41999999
v -0.03563361 0.00054969 0.00800000
v -0.03676128 0.00101678 0.41999999
v -0.03756306 0.00134889 0.00800000
v -0.03756306 0.00134889 0.41999999
v -0.03810079 0.00170393 0.41999999
v -0.03356306 0.00027709 0.00800000
v -0.03356306 0.00027709 0.41999999
v -0.03358065 0.00027941 0.41999999
v -0.03525984 0.00050048 0.41999999
v -0.03563361 0.00054969 0.41999999
v 0.02645453 0.00027941 0.41999999
v 0.02643694 0.00027709 0.41999999
v 0.02643694 0.00027709 0.00800000
v 0.02850749 0.00054969 0.00800000
v 0.03043694 0.00134889 0.00800000
v 0.03043694 0.00134889 0.41999999
v 0.02963516 0.00101678 0.41999999
v 0.02850749 0.00054969 0.41999999
v 0.02813372 0.00050048 0.41999999
v 0.03195235 0.00249756 0.41999999
v 0.03123694 0.00187709 0.41999999
v 0.03097467 0.00170393 0.41999999
v 0.03209379 0.00262024 0.41999999
v 0.03209379 0.00262024 0.00800000
v 0.03272762 0.00344626 0.41999999
v 0.03367610 0.00502780 0.41999999
v 0.03351841 0.00464712 0.41999999
v 0.03336514 0.00427709 0.00800000
v 0.03336514 0.00427709 0.41999999
v 0.03296319 0.00375326 0.41999999
v 0.03443694 0.00827709 0.00800000
v 0.03443694 0.00827709 0.41999999
v 0.03416435 0.00620654 0.00800000
v 0.03439243 0.00793903 0.41999999
v 0.03433451 0.00749905 0.41999999
v 0.03419399 0.00643167 0.41999999
v 0.03416435 0.00620654 0.41999999
v 0.03408768 0.00602145 0.41999999
v 0.02643694 0.00827709 0.00000000
v 0.02850749 0.00827709 0.00027259
v 0.03043694 0.00827709 0.00107180
v 0.03209379 0.00827709 0.00234315
v 0.03336514 0.00827709 0.00400000
v 0.03416435 0.00827709 0.00592945
v -0.03556306 0.00081299 0.00592945
v -0.03356306 0.00054969 0.00592945
v -0.03535621 0.00158496 0.00400000
v -0.03356306 0.00134889 0.00400000
v -0.03639149 0.00337811 0.00234315
v -0.03702716 0.00227709 0.00400000
v -0.03742677 0.00158496 0.00592945
v -0.03502716 0.00281299 0.00234315
v -0.03356306 0.00262024 0.00234315
v -0.03639149 0.00544867 0.00107180
v -0.03756306 0.00427709 0.00234315
v -0.03846204 0.00337811 0.00400000
v -0.03902716 0.00281299 0.00592945
v -0.03459834 0.00441339 0.00107180
v -0.03356306 0.00427709 0.00107180
v -0.03535621 0.00724182 0.00027259
v -0.03702716 0.00627709 0.00107180
v -0.03846204 0.00544867 0.00234315
v -0.03956306 0.00481299 0.00400000
v -0.04025519 0.00441339 0.00592945
v -0.03356306 0.00620654 0.00027259
v -0.03409896 0.00627709 0.00027259
v -0.03459834 0.00648394 0.00027259
v -0.03556306 0.00481299 0.00107180
v -0.03502716 0.00681299 0.00027259
v -0.03556306 0.00774119 0.00027259
v -0.03742677 0.00724182 0.00107180
v -0.03902716 0.00681299 0.00234315
v -0.04025519 0.00648394 0.00400000
v -0.04102716 0.00627709 0.00592945
v 0.03390104 0.00627709 0.00592945
v 0.03312907 0.00648394 0.00400000
v 0.03133592 0.00544867 0.00234315
v 0.03243694 0.00481299 0.00400000
v 0.03312907 0.00441339 0.00592945
v 0.03190104 0.00681299 0.00234315
v 0.02926537 0.00544867 0.00107180
v 0.03043694 0.00427709 0.00234315
v 0.03133592 0.00337811 0.00400000
v 0.03190104 0.00281299 0.00592945
v 0.03030064 0.00724182 0.00107180
v 0.02747221 0.00648394 0.00027259
v 0.02843694 0.00481299 0.00107180
v 0.02926537 0.00337811 0.00234315
v 0.02990104 0.00227709 0.00400000
v 0.03030064 0.00158496 0.00592945
v 0.02843694 0.00774119 0.00027259
v 0.02823009 0.00724182 0.00027259
v 0.02990104 0.00627709 0.00107180
v 0.02790104 0.00681299 0.00027259
v 0.02697284 0.00627709 0.00027259
v 0.02747221 0.00441339 0.00107180
v 0.02790104 0.00281299 0.00234315
v 0.02823009 0.00158496 0.00400000
v 0.02843694 0.00081299 0.00592945
v 0.02643694 0.00620654 0.00027259
v 0.02643694 0.00427709 0.00107180
v 0.02643694 0.00262024 0.00234315
v 0.02643694 0.00134889 0.00400000
v 0.02643694 0.00054969 0.00592945
v -0.00056659 0.00620832 0.00027956
v -0.00061902 0.00664038 0.00016922
v -0.00064215 0.00671968 0.00015415
v -0.00070262 0.00692698 0.00011475
v -0.00095057 0.00744630 0.00004634
v -0.00099491 0.00753916 0.00003411
v -0.00115879 0.00777598 0.00001571
v -0.00143688 0.00806374 0.00000669
v -0.00164306 0.00827709 0.00000000
v -0.00096380 0.00443617 0.00099307
v -0.00075779 0.00480022 0.00079505
v -0.00068772 0.00499135 0.00070590
v -0.00065477 0.00515680 0.00064077
v -0.00054478 0.00570903 0.00042339
v -0.00053698 0.00593712 0.00035022
v -0.00053626 0.00595832 0.00034341
v -0.00596558 0.00409593 0.00117960
v -0.00568542 0.00381467 0.00136861
v -0.00541353 0.00354173 0.00155203
v -0.00519855 0.00339010 0.00166618
v -0.00507076 0.00332736 0.00171709
v -0.00457788 0.00308540 0.00191343
v -0.00440375 0.00302930 0.00196173
v -0.00434554 0.00301829 0.00197147
v -0.00384203 0.00292309 0.00205570
v -0.00356296 0.00291291 0.00206489
v -0.00350458 0.00291078 0.00206682
v -0.00296629 0.00296962 0.00201412
v -0.00277994 0.00301458 0.00197462
v -0.00274108 0.00302396 0.00196638
v -0.00217369 0.00324792 0.00177847
v -0.00205258 0.00332067 0.00172154
v -0.00184147 0.00344749 0.00162231
v -0.00143489 0.00381030 0.00136861
v -0.00128476 0.00394426 0.00127493
v -0.00114406 0.00411763 0.00116634
v -0.00105196 0.00428038 0.00107781
v -0.00648253 0.00515494 0.00063640
v -0.00640656 0.00489953 0.00074796
v -0.00658993 0.00594499 0.00034746
v -0.00658905 0.00593719 0.00035024
v -0.00651139 0.00525198 0.00059401
v -0.00616602 0.00443321 0.00099296
v -0.00608617 0.00427841 0.00107429
v -0.00605685 0.00422157 0.00110415
v -0.00548306 0.00827709 0.00000000
v -0.00563854 0.00814036 0.00000117
v -0.00570133 0.00807543 0.00000310
v -0.00583455 0.00793768 0.00000720
v -0.00617696 0.00744535 0.00004569
v -0.00622905 0.00737044 0.00005154
v -0.00638072 0.00704289 0.00009578
v -0.00646861 0.00671562 0.00016090
v -0.00655563 0.00639155 0.00022538
v -0.00656978 0.00620740 0.00027573
v -0.02346306 0.02744216 0.39074999
v -0.02346306 0.02704486 0.39023224
v -0.02346306 0.03827709 0.06000000
v -0.02346306 0.02652709 0.38983494
v -0.02346306 0.02592414 0.38958520
v -0.02346306 0.02527709 0.38949999
v -0.02346306 0.00827709 0.06000000
v -0.02346306 0.02463005 0.38958520
v -0.02346306 0.02402709 0.38983494
v -0.02346306 0.02350933 0.39023224
v -0.02346306 0.02311203 0.39074999
v -0.02346306 0.00827709 0.41999999
v -0.02346306 0.02286228 0.39135295
v -0.02346306 0.02277709 0.39199999
v -0.02346306 0.02286228 0.39264706
v -0.02346306 0.02311203 0.39324999
v -0.02346306 0.02350933 0.39376777
v -0.02346306 0.02592414 0.39441481
v -0.02346306 0.02652709 0.39416507
v -0.02346306 0.03827709 0.41999999
v -0.02346306 0.02704486 0.39376777
v -0.02346306 0.02744216 0.39324999
v -0.02346306 0.02769191 0.39264706
v -0.02346306 0.02777709 0.39199999
v -0.02346306 0.02769191 0.39135295
v -0.02346306 0.02402709 0.39416507
v -0.02346306 0.02463005 0.39441481
v -0.02346306 0.02527709 0.39449999
v -0.01546306 0.00827709 0.06000000
v -0.01546306 0.03827709 0.06000000
v -0.01559936 0.03827709 0.05896473
v -0.01559936 0.00827709 0.05896473
v -0.01599896 0.03827709 0.05800000
v -0.01599896 0.00827709 0.05800000
v -0.01663463 0.03827709 0.05717157
v -0.01663463 0.00827709 0.05717157
v -0.01746306 0.03827709 0.05653590
v -0.01746306 0.00827709 0.05653590
v -0.01842779 0.03827709 0.05613630
v -0.01842779 0.00827709 0.05613630
v -0.01946306 0.03827709 0.05600000
v -0.01946306 0.00827709 0.05600000
v -0.02049834 0.03827709 0.05613630
v -0.02049834 0.00827709 0.05613630
v -0.02146306 0.03827709 0.05653590
v -0.02146306 0.00827709 0.05653590
v -0.02229149 0.03827709 0.05717157
v -0.02229149 0.00827709 0.05717157
v -0.02292716 0.03827709 0.05800000
v -0.02292716 0.00827709 0.05800000
v -0.02332676 0.03827709 0.05896473
v -0.02332676 0.00827709 0.05896473
v -0.01546306 0.02311203 0.39324999
v -0.01546306 0.00827709 0.41999999
v -0.01546306 0.02350933 0.39376777
v -0.01546306 0.02402709 0.39416507
v -0.01546306 0.02769191 0.39264706
v -0.01546306 0.02744216 0.39324999
v -0.01546306 0.03827709 0.41999999
v -0.01546306 0.02704486 0.39376777
v -0.01546306 0.02652709 0.39416507
v -0.01546306 0.02592414 0.39441481
v -0.01546306 0.02527709 0.39449999
v -0.01546306 0.02463005 0.39441481
v -0.01546306 0.02311203 0.39074999
v -0.01546306 0.02769191 0.39135295
v -0.01546306 0.02777709 0.39199999
v -0.01546306 0.02286228 0.39264706
v -0.01546306 0.02277709 0.39199999
v -0.01546306 0.02286228 0.39135295
v -0.01546306 0.02652709 0.38983494
v -0.01546306 0.02704486 0.39023224
v -0.01546306 0.02744216 0.39074999
v -0.01546306 0.02350933 0.39023224
v -0.01546306 0.02402709 0.38983494
v -0.01546306 0.02463005 0.38958520
v -0.01546306 0.02527709 0.38949999
v -0.01546306 0.02592414 0.38958520
v -0.02346306 0.00827709 0.41999999
v -0.01546306 0.00827709 0.41999999
v -0.02346306 0.00827709 0.06000000
v -0.01546306 0.00827709 0.06000000
v -0.02332676 0.00827709 0.05896473
v -0.01842779 0.00827709 0.05613630
v -0.01946306 0.00827709 0.05600000
v -0.02049834 0.00827709 0.05613630
v -0.02229149 0.00827709 0.05717157
v -0.02292716 0.00827709 0.05800000
v -0.02146306 0.00827709 0.05653590
v -0.01559936 0.00827709 0.05896473
v -0.01599896 0.00827709 0.05800000
v -0.01663463 0.00827709 0.05717157
v -0.01746306 0.00827709 0.05653590
v 0.01633694 0.00827709 0.06000000
v 0.01633694 0.03827709 0.06000000
v 0.01620064 0.03827709 0.05896473
v 0.01620064 0.00827709 0.05896473
v 0.01580104 0.03827709 0.05800000
v 0.01580104 0.00827709 0.05800000
v 0.01516537 0.03827709 0.05717157
v 0.01516537 0.00827709 0.05717157
v 0.01433694 0.03827709 0.05653590
v 0.01433694 0.00827709 0.05653590
v 0.01337222 0.03827709 0.05613630
v 0.01337222 0.00827709 0.05613630
v 0.01233694 0.03827709 0.05600000
v 0.01233694 0.00827709 0.05600000
v 0.01130166 0.03827709 0.05613630
v 0.01130166 0.00827709 0.05613630
v 0.01033694 0.03827709 0.05653590
v 0.01033694 0.00827709 0.05653590
v 0.00950851 0.03827709 0.05717157
v 0.00950851 0.00827709 0.05717157
v 0.00887284 0.03827709 0.05800000
v 0.00887284 0.00827709 0.05800000
v 0.00847324 0.03827709 0.05896473
v 0.00847324 0.00827709 0.05896473
v 0.00833694 0.03827709 0.06000000
v 0.00833694 0.00827709 0.06000000
v 0.01633694 0.02311203 0.39324999
v 0.01633694 0.00827709 0.41999999
v 0.01633694 0.02350933 0.39376777
v 0.01633694 0.02402709 0.39416507
v 0.01633694 0.02769191 0.39264706
v 0.01633694 0.02744216 0.39324999
v 0.01633694 0.03827709 0.41999999
v 0.01633694 0.02704486 0.39376777
v 0.01633694 0.02652709 0.39416507
v 0.01633694 0.02592414 0.39441481
v 0.01633694 0.02527709 0.39449999
v 0.01633694 0.02463005 0.39441481
v 0.01633694 0.02311203 0.39074999
v 0.01633694 0.02769191 0.39135295
v 0.01633694 0.02777709 0.39199999
v 0.01633694 0.02286228 0.39264706
v 0.01633694 0.02277709 0.39199999
v 0.01633694 0.02286228 0.39135295
v 0.01633694 0.02652709 0.38983494
v 0.01633694 0.02704486 0.39023224
v 0.01633694 0.02744216 0.39074999
v 0.01633694 0.02350933 0.39023224
v 0.01633694 0.02402709 0.38983494
v 0.01633694 0.02463005 0.38958520
v 0.01633694 0.02527709 0.38949999
v 0.01633694 0.02592414 0.38958520
v 0.00833694 0.02744216 0.39074999
v 0.00833694 0.02704486 0.39023224
v 0.00833694 0.02652709 0.38983494
v 0.00833694 0.02592414 0.38958520
v 0.00833694 0.02527709 0.38949999
v 0.00833694 0.02463005 0.38958520
v 0.00833694 0.02402709 0.38983494
v 0.00833694 0.02350933 0.39023224
v 0.00833694 0.02311203 0.39074999
v 0.00833694 0.00827709 0.41999999
v 0.00833694 0.02286228 0.39135295
v 0.00833694 0.02277709 0.39199999
v 0.00833694 0.02286228 0.39264706
v 0.00833694 0.02311203 0.39324999
v 0.00833694 0.02350933 0.39376777
v 0.00833694 0.02592414 0.39441481
v 0.00833694 0.02652709 0.39416507
v 0.00833694 0.03827709 0.41999999
v 0.00833694 0.02704486 0.39376777
v 0.00833694 0.02744216 0.39324999
v 0.00833694 0.02769191 0.39264706
v 0.00833694 0.02777709 0.39199999
v 0.00833694 0.02769191 0.39135295
v 0.00833694 0.02402709 0.39416507
v 0.00833694 0.02463005 0.39441481
v 0.00833694 0.02527709 0.39449999
v 0.00833694 0.00827709 0.41999999
v 0.01633694 0.00827709 0.41999999
v 0.00833694 0.00827709 0.06000000
v 0.01633694 0.00827709 0.06000000
v 0.00847324 0.00827709 0.05896473
v 0.01337222 0.00827709 0.05613630
v 0.01233694 0.00827709 0.05600000
v 0.01130166 0.00827709 0.05613630
v 0.00950851 0.00827709 0.05717157
v 0.00887284 0.00827709 0.05800000
v 0.01033694 0.00827709 0.05653590
v 0.01620064 0.00827709 0.05896473
v 0.01580104 0.00827709 0.05800000
v 0.01516537 0.00827709 0.05717157
v 0.01433694 0.00827709 0.05653590
vt 0.46723790 0.34821429
vt 0.46723790 0.34821429
vt 0.46723790 0.34821429
vt 0.46723790 0.34821429
vt 0.46723790 0.34821429
vt 0.46723790 0.34821429
vt 0.46723790 0.34821429
vt 0.46723790 0.34821429
vt 0.46723790 0.34821429
vt 0.46723790 0.34821429
vt 0.46723790 0.34821429
vt 0.46723790 0.34821429
vt 0.46723790 0.34821429
vt 0.46723790 0.34821429
vt 0.46723790 0.34821429
vt 0.46723790 0.34821429
vt 0.46723790 0.34821429
vt 0.46723790 0.34821429
vt 0.46723790 0.34821429
vt 0.46723790 0.34821429
vt 0.46723790 0.34821429
vt 0.46723790 0.34821429
vt 0.46723790 0.34821429
vt 0.46723790 0.34821429
vt 0.46723790 0.34821429
vt 0.46723790 0.34821429
vt 0.46723790 0.34821429
vt 0.46723790 0.34821429
vt 0.46723790 0.34821429
vt 0.46723790 0.34821429
vt 0.46723790 0.34821429
vt 0.46723790 0.34821429
vt 0.46723790 0.34821429
vt 0.46723790 0.34821429
vt 0.46723790 0.34821429
vt 0.46723790 0.34821429
vt 0.46723790 0.34821429
vt 0.46723790 0.34821429
vt 0.46723790 0.34821429
vt 0.46723790 0.34821429
vt 0.46723790 0.34821429
vt 0.46723790 0.34821429
vt 0.46723790 0.34821429
vt 0.46723790 0.34821429
vt 0.46723790 0.34821429
vt 0.46723790 0.34821429
vt 0.46723790 0.34821429
vt 0.46723790 0.34821429
vt 0.46723790 0.34821429
vt 0.46723790 0.34821429
vt 0.46723790 0.34821429
vt 0.46723790 0.34821429
vt 0.46723790 0.34821429
vt 0.46723790 0.34821429
vt 0.46723790 0.34821429
vt 0.46723790 0.34821429
vt 0.46723790 0.34821429
vt 0.46723790 0.34821429
vt 0.46723790 0.34821429
vt 0.46723790 0.34821429
vt 0.46723790 0.34821429
vt 0.46723790 0.34821429
vt 0.46723790 0.34821429
vt 0.46723790 0.34821429
vt 0.46723790 0.34821429
vt 0.46723790 0.34821429
vt 0.46723790 0.34821429
vt 0.46723790 0.34821429
vt 0.46723790 0.34821429
vt 0.46723790 0.34821429
vt 0.46723790 0.34821429
vt 0.46723790 0.34821429
vt 0.46723790 0.34821429
vt 0.46723790 0.34821429
vt 0.46723790 0.34821429
vt 0.46723790 0.34821429
vt 0.46723790 0.34821429
vt 0.46723790 0.34821429
vt 0.46723790 0.34821429
vt 0.46723790 0.34821429
vt 0.46723790 0.34821429
vt 0.46723790 0.34821429
vt 0.46723790 0.34821429
vt 0.46723790 0.34821429
vt 0.46723790 0.34821429
vt 0.46723790 0.34821429
vt 0.46723790 0.34821429
vt 0.46723790 0.34821429
vt 0.46723790 0.34821429
vt 0.46723790 0.34821429
vt 0.46723790 0.34821429
vt 0.46723790 0.34821429
vt 0.46723790 0.34821429
vt 0.46723790 0.34821429
vt 0.46723790 0.34821429
vt 0.46723790 0.34821429
vt 0.46723790 0.34821429
vt 0.46723790 0.34821429
vt 0.46723790 0.34821429
vt 0.46723790 0.34821429
vt 0.46723790 0.34821429
vt 0.46723790 0.34821429
vt 0.46723790 0.34821429
vt 0.46723790 0.34821429
vt 0.46723790 0.34821429
vt 0.46723790 0.34821429
vt 0.46723790 0.34821429
vt 0.46723790 0.34821429
vt 0.46723790 0.34821429
vt 0.46723790 0.34821429
vt 0.46723790 0.34821429
vt 0.46723790 0.34821429
vt 0.46723790 0.34821429
vt 0.46723790 0.34821429
vt 0.46723790 0.34821429
vt 0.46723790 0.34821429
vt 0.46723790 0.34821429
vt 0.46723790 0.34821429
vt 0.46723790 0.34821429
vt 0.46723790 0.34821429
vt 0.46723790 0.34821429
vt 0.46723790 0.34821429
vt 0.46723790 0.34821429
vt 0.46723790 0.34821429
vt 0.46723790 0.34821429
vt 0.46723790 0.34821429
vt 0.46723790 0.34821429
vt 0.46723790 0.34821429
vt 0.46723790 0.34821429
vt 0.46723790 0.34821429
vt 0.46723790 0.34821429
vt 0.46723790 0.34821429
vt 0.46723790 0.34821429
vt 0.46723790 0.34821429
vt 0.46723790 0.34821429
vt 0.46723790 0.34821429
vt 0.46723790 0.34821429
vt 0.46723790 0.34821429
vt 0.46723790 0.34821429
vt 0.46723790 0.34821429
vt 0.46723790 0.34821429
vt 0.46723790 0.34821429
vt 0.46723790 0.34821429
vt 0.46723790 0.34821429
vt 0.46723790 0.34821429
vt 0.46723790 0.34821429
vt 0.46723790 0.34821429
vt 0.46723790 0.34821429
vt 0.46723790 0.34821429
vt 0.46723790 0.34821429
vt 0.46723790 0.34821429
vt 0.46723790 0.34821429
vt 0.46723790 0.34821429
vt 0.46723790 0.34821429
vt 0.46723790 0.34821429
vt 0.46723790 0.34821429
vt 0.46723790 0.34821429
vt 0.46723790 0.34821429
vt 0.46723790 0.34821429
vt 0.46723790 0.34821429
vt 0.46723790 0.34821429
vt 0.46723790 0.34821429
vt 0.46723790 0.34821429
vt 0.46723790 0.34821429
vt 0.46723790 0.34821429
vt 0.46723790 0.34821429
vt 0.46723790 0.34821429
vt 0.46723790 0.34821429
vt 0.46723790 0.34821429
vt 0.46723790 0.34821429
vt 0.46723790 0.34821429
vt 0.46723790 0.34821429
vt 0.46723790 0.34821429
vt 0.46723790 0.34821429
vt 0.46723790 0.34821429
vt 0.46723790 0.34821429
vt 0.46723790 0.34821429
vt 0.46723790 0.34821429
vt 0.46723790 0.34821429
vt 0.46723790 0.34821429
vt 0.46723790 0.34821429
vt 0.46723790 0.34821429
vt 0.46723790 0.34821429
vt 0.46723790 0.34821429
vt 0.46723790 0.34821429
vt 0.46723790 0.34821429
vt 0.46723790 0.34821429
vt 0.46723790 0.34821429
vt 0.46723790 0.34821429
vt 0.46723790 0.34821429
vt 0.46723790 0.34821429
vt 0.46723790 0.34821429
vt 0.46723790 0.34821429
vt 0.46723790 0.34821429
vt 0.46723790 0.34821429
vt 0.46723790 0.34821429
vt 0.46723790 0.34821429
vt 0.46723790 0.34821429
vt 0.46723790 0.34821429
vt 0.46723790 0.34821429
vt 0.46723790 0.34821429
vt 0.46723790 0.34821429
vt 0.46723790 0.34821429
vt 0.46723790 0.34821429
vt 0.46723790 0.34821429
vt 0.46723790 0.34821429
vt 0.46723790 0.34821429
vt 0.46723790 0.34821429
vt 0.46723790 0.34821429
vt 0.46723790 0.34821429
vt 0.46723790 0.34821429
vt 0.46723790 0.34821429
vt 0.46723790 0.34821429
vt 0.46723790 0.34821429
vt 0.46723790 0.34821429
vt 0.46723790 0.34821429
vt 0.46723790 0.34821429
vt 0.46723790 0.34821429
vt 0.46723790 0.34821429
vt 0.46723790 0.34821429
vt 0.46723790 0.34821429
vt 0.46723790 0.34821429
vt 0.46723790 0.34821429
vt 0.46723790 0.34821429
vt 0.46723790 0.34821429
vt 0.46723790 0.34821429
vt 0.46723790 0.34821429
vt 0.46723790 0.34821429
vt 0.46723790 0.34821429
vt 0.46723790 0.34821429
vt 0.46723790 0.34821429
vt 0.46723790 0.34821429
vt 0.46723790 0.34821429
vt 0.46723790 0.34821429
vt 0.46723790 0.34821429
vt 0.46723790 0.34821429
vt 0.46723790 0.34821429
vt 0.46723790 0.34821429
vt 0.46723790 0.34821429
vt 0.46723790 0.34821429
vt 0.46723790 0.34821429
vt 0.46723790 0.34821429
vt 0.46723790 0.34821429
vt 0.46723790 0.34821429
vt 0.46723790 0.34821429
vt 0.46723790 0.34821429
vt 0.46723790 0.34821429
vt 0.46723790 0.34821429
vt 0.46723790 0.34821429
vt 0.46723790 0.34821429
vt 0.46723790 0.34821429
vt 0.46723790 0.34821429
vt 0.46723790 0.34821429
vt 0.46723790 0.34821429
vt 0.46723790 0.34821429
vt 0.46723790 0.34821429
vt 0.46723790 0.34821429
vt 0.46723790 0.34821429
vt 0.46723790 0.34821429
vt 0.46723790 0.34821429
vt 0.46723790 0.34821429
vt 0.46723790 0.34821429
vt 0.46723790 0.34821429
vt 0.46723790 0.34821429
vt 0.46723790 0.34821429
vt 0.46723790 0.34821429
vt 0.46723790 0.34821429
vt 0.46723790 0.34821429
vt 0.46723790 0.34821429
vt 0.46723790 0.34821429
vt 0.46723790 0.34821429
vt 0.46723790 0.34821429
vt 0.46723790 0.34821429
vt 0.46723790 0.34821429
vt 0.46723790 0.34821429
vt 0.46723790 0.34821429
vt 0.46723790 0.34821429
vt 0.46723790 0.34821429
vt 0.46723790 0.34821429
vt 0.46723790 0.34821429
vt 0.46723790 0.34821429
vt 0.46723790 0.34821429
vt 0.46723790 0.34821429
vt 0.46723790 0.34821429
vt 0.46723790 0.34821429
vt 0.46723790 0.34821429
vt 0.46723790 0.34821429
vt 0.46723790 0.34821429
vt 0.46723790 0.34821429
vt 0.46723790 0.34821429
vt 0.46723790 0.34821429
vt 0.46723790 0.34821429
vt 0.46723790 0.34821429
vt 0.46723790 0.34821429
vt 0.46723790 0.34821429
vt 0.46723790 0.34821429
vt 0.46723790 0.34821429
vt 0.46723790 0.34821429
vt 0.46723790 0.34821429
vt 0.46723790 0.34821429
vt 0.46723790 0.34821429
vt 0.46723790 0.34821429
vt 0.46723790 0.34821429
vt 0.46723790 0.34821429
vt 0.46723790 0.34821429
vt 0.46723790 0.34821429
vt 0.46723790 0.34821429
vt 0.46723790 0.34821429
vt 0.46723790 0.34821429
vt 0.46723790 0.34821429
vt 0.46723790 0.34821429
vt 0.46723790 0.34821429
vt 0.46723790 0.34821429
vt 0.46723790 0.34821429
vt 0.46723790 0.34821429
vt 0.46723790 0.34821429
vt 0.46723790 0.34821429
vt 0.46723790 0.34821429
vt 0.46723790 0.34821429
vt 0.46723790 0.34821429
vt 0.46723790 0.34821429
vt 0.46723790 0.34821429
vt 0.46723790 0.34821429
vt 0.46723790 0.34821429
vt 0.46723790 0.34821429
vt 0.46723790 0.34821429
vt 0.46723790 0.34821429
vt 0.46723790 0.34821429
vt 0.46723790 0.34821429
vt 0.46723790 0.34821429
vt 0.46723790 0.34821429
vt 0.46723790 0.34821429
vt 0.46723790 0.34821429
vt 0.46723790 0.34821429
vt 0.46723790 0.34821429
vt 0.46723790 0.34821429
vt 0.46723790 0.34821429
vt 0.46723790 0.34821429
vt 0.46723790 0.34821429
vt 0.46723790 0.34821429
vt 0.46723790 0.34821429
vt 0.46723790 0.34821429
vt 0.46723790 0.34821429
vt 0.46723790 0.34821429
vt 0.46723790 0.34821429
vt 0.46723790 0.34821429
vt 0.46723790 0.34821429
vt 0.46723790 0.34821429
vt 0.46723790 0.34821429
vt 0.46723790 0.34821429
vt 0.46723790 0.34821429
vt 0.46723790 0.34821429
vt 0.46723790 0.34821429
vt 0.46723790 0.34821429
vt 0.46723790 0.34821429
vt 0.46723790 0.34821429
vt 0.46723790 0.34821429
vt 0.46723790 0.34821429
vt 0.46723790 0.34821429
vt 0.46723790 0.34821429
vt 0.46723790 0.34821429
vt 0.46723790 0.34821429
vt 0.46723790 0.34821429
vt 0.46723790 0.34821429
vt 0.46723790 0.34821429
vt 0.46723790 0.34821429
vt 0.46723790 0.34821429
vt 0.46723790 0.34821429
vt 0.46723790 0.34821429
vt 0.46723790 0.34821429
vt 0.46723790 0.34821429
vt 0.46723790 0.34821429
vt 0.46723790 0.34821429
vt 0.46723790 0.34821429
vt 0.46723790 0.34821429
vt 0.46723790 0.34821429
vt 0.46723790 0.34821429
vt 0.46723790 0.34821429
vt 0.46723790 0.34821429
vt 0.46723790 0.34821429
vt 0.46723790 0.34821429
vt 0.46723790 0.34821429
vt 0.46723790 0.34821429
vt 0.46723790 0.34821429
vt 0.46723790 0.34821429
vt 0.46723790 0.34821429
vt 0.46723790 0.34821429
vt 0.46723790 0.34821429
vt 0.46723790 0.34821429
vt 0.46723790 0.34821429
vt 0.46723790 0.34821429
vt 0.46723790 0.34821429
vt 0.46723790 0.34821429
vt 0.46723790 0.34821429
vt 0.46723790 0.34821429
vt 0.46723790 0.34821429
vt 0.46723790 0.34821429
vt 0.46723790 0.34821429
vt 0.46723790 0.34821429
vt 0.46723790 0.34821429
vt 0.46723790 0.34821429
vt 0.46723790 0.34821429
vt 0.46723790 0.34821429
vt 0.46723790 0.34821429
vt 0.46723790 0.34821429
vt 0.46723790 0.34821429
vt 0.46723790 0.34821429
vt 0.46723790 0.34821429
vt 0.46723790 0.34821429
vt 0.46723790 0.34821429
vt 0.46723790 0.34821429
vt 0.46723790 0.34821429
vt 0.46723790 0.34821429
vt 0.46723790 0.34821429
vt 0.46723790 0.34821429
vt 0.46723790 0.34821429
vt 0.46723790 0.34821429
vt 0.46723790 0.34821429
vt 0.46723790 0.34821429
vt 0.46723790 0.34821429
vt 0.46723790 0.34821429
vt 0.46723790 0.34821429
vt 0.46723790 0.34821429
vt 0.46723790 0.34821429
vt 0.46723790 0.34821429
vt 0.46723790 0.34821429
vt 0.46723790 0.34821429
vt 0.46723790 0.34821429
vt 0.46723790 0.34821429
vt 0.46723790 0.34821429
vt 0.46723790 0.34821429
vt 0.46723790 0.34821429
vt 0.46723790 0.34821429
vt 0.46723790 0.34821429
vt 0.46723790 0.34821429
vt 0.46723790 0.34821429
vt 0.46723790 0.34821429
vt 0.46723790 0.34821429
vt 0.46723790 0.34821429
vt 0.46723790 0.34821429
vt 0.46723790 0.34821429
vt 0.46723790 0.34821429
vt 0.46723790 0.34821429
vt 0.46723790 0.34821429
vt 0.46723790 0.34821429
vt 0.46723790 0.34821429
vt 0.46723790 0.34821429
vt 0.46723790 0.34821429
vt 0.46723790 0.34821429
vt 0.46723790 0.34821429
vt 0.46723790 0.34821429
vt 0.46723790 0.34821429
vt 0.46723790 0.34821429
vt 0.46723790 0.34821429
vt 0.46723790 0.34821429
vt 0.46723790 0.34821429
vt 0.46723790 0.34821429
vt 0.46723790 0.34821429
vt 0.46723790 0.34821429
vt 0.46723790 0.34821429
vt 0.46723790 0.34821429
vt 0.46723790 0.34821429
vt 0.46723790 0.34821429
vt 0.46723790 0.34821429
vt 0.46723790 0.34821429
vt 0.46723790 0.34821429
vt 0.46723790 0.34821429
vt 0.46723790 0.34821429
vt 0.46723790 0.34821429
vt 0.46723790 0.34821429
vt 0.46723790 0.34821429
vt 0.46723790 0.34821429
vt 0.46723790 0.34821429
vt 0.46723790 0.34821429
vt 0.46723790 0.34821429
vt 0.46723790 0.34821429
vt 0.46723790 0.34821429
vt 0.46723790 0.34821429
vt 0.46723790 0.34821429
vt 0.46723790 0.34821429
vt 0.46723790 0.34821429
vt 0.46723790 0.34821429
vt 0.46723790 0.34821429
vt 0.46723790 0.34821429
vt 0.46723790 0.34821429
vt 0.46723790 0.34821429
vt 0.46723790 0.34821429
vt 0.46723790 0.34821429
vt 0.46723790 0.34821429
vt 0.46723790 0.34821429
vt 0.46723790 0.34821429
vt 0.46723790 0.34821429
vt 0.46723790 0.34821429
vt 0.46723790 0.34821429
vt 0.46723790 0.34821429
vt 0.46723790 0.34821429
vt 0.46723790 0.34821429
vt 0.46723790 0.34821429
vt 0.46723790 0.34821429
vt 0.46723790 0.34821429
vt 0.46723790 0.34821429
vt 0.46723790 0.34821429
vt 0.46723790 0.34821429
vt 0.46723790 0.34821429
vt 0.46723790 0.34821429
vt 0.46723790 0.34821429
vt 0.46723790 0.34821429
vt 0.46723790 0.34821429
vt 0.46723790 0.34821429
vt 0.46723790 0.34821429
vt 0.46723790 0.34821429
vt 0.46723790 0.34821429
vt 0.46723790 0.34821429
vt 0.46723790 0.34821429
vt 0.46723790 0.34821429
vt 0.46723790 0.34821429
vt 0.46723790 0.34821429
vt 0.46723790 0.34821429
vt 0.46723790 0.34821429
vt 0.46723790 0.34821429
vt 0.46723790 0.34821429
vt 0.46723790 0.34821429
vt 0.46723790 0.34821429
vt 0.46723790 0.34821429
vt 0.46723790 0.34821429
vt 0.46723790 0.34821429
vt 0.46723790 0.34821429
vt 0.46723790 0.34821429
vt 0.46723790 0.34821429
vt 0.46723790 0.34821429
vt 0.46723790 0.34821429
vt 0.46723790 0.34821429
vt 0.46723790 0.34821429
vt 0.46723790 0.34821429
vt 0.46723790 0.34821429
vt 0.46723790 0.34821429
vt 0.46723790 0.34821429
vt 0.46723790 0.34821429
vt 0.46723790 0.34821429
vt 0.46723790 0.34821429
vt 0.46723790 0.34821429
vt 0.46723790 0.34821429
vt 0.46723790 0.34821429
vt 0.46723790 0.34821429
vt 0.46723790 0.34821429
vt 0.46723790 0.34821429
vt 0.46723790 0.34821429
vt 0.46723790 0.34821429
vt 0.46723790 0.34821429
vt 0.46723790 0.34821429
vt 0.46723790 0.34821429
vt 0.46723790 0.34821429
vt 0.46723790 0.34821429
vt 0.46723790 0.34821429
vt 0.46723790 0.34821429
vt 0.46723790 0.34821429
vt 0.46723790 0.34821429
vt 0.46723790 0.34821429
vt 0.46723790 0.34821429
vt 0.46723790 0.34821429
vt 0.46723790 0.34821429
vt 0.46723790 0.34821429
vt 0.46723790 0.34821429
vt 0.46723790 0.34821429
vt 0.46723790 0.34821429
vt 0.46723790 0.34821429
vt 0.46723790 0.34821429
vt 0.46723790 0.34821429
vt 0.46723790 0.34821429
vt 0.46723790 0.34821429
vt 0.46723790 0.34821429
vt 0.46723790 0.34821429
vt 0.46723790 0.34821429
vt 0.46723790 0.34821429
vt 0.46723790 0.34821429
vt 0.46723790 0.34821429
vt 0.46723790 0.34821429
vt 0.46723790 0.34821429
vt 0.46723790 0.34821429
vt 0.46723790 0.34821429
vt 0.46723790 0.34821429
vt 0.46723790 0.34821429
vt 0.46723790 0.34821429
vt 0.46723790 0.34821429
vt 0.46723790 0.34821429
vt 0.46723790 0.34821429
vt 0.46723790 0.34821429
vt 0.46723790 0.34821429
vt 0.46723790 0.34821429
vt 0.46723790 0.34821429
vt 0.46723790 0.34821429
vt 0.46723790 0.34821429
vt 0.46723790 0.34821429
vt 0.46723790 0.34821429
vt 0.46723790 0.34821429
vt 0.46723790 0.34821429
vt 0.46723790 0.34821429
vt 0.46723790 0.34821429
vt 0.46723790 0.34821429
vt 0.46723790 0.34821429
vt 0.46723790 0.34821429
vt 0.46723790 0.34821429
vt 0.46723790 0.34821429
vt 0.46723790 0.34821429
vt 0.46723790 0.34821429
vt 0.46723790 0.34821429
vt 0.46723790 0.34821429
vt 0.46723790 0.34821429
vt 0.46723790 0.34821429
vt 0.46723790 0.34821429
vt 0.46723790 0.34821429
vt 0.46723790 0.34821429
vt 0.46723790 0.34821429
vt 0.46723790 0.34821429
vt 0.46723790 0.34821429
vt 0.46723790 0.34821429
vt 0.46723790 0.34821429
vt 0.46723790 0.34821429
vt 0.46723790 0.34821429
vt 0.46723790 0.34821429
vt 0.46723790 0.34821429
vt 0.46723790 0.34821429
vt 0.46723790 0.34821429
vt 0.46723790 0.34821429
vt 0.46723790 0.34821429
vt 0.46723790 0.34821429
vt 0.46723790 0.34821429
vt 0.46723790 0.34821429
vt 0.46723790 0.34821429
vt 0.46723790 0.34821429
vt 0.46723790 0.34821429
vt 0.46723790 0.34821429
vt 0.46723790 0.34821429
vt 0.46723790 0.34821429
vt 0.46723790 0.34821429
vt 0.46723790 0.34821429
vt 0.46723790 0.34821429
vt 0.46723790 0.34821429
vt 0.46723790 0.34821429
vt 0.46723790 0.34821429
vt 0.46723790 0.34821429
vt 0.46723790 0.34821429
vt 0.46723790 0.34821429
vt 0.46723790 0.34821429
vt 0.46723790 0.34821429
vt 0.46723790 0.34821429
vt 0.46723790 0.34821429
vt 0.46723790 0.34821429
vt 0.46723790 0.34821429
vt 0.46723790 0.34821429
vt 0.46723790 0.34821429
vt 0.46723790 0.34821429
vt 0.46723790 0.34821429
vt 0.46723790 0.34821429
vt 0.46723790 0.34821429
vt 0.46723790 0.34821429
vt 0.46723790 0.34821429
vt 0.46723790 0.34821429
vt 0.46723790 0.34821429
vt 0.46723790 0.34821429
vt 0.46723790 0.34821429
vt 0.46723790 0.34821429
vt 0.46723790 0.34821429
vt 0.46723790 0.34821429
vt 0.46723790 0.34821429
vt 0.46723790 0.34821429
vt 0.46723790 0.34821429
vt 0.46723790 0.34821429
vt 0.46723790 0.34821429
vt 0.46723790 0.34821429
vt 0.46723790 0.34821429
vt 0.46723790 0.34821429
vt 0.46723790 0.34821429
vt 0.46723790 0.34821429
vt 0.46723790 0.34821429
vt 0.46723790 0.34821429
vt 0.46723790 0.34821429
vt 0.46723790 0.34821429
vt 0.46723790 0.34821429
vt 0.46723790 0.34821429
vt 0.46723790 0.34821429
vt 0.46723790 0.34821429
vt 0.46723790 0.34821429
vt 0.46723790 0.34821429
vt 0.46723790 0.34821429
vt 0.46723790 0.34821429
vt 0.46723790 0.34821429
vt 0.46723790 0.34821429
vt 0.46723790 0.34821429
vt 0.46723790 0.34821429
vt 0.46723790 0.34821429
vt 0.46723790 0.34821429
vt 0.46723790 0.34821429
vt 0.46723790 0.34821429
vt 0.46723790 0.34821429
vt 0.46723790 0.34821429
vt 0.46723790 0.34821429
vt 0.46723790 0.34821429
vt 0.46723790 0.34821429
vt 0.46723790 0.34821429
vt 0.46723790 0.34821429
vt 0.46723790 0.34821429
vt 0.46723790 0.34821429
vt 0.46723790 0.34821429
vt 0.46723790 0.34821429
vt 0.46723790 0.34821429
vt 0.46723790 0.34821429
vt 0.46723790 0.34821429
vt 0.46723790 0.34821429
vt 0.46723790 0.34821429
vt 0.46723790 0.34821429
vt 0.46723790 0.34821429
vt 0.46723790 0.34821429
vt 0.46723790 0.34821429
vt 0.46723790 0.34821429
vt 0.46723790 0.34821429
vt 0.46723790 0.34821429
vt 0.46723790 0.34821429
vt 0.46723790 0.34821429
vt 0.46723790 0.34821429
vt 0.46723790 0.34821429
vt 0.46723790 0.34821429
vt 0.46723790 0.34821429
vt 0.46723790 0.34821429
vt 0.46723790 0.34821429
vt 0.46723790 0.34821429
vt 0.46723790 0.34821429
vt 0.46723790 0.34821429
vt 0.46723790 0.34821429
vt 0.46723790 0.34821429
vt 0.46723790 0.34821429
vt 0.46723790 0.34821429
vt 0.46723790 0.34821429
vt 0.46723790 0.34821429
vt 0.46723790 0.34821429
vt 0.46723790 0.34821429
vt 0.46723790 0.34821429
vt 0.46723790 0.34821429
vt 0.46723790 0.34821429
vt 0.46723790 0.34821429
vt 0.46723790 0.34821429
vt 0.46723790 0.34821429
vt 0.46723790 0.34821429
vt 0.46723790 0.34821429
vt 0.46723790 0.34821429
vt 0.46723790 0.34821429
vt 0.46723790 0.34821429
vt 0.46723790 0.34821429
vt 0.46723790 0.34821429
vt 0.46723790 0.34821429
vt 0.46723790 0.34821429
vt 0.46723790 0.34821429
vt 0.46723790 0.34821429
vt 0.46723790 0.34821429
vt 0.46723790 0.34821429
vt 0.46723790 0.34821429
vt 0.46723790 0.34821429
vt 0.46723790 0.34821429
vt 0.46723790 0.34821429
vt 0.46723790 0.34821429
vt 0.46723790 0.34821429
vt 0.46723790 0.34821429
vt 0.46723790 0.34821429
vt 0.46723790 0.34821429
vt 0.46723790 0.34821429
vt 0.46723790 0.34821429
vt 0.46723790 0.34821429
vt 0.46723790 0.34821429
vt 0.46723790 0.34821429
vt 0.46723790 0.34821429
vt 0.46723790 0.34821429
vt 0.46723790 0.34821429
vt 0.46723790 0.34821429
vt 0.46723790 0.34821429
vt 0.46723790 0.34821429
vt 0.46723790 0.34821429
vt 0.46723790 0.34821429
vt 0.46723790 0.34821429
vt 0.46723790 0.34821429
vt 0.46723790 0.34821429
vt 0.46723790 0.34821429
vt 0.46723790 0.34821429
vt 0.46723790 0.34821429
vt 0.46723790 0.34821429
vt 0.46723790 0.34821429
vt 0.46723790 0.34821429
vt 0.46723790 0.34821429
vt 0.46723790 0.34821429
vt 0.46723790 0.34821429
vt 0.46723790 0.34821429
vt 0.46723790 0.34821429
vt 0.46723790 0.34821429
vt 0.46723790 0.34821429
vt 0.46723790 0.34821429
vt 0.46723790 0.34821429
vt 0.46723790 0.34821429
vt 0.46723790 0.34821429
vt 0.46723790 0.34821429
vt 0.46723790 0.34821429
vt 0.46723790 0.34821429
vt 0.46723790 0.34821429
vt 0.46723790 0.34821429
vt 0.46723790 0.34821429
vt 0.46723790 0.34821429
vt 0.46723790 0.34821429
vt 0.46723790 0.34821429
vt 0.46723790 0.34821429
vt 0.46723790 0.34821429
vt 0.46723790 0.34821429
vt 0.46723790 0.34821429
vt 0.46723790 0.34821429
vt 0.46723790 0.34821429
vt 0.46723790 0.34821429
vt 0.46723790 0.34821429
vt 0.46723790 0.34821429
vt 0.46723790 0.34821429
vt 0.46723790 0.34821429
vt 0.46723790 0.34821429
vt 0.46723790 0.34821429
vt 0.46723790 0.34821429
vt 0.46723790 0.34821429
vt 0.46723790 0.34821429
vt 0.46723790 0.34821429
vt 0.46723790 0.34821429
vt 0.46723790 0.34821429
vt 0.46723790 0.34821429
vt 0.46723790 0.34821429
vt 0.46723790 0.34821429
vt 0.46723790 0.34821429
vt 0.46723790 0.34821429
vt 0.46723790 0.34821429
vt 0.46723790 0.34821429
vt 0.46723790 0.34821429
vt 0.46723790 0.34821429
vt 0.46723790 0.34821429
vt 0.46723790 0.34821429
vt 0.46723790 0.34821429
vt 0.46723790 0.34821429
vt 0.46723790 0.34821429
vt 0.46723790 0.34821429
vt 0.46723790 0.34821429
vt 0.46723790 0.34821429
vt 0.46723790 0.34821429
vt 0.46723790 0.34821429
vt 0.46723790 0.34821429
vt 0.46723790 0.34821429
vt 0.46723790 0.34821429
vt 0.46723790 0.34821429
vt 0.46723790 0.34821429
vt 0.46723790 0.34821429
vt 0.46723790 0.34821429
vt 0.46723790 0.34821429
vt 0.46723790 0.34821429
vt 0.46723790 0.34821429
vt 0.46723790 0.34821429
vt 0.46723790 0.34821429
vt 0.46723790 0.34821429
vt 0.46723790 0.34821429
vt 0.46723790 0.34821429
vt 0.46723790 0.34821429
vt 0.46723790 0.34821429
vt 0.46723790 0.34821429
vt 0.46723790 0.34821429
vt 0.46723790 0.34821429
vt 0.46723790 0.34821429
vt 0.46723790 0.34821429
vt 0.46723790 0.34821429
vt 0.46723790 0.34821429
vt 0.46723790 0.34821429
vt 0.46723790 0.34821429
vt 0.46723790 0.34821429
vt 0.46723790 0.34821429
vt 0.46723790 0.34821429
vt 0.46723790 0.34821429
vt 0.46723790 0.34821429
vt 0.46723790 0.34821429
vt 0.46723790 0.34821429
vt 0.46723790 0.34821429
vt 0.46723790 0.34821429
vt 0.46723790 0.34821429
vt 0.46723790 0.34821429
vt 0.46723790 0.34821429
vt 0.46723790 0.34821429
vt 0.46723790 0.34821429
vt 0.46723790 0.34821429
vt 0.46723790 0.34821429
vt 0.46723790 0.34821429
vt 0.46723790 0.34821429
vt 0.46723790 0.34821429
vt 0.46723790 0.34821429
vt 0.46723790 0.34821429
vt 0.46723790 0.34821429
vt 0.46723790 0.34821429
vt 0.46723790 0.34821429
vt 0.46723790 0.34821429
vt 0.46723790 0.34821429
vt 0.46723790 0.34821429
vt 0.46723790 0.34821429
vt 0.46723790 0.34821429
vt 0.46723790 0.34821429
vt 0.46723790 0.34821429
vt 0.46723790 0.34821429
vt 0.46723790 0.34821429
vt 0.46723790 0.34821429
vt 0.46723790 0.34821429
vt 0.46723790 0.34821429
vt 0.46723790 0.34821429
vt 0.46723790 0.34821429
vt 0.46723790 0.34821429
vt 0.46723790 0.34821429
vt 0.46723790 0.34821429
vt 0.46723790 0.34821429
vt 0.46723790 0.34821429
vt 0.46723790 0.34821429
vt 0.46723790 0.34821429
vt 0.46723790 0.34821429
vt 0.46723790 0.34821429
vt 0.46723790 0.34821429
vt 0.46723790 0.34821429
vt 0.46723790 0.34821429
vt 0.46723790 0.34821429
vt 0.46723790 0.34821429
vt 0.46723790 0.34821429
vt 0.46723790 0.34821429
vt 0.46723790 0.34821429
vt 0.46723790 0.34821429
vt 0.46723790 0.34821429
vt 0.46723790 0.34821429
vt 0.46723790 0.34821429
vt 0.46723790 0.34821429
vt 0.46723790 0.34821429
vt 0.46723790 0.34821429
vt 0.46723790 0.34821429
vt 0.46723790 0.34821429
vt 0.46723790 0.34821429
vt 0.46723790 0.34821429
vt 0.46723790 0.34821429
vt 0.46723790 0.34821429
vt 0.46723790 0.34821429
vt 0.46723790 0.34821429
vt 0.46723790 0.34821429
vt 0.46723790 0.34821429
vt 0.46723790 0.34821429
vt 0.46723790 0.34821429
vt 0.46723790 0.34821429
vt 0.46723790 0.34821429
vt 0.46723790 0.34821429
vt 0.46723790 0.34821429
vt 0.46723790 0.34821429
vt 0.46723790 0.34821429
vt 0.46723790 0.34821429
vt 0.46723790 0.34821429
vt 0.46723790 0.34821429
vt 0.46723790 0.34821429
vt 0.46723790 0.34821429
vt 0.46723790 0.34821429
vt 0.46723790 0.34821429
vt 0.46723790 0.34821429
vt 0.46723790 0.34821429
vt 0.46723790 0.34821429
vt 0.46723790 0.34821429
vt 0.46723790 0.34821429
vt 0.46723790 0.34821429
vt 0.46723790 0.34821429
vt 0.46723790 0.34821429
vt 0.46723790 0.34821429
vt 0.46723790 0.34821429
vt 0.46723790 0.34821429
vt 0.46723790 0.34821429
vt 0.46723790 0.34821429
vt 0.46723790 0.34821429
vt 0.46723790 0.34821429
vt 0.46723790 0.34821429
vt 0.46723790 0.34821429
vt 0.46723790 0.34821429
vt 0.46723790 0.34821429
vt 0.46723790 0.34821429
vt 0.46723790 0.34821429
vt 0.46723790 0.34821429
vt 0.46723790 0.34821429
vt 0.46723790 0.34821429
vt 0.46723790 0.34821429
vt 0.46723790 0.34821429
vt 0.46723790 0.34821429
vt 0.46723790 0.34821429
vt 0.46723790 0.34821429
vt 0.46723790 0.34821429
vt 0.46723790 0.34821429
vt 0.46723790 0.34821429
vt 0.46723790 0.34821429
vt 0.46723790 0.34821429
vt 0.46723790 0.34821429
vt 0.46723790 0.34821429
vt 0.46723790 0.34821429
vt 0.46723790 0.34821429
vt 0.46723790 0.34821429
vt 0.46723790 0.34821429
vt 0.46723790 0.34821429
vt 0.46723790 0.34821429
vt 0.46723790 0.34821429
vt 0.46723790 0.34821429
vt 0.46723790 0.34821429
vt 0.46723790 0.34821429
vt 0.46723790 0.34821429
vt 0.46723790 0.34821429
vt 0.46723790 0.34821429
vt 0.46723790 0.34821429
vt 0.46723790 0.34821429
vt 0.46723790 0.34821429
vt 0.46723790 0.34821429
vt 0.46723790 0.34821429
vt 0.46723790 0.34821429
vt 0.46723790 0.34821429
vt 0.46723790 0.34821429
vt 0.46723790 0.34821429
vt 0.46723790 0.34821429
vt 0.46723790 0.34821429
vt 0.46723790 0.34821429
vt 0.46723790 0.34821429
vt 0.46723790 0.34821429
vt 0.46723790 0.34821429
vt 0.46723790 0.34821429
vt 0.46723790 0.34821429
vt 0.46723790 0.34821429
vt 0.46723790 0.34821429
vt 0.46723790 0.34821429
vt 0.46723790 0.34821429
vt 0.46723790 0.34821429
vt 0.46723790 0.34821429
vt 0.46723790 0.34821429
vt 0.46723790 0.34821429
vt 0.46723790 0.34821429
vt 0.46723790 0.34821429
vt 0.46723790 0.34821429
vt 0.46723790 0.34821429
vt 0.46723790 0.34821429
vt 0.46723790 0.34821429
vt 0.46723790 0.34821429
vt 0.46723790 0.34821429
vt 0.46723790 0.34821429
vt 0.46723790 0.34821429
vt 0.46723790 0.34821429
vt 0.46723790 0.34821429
vt 0.46723790 0.34821429
vt 0.46723790 0.34821429
vt 0.46723790 0.34821429
vt 0.46723790 0.34821429
vt 0.46723790 0.34821429
vt 0.46723790 0.34821429
vt 0.46723790 0.34821429
vt 0.46723790 0.34821429
vt 0.46723790 0.34821429
vt 0.46723790 0.34821429
vt 0.46723790 0.34821429
vt 0.46723790 0.34821429
vt 0.46723790 0.34821429
vt 0.46723790 0.34821429
vt 0.46723790 0.34821429
vt 0.46723790 0.34821429
vt 0.46723790 0.34821429
vt 0.46723790 0.34821429
vt 0.46723790 0.34821429
vt 0.46723790 0.34821429
vt 0.46723790 0.34821429
vt 0.46723790 0.34821429
vt 0.46723790 0.34821429
vt 0.46723790 0.34821429
vt 0.46723790 0.34821429
vt 0.46723790 0.34821429
vt 0.46723790 0.34821429
vt 0.46723790 0.34821429
vt 0.46723790 0.34821429
vt 0.46723790 0.34821429
vt 0.46723790 0.34821429
vt 0.46723790 0.34821429
vt 0.46723790 0.34821429
vt 0.46723790 0.34821429
vt 0.46723790 0.34821429
vt 0.46723790 0.34821429
vt 0.46723790 0.34821429
vt 0.46723790 0.34821429
vt 0.46723790 0.34821429
vt 0.46723790 0.34821429
vt 0.46723790 0.34821429
vt 0.46723790 0.34821429
vt 0.46723790 0.34821429
vt 0.46723790 0.34821429
vt 0.46723790 0.34821429
vt 0.46723790 0.34821429
vt 0.46723790 0.34821429
vt 0.46723790 0.34821429
vt 0.46723790 0.34821429
vt 0.46723790 0.34821429
vt 0.46723790 0.34821429
vt 0.46723790 0.34821429
vt 0.46723790 0.34821429
vt 0.46723790 0.34821429
vt 0.46723790 0.34821429
vt 0.46723790 0.34821429
vt 0.46723790 0.34821429
vt 0.46723790 0.34821429
vt 0.46723790 0.34821429
vt 0.46723790 0.34821429
vt 0.46723790 0.34821429
vt 0.46723790 0.34821429
vt 0.46723790 0.34821429
vt 0.46723790 0.34821429
vt 0.46723790 0.34821429
vt 0.46723790 0.34821429
vt 0.46723790 0.34821429
vt 0.46723790 0.34821429
vt 0.46723790 0.34821429
vt 0.46723790 0.34821429
vt 0.46723790 0.34821429
vt 0.46723790 0.34821429
vt 0.46723790 0.34821429
vt 0.46723790 0.34821429
vt 0.46723790 0.34821429
vt 0.46723790 0.34821429
vt 0.46723790 0.34821429
vt 0.46723790 0.34821429
vt 0.46723790 0.34821429
vt 0.46723790 0.34821429
vt 0.46723790 0.34821429
vt 0.46723790 0.34821429
vt 0.46723790 0.34821429
vt 0.46723790 0.34821429
vt 0.46723790 0.34821429
vt 0.46723790 0.34821429
vt 0.46723790 0.34821429
vt 0.46723790 0.34821429
vt 0.46723790 0.34821429
vt 0.46723790 0.34821429
vt 0.46723790 0.34821429
vt 0.46723790 0.34821429
vt 0.46723790 0.34821429
vt 0.46723790 0.34821429
vt 0.46723790 0.34821429
vt 0.46723790 0.34821429
vt 0.46723790 0.34821429
vt 0.46723790 0.34821429
vt 0.46723790 0.34821429
vt 0.46723790 0.34821429
vt 0.46723790 0.34821429
vt 0.46723790 0.34821429
vt 0.46723790 0.34821429
vt 0.46723790 0.34821429
vt 0.46723790 0.34821429
vt 0.46723790 0.34821429
vt 0.46723790 0.34821429
vt 0.46723790 0.34821429
vt 0.46723790 0.34821429
vt 0.46723790 0.34821429
vt 0.46723790 0.34821429
vt 0.46723790 0.34821429
vt 0.46723790 0.34821429
vt 0.46723790 0.34821429
vt 0.46723790 0.34821429
vt 0.46723790 0.34821429
vt 0.46723790 0.34821429
vt 0.46723790 0.34821429
vt 0.46723790 0.34821429
vt 0.46723790 0.34821429
vt 0.46723790 0.34821429
vt 0.46723790 0.34821429
vt 0.46723790 0.34821429
vt 0.46723790 0.34821429
vt 0.46723790 0.34821429
vt 0.46723790 0.34821429
vt 0.46723790 0.34821429
vt 0.46723790 0.34821429
vt 0.46723790 0.34821429
vt 0.46723790 0.34821429
vt 0.46723790 0.34821429
vt 0.46723790 0.34821429
vt 0.46723790 0.34821429
vt 0.46723790 0.34821429
vt 0.46723790 0.34821429
vt 0.46723790 0.34821429
vt 0.46723790 0.34821429
vt 0.46723790 0.34821429
vt 0.46723790 0.34821429
vt 0.46723790 0.34821429
vt 0.46723790 0.34821429
vt 0.46723790 0.34821429
vt 0.46723790 0.34821429
vt 0.46723790 0.34821429
vt 0.46723790 0.34821429
vt 0.46723790 0.34821429
vt 0.46723790 0.34821429
vt 0.46723790 0.34821429
vt 0.46723790 0.34821429
vt 0.46723790 0.34821429
vt 0.46723790 0.34821429
vt 0.46723790 0.34821429
vt 0.46723790 0.34821429
vt 0.46723790 0.34821429
vt 0.46723790 0.34821429
vt 0.46723790 0.34821429
vt 0.46723790 0.34821429
vt 0.46723790 0.34821429
vt 0.46723790 0.34821429
vt 0.46723790 0.34821429
vt 0.46723790 0.34821429
vt 0.46723790 0.34821429
vt 0.46723790 0.34821429
vt 0.46723790 0.34821429
vt 0.46723790 0.34821429
vt 0.46723790 0.34821429
vt 0.46723790 0.34821429
vt 0.46723790 0.34821429
vt 0.46723790 0.34821429
vt 0.46723790 0.34821429
vt 0.46723790 0.34821429
vt 0.46723790 0.34821429
vt 0.46723790 0.34821429
vt 0.46723790 0.34821429
vt 0.46723790 0.34821429
vt 0.46723790 0.34821429
vt 0.46723790 0.34821429
vt 0.46723790 0.34821429
vt 0.46723790 0.34821429
vt 0.46723790 0.34821429
vt 0.46723790 0.34821429
vt 0.46723790 0.34821429
vt 0.46723790 0.34821429
vt 0.46723790 0.34821429
vt 0.46723790 0.34821429
vt 0.46723790 0.34821429
vt 0.46723790 0.34821429
vt 0.46723790 0.34821429
vt 0.46723790 0.34821429
vt 0.46723790 0.34821429
vt 0.46723790 0.34821429
vt 0.46723790 0.34821429
vt 0.46723790 0.34821429
vt 0.46723790 0.34821429
vt 0.46723790 0.34821429
vt 0.46723790 0.34821429
vt 0.46723790 0.34821429
vt 0.46723790 0.34821429
vt 0.46723790 0.34821429
vt 0.46723790 0.34821429
vt 0.46723790 0.34821429
vt 0.46723790 0.34821429
vt 0.46723790 0.34821429
vt 0.46723790 0.34821429
vt 0.46723790 0.34821429
vt 0.46723790 0.34821429
vt 0.46723790 0.34821429
vt 0.46723790 0.34821429
vt 0.46723790 0.34821429
vt 0.46723790 0.34821429
vt 0.46723790 0.34821429
vt 0.46723790 0.34821429
vt 0.46723790 0.34821429
vt 0.46723790 0.34821429
vt 0.46723790 0.34821429
vt 0.46723790 0.34821429
vt 0.46723790 0.34821429
vt 0.46723790 0.34821429
vt 0.46723790 0.34821429
vt 0.46723790 0.34821429
vt 0.46723790 0.34821429
vt 0.46723790 0.34821429
vt 0.46723790 0.34821429
vt 0.46723790 0.34821429
vt 0.46723790 0.34821429
vt 0.46723790 0.34821429
vt 0.46723790 0.34821429
vt 0.46723790 0.34821429
vt 0.46723790 0.34821429
vt 0.46723790 0.34821429
vt 0.46723790 0.34821429
vt 0.46723790 0.34821429
vt 0.46723790 0.34821429
vt 0.46723790 0.34821429
vt 0.46723790 0.34821429
vt 0.46723790 0.34821429
vt 0.46723790 0.34821429
vt 0.46723790 0.34821429
vt 0.46723790 0.34821429
vt 0.46723790 0.34821429
vt 0.46723790 0.34821429
vt 0.46723790 0.34821429
vt 0.46723790 0.34821429
vt 0.46723790 0.34821429
vt 0.46723790 0.34821429
vt 0.46723790 0.34821429
vt 0.46723790 0.34821429
vt 0.46723790 0.34821429
vt 0.46723790 0.34821429
vt 0.46723790 0.34821429
vt 0.46723790 0.34821429
vt 0.46723790 0.34821429
vt 0.46723790 0.34821429
vt 0.46723790 0.34821429
vt 0.46723790 0.34821429
vt 0.46723790 0.34821429
vt 0.46723790 0.34821429
vt 0.46723790 0.34821429
vt 0.46723790 0.34821429
vt 0.46723790 0.34821429
vt 0.46723790 0.34821429
vt 0.46723790 0.34821429
vt 0.46723790 0.34821429
vt 0.46723790 0.34821429
vt 0.46723790 0.34821429
vt 0.46723790 0.34821429
vt 0.46723790 0.34821429
vt 0.46723790 0.34821429
vt 0.46723790 0.34821429
vt 0.46723790 0.34821429
vt 0.46723790 0.34821429
vt 0.46723790 0.34821429
vt 0.46723790 0.34821429
vt 0.46723790 0.34821429
vt 0.46723790 0.34821429
vt 0.46723790 0.34821429
vt 0.46723790 0.34821429
vt 0.46723790 0.34821429
vt 0.46723790 0.34821429
vt 0.46723790 0.34821429
vt 0.27368952 0.34821429
vt 0.27368952 0.34821429
vt 0.27368952 0.34821429
vt 0.27368952 0.34821429
vt 0.27368952 0.34821429
vt 0.27368952 0.34821429
vt 0.27368952 0.34821429
vt 0.27368952 0.34821429
vt 0.27368952 0.34821429
vt 0.27368952 0.34821429
vt 0.27368952 0.34821429
vt 0.27368952 0.34821429
vt 0.27368952 0.34821429
vt 0.27368952 0.34821429
vt 0.27368952 0.34821429
vt 0.27368952 0.34821429
vt 0.27368952 0.34821429
vt 0.27368952 0.34821429
vt 0.27368952 0.34821429
vt 0.27368952 0.34821429
vt 0.27368952 0.34821429
vt 0.27368952 0.34821429
vt 0.27368952 0.34821429
vt 0.27368952 0.34821429
vt 0.27368952 0.34821429
vt 0.27368952 0.34821429
vt 0.27368952 0.34821429
vt 0.27368952 0.34821429
vt 0.27368952 0.34821429
vt 0.27368952 0.34821429
vt 0.27368952 0.34821429
vt 0.27368952 0.34821429
vt 0.27368952 0.34821429
vt 0.27368952 0.34821429
vt 0.27368952 0.34821429
vt 0.27368952 0.34821429
vt 0.27368952 0.34821429
vt 0.27368952 0.34821429
vt 0.27368952 0.34821429
vt 0.27368952 0.34821429
vt 0.27368952 0.34821429
vt 0.27368952 0.34821429
vt 0.27368952 0.34821429
vt 0.27368952 0.34821429
vt 0.27368952 0.34821429
vt 0.27368952 0.34821429
vt 0.27368952 0.34821429
vt 0.27368952 0.34821429
vt 0.27368952 0.34821429
vt 0.27368952 0.34821429
vt 0.27368952 0.34821429
vt 0.27368952 0.34821429
vt 0.27368952 0.34821429
vt 0.27368952 0.34821429
vt 0.27368952 0.34821429
vt 0.27368952 0.34821429
vt 0.27368952 0.34821429
vt 0.27368952 0.34821429
vt 0.27368952 0.34821429
vt 0.27368952 0.34821429
vt 0.27368952 0.34821429
vt 0.27368952 0.34821429
vt 0.27368952 0.34821429
vt 0.27368952 0.34821429
vt 0.27368952 0.34821429
vt 0.27368952 0.34821429
vt 0.27368952 0.34821429
vt 0.27368952 0.34821429
vt 0.27368952 0.34821429
vt 0.27368952 0.34821429
vt 0.27368952 0.34821429
vt 0.27368952 0.34821429
vt 0.27368952 0.34821429
vt 0.27368952 0.34821429
vt 0.27368952 0.34821429
vt 0.27368952 0.34821429
vt 0.27368952 0.34821429
vt 0.27368952 0.34821429
vt 0.27368952 0.34821429
vt 0.27368952 0.34821429
vt 0.27368952 0.34821429
vt 0.27368952 0.34821429
vt 0.27368952 0.34821429
vt 0.27368952 0.34821429
vt 0.27368952 0.34821429
vt 0.27368952 0.34821429
vt 0.27368952 0.34821429
vt 0.27368952 0.34821429
vt 0.27368952 0.34821429
vt 0.27368952 0.34821429
vt 0.27368952 0.34821429
vt 0.27368952 0.34821429
vt 0.27368952 0.34821429
vt 0.27368952 0.34821429
vt 0.27368952 0.34821429
vt 0.27368952 0.34821429
vt 0.27368952 0.34821429
vt 0.27368952 0.34821429
vt 0.27368952 0.34821429
vt 0.27368952 0.34821429
vt 0.27368952 0.34821429
vt 0.27368952 0.34821429
vt 0.27368952 0.34821429
vt 0.27368952 0.34821429
vt 0.27368952 0.34821429
vt 0.27368952 0.34821429
vt 0.27368952 0.34821429
vt 0.27368952 0.34821429
vt 0.27368952 0.34821429
vt 0.27368952 0.34821429
vt 0.27368952 0.34821429
vt 0.27368952 0.34821429
vt 0.27368952 0.34821429
vt 0.27368952 0.34821429
vt 0.27368952 0.34821429
vt 0.27368952 0.34821429
vt 0.27368952 0.34821429
vt 0.27368952 0.34821429
vt 0.27368952 0.34821429
vt 0.27368952 0.34821429
vt 0.27368952 0.34821429
vt 0.27368952 0.34821429
vt 0.27368952 0.34821429
vt 0.27368952 0.34821429
vt 0.27368952 0.34821429
vt 0.27368952 0.34821429
vt 0.27368952 0.34821429
vt 0.27368952 0.34821429
vt 0.27368952 0.34821429
vt 0.27368952 0.34821429
vt 0.27368952 0.34821429
vt 0.27368952 0.34821429
vt 0.27368952 0.34821429
vt 0.27368952 0.34821429
vt 0.27368952 0.34821429
vt 0.27368952 0.34821429
vt 0.27368952 0.34821429
vt 0.27368952 0.34821429
vt 0.27368952 0.34821429
vt 0.27368952 0.34821429
vt 0.27368952 0.34821429
vt 0.27368952 0.34821429
vt 0.27368952 0.34821429
vt 0.27368952 0.34821429
vt 0.27368952 0.34821429
vt 0.27368952 0.34821429
vt 0.27368952 0.34821429
vt 0.27368952 0.34821429
vt 0.27368952 0.34821429
vt 0.27368952 0.34821429
vt 0.27368952 0.34821429
vt 0.27368952 0.34821429
vt 0.27368952 0.34821429
vt 0.27368952 0.34821429
vt 0.27368952 0.34821429
vt 0.27368952 0.34821429
vt 0.27368952 0.34821429
vt 0.27368952 0.34821429
vt 0.27368952 0.34821429
vt 0.27368952 0.34821429
vt 0.27368952 0.34821429
vt 0.27368952 0.34821429
vt 0.27368952 0.34821429
vt 0.27368952 0.34821429
vt 0.27368952 0.34821429
vt 0.27368952 0.34821429
vt 0.27368952 0.34821429
vt 0.27368952 0.34821429
vt 0.27368952 0.34821429
vt 0.27368952 0.34821429
vt 0.27368952 0.34821429
vt 0.27368952 0.34821429
vt 0.27368952 0.34821429
vt 0.27368952 0.34821429
vt 0.27368952 0.34821429
vt 0.27368952 0.34821429
vt 0.27368952 0.34821429
vt 0.27368952 0.34821429
vt 0.27368952 0.34821429
vt 0.27368952 0.34821429
vt 0.27368952 0.34821429
vt 0.27368952 0.34821429
vt 0.27368952 0.34821429
vt 0.27368952 0.34821429
vt 0.27368952 0.34821429
vt 0.27368952 0.34821429
vt 0.27368952 0.34821429
vt 0.27368952 0.34821429
vt 0.27368952 0.34821429
vt 0.27368952 0.34821429
vt 0.27368952 0.34821429
vt 0.27368952 0.34821429
vt 0.27368952 0.34821429
vt 0.27368952 0.34821429
vt 0.27368952 0.34821429
vt 0.27368952 0.34821429
vt 0.27368952 0.34821429
vt 0.27368952 0.34821429
vt 0.27368952 0.34821429
vt 0.27368952 0.34821429
vt 0.27368952 0.34821429
vt 0.27368952 0.34821429
vt 0.27368952 0.34821429
vt 0.27368952 0.34821429
vt 0.27368952 0.34821429
vt 0.27368952 0.34821429
vt 0.27368952 0.34821429
vt 0.27368952 0.34821429
vt 0.27368952 0.34821429
vt 0.27368952 0.34821429
vt 0.27368952 0.34821429
vt 0.27368952 0.34821429
vt 0.27368952 0.34821429
vt 0.27368952 0.34821429
vt 0.27368952 0.34821429
vt 0.27368952 0.34821429
vt 0.27368952 0.34821429
vt 0.27368952 0.34821429
vt 0.27368952 0.34821429
vt 0.27368952 0.34821429
vt 0.27368952 0.34821429
vt 0.27368952 0.34821429
vt 0.27368952 0.34821429
vt 0.27368952 0.34821429
vt 0.27368952 0.34821429
vt 0.27368952 0.34821429
vt 0.27368952 0.34821429
vt 0.27368952 0.34821429
vt 0.27368952 0.34821429
vt 0.27368952 0.34821429
vt 0.27368952 0.34821429
vt 0.27368952 0.34821429
vt 0.27368952 0.34821429
vt 0.27368952 0.34821429
vt 0.27368952 0.34821429
vt 0.27368952 0.34821429
vt 0.27368952 0.34821429
vt 0.27368952 0.34821429
vt 0.27368952 0.34821429
vt 0.27368952 0.34821429
vt 0.27368952 0.34821429
vt 0.27368952 0.34821429
vt 0.27368952 0.34821429
vt 0.27368952 0.34821429
vt 0.27368952 0.34821429
vt 0.27368952 0.34821429
vt 0.27368952 0.34821429
vt 0.27368952 0.34821429
vt 0.27368952 0.34821429
vt 0.27368952 0.34821429
vt 0.27368952 0.34821429
vt 0.27368952 0.34821429
vt 0.27368952 0.34821429
vt 0.27368952 0.34821429
vt 0.27368952 0.34821429
vt 0.27368952 0.34821429
vt 0.27368952 0.34821429
vt 0.27368952 0.34821429
vt 0.27368952 0.34821429
vt 0.27368952 0.34821429
vt 0.27368952 0.34821429
vt 0.27368952 0.34821429
vt 0.27368952 0.34821429
vt 0.27368952 0.34821429
vt 0.27368952 0.34821429
vt 0.27368952 0.34821429
vt 0.27368952 0.34821429
vt 0.27368952 0.34821429
vt 0.27368952 0.34821429
vt 0.27368952 0.34821429
vt 0.27368952 0.34821429
vt 0.27368952 0.34821429
vt 0.27368952 0.34821429
vt 0.27368952 0.34821429
vt 0.27368952 0.34821429
vt 0.27368952 0.34821429
vt 0.27368952 0.34821429
vt 0.27368952 0.34821429
vt 0.27368952 0.34821429
vt 0.27368952 0.34821429
vt 0.27368952 0.34821429
vt 0.27368952 0.34821429
vt 0.27368952 0.34821429
vt 0.27368952 0.34821429
vt 0.27368952 0.34821429
vt 0.27368952 0.34821429
vt 0.27368952 0.34821429
vt 0.27368952 0.34821429
vt 0.27368952 0.34821429
vt 0.27368952 0.34821429
vt 0.27368952 0.34821429
vt 0.27368952 0.34821429
vt 0.27368952 0.34821429
vt 0.27368952 0.34821429
vt 0.27368952 0.34821429
vt 0.27368952 0.34821429
vt 0.27368952 0.34821429
vt 0.27368952 0.34821429
vt 0.27368952 0.34821429
vt 0.27368952 0.34821429
vt 0.27368952 0.34821429
vt 0.27368952 0.34821429
vt 0.27368952 0.34821429
vt 0.27368952 0.34821429
vt 0.27368952 0.34821429
vt 0.27368952 0.34821429
vt 0.27368952 0.34821429
vt 0.27368952 0.34821429
vt 0.27368952 0.34821429
vt 0.27368952 0.34821429
vt 0.27368952 0.34821429
vt 0.27368952 0.34821429
vt 0.27368952 0.34821429
vt 0.27368952 0.34821429
vt 0.27368952 0.34821429
vt 0.27368952 0.34821429
vt 0.27368952 0.34821429
vt 0.27368952 0.34821429
vt 0.27368952 0.34821429
vt 0.27368952 0.34821429
vt 0.27368952 0.34821429
vt 0.27368952 0.34821429
vt 0.27368952 0.34821429
vt 0.27368952 0.34821429
vt 0.27368952 0.34821429
vt 0.27368952 0.34821429
vt 0.27368952 0.34821429
vt 0.27368952 0.34821429
vt 0.27368952 0.34821429
vt 0.27368952 0.34821429
vt 0.27368952 0.34821429
vt 0.27368952 0.34821429
vt 0.27368952 0.34821429
vt 0.27368952 0.34821429
vt 0.27368952 0.34821429
vt 0.27368952 0.34821429
vt 0.27368952 0.34821429
vt 0.27368952 0.34821429
vt 0.27368952 0.34821429
vt 0.27368952 0.34821429
vt 0.27368952 0.34821429
vt 0.27368952 0.34821429
vt 0.27368952 0.34821429
vt 0.27368952 0.34821429
vt 0.27368952 0.34821429
vt 0.27368952 0.34821429
vt 0.27368952 0.34821429
vt 0.27368952 0.34821429
vt 0.27368952 0.34821429
vt 0.27368952 0.34821429
vt 0.27368952 0.34821429
vt 0.27368952 0.34821429
vt 0.27368952 0.34821429
vt 0.27368952 0.34821429
vt 0.27368952 0.34821429
vt 0.27368952 0.34821429
vt 0.27368952 0.34821429
vt 0.27368952 0.34821429
vt 0.27368952 0.34821429
vt 0.27368952 0.34821429
vt 0.27368952 0.34821429
vt 0.27368952 0.34821429
vt 0.27368952 0.34821429
vt 0.27368952 0.34821429
vt 0.27368952 0.34821429
vt 0.27368952 0.34821429
vt 0.27368952 0.34821429
vt 0.27368952 0.34821429
vt 0.27368952 0.34821429
vt 0.27368952 0.34821429
vt 0.27368952 0.34821429
vt 0.27368952 0.34821429
vt 0.27368952 0.34821429
vt 0.27368952 0.34821429
vt 0.27368952 0.34821429
vt 0.27368952 0.34821429
vt 0.27368952 0.34821429
vt 0.27368952 0.34821429
vt 0.27368952 0.34821429
vt 0.27368952 0.34821429
vt 0.27368952 0.34821429
vt 0.27368952 0.34821429
vt 0.27368952 0.34821429
vt 0.27368952 0.34821429
vt 0.27368952 0.34821429
vt 0.27368952 0.34821429
vt 0.27368952 0.34821429
vt 0.27368952 0.34821429
vt 0.27368952 0.34821429
vt 0.27368952 0.34821429
vt 0.27368952 0.34821429
vt 0.27368952 0.34821429
vt 0.27368952 0.34821429
vt 0.27368952 0.34821429
vt 0.27368952 0.34821429
vt 0.27368952 0.34821429
vt 0.27368952 0.34821429
vt 0.27368952 0.34821429
vt 0.27368952 0.34821429
vt 0.27368952 0.34821429
vt 0.27368952 0.34821429
vt 0.27368952 0.34821429
vt 0.27368952 0.34821429
vt 0.27368952 0.34821429
vt 0.27368952 0.34821429
vt 0.27368952 0.34821429
vt 0.27368952 0.34821429
vt 0.27368952 0.34821429
vt 0.27368952 0.34821429
vt 0.27368952 0.34821429
vt 0.27368952 0.34821429
vt 0.27368952 0.34821429
vt 0.27368952 0.34821429
vt 0.27368952 0.34821429
vt 0.27368952 0.34821429
vt 0.27368952 0.34821429
vt 0.27368952 0.34821429
vt 0.27368952 0.34821429
vt 0.27368952 0.34821429
vt 0.27368952 0.34821429
vt 0.27368952 0.34821429
vt 0.27368952 0.34821429
vt 0.27368952 0.34821429
vt 0.27368952 0.34821429
vt 0.27368952 0.34821429
vt 0.27368952 0.34821429
vt 0.27368952 0.34821429
vt 0.27368952 0.34821429
vt 0.27368952 0.34821429
vt 0.27368952 0.34821429
vt 0.27368952 0.34821429
vt 0.27368952 0.34821429
vt 0.27368952 0.34821429
vt 0.27368952 0.34821429
vt 0.27368952 0.34821429
vt 0.27368952 0.34821429
vt 0.27368952 0.34821429
vt 0.27368952 0.34821429
vt 0.27368952 0.34821429
vt 0.27368952 0.34821429
vt 0.27368952 0.34821429
vt 0.27368952 0.34821429
vt 0.27368952 0.34821429
vt 0.27368952 0.34821429
vt 0.27368952 0.34821429
vt 0.27368952 0.34821429
vt 0.27368952 0.34821429
vt 0.27368952 0.34821429
vt 0.27368952 0.34821429
vt 0.27368952 0.34821429
vt 0.27368952 0.34821429
vt 0.27368952 0.34821429
vt 0.27368952 0.34821429
vt 0.27368952 0.34821429
vt 0.27368952 0.34821429
vt 0.27368952 0.34821429
vt 0.27368952 0.34821429
vt 0.27368952 0.34821429
vt 0.27368952 0.34821429
vt 0.27368952 0.34821429
vt 0.08014113 0.34821429
vt 0.08014113 0.34821429
vt 0.08014113 0.34821429
vt 0.08014113 0.34821429
vt 0.08014113 0.34821429
vt 0.08014113 0.34821429
vt 0.08014113 0.34821429
vt 0.08014113 0.34821429
vt 0.08014113 0.34821429
vt 0.08014113 0.34821429
vt 0.08014113 0.34821429
vt 0.08014113 0.34821429
vt 0.08014113 0.34821429
vt 0.08014113 0.34821429
vt 0.08014113 0.34821429
f 1/1 2/2 3/3
f 4/4 5/5 6/6
f 7/7 8/8 9/9
f 10/10 11/11 12/12
f 12/12 11/11 13/13
f 9/9 14/14 7/7
f 7/7 14/14 15/15
f 7/7 15/15 16/16
f 16/16 17/17 7/7
f 7/7 17/17 1/1
f 7/7 1/1 18/18
f 18/18 1/1 3/3
f 5/5 19/19 6/6
f 6/6 19/19 20/20
f 6/6 20/20 21/21
f 18/18 12/12 7/7
f 7/7 12/12 13/13
f 7/7 13/13 6/6
f 6/6 13/13 22/22
f 6/6 22/22 4/4
f 23/23 24/24 25/25
f 25/25 24/24 26/26
f 25/25 26/26 27/27
f 28/28 29/29 30/30
f 30/30 29/29 31/31
f 30/30 31/31 25/25
f 25/25 31/31 32/32
f 25/25 32/32 23/23
f 27/27 33/33 25/25
f 25/25 33/33 34/34
f 25/25 34/34 35/35
f 35/35 34/34 36/36
f 35/35 36/36 37/37
f 38/38 39/39 40/40
f 41/41 42/42 43/43
f 28/28 30/30 44/44
f 44/44 30/30 45/45
f 44/44 45/45 46/46
f 39/39 47/47 40/40
f 40/40 47/47 48/48
f 40/40 48/48 41/41
f 41/41 48/48 49/49
f 41/41 49/49 42/42
f 45/45 50/50 46/46
f 46/46 50/50 51/51
f 46/46 51/51 43/43
f 43/43 51/51 52/52
f 43/43 52/52 41/41
f 37/37 53/53 35/35
f 35/35 53/53 54/54
f 35/35 54/54 40/40
f 40/40 54/54 55/55
f 40/40 55/55 38/38
f 56/56 57/57 58/58
f 58/58 57/57 59/59
f 59/59 57/57 60/60
f 59/59 60/60 61/61
f 62/62 63/63 64/64
f 64/64 63/63 65/65
f 64/64 65/65 66/66
f 61/61 67/67 59/59
f 59/59 67/67 68/68
f 59/59 68/68 64/64
f 64/64 68/68 69/69
f 64/64 69/69 62/62
f 70/70 58/58 71/71
f 71/71 58/58 72/72
f 70/70 73/73 58/58
f 58/58 73/73 74/74
f 58/58 74/74 56/56
f 66/66 75/75 64/64
f 64/64 75/75 76/76
f 64/64 76/76 77/77
f 77/77 76/76 78/78
f 77/77 78/78 79/79
f 80/80 81/81 82/82
f 82/82 81/81 83/83
f 82/82 83/83 72/72
f 72/72 83/83 84/84
f 72/72 84/84 71/71
f 79/79 85/85 77/77
f 77/77 85/85 86/86
f 77/77 86/86 87/87
f 87/87 86/86 81/81
f 87/87 81/81 88/88
f 88/88 81/81 80/80
f 35/35 40/40 89/89
f 89/89 40/40 90/90
f 89/89 90/90 91/91
f 91/91 90/90 92/92
f 92/92 90/90 93/93
f 92/92 93/93 94/94
f 8/8 7/7 95/95
f 8/8 95/95 96/96
f 96/96 95/95 97/97
f 96/96 97/97 98/98
f 98/98 97/97 99/99
f 98/98 99/99 100/100
f 100/100 99/99 101/101
f 100/100 101/101 102/102
f 102/102 101/101 103/103
f 102/102 103/103 104/104
f 104/104 103/103 41/41
f 104/104 41/41 52/52
f 105/105 106/106 107/107
f 107/107 106/106 108/108
f 107/107 108/108 109/109
f 109/109 108/108 110/110
f 110/110 108/108 58/58
f 110/110 58/58 59/59
f 6/6 21/21 111/111
f 6/6 111/111 112/112
f 112/112 111/111 113/113
f 112/112 113/113 114/114
f 114/114 113/113 115/115
f 114/114 115/115 116/116
f 116/116 115/115 117/117
f 116/116 117/117 118/118
f 118/118 117/117 119/119
f 118/118 119/119 120/120
f 120/120 119/119 82/82
f 120/120 82/82 72/72
f 121/121 122/122 123/123
f 123/123 122/122 124/124
f 125/125 126/126 127/127
f 128/128 129/129 123/123
f 123/123 129/129 130/130
f 123/123 130/130 121/121
f 122/122 131/131 124/124
f 124/124 131/131 132/132
f 124/124 132/132 127/127
f 127/127 132/132 133/133
f 133/133 134/134 127/127
f 127/127 134/134 135/135
f 127/127 135/135 136/136
f 136/136 137/137 127/127
f 127/127 137/137 138/138
f 127/127 138/138 125/125
f 139/139 140/140 141/141
f 141/141 140/140 142/142
f 126/126 143/143 127/127
f 127/127 143/143 144/144
f 127/127 144/144 141/141
f 141/141 144/144 145/145
f 141/141 145/145 139/139
f 142/142 146/146 141/141
f 141/141 146/146 147/147
f 141/141 147/147 123/123
f 123/123 147/147 148/148
f 123/123 148/148 128/128
f 149/149 150/150 151/151
f 152/152 153/153 154/154
f 154/154 153/153 155/155
f 156/156 157/157 151/151
f 151/151 157/157 158/158
f 151/151 158/158 159/159
f 159/159 160/160 151/151
f 151/151 160/160 161/161
f 151/151 161/161 154/154
f 155/155 162/162 154/154
f 154/154 162/162 163/163
f 154/154 163/163 151/151
f 151/151 163/163 164/164
f 151/151 164/164 149/149
f 165/165 166/166 167/167
f 167/167 166/166 168/168
f 169/169 170/170 171/171
f 172/172 173/173 167/167
f 171/171 170/170 174/174
f 174/174 170/170 175/175
f 174/174 175/175 176/176
f 173/173 177/177 167/167
f 167/167 177/177 178/178
f 167/167 178/178 165/165
f 176/176 179/179 174/174
f 174/174 179/179 180/180
f 174/174 180/180 181/181
f 166/166 182/182 168/168
f 168/168 182/182 183/183
f 168/168 183/183 171/171
f 171/171 183/183 184/184
f 184/184 185/185 171/171
f 171/171 185/185 186/186
f 171/171 186/186 187/187
f 187/187 188/188 171/171
f 171/171 188/188 189/189
f 171/171 189/189 169/169
f 181/181 190/190 174/174
f 174/174 190/190 191/191
f 174/174 191/191 167/167
f 167/167 191/191 192/192
f 167/167 192/192 172/172
f 193/193 194/194 195/195
f 195/195 194/194 196/196
f 196/196 197/197 195/195
f 195/195 197/197 198/198
f 195/195 198/198 199/199
f 195/195 200/200 201/201
f 202/202 203/203 204/204
f 204/204 203/203 205/205
f 204/204 205/205 206/206
f 207/207 208/208 209/209
f 209/209 208/208 204/204
f 209/209 204/204 210/210
f 210/210 204/204 206/206
f 199/199 211/211 195/195
f 195/195 211/211 212/212
f 195/195 212/212 213/213
f 201/201 214/214 195/195
f 195/195 214/214 215/215
f 195/195 215/215 204/204
f 204/204 215/215 216/216
f 204/204 216/216 202/202
f 213/213 217/217 195/195
f 195/195 217/217 218/218
f 195/195 218/218 200/200
f 200/200 218/218 219/219
f 220/220 221/221 222/222
f 219/219 223/223 200/200
f 200/200 223/223 224/224
f 200/200 224/224 225/225
f 225/225 224/224 220/220
f 225/225 220/220 226/226
f 226/226 220/220 222/222
f 227/227 228/228 229/229
f 229/229 228/228 230/230
f 231/231 232/232 233/233
f 233/233 232/232 234/234
f 234/234 235/235 233/233
f 233/233 235/235 236/236
f 233/233 236/236 230/230
f 230/230 236/236 237/237
f 230/230 237/237 229/229
f 238/238 239/239 240/240
f 240/240 239/239 241/241
f 242/242 243/243 244/244
f 244/244 243/243 245/245
f 246/246 240/240 247/247
f 247/247 240/240 241/241
f 247/247 241/241 248/248
f 248/248 241/241 244/244
f 248/248 244/244 249/249
f 249/249 244/244 245/245
f 249/249 245/245 246/246
f 246/246 245/245 240/240
f 250/250 251/251 252/252
f 252/252 251/251 253/253
f 254/254 255/255 256/256
f 257/257 258/258 259/259
f 260/260 261/261 262/262
f 59/59 64/64 263/263
f 263/263 64/64 264/264
f 263/263 264/264 265/265
f 265/265 264/264 266/266
f 267/267 268/268 269/269
f 266/266 264/264 269/269
f 269/269 264/264 270/270
f 269/269 270/270 267/267
f 262/262 261/261 271/271
f 268/268 267/267 262/262
f 262/262 267/267 272/272
f 262/262 272/272 260/260
f 273/273 274/274 261/261
f 261/261 274/274 275/275
f 261/261 275/275 271/271
f 276/276 277/277 258/258
f 258/258 277/277 278/278
f 258/258 278/278 259/259
f 261/261 279/279 273/273
f 273/273 279/279 277/277
f 273/273 277/277 280/280
f 280/280 277/277 276/276
f 256/256 255/255 281/281
f 257/257 259/259 255/255
f 255/255 259/259 282/282
f 255/255 282/282 281/281
f 283/283 157/157 156/156
f 254/254 256/256 156/156
f 156/156 256/256 284/284
f 156/156 284/284 283/283
f 150/150 285/285 151/151
f 151/151 285/285 286/286
f 151/151 286/286 287/287
f 287/287 286/286 288/288
f 287/287 288/288 289/289
f 290/290 291/291 292/292
f 292/292 291/291 289/289
f 292/292 289/289 293/293
f 293/293 289/289 288/288
f 294/294 295/295 296/296
f 296/296 295/295 297/297
f 297/297 295/295 298/298
f 297/297 298/298 299/299
f 299/299 298/298 300/300
f 299/299 300/300 301/301
f 301/301 300/300 302/302
f 301/301 302/302 290/290
f 290/290 302/302 303/303
f 290/290 303/303 291/291
f 304/304 305/305 296/296
f 296/296 305/305 306/306
f 296/296 306/306 294/294
f 296/296 307/307 304/304
f 304/304 307/307 308/308
f 304/304 308/308 309/309
f 309/309 308/308 310/310
f 309/309 310/310 311/311
f 311/311 310/310 312/312
f 25/25 35/35 313/313
f 313/313 35/35 312/312
f 313/313 312/312 314/314
f 314/314 312/312 310/310
f 315/315 316/316 317/317
f 315/315 317/317 93/93
f 93/93 317/317 318/318
f 93/93 318/318 94/94
f 94/94 318/318 319/319
f 94/94 319/319 320/320
f 321/321 322/322 315/315
f 315/315 322/322 323/323
f 315/315 323/323 316/316
f 324/324 325/325 326/326
f 326/326 325/325 327/327
f 326/326 327/327 328/328
f 327/327 106/106 328/328
f 328/328 106/106 105/105
f 328/328 105/105 329/329
f 329/329 105/105 330/330
f 329/329 330/330 331/331
f 331/331 330/330 332/332
f 333/333 334/334 335/335
f 336/336 337/337 338/338
f 339/339 340/340 341/341
f 341/341 340/340 342/342
f 341/341 342/342 343/343
f 344/344 345/345 346/346
f 346/346 345/345 347/347
f 346/346 347/347 348/348
f 348/348 336/336 346/346
f 346/346 336/336 338/338
f 346/346 338/338 335/335
f 335/335 338/338 343/343
f 335/335 343/343 333/333
f 333/333 343/343 342/342
f 240/240 349/349 238/238
f 238/238 349/349 350/350
f 350/350 349/349 351/351
f 351/351 349/349 352/352
f 351/351 352/352 353/353
f 353/353 352/352 354/354
f 353/353 354/354 355/355
f 354/354 356/356 355/355
f 355/355 356/356 357/357
f 355/355 357/357 358/358
f 358/358 357/357 359/359
f 358/358 359/359 360/360
f 360/360 359/359 361/361
f 360/360 361/361 362/362
f 362/362 361/361 363/363
f 362/362 363/363 364/364
f 364/364 363/363 365/365
f 322/322 321/321 366/366
f 366/366 321/321 367/367
f 366/366 367/367 365/365
f 365/365 367/367 368/368
f 365/365 368/368 364/364
f 325/325 324/324 369/369
f 369/369 324/324 370/370
f 369/369 370/370 371/371
f 371/371 370/370 372/372
f 371/371 372/372 373/373
f 373/373 372/372 374/374
f 373/373 374/374 375/375
f 375/375 374/374 376/376
f 376/376 374/374 377/377
f 376/376 377/377 378/378
f 378/378 377/377 379/379
f 378/378 379/379 380/380
f 379/379 381/381 380/380
f 380/380 381/381 382/382
f 380/380 382/382 383/383
f 383/383 382/382 384/384
f 383/383 384/384 385/385
f 385/385 384/384 386/386
f 385/385 386/386 387/387
f 386/386 388/388 387/387
f 387/387 388/388 245/245
f 387/387 245/245 243/243
f 253/253 251/251 389/389
f 389/389 251/251 390/390
f 389/389 390/390 391/391
f 391/391 390/390 392/392
f 391/391 392/392 393/393
f 393/393 392/392 394/394
f 393/393 394/394 395/395
f 395/395 394/394 396/396
f 395/395 396/396 397/397
f 397/397 396/396 398/398
f 397/397 398/398 399/399
f 399/399 398/398 400/400
f 399/399 400/400 401/401
f 401/401 400/400 402/402
f 401/401 402/402 403/403
f 403/403 402/402 404/404
f 403/403 404/404 405/405
f 405/405 404/404 406/406
f 405/405 406/406 407/407
f 407/407 406/406 408/408
f 407/407 408/408 409/409
f 409/409 408/408 410/410
f 409/409 410/410 245/245
f 245/245 410/410 240/240
f 411/411 412/412 413/413
f 251/251 414/414 415/415
f 251/251 416/416 390/390
f 354/354 352/352 417/417
f 417/417 352/352 349/349
f 418/418 356/356 354/354
f 419/419 359/359 357/357
f 356/356 418/418 357/357
f 357/357 418/418 420/420
f 357/357 420/420 419/419
f 359/359 419/419 361/361
f 361/361 419/419 421/421
f 361/361 421/421 363/363
f 363/363 421/421 365/365
f 365/365 421/421 413/413
f 365/365 413/413 366/366
f 366/366 413/413 412/412
f 366/366 412/412 322/322
f 390/390 416/416 392/392
f 392/392 416/416 422/422
f 392/392 422/422 394/394
f 423/423 424/424 425/425
f 415/415 414/414 426/426
f 426/426 414/414 427/427
f 426/426 427/427 428/428
f 425/425 251/251 415/415
f 251/251 429/429 430/430
f 430/430 429/429 431/431
f 431/431 427/427 430/430
f 430/430 427/427 414/414
f 430/430 414/414 251/251
f 394/394 422/422 396/396
f 396/396 422/422 432/432
f 396/396 432/432 398/398
f 433/433 424/424 434/434
f 434/434 424/424 423/423
f 434/434 423/423 435/435
f 398/398 432/432 400/400
f 400/400 432/432 436/436
f 400/400 436/436 402/402
f 437/437 433/433 438/438
f 438/438 433/433 434/434
f 438/438 434/434 439/439
f 439/439 434/434 435/435
f 439/439 435/435 440/440
f 431/431 441/441 427/427
f 427/427 441/441 442/442
f 427/427 442/442 428/428
f 428/428 442/442 443/443
f 428/428 443/443 444/444
f 425/425 415/415 423/423
f 423/423 415/415 426/426
f 423/423 426/426 435/435
f 435/435 426/426 428/428
f 435/435 428/428 440/440
f 440/440 428/428 444/444
f 440/440 444/444 445/445
f 402/402 436/436 404/404
f 404/404 436/436 446/446
f 404/404 446/446 406/406
f 445/445 411/411 440/440
f 440/440 411/411 413/413
f 440/440 413/413 439/439
f 439/439 413/413 421/421
f 439/439 421/421 438/438
f 438/438 421/421 419/419
f 438/438 419/419 437/437
f 437/437 419/419 420/420
f 406/406 446/446 408/408
f 408/408 446/446 417/417
f 408/408 417/417 410/410
f 410/410 417/417 349/349
f 410/410 349/349 240/240
f 354/354 417/417 418/418
f 418/418 417/417 446/446
f 418/418 446/446 420/420
f 420/420 446/446 436/436
f 420/420 436/436 437/437
f 437/437 436/436 432/432
f 437/437 432/432 433/433
f 433/433 432/432 422/422
f 433/433 422/422 424/424
f 424/424 422/422 416/416
f 424/424 416/416 425/425
f 425/425 416/416 251/251
f 447/447 448/448 449/449
f 253/253 450/450 451/451
f 452/452 450/450 253/253
f 389/389 452/452 253/253
f 384/384 382/382 453/453
f 453/453 382/382 381/381
f 379/379 377/377 454/454
f 372/372 370/370 455/455
f 386/386 456/456 388/388
f 388/388 456/456 409/409
f 388/388 409/409 245/245
f 457/457 458/458 459/459
f 459/459 458/458 460/460
f 389/389 391/391 452/452
f 452/452 391/391 448/448
f 452/452 448/448 450/450
f 450/450 448/448 447/447
f 450/450 447/447 451/451
f 461/461 462/462 457/457
f 463/463 464/464 465/465
f 466/466 467/467 468/468
f 468/468 467/467 469/469
f 468/468 469/469 470/470
f 470/470 469/469 471/471
f 470/470 471/471 472/472
f 472/472 471/471 473/473
f 472/472 473/473 474/474
f 391/391 393/393 448/448
f 448/448 393/393 395/395
f 448/448 395/395 449/449
f 449/449 395/395 397/397
f 449/449 397/397 399/399
f 399/399 473/473 449/449
f 449/449 473/473 471/471
f 449/449 471/471 447/447
f 447/447 471/471 469/469
f 447/447 469/469 451/451
f 451/451 469/469 467/467
f 451/451 467/467 253/253
f 466/466 253/253 467/467
f 460/460 475/475 466/466
f 466/466 475/475 253/253
f 370/370 324/324 455/455
f 455/455 324/324 476/476
f 455/455 476/476 477/477
f 374/374 372/372 478/478
f 478/478 372/372 455/455
f 478/478 455/455 463/463
f 463/463 455/455 477/477
f 463/463 477/477 464/464
f 377/377 374/374 454/454
f 454/454 374/374 478/478
f 454/454 478/478 479/479
f 479/479 478/478 463/463
f 479/479 463/463 461/461
f 461/461 463/463 465/465
f 461/461 465/465 462/462
f 457/457 459/459 461/461
f 461/461 459/459 480/480
f 461/461 480/480 479/479
f 479/479 480/480 481/481
f 479/479 481/481 454/454
f 454/454 481/481 482/482
f 454/454 482/482 379/379
f 386/386 384/384 456/456
f 456/456 384/384 453/453
f 456/456 453/453 482/482
f 482/482 453/453 381/381
f 482/482 381/381 379/379
f 399/399 401/401 473/473
f 473/473 401/401 403/403
f 473/473 403/403 474/474
f 474/474 403/403 405/405
f 474/474 405/405 407/407
f 460/460 466/466 459/459
f 459/459 466/466 468/468
f 459/459 468/468 480/480
f 480/480 468/468 470/470
f 480/480 470/470 481/481
f 481/481 470/470 472/472
f 481/481 472/472 482/482
f 482/482 472/472 474/474
f 482/482 474/474 456/456
f 456/456 474/474 407/407
f 456/456 407/407 409/409
f 251/251 250/250 429/429
f 429/429 250/250 483/483
f 429/429 483/483 431/431
f 431/431 483/483 441/441
f 441/441 483/483 484/484
f 441/441 484/484 485/485
f 323/323 322/322 486/486
f 486/486 322/322 412/412
f 486/486 412/412 487/487
f 487/487 412/412 411/411
f 487/487 411/411 488/488
f 488/488 411/411 445/445
f 488/488 445/445 489/489
f 489/489 445/445 444/444
f 489/489 444/444 490/490
f 490/490 444/444 443/443
f 490/490 443/443 485/485
f 485/485 443/443 442/442
f 485/485 442/442 441/441
f 324/324 326/326 476/476
f 476/476 326/326 491/491
f 476/476 491/491 477/477
f 477/477 491/491 492/492
f 477/477 492/492 464/464
f 464/464 492/492 493/493
f 464/464 493/493 465/465
f 465/465 493/493 494/494
f 465/465 494/494 462/462
f 462/462 494/494 495/495
f 462/462 495/495 457/457
f 457/457 495/495 496/496
f 457/457 496/496 458/458
f 458/458 496/496 497/497
f 458/458 497/497 460/460
f 460/460 497/497 498/498
f 460/460 498/498 475/475
f 475/475 498/498 252/252
f 475/475 252/252 253/253
f 250/250 252/252 499/499
f 346/346 335/335 500/500
f 500/500 335/335 501/501
f 500/500 501/501 502/502
f 502/502 501/501 503/503
f 502/502 503/503 504/504
f 504/504 503/503 505/505
f 504/504 505/505 506/506
f 506/506 505/505 507/507
f 506/506 507/507 508/508
f 508/508 507/507 509/509
f 508/508 509/509 499/499
f 499/499 509/509 510/510
f 499/499 510/510 250/250
f 503/503 501/501 511/511
f 507/507 505/505 512/512
f 250/250 513/513 514/514
f 515/515 513/513 250/250
f 516/516 517/517 518/518
f 517/517 516/516 519/519
f 520/520 521/521 522/522
f 521/521 520/520 523/523
f 523/523 520/520 524/524
f 523/523 524/524 525/525
f 525/525 524/524 526/526
f 526/526 524/524 527/527
f 526/526 527/527 528/528
f 528/528 527/527 529/529
f 529/529 527/527 511/511
f 529/529 511/511 530/530
f 530/530 511/511 501/501
f 530/530 501/501 335/335
f 484/484 483/483 531/531
f 531/531 483/483 532/532
f 509/509 533/533 510/510
f 510/510 533/533 250/250
f 515/515 250/250 533/533
f 484/484 531/531 485/485
f 485/485 531/531 534/534
f 485/485 534/534 490/490
f 509/509 507/507 533/533
f 533/533 507/507 512/512
f 533/533 512/512 515/515
f 515/515 512/512 535/535
f 515/515 535/535 513/513
f 513/513 535/535 536/536
f 513/513 536/536 514/514
f 514/514 536/536 537/537
f 490/490 534/534 489/489
f 489/489 534/534 538/538
f 489/489 538/538 488/488
f 505/505 503/503 512/512
f 512/512 503/503 511/511
f 512/512 511/511 535/535
f 535/535 511/511 527/527
f 535/535 527/527 536/536
f 536/536 527/527 524/524
f 536/536 524/524 537/537
f 537/537 524/524 520/520
f 519/519 516/516 522/522
f 522/522 516/516 538/538
f 522/522 538/538 520/520
f 520/520 538/538 534/534
f 520/520 534/534 537/537
f 537/537 534/534 531/531
f 537/537 531/531 514/514
f 514/514 531/531 250/250
f 488/488 538/538 487/487
f 487/487 538/538 516/516
f 487/487 516/516 486/486
f 486/486 516/516 518/518
f 486/486 518/518 323/323
f 502/502 504/504 539/539
f 506/506 508/508 540/540
f 252/252 541/541 542/542
f 543/543 544/544 545/545
f 346/346 500/500 546/546
f 547/547 548/548 546/546
f 546/546 548/548 549/549
f 546/546 549/549 346/346
f 550/550 551/551 547/547
f 547/547 551/551 552/552
f 547/547 552/552 548/548
f 553/553 554/554 555/555
f 555/555 554/554 556/556
f 555/555 556/556 550/550
f 550/550 556/556 557/557
f 550/550 557/557 551/551
f 544/544 558/558 545/545
f 545/545 558/558 553/553
f 545/545 553/553 559/559
f 559/559 553/553 555/555
f 560/560 252/252 498/498
f 561/561 562/562 560/560
f 560/560 562/562 252/252
f 504/504 506/506 539/539
f 539/539 506/506 540/540
f 539/539 540/540 563/563
f 563/563 540/540 542/542
f 563/563 542/542 564/564
f 564/564 542/542 541/541
f 564/564 541/541 565/565
f 500/500 502/502 546/546
f 546/546 502/502 539/539
f 546/546 539/539 547/547
f 547/547 539/539 563/563
f 547/547 563/563 550/550
f 550/550 563/563 564/564
f 550/550 564/564 555/555
f 555/555 564/564 565/565
f 555/555 565/565 559/559
f 540/540 252/252 542/542
f 508/508 499/499 540/540
f 540/540 499/499 566/566
f 498/498 497/497 560/560
f 560/560 497/497 496/496
f 560/560 496/496 561/561
f 561/561 496/496 495/495
f 561/561 495/495 494/494
f 494/494 559/559 561/561
f 561/561 559/559 565/565
f 561/561 565/565 562/562
f 562/562 565/565 541/541
f 562/562 541/541 252/252
f 326/326 543/543 491/491
f 491/491 543/543 545/545
f 491/491 545/545 492/492
f 492/492 545/545 559/559
f 492/492 559/559 493/493
f 493/493 559/559 494/494
f 335/335 334/334 530/530
f 530/530 334/334 567/567
f 530/530 567/567 529/529
f 529/529 567/567 568/568
f 529/529 568/568 528/528
f 528/528 568/568 569/569
f 528/528 569/569 526/526
f 569/569 570/570 526/526
f 526/526 570/570 571/571
f 526/526 571/571 525/525
f 525/525 571/571 523/523
f 523/523 571/571 572/572
f 523/523 572/572 521/521
f 518/518 517/517 573/573
f 573/573 517/517 519/519
f 573/573 519/519 572/572
f 572/572 519/519 522/522
f 572/572 522/522 521/521
f 573/573 574/574 518/518
f 518/518 574/574 575/575
f 518/518 575/575 576/576
f 576/576 577/577 518/518
f 518/518 577/577 316/316
f 518/518 316/316 323/323
f 326/326 328/328 578/578
f 579/579 344/344 346/346
f 579/579 346/346 580/580
f 346/346 549/549 580/580
f 580/580 549/549 548/548
f 580/580 548/548 581/581
f 581/581 548/548 552/552
f 581/581 552/552 582/582
f 582/582 552/552 551/551
f 582/582 551/551 583/583
f 583/583 551/551 557/557
f 583/583 557/557 584/584
f 584/584 557/557 556/556
f 584/584 556/556 585/585
f 585/585 556/556 554/554
f 554/554 553/553 585/585
f 585/585 553/553 558/558
f 585/585 558/558 586/586
f 586/586 558/558 544/544
f 586/586 544/544 587/587
f 587/587 544/544 588/588
f 588/588 544/544 578/578
f 578/578 544/544 543/543
f 578/578 543/543 326/326
f 589/589 590/590 591/591
f 592/592 593/593 594/594
f 593/593 151/151 287/287
f 595/595 596/596 592/592
f 596/596 595/595 590/590
f 597/597 598/598 589/589
f 598/598 597/597 343/343
f 593/593 287/287 594/594
f 594/594 287/287 289/289
f 594/594 289/289 599/599
f 289/289 291/291 599/599
f 599/599 291/291 303/303
f 599/599 303/303 600/600
f 600/600 303/303 601/601
f 600/600 601/601 602/602
f 589/589 591/591 597/597
f 597/597 591/591 603/603
f 597/597 603/603 604/604
f 604/604 603/603 605/605
f 604/604 605/605 606/606
f 606/606 605/605 607/607
f 606/606 607/607 608/608
f 608/608 607/607 609/609
f 608/608 609/609 610/610
f 294/294 611/611 295/295
f 295/295 611/611 612/612
f 295/295 612/612 298/298
f 298/298 612/612 602/602
f 298/298 602/602 300/300
f 300/300 602/602 601/601
f 611/611 613/613 612/612
f 612/612 613/613 614/614
f 612/612 614/614 615/615
f 592/592 594/594 595/595
f 595/595 594/594 599/599
f 595/595 599/599 616/616
f 616/616 599/599 600/600
f 616/616 600/600 617/617
f 617/617 600/600 602/602
f 617/617 602/602 618/618
f 618/618 602/602 612/612
f 618/618 612/612 619/619
f 619/619 612/612 615/615
f 619/619 615/615 620/620
f 590/590 595/595 591/591
f 591/591 595/595 616/616
f 591/591 616/616 603/603
f 603/603 616/616 617/617
f 603/603 617/617 605/605
f 605/605 617/617 618/618
f 605/605 618/618 607/607
f 607/607 618/618 619/619
f 607/607 619/619 609/609
f 609/609 619/619 620/620
f 609/609 620/620 621/621
f 621/621 622/622 609/609
f 609/609 622/622 623/623
f 609/609 623/623 610/610
f 610/610 623/623 624/624
f 610/610 624/624 625/625
f 343/343 597/597 341/341
f 341/341 597/597 604/604
f 341/341 604/604 339/339
f 339/339 604/604 606/606
f 339/339 606/606 340/340
f 340/340 606/606 608/608
f 340/340 608/608 342/342
f 342/342 608/608 610/610
f 342/342 610/610 333/333
f 333/333 610/610 625/625
f 333/333 625/625 334/334
f 626/626 627/627 628/628
f 629/629 630/630 631/631
f 630/630 632/632 631/631
f 631/631 632/632 633/633
f 631/631 633/633 275/275
f 275/275 633/633 634/634
f 275/275 634/634 271/271
f 627/627 629/629 635/635
f 636/636 637/637 638/638
f 638/638 637/637 639/639
f 638/638 639/639 626/626
f 345/345 344/344 636/636
f 275/275 274/274 631/631
f 631/631 274/274 273/273
f 631/631 273/273 640/640
f 273/273 280/280 640/640
f 640/640 280/280 276/276
f 640/640 276/276 641/641
f 641/641 276/276 642/642
f 641/641 642/642 643/643
f 629/629 631/631 635/635
f 635/635 631/631 640/640
f 635/635 640/640 644/644
f 644/644 640/640 641/641
f 644/644 641/641 645/645
f 645/645 641/641 643/643
f 645/645 643/643 646/646
f 646/646 643/643 647/647
f 646/646 647/647 648/648
f 627/627 635/635 628/628
f 628/628 635/635 644/644
f 628/628 644/644 649/649
f 649/649 644/644 645/645
f 649/649 645/645 650/650
f 650/650 645/645 646/646
f 650/650 646/646 651/651
f 651/651 646/646 648/648
f 651/651 648/648 652/652
f 642/642 257/257 643/643
f 643/643 257/257 653/653
f 643/643 653/653 647/647
f 647/647 653/653 254/254
f 647/647 254/254 156/156
f 156/156 654/654 647/647
f 647/647 654/654 655/655
f 647/647 655/655 648/648
f 648/648 655/655 656/656
f 648/648 656/656 652/652
f 652/652 656/656 657/657
f 652/652 657/657 658/658
f 626/626 628/628 638/638
f 638/638 628/628 649/649
f 638/638 649/649 659/659
f 659/659 649/649 650/650
f 659/659 650/650 660/660
f 660/660 650/650 651/651
f 660/660 651/651 661/661
f 661/661 651/651 652/652
f 661/661 652/652 662/662
f 662/662 652/652 658/658
f 662/662 658/658 663/663
f 636/636 638/638 345/345
f 345/345 638/638 659/659
f 345/345 659/659 347/347
f 347/347 659/659 660/660
f 347/347 660/660 348/348
f 348/348 660/660 661/661
f 348/348 661/661 336/336
f 336/336 661/661 662/662
f 336/336 662/662 337/337
f 337/337 662/662 663/663
f 337/337 663/663 338/338
f 156/156 151/151 654/654
f 654/654 151/151 593/593
f 654/654 593/593 655/655
f 655/655 593/593 592/592
f 655/655 592/592 656/656
f 656/656 592/592 596/596
f 656/656 596/596 657/657
f 657/657 596/596 590/590
f 657/657 590/590 658/658
f 658/658 590/590 589/589
f 658/658 589/589 663/663
f 663/663 589/589 598/598
f 663/663 598/598 338/338
f 338/338 598/598 343/343
f 625/625 567/567 334/334
f 622/622 664/664 623/623
f 611/611 294/294 665/665
f 316/316 577/577 666/666
f 666/666 577/577 667/667
f 666/666 667/667 668/668
f 669/669 670/670 667/667
f 667/667 670/670 671/671
f 667/667 671/671 668/668
f 614/614 613/613 672/672
f 672/672 613/613 611/611
f 672/672 611/611 669/669
f 669/669 611/611 665/665
f 669/669 665/665 670/670
f 664/664 622/622 673/673
f 673/673 622/622 621/621
f 673/673 621/621 620/620
f 567/567 625/625 568/568
f 625/625 624/624 568/568
f 568/568 624/624 623/623
f 568/568 623/623 569/569
f 569/569 623/623 664/664
f 569/569 664/664 570/570
f 570/570 664/664 673/673
f 570/570 673/673 571/571
f 571/571 673/673 674/674
f 575/575 574/574 675/675
f 675/675 574/574 573/573
f 675/675 573/573 674/674
f 674/674 573/573 572/572
f 674/674 572/572 571/571
f 620/620 615/615 673/673
f 673/673 615/615 614/614
f 673/673 614/614 674/674
f 674/674 614/614 672/672
f 674/674 672/672 675/675
f 675/675 672/672 669/669
f 675/675 669/669 575/575
f 575/575 669/669 667/667
f 575/575 667/667 576/576
f 576/576 667/667 577/577
f 676/676 677/677 678/678
f 155/155 679/679 680/680
f 680/680 679/679 681/681
f 678/678 677/677 682/682
f 682/682 677/677 683/683
f 682/682 683/683 684/684
f 155/155 685/685 686/686
f 686/686 685/685 687/687
f 686/686 687/687 688/688
f 688/688 687/687 689/689
f 688/688 689/689 690/690
f 690/690 689/689 691/691
f 690/690 691/691 692/692
f 684/684 693/693 694/694
f 684/684 694/694 682/682
f 682/682 694/694 695/695
f 682/682 695/695 696/696
f 685/685 697/697 687/687
f 687/687 697/697 678/678
f 687/687 678/678 689/689
f 689/689 678/678 682/682
f 689/689 682/682 691/691
f 691/691 682/682 696/696
f 696/696 698/698 691/691
f 691/691 698/698 699/699
f 691/691 699/699 692/692
f 692/692 699/699 700/700
f 692/692 700/700 701/701
f 155/155 686/686 162/162
f 162/162 686/686 688/688
f 162/162 688/688 163/163
f 163/163 688/688 690/690
f 163/163 690/690 164/164
f 164/164 690/690 692/692
f 164/164 692/692 149/149
f 149/149 692/692 701/701
f 149/149 701/701 150/150
f 676/676 678/678 681/681
f 681/681 678/678 697/697
f 681/681 697/697 680/680
f 680/680 697/697 685/685
f 680/680 685/685 155/155
f 702/702 703/703 704/704
f 299/299 301/301 705/705
f 296/296 297/297 706/706
f 310/310 308/308 707/707
f 708/708 709/709 710/710
f 710/710 709/709 711/711
f 710/710 711/711 712/712
f 712/712 711/711 713/713
f 712/712 713/713 714/714
f 714/714 713/713 715/715
f 714/714 715/715 716/716
f 716/716 715/715 717/717
f 716/716 717/717 718/718
f 718/718 717/717 719/719
f 718/718 719/719 313/313
f 313/313 719/719 25/25
f 720/720 708/708 721/721
f 721/721 708/708 710/710
f 721/721 710/710 722/722
f 722/722 710/710 712/712
f 722/722 712/712 723/723
f 723/723 712/712 714/714
f 723/723 714/714 724/724
f 724/724 714/714 716/716
f 724/724 716/716 725/725
f 725/725 716/716 718/718
f 725/725 718/718 314/314
f 314/314 718/718 313/313
f 314/314 310/310 725/725
f 725/725 310/310 707/707
f 725/725 707/707 724/724
f 724/724 707/707 726/726
f 724/724 726/726 723/723
f 723/723 726/726 727/727
f 723/723 727/727 722/722
f 722/722 727/727 728/728
f 722/722 728/728 721/721
f 721/721 728/728 729/729
f 721/721 729/729 720/720
f 730/730 731/731 729/729
f 729/729 731/731 732/732
f 729/729 732/732 720/720
f 733/733 734/734 735/735
f 735/735 734/734 736/736
f 735/735 736/736 737/737
f 737/737 736/736 738/738
f 737/737 738/738 739/739
f 739/739 738/738 740/740
f 739/739 740/740 706/706
f 706/706 740/740 741/741
f 706/706 741/741 296/296
f 296/296 741/741 307/307
f 742/742 733/733 743/743
f 743/743 733/733 735/735
f 743/743 735/735 744/744
f 744/744 735/735 737/737
f 744/744 737/737 745/745
f 745/745 737/737 739/739
f 745/745 739/739 705/705
f 705/705 739/739 706/706
f 705/705 706/706 299/299
f 299/299 706/706 297/297
f 308/308 307/307 707/707
f 707/707 307/307 741/741
f 707/707 741/741 726/726
f 726/726 741/741 740/740
f 726/726 740/740 727/727
f 727/727 740/740 738/738
f 727/727 738/738 728/728
f 728/728 738/738 736/736
f 728/728 736/736 729/729
f 729/729 736/736 734/734
f 729/729 734/734 730/730
f 730/730 734/734 733/733
f 730/730 733/733 746/746
f 746/746 733/733 742/742
f 747/747 748/748 742/742
f 742/742 748/748 749/749
f 742/742 749/749 746/746
f 750/750 751/751 752/752
f 753/753 752/752 754/754
f 754/754 752/752 751/751
f 754/754 751/751 755/755
f 756/756 702/702 757/757
f 757/757 702/702 704/704
f 757/757 704/704 758/758
f 758/758 704/704 759/759
f 290/290 292/292 755/755
f 755/755 292/292 293/293
f 755/755 293/293 754/754
f 754/754 293/293 288/288
f 754/754 288/288 753/753
f 753/753 288/288 286/286
f 753/753 286/286 285/285
f 760/760 703/703 761/761
f 761/761 703/703 702/702
f 761/761 702/702 762/762
f 762/762 702/702 756/756
f 762/762 756/756 763/763
f 758/758 750/750 757/757
f 757/757 750/750 752/752
f 757/757 752/752 756/756
f 756/756 752/752 753/753
f 756/756 753/753 763/763
f 763/763 753/753 285/285
f 763/763 285/285 150/150
f 150/150 701/701 763/763
f 763/763 701/701 700/700
f 763/763 700/700 762/762
f 762/762 700/700 699/699
f 762/762 699/699 761/761
f 761/761 699/699 698/698
f 761/761 698/698 760/760
f 760/760 698/698 696/696
f 760/760 696/696 695/695
f 759/759 704/704 764/764
f 764/764 704/704 703/703
f 764/764 703/703 765/765
f 765/765 703/703 760/760
f 765/765 760/760 766/766
f 766/766 760/760 695/695
f 766/766 695/695 694/694
f 301/301 290/290 705/705
f 705/705 290/290 755/755
f 705/705 755/755 745/745
f 745/745 755/755 751/751
f 745/745 751/751 744/744
f 744/744 751/751 750/750
f 744/744 750/750 743/743
f 743/743 750/750 758/758
f 743/743 758/758 742/742
f 742/742 758/758 759/759
f 742/742 759/759 747/747
f 747/747 759/759 764/764
f 747/747 764/764 767/767
f 767/767 764/764 765/765
f 767/767 765/765 768/768
f 768/768 765/765 766/766
f 768/768 766/766 769/769
f 769/769 766/766 694/694
f 769/769 694/694 693/693
f 312/312 770/770 771/771
f 671/671 670/670 772/772
f 294/294 306/306 665/665
f 665/665 306/306 305/305
f 665/665 305/305 670/670
f 666/666 668/668 773/773
f 773/773 668/668 671/671
f 317/317 316/316 666/666
f 670/670 305/305 772/772
f 772/772 305/305 304/304
f 772/772 304/304 774/774
f 774/774 304/304 309/309
f 774/774 309/309 771/771
f 771/771 309/309 311/311
f 771/771 311/311 312/312
f 312/312 35/35 770/770
f 770/770 35/35 89/89
f 770/770 89/89 91/91
f 671/671 772/772 773/773
f 773/773 772/772 774/774
f 773/773 774/774 775/775
f 775/775 774/774 771/771
f 775/775 771/771 776/776
f 776/776 771/771 770/770
f 776/776 770/770 777/777
f 777/777 770/770 91/91
f 777/777 91/91 92/92
f 666/666 773/773 317/317
f 317/317 773/773 775/775
f 317/317 775/775 318/318
f 318/318 775/775 776/776
f 318/318 776/776 319/319
f 319/319 776/776 777/777
f 319/319 777/777 320/320
f 320/320 777/777 92/92
f 320/320 92/92 94/94
f 579/579 636/636 344/344
f 584/584 778/778 779/779
f 585/585 586/586 780/780
f 780/780 586/586 587/587
f 781/781 782/782 783/783
f 783/783 782/782 784/784
f 783/783 784/784 785/785
f 785/785 784/784 786/786
f 786/786 784/784 787/787
f 787/787 784/784 578/578
f 787/787 578/578 328/328
f 584/584 585/585 778/778
f 778/778 585/585 780/780
f 778/778 780/780 782/782
f 782/782 780/780 587/587
f 782/782 587/587 784/784
f 784/784 587/587 588/588
f 784/784 588/588 578/578
f 636/636 579/579 637/637
f 637/637 579/579 580/580
f 637/637 580/580 639/639
f 639/639 580/580 581/581
f 639/639 581/581 788/788
f 788/788 581/581 582/582
f 788/788 582/582 779/779
f 779/779 582/582 583/583
f 779/779 583/583 584/584
f 630/630 629/629 779/779
f 779/779 629/629 627/627
f 779/779 627/627 788/788
f 788/788 627/627 626/626
f 788/788 626/626 639/639
f 634/634 633/633 789/789
f 789/789 633/633 632/632
f 630/630 779/779 632/632
f 632/632 779/779 778/778
f 632/632 778/778 789/789
f 789/789 778/778 782/782
f 789/789 782/782 634/634
f 634/634 782/782 781/781
f 634/634 781/781 271/271
f 30/30 25/25 719/719
f 30/30 719/719 790/790
f 790/790 719/719 717/717
f 790/790 717/717 791/791
f 791/791 717/717 715/715
f 791/791 715/715 792/792
f 792/792 715/715 713/713
f 792/792 713/713 793/793
f 793/793 713/713 711/711
f 793/793 711/711 794/794
f 794/794 711/711 709/709
f 794/794 709/709 795/795
f 796/796 8/8 797/797
f 797/797 8/8 96/96
f 797/797 96/96 798/798
f 798/798 96/96 98/98
f 798/798 98/98 799/799
f 799/799 98/98 100/100
f 799/799 100/100 800/800
f 800/800 100/100 102/102
f 800/800 102/102 801/801
f 801/801 102/102 104/104
f 801/801 104/104 51/51
f 51/51 104/104 52/52
f 51/51 50/50 801/801
f 801/801 50/50 802/802
f 801/801 802/802 800/800
f 800/800 802/802 803/803
f 800/800 803/803 799/799
f 799/799 803/803 804/804
f 799/799 804/804 798/798
f 798/798 804/804 805/805
f 798/798 805/805 797/797
f 797/797 805/805 806/806
f 797/797 806/806 796/796
f 807/807 808/808 806/806
f 806/806 808/808 809/809
f 806/806 809/809 796/796
f 794/794 810/810 793/793
f 793/793 810/810 811/811
f 793/793 811/811 792/792
f 792/792 811/811 812/812
f 792/792 812/812 791/791
f 791/791 812/812 813/813
f 791/791 813/813 790/790
f 790/790 813/813 814/814
f 790/790 814/814 30/30
f 30/30 814/814 45/45
f 50/50 45/45 802/802
f 802/802 45/45 814/814
f 802/802 814/814 803/803
f 803/803 814/814 813/813
f 803/803 813/813 804/804
f 804/804 813/813 812/812
f 804/804 812/812 805/805
f 805/805 812/812 811/811
f 805/805 811/811 806/806
f 806/806 811/811 810/810
f 806/806 810/810 807/807
f 807/807 810/810 794/794
f 807/807 794/794 795/795
f 109/109 110/110 815/815
f 110/110 59/59 263/263
f 816/816 107/107 109/109
f 107/107 816/816 105/105
f 110/110 263/263 815/815
f 815/815 263/263 265/265
f 815/815 265/265 817/817
f 817/817 265/265 818/818
f 817/817 818/818 819/819
f 109/109 815/815 816/816
f 816/816 815/815 817/817
f 816/816 817/817 820/820
f 820/820 817/817 819/819
f 820/820 819/819 821/821
f 821/821 819/819 822/822
f 821/821 822/822 823/823
f 271/271 781/781 262/262
f 262/262 781/781 822/822
f 262/262 822/822 268/268
f 268/268 822/822 819/819
f 268/268 819/819 269/269
f 269/269 819/819 818/818
f 781/781 783/783 822/822
f 822/822 783/783 785/785
f 822/822 785/785 823/823
f 823/823 785/785 786/786
f 823/823 786/786 787/787
f 105/105 816/816 330/330
f 330/330 816/816 820/820
f 330/330 820/820 332/332
f 332/332 820/820 821/821
f 332/332 821/821 331/331
f 331/331 821/821 823/823
f 331/331 823/823 329/329
f 329/329 823/823 787/787
f 329/329 787/787 328/328
f 824/824 825/825 826/826
f 826/826 825/825 827/827
f 826/826 827/827 828/828
f 828/828 827/827 829/829
f 828/828 829/829 830/830
f 830/830 829/829 831/831
f 830/830 831/831 832/832
f 832/832 831/831 833/833
f 832/832 833/833 834/834
f 834/834 833/833 835/835
f 834/834 835/835 87/87
f 87/87 835/835 77/77
f 836/836 824/824 837/837
f 837/837 824/824 826/826
f 837/837 826/826 838/838
f 838/838 826/826 828/828
f 838/838 828/828 839/839
f 839/839 828/828 830/830
f 839/839 830/830 840/840
f 840/840 830/830 832/832
f 840/840 832/832 841/841
f 841/841 832/832 834/834
f 841/841 834/834 88/88
f 88/88 834/834 87/87
f 842/842 836/836 843/843
f 843/843 836/836 837/837
f 843/843 837/837 844/844
f 844/844 837/837 838/838
f 844/844 838/838 845/845
f 845/845 838/838 839/839
f 845/845 839/839 846/846
f 846/846 839/839 840/840
f 846/846 840/840 847/847
f 847/847 840/840 841/841
f 847/847 841/841 80/80
f 80/80 841/841 88/88
f 21/21 842/842 111/111
f 111/111 842/842 843/843
f 111/111 843/843 113/113
f 113/113 843/843 844/844
f 113/113 844/844 115/115
f 115/115 844/844 845/845
f 115/115 845/845 117/117
f 117/117 845/845 846/846
f 117/117 846/846 119/119
f 119/119 846/846 847/847
f 119/119 847/847 82/82
f 82/82 847/847 80/80
f 64/64 77/77 835/835
f 64/64 835/835 848/848
f 848/848 835/835 833/833
f 848/848 833/833 849/849
f 849/849 833/833 831/831
f 849/849 831/831 850/850
f 850/850 831/831 829/829
f 850/850 829/829 851/851
f 851/851 829/829 827/827
f 851/851 827/827 852/852
f 852/852 827/827 825/825
f 852/852 825/825 853/853
f 264/264 64/64 848/848
f 267/267 270/270 854/854
f 272/272 855/855 856/856
f 857/857 858/858 859/859
f 860/860 861/861 862/862
f 861/861 157/157 283/283
f 863/863 864/864 860/860
f 864/864 863/863 865/865
f 858/858 865/865 866/866
f 867/867 868/868 857/857
f 869/869 870/870 867/867
f 867/867 870/870 871/871
f 867/867 871/871 868/868
f 861/861 283/283 862/862
f 862/862 283/283 284/284
f 862/862 284/284 872/872
f 872/872 284/284 256/256
f 872/872 256/256 873/873
f 256/256 281/281 873/873
f 873/873 281/281 282/282
f 873/873 282/282 874/874
f 874/874 282/282 259/259
f 874/874 259/259 875/875
f 259/259 278/278 875/875
f 875/875 278/278 277/277
f 875/875 277/277 876/876
f 277/277 279/279 876/876
f 876/876 279/279 261/261
f 876/876 261/261 856/856
f 856/856 261/261 260/260
f 856/856 260/260 272/272
f 860/860 862/862 863/863
f 863/863 862/862 872/872
f 863/863 872/872 877/877
f 877/877 872/872 873/873
f 877/877 873/873 878/878
f 878/878 873/873 874/874
f 878/878 874/874 879/879
f 879/879 874/874 875/875
f 879/879 875/875 880/880
f 880/880 875/875 876/876
f 880/880 876/876 881/881
f 881/881 876/876 856/856
f 881/881 856/856 882/882
f 882/882 856/856 855/855
f 882/882 855/855 883/883
f 865/865 863/863 866/866
f 866/866 863/863 877/877
f 866/866 877/877 884/884
f 884/884 877/877 878/878
f 884/884 878/878 885/885
f 885/885 878/878 879/879
f 885/885 879/879 886/886
f 886/886 879/879 880/880
f 886/886 880/880 887/887
f 887/887 880/880 881/881
f 887/887 881/881 888/888
f 888/888 881/881 882/882
f 888/888 882/882 889/889
f 889/889 882/882 883/883
f 889/889 883/883 890/890
f 858/858 866/866 859/859
f 859/859 866/866 884/884
f 859/859 884/884 891/891
f 891/891 884/884 885/885
f 891/891 885/885 892/892
f 892/892 885/885 886/886
f 892/892 886/886 893/893
f 893/893 886/886 887/887
f 893/893 887/887 894/894
f 894/894 887/887 888/888
f 894/894 888/888 895/895
f 895/895 888/888 889/889
f 895/895 889/889 896/896
f 896/896 889/889 890/890
f 896/896 890/890 897/897
f 857/857 859/859 867/867
f 867/867 859/859 891/891
f 867/867 891/891 869/869
f 869/869 891/891 892/892
f 869/869 892/892 898/898
f 898/898 892/892 893/893
f 898/898 893/893 899/899
f 899/899 893/893 894/894
f 899/899 894/894 900/900
f 900/900 894/894 895/895
f 900/900 895/895 901/901
f 901/901 895/895 896/896
f 901/901 896/896 902/902
f 902/902 896/896 897/897
f 902/902 897/897 903/903
f 903/903 904/904 902/902
f 902/902 904/904 905/905
f 902/902 905/905 901/901
f 901/901 905/905 906/906
f 901/901 906/906 900/900
f 900/900 906/906 907/907
f 900/900 907/907 899/899
f 899/899 907/907 908/908
f 899/899 908/908 898/898
f 898/898 908/908 909/909
f 898/898 909/909 869/869
f 869/869 909/909 910/910
f 869/869 910/910 870/870
f 911/911 912/912 903/903
f 903/903 912/912 913/913
f 903/903 913/913 904/904
f 852/852 914/914 851/851
f 851/851 914/914 915/915
f 851/851 915/915 850/850
f 850/850 915/915 916/916
f 850/850 916/916 849/849
f 849/849 916/916 917/917
f 849/849 917/917 848/848
f 848/848 917/917 854/854
f 848/848 854/854 264/264
f 264/264 854/854 270/270
f 272/272 267/267 855/855
f 855/855 267/267 854/854
f 855/855 854/854 883/883
f 883/883 854/854 917/917
f 883/883 917/917 890/890
f 890/890 917/917 916/916
f 890/890 916/916 897/897
f 897/897 916/916 915/915
f 897/897 915/915 903/903
f 903/903 915/915 914/914
f 903/903 914/914 911/911
f 911/911 914/914 852/852
f 911/911 852/852 853/853
f 868/868 871/871 918/918
f 858/858 857/857 919/919
f 154/154 920/920 921/921
f 921/921 920/920 922/922
f 921/921 922/922 923/923
f 923/923 922/922 924/924
f 924/924 922/922 925/925
f 924/924 925/925 926/926
f 157/157 927/927 158/158
f 158/158 927/927 928/928
f 158/158 928/928 159/159
f 159/159 928/928 929/929
f 159/159 929/929 160/160
f 160/160 929/929 930/930
f 160/160 930/930 161/161
f 157/157 861/861 927/927
f 927/927 861/861 860/860
f 927/927 860/860 864/864
f 154/154 930/930 931/931
f 931/931 930/930 929/929
f 931/931 929/929 932/932
f 932/932 929/929 928/928
f 932/932 928/928 933/933
f 933/933 928/928 927/927
f 933/933 927/927 934/934
f 934/934 927/927 864/864
f 934/934 864/864 865/865
f 154/154 931/931 920/920
f 920/920 931/931 932/932
f 920/920 932/932 922/922
f 922/922 932/932 933/933
f 922/922 933/933 925/925
f 925/925 933/933 934/934
f 925/925 934/934 919/919
f 919/919 934/934 865/865
f 919/919 865/865 858/858
f 161/161 930/930 154/154
f 926/926 925/925 935/935
f 935/935 925/925 919/919
f 935/935 919/919 918/918
f 918/918 919/919 857/857
f 918/918 857/857 868/868
f 936/936 937/937 938/938
f 938/938 937/937 939/939
f 940/940 941/941 942/942
f 942/942 941/941 943/943
f 944/944 945/945 946/946
f 946/946 945/945 947/947
f 948/948 949/949 950/950
f 950/950 949/949 951/951
f 952/952 953/953 954/954
f 954/954 953/953 955/955
f 956/956 957/957 958/958
f 958/958 957/957 959/959
f 960/960 961/961 962/962
f 962/962 961/961 963/963
f 964/964 965/965 966/966
f 966/966 965/965 967/967
f 968/968 969/969 970/970
f 970/970 969/969 971/971
f 972/972 973/973 974/974
f 974/974 973/973 975/975
f 976/976 974/974 977/977
f 977/977 974/974 975/975
f 977/977 975/975 978/978
f 978/978 975/975 979/979
f 979/979 980/980 978/978
f 978/978 980/980 981/981
f 978/978 981/981 982/982
f 983/983 978/978 984/984
f 984/984 978/978 982/982
f 984/984 982/982 985/985
f 985/985 982/982 986/986
f 985/985 986/986 987/987
f 988/988 989/989 990/990
f 990/990 989/989 981/981
f 991/991 990/990 992/992
f 992/992 990/990 981/981
f 992/992 981/981 993/993
f 993/993 981/981 980/980
f 994/994 995/995 996/996
f 997/997 998/998 999/999
f 1000/1000 1001/1001 1002/1002
f 997/997 999/999 1003/1003
f 1003/1003 999/999 1004/1004
f 1003/1003 1004/1004 1005/1005
f 1006/1006 1007/1007 1000/1000
f 1008/1008 1009/1009 1003/1003
f 1003/1003 1009/1009 1010/1010
f 1005/1005 994/994 1003/1003
f 1003/1003 994/994 996/996
f 1003/1003 996/996 1011/1011
f 1011/1011 996/996 1012/1012
f 1011/1011 1012/1012 1013/1013
f 1014/1014 997/997 1015/1015
f 1015/1015 997/997 1003/1003
f 1015/1015 1003/1003 1016/1016
f 1016/1016 1003/1003 1010/1010
f 1012/1012 1017/1017 1018/1018
f 1019/1019 1013/1013 1002/1002
f 1002/1002 1013/1013 1012/1012
f 1002/1002 1012/1012 1000/1000
f 1000/1000 1012/1012 1018/1018
f 1000/1000 1018/1018 1020/1020
f 1021/1021 1006/1006 1022/1022
f 1022/1022 1006/1006 1000/1000
f 1022/1022 1000/1000 1023/1023
f 1023/1023 1000/1000 1020/1020
f 1024/1024 1025/1025 1026/1026
f 1026/1026 1025/1025 1027/1027
f 1026/1026 1027/1027 1028/1028
f 1028/1028 1027/1027 1029/1029
f 1028/1028 1029/1029 1030/1030
f 1030/1030 1029/1029 1031/1031
f 1030/1030 1031/1031 1032/1032
f 1032/1032 1031/1031 1033/1033
f 1032/1032 1033/1033 1034/1034
f 1034/1034 1033/1033 1035/1035
f 1034/1034 1035/1035 1036/1036
f 1036/1036 1035/1035 1037/1037
f 1036/1036 1037/1037 1038/1038
f 1038/1038 1037/1037 1039/1039
f 1038/1038 1039/1039 1040/1040
f 1040/1040 1039/1039 1041/1041
f 1040/1040 1041/1041 1042/1042
f 1042/1042 1041/1041 1043/1043
f 1042/1042 1043/1043 1044/1044
f 1044/1044 1043/1043 1045/1045
f 1044/1044 1045/1045 1046/1046
f 1046/1046 1045/1045 1047/1047
f 1046/1046 1047/1047 1048/1048
f 1048/1048 1047/1047 1049/1049
f 1048/1048 1049/1049 1050/1050
f 1050/1050 1049/1049 1051/1051
f 1050/1050 1051/1051 1052/1052
f 1052/1052 1051/1051 1053/1053
f 1052/1052 1053/1053 1054/1054
f 1054/1054 1053/1053 1055/1055
f 1054/1054 1055/1055 1056/1056
f 1056/1056 1055/1055 1057/1057
f 1056/1056 1057/1057 1058/1058
f 1058/1058 1057/1057 1059/1059
f 1058/1058 1059/1059 1060/1060
f 1060/1060 1059/1059 1061/1061
f 1060/1060 1061/1061 1062/1062
f 1062/1062 1061/1061 1063/1063
f 1062/1062 1063/1063 1064/1064
f 1064/1064 1063/1063 1065/1065
f 1064/1064 1065/1065 1066/1066
f 1066/1066 1065/1065 1067/1067
f 1066/1066 1067/1067 1068/1068
f 1068/1068 1067/1067 1069/1069
f 1068/1068 1069/1069 1070/1070
f 1070/1070 1069/1069 1071/1071
f 1070/1070 1071/1071 1024/1024
f 1024/1024 1071/1071 1025/1025
f 1072/1072 1073/1073 1074/1074
f 1074/1074 1073/1073 1075/1075
f 1074/1074 1075/1075 1076/1076
f 1076/1076 1075/1075 1077/1077
f 1076/1076 1077/1077 1078/1078
f 1078/1078 1077/1077 1079/1079
f 1078/1078 1079/1079 1080/1080
f 1080/1080 1079/1079 1081/1081
f 1080/1080 1081/1081 1082/1082
f 1082/1082 1081/1081 1083/1083
f 1082/1082 1083/1083 1084/1084
f 1084/1084 1083/1083 1085/1085
f 1084/1084 1085/1085 1086/1086
f 1086/1086 1085/1085 1087/1087
f 1086/1086 1087/1087 1088/1088
f 1088/1088 1087/1087 1089/1089
f 1088/1088 1089/1089 1090/1090
f 1090/1090 1089/1089 1091/1091
f 1090/1090 1091/1091 1092/1092
f 1092/1092 1091/1091 1093/1093
f 1092/1092 1093/1093 1094/1094
f 1094/1094 1093/1093 1095/1095
f 1094/1094 1095/1095 1096/1096
f 1096/1096 1095/1095 1097/1097
f 1096/1096 1097/1097 1098/1098
f 1098/1098 1097/1097 1099/1099
f 1098/1098 1099/1099 1100/1100
f 1100/1100 1099/1099 1101/1101
f 1100/1100 1101/1101 1102/1102
f 1102/1102 1101/1101 1103/1103
f 1102/1102 1103/1103 1104/1104
f 1104/1104 1103/1103 1105/1105
f 1104/1104 1105/1105 1106/1106
f 1106/1106 1105/1105 1107/1107
f 1106/1106 1107/1107 1108/1108
f 1108/1108 1107/1107 1109/1109
f 1108/1108 1109/1109 1110/1110
f 1110/1110 1109/1109 1111/1111
f 1110/1110 1111/1111 1112/1112
f 1112/1112 1111/1111 1113/1113
f 1112/1112 1113/1113 1114/1114
f 1114/1114 1113/1113 1115/1115
f 1114/1114 1115/1115 1116/1116
f 1116/1116 1115/1115 1117/1117
f 1116/1116 1117/1117 1118/1118
f 1118/1118 1117/1117 1119/1119
f 1118/1118 1119/1119 1072/1072
f 1072/1072 1119/1119 1073/1073
f 1120/1120 1121/1121 1122/1122
f 1122/1122 1121/1121 1123/1123
f 1122/1122 1123/1123 1124/1124
f 1124/1124 1123/1123 1125/1125
f 1124/1124 1125/1125 1126/1126
f 1126/1126 1125/1125 1127/1127
f 1126/1126 1127/1127 1128/1128
f 1128/1128 1127/1127 1129/1129
f 1128/1128 1129/1129 1130/1130
f 1130/1130 1129/1129 1131/1131
f 1130/1130 1131/1131 1132/1132
f 1132/1132 1131/1131 1133/1133
f 1132/1132 1133/1133 1134/1134
f 1134/1134 1133/1133 1135/1135
f 1134/1134 1135/1135 1136/1136
f 1136/1136 1135/1135 1137/1137
f 1136/1136 1137/1137 1138/1138
f 1138/1138 1137/1137 1139/1139
f 1138/1138 1139/1139 1140/1140
f 1140/1140 1139/1139 1141/1141
f 1140/1140 1141/1141 1142/1142
f 1142/1142 1141/1141 1143/1143
f 1142/1142 1143/1143 1144/1144
f 1144/1144 1143/1143 1145/1145
f 1144/1144 1145/1145 1146/1146
f 1146/1146 1145/1145 1147/1147
f 1146/1146 1147/1147 1148/1148
f 1148/1148 1147/1147 1149/1149
f 1148/1148 1149/1149 1150/1150
f 1150/1150 1149/1149 1151/1151
f 1150/1150 1151/1151 1152/1152
f 1152/1152 1151/1151 1153/1153
f 1152/1152 1153/1153 1154/1154
f 1154/1154 1153/1153 1155/1155
f 1154/1154 1155/1155 1156/1156
f 1156/1156 1155/1155 1157/1157
f 1156/1156 1157/1157 1158/1158
f 1158/1158 1157/1157 1159/1159
f 1158/1158 1159/1159 1160/1160
f 1160/1160 1159/1159 1161/1161
f 1160/1160 1161/1161 1162/1162
f 1162/1162 1161/1161 1163/1163
f 1162/1162 1163/1163 1164/1164
f 1164/1164 1163/1163 1165/1165
f 1164/1164 1165/1165 1166/1166
f 1166/1166 1165/1165 1167/1167
f 1166/1166 1167/1167 1120/1120
f 1120/1120 1167/1167 1121/1121
f 1168/1168 1169/1169 1170/1170
f 1170/1170 1169/1169 1171/1171
f 1170/1170 1171/1171 1172/1172
f 1172/1172 1171/1171 1173/1173
f 1172/1172 1173/1173 1174/1174
f 1174/1174 1173/1173 1175/1175
f 1174/1174 1175/1175 1176/1176
f 1176/1176 1175/1175 1177/1177
f 1176/1176 1177/1177 1178/1178
f 1178/1178 1177/1177 1179/1179
f 1178/1178 1179/1179 1180/1180
f 1180/1180 1179/1179 1181/1181
f 1180/1180 1181/1181 1182/1182
f 1182/1182 1181/1181 1183/1183
f 1182/1182 1183/1183 1184/1184
f 1184/1184 1183/1183 1185/1185
f 1184/1184 1185/1185 1186/1186
f 1186/1186 1185/1185 1187/1187
f 1186/1186 1187/1187 1188/1188
f 1188/1188 1187/1187 1189/1189
f 1188/1188 1189/1189 1190/1190
f 1190/1190 1189/1189 1191/1191
f 1190/1190 1191/1191 1192/1192
f 1192/1192 1191/1191 1193/1193
f 1192/1192 1193/1193 1194/1194
f 1194/1194 1193/1193 1195/1195
f 1194/1194 1195/1195 1196/1196
f 1196/1196 1195/1195 1197/1197
f 1196/1196 1197/1197 1198/1198
f 1198/1198 1197/1197 1199/1199
f 1198/1198 1199/1199 1200/1200
f 1200/1200 1199/1199 1201/1201
f 1200/1200 1201/1201 1202/1202
f 1202/1202 1201/1201 1203/1203
f 1202/1202 1203/1203 1204/1204
f 1204/1204 1203/1203 1205/1205
f 1204/1204 1205/1205 1206/1206
f 1206/1206 1205/1205 1207/1207
f 1206/1206 1207/1207 1208/1208
f 1208/1208 1207/1207 1209/1209
f 1208/1208 1209/1209 1210/1210
f 1210/1210 1209/1209 1211/1211
f 1210/1210 1211/1211 1212/1212
f 1212/1212 1211/1211 1213/1213
f 1212/1212 1213/1213 1214/1214
f 1214/1214 1213/1213 1215/1215
f 1214/1214 1215/1215 1168/1168
f 1168/1168 1215/1215 1169/1169
f 1216/1216 1217/1217 1218/1218
f 1218/1218 1217/1217 1219/1219
f 1218/1218 1219/1219 1220/1220
f 1216/1216 1218/1218 1221/1221
f 1221/1221 1218/1218 1222/1222
f 1221/1221 1222/1222 1223/1223
f 1223/1223 1222/1222 1224/1224
f 1224/1224 1222/1222 1225/1225
f 1224/1224 1225/1225 1226/1226
f 1227/1227 1225/1225 1228/1228
f 1228/1228 1225/1225 1229/1229
f 1227/1227 1230/1230 1225/1225
f 1225/1225 1230/1230 1231/1231
f 1225/1225 1231/1231 1226/1226
f 1232/1232 1233/1233 1229/1229
f 1229/1229 1233/1233 1234/1234
f 1229/1229 1234/1234 1228/1228
f 1235/1235 1236/1236 1237/1237
f 1237/1237 1236/1236 1238/1238
f 1237/1237 1238/1238 1239/1239
f 1240/1240 1241/1241 1235/1235
f 1235/1235 1241/1241 1242/1242
f 1235/1235 1242/1242 1236/1236
f 1236/1236 1242/1242 1243/1243
f 1236/1236 1243/1243 1232/1232
f 1232/1232 1243/1243 1244/1244
f 1232/1232 1244/1244 1233/1233
f 1245/1245 1246/1246 1247/1247
f 1247/1247 1246/1246 1248/1248
f 1247/1247 1248/1248 1249/1249
f 1245/1245 1250/1250 1246/1246
f 1246/1246 1250/1250 1251/1251
f 1246/1246 1251/1251 1238/1238
f 1238/1238 1251/1251 1252/1252
f 1238/1238 1252/1252 1239/1239
f 1249/1249 1248/1248 1253/1253
f 1253/1253 1248/1248 1254/1254
f 1253/1253 1254/1254 1255/1255
f 1256/1256 1257/1257 1258/1258
f 1258/1258 1257/1257 1259/1259
f 1258/1258 1259/1259 1260/1260
f 1260/1260 1259/1259 1261/1261
f 1260/1260 1261/1261 1254/1254
f 1254/1254 1261/1261 1262/1262
f 1254/1254 1262/1262 1255/1255
f 1263/1263 1264/1264 1258/1258
f 1258/1258 1264/1264 1265/1265
f 1258/1258 1265/1265 1256/1256
f 1266/1266 1267/1267 1263/1263
f 1263/1263 1267/1267 1268/1268
f 1263/1263 1268/1268 1264/1264
f 1266/1266 1263/1263 1269/1269
f 1269/1269 1263/1263 1270/1270
f 1269/1269 1270/1270 1271/1271
f 1271/1271 1270/1270 1272/1272
f 1271/1271 1272/1272 1273/1273
f 1274/1274 1275/1275 1276/1276
f 1277/1277 1278/1278 1279/1279
f 1279/1279 1278/1278 1280/1280
f 1279/1279 1280/1280 1272/1272
f 1272/1272 1280/1280 1281/1281
f 1272/1272 1281/1281 1273/1273
f 1274/1274 1276/1276 1279/1279
f 1279/1279 1276/1276 1282/1282
f 1279/1279 1282/1282 1277/1277
f 1275/1275 1274/1274 1283/1283
f 1283/1283 1274/1274 1284/1284
f 1283/1283 1284/1284 1285/1285
f 1285/1285 1284/1284 1286/1286
f 1286/1286 1284/1284 1287/1287
f 1286/1286 1287/1287 1288/1288
f 1219/1219 1289/1289 1220/1220
f 1220/1220 1289/1289 1290/1290
f 1220/1220 1290/1290 1291/1291
f 1291/1291 1290/1290 1292/1292
f 1291/1291 1292/1292 1293/1293
f 1293/1293 1292/1292 1294/1294
f 1293/1293 1294/1294 1295/1295
f 1295/1295 1294/1294 1296/1296
f 1295/1295 1296/1296 1297/1297
f 1297/1297 1296/1296 1298/1298
f 1297/1297 1298/1298 1287/1287
f 1287/1287 1298/1298 1299/1299
f 1287/1287 1299/1299 1288/1288
f 1300/1300 1301/1301 1302/1302
f 1303/1303 1304/1304 1305/1305
f 1306/1306 1302/1302 1303/1303
f 1303/1303 1302/1302 1307/1307
f 1303/1303 1307/1307 1308/1308
f 1306/1306 1309/1309 1302/1302
f 1302/1302 1309/1309 1310/1310
f 1302/1302 1310/1310 1311/1311
f 1312/1312 1313/1313 1314/1314
f 1314/1314 1313/1313 1303/1303
f 1314/1314 1303/1303 1315/1315
f 1315/1315 1303/1303 1305/1305
f 1316/1316 1304/1304 1317/1317
f 1317/1317 1304/1304 1303/1303
f 1317/1317 1303/1303 1318/1318
f 1318/1318 1303/1303 1308/1308
f 1319/1319 1320/1320 1321/1321
f 1311/1311 1322/1322 1302/1302
f 1302/1302 1322/1322 1319/1319
f 1302/1302 1319/1319 1300/1300
f 1300/1300 1319/1319 1321/1321
f 1300/1300 1321/1321 1323/1323
f 1324/1324 1325/1325 1326/1326
f 1326/1326 1325/1325 1327/1327
f 1326/1326 1327/1327 1328/1328
f 1328/1328 1327/1327 1329/1329
f 1328/1328 1329/1329 1330/1330
f 1330/1330 1329/1329 1331/1331
f 1330/1330 1331/1331 1332/1332
f 1333/1333 1334/1334 1324/1324
f 1324/1324 1334/1334 1335/1335
f 1324/1324 1335/1335 1325/1325
f 1333/1333 1324/1324 1336/1336
f 1336/1336 1324/1324 1337/1337
f 1336/1336 1337/1337 1338/1338
f 1338/1338 1337/1337 1339/1339
f 1338/1338 1339/1339 1340/1340
f 1341/1341 1342/1342 1343/1343
f 1343/1343 1342/1342 1344/1344
f 1343/1343 1344/1344 1345/1345
f 1344/1344 1346/1346 1347/1347
f 1347/1347 1348/1348 1344/1344
f 1344/1344 1348/1348 1349/1349
f 1344/1344 1349/1349 1345/1345
f 1344/1344 1350/1350 1346/1346
f 1346/1346 1350/1350 1351/1351
f 1346/1346 1351/1351 1352/1352
f 1352/1352 1351/1351 1353/1353
f 1352/1352 1353/1353 1354/1354
f 1354/1354 1353/1353 1355/1355
f 1354/1354 1355/1355 1356/1356
f 1356/1356 1355/1355 1357/1357
f 1356/1356 1357/1357 1358/1358
f 1359/1359 1360/1360 1361/1361
f 1359/1359 1361/1361 1362/1362
f 1362/1362 1361/1361 1363/1363
f 1362/1362 1363/1363 1364/1364
f 1364/1364 1363/1363 1365/1365
f 1364/1364 1365/1365 1366/1366
f 1366/1366 1365/1365 1367/1367
f 1366/1366 1367/1367 1368/1368
f 1368/1368 1367/1367 1369/1369
f 1368/1368 1369/1369 1370/1370
f 1370/1370 1369/1369 1332/1332
f 1370/1370 1332/1332 1357/1357
f 1339/1339 1337/1337 1371/1371
f 1339/1339 1371/1371 1372/1372
f 1372/1372 1371/1371 1373/1373
f 1372/1372 1373/1373 1374/1374
f 1375/1375 1373/1373 1376/1376
f 1376/1376 1373/1373 1371/1371
f 1376/1376 1371/1371 1377/1377
f 1377/1377 1371/1371 1337/1337
f 1377/1377 1337/1337 1324/1324
f 1378/1378 1379/1379 1374/1374
f 1380/1380 1375/1375 1381/1381
f 1381/1381 1375/1375 1376/1376
f 1381/1381 1376/1376 1382/1382
f 1382/1382 1376/1376 1377/1377
f 1382/1382 1377/1377 1383/1383
f 1383/1383 1377/1377 1324/1324
f 1383/1383 1324/1324 1326/1326
f 1384/1384 1385/1385 1379/1379
f 1386/1386 1380/1380 1387/1387
f 1387/1387 1380/1380 1381/1381
f 1387/1387 1381/1381 1388/1388
f 1388/1388 1381/1381 1382/1382
f 1388/1388 1382/1382 1389/1389
f 1389/1389 1382/1382 1383/1383
f 1389/1389 1383/1383 1390/1390
f 1390/1390 1383/1383 1326/1326
f 1390/1390 1326/1326 1328/1328
f 1360/1360 1391/1391 1392/1392
f 1392/1392 1391/1391 1385/1385
f 1385/1385 1384/1384 1392/1392
f 1392/1392 1384/1384 1393/1393
f 1392/1392 1393/1393 1360/1360
f 1379/1379 1378/1378 1384/1384
f 1384/1384 1378/1378 1394/1394
f 1384/1384 1394/1394 1393/1393
f 1393/1393 1394/1394 1395/1395
f 1393/1393 1395/1395 1360/1360
f 1360/1360 1386/1386 1396/1396
f 1396/1396 1386/1386 1387/1387
f 1396/1396 1387/1387 1397/1397
f 1397/1397 1387/1387 1388/1388
f 1397/1397 1388/1388 1398/1398
f 1398/1398 1388/1388 1389/1389
f 1398/1398 1389/1389 1399/1399
f 1399/1399 1389/1389 1390/1390
f 1399/1399 1390/1390 1400/1400
f 1400/1400 1390/1390 1328/1328
f 1400/1400 1328/1328 1330/1330
f 1360/1360 1396/1396 1361/1361
f 1361/1361 1396/1396 1397/1397
f 1361/1361 1397/1397 1363/1363
f 1363/1363 1397/1397 1398/1398
f 1363/1363 1398/1398 1365/1365
f 1365/1365 1398/1398 1399/1399
f 1365/1365 1399/1399 1367/1367
f 1367/1367 1399/1399 1400/1400
f 1367/1367 1400/1400 1369/1369
f 1369/1369 1400/1400 1330/1330
f 1369/1369 1330/1330 1332/1332
f 1374/1374 1373/1373 1378/1378
f 1378/1378 1373/1373 1375/1375
f 1378/1378 1375/1375 1394/1394
f 1394/1394 1375/1375 1380/1380
f 1394/1394 1380/1380 1395/1395
f 1395/1395 1380/1380 1386/1386
f 1395/1395 1386/1386 1360/1360
f 1357/1357 1355/1355 1401/1401
f 1357/1357 1401/1401 1370/1370
f 1370/1370 1401/1401 1402/1402
f 1370/1370 1402/1402 1368/1368
f 1403/1403 1402/1402 1404/1404
f 1404/1404 1402/1402 1401/1401
f 1404/1404 1401/1401 1405/1405
f 1405/1405 1401/1401 1355/1355
f 1405/1405 1355/1355 1353/1353
f 1406/1406 1366/1366 1368/1368
f 1407/1407 1403/1403 1408/1408
f 1408/1408 1403/1403 1404/1404
f 1408/1408 1404/1404 1409/1409
f 1409/1409 1404/1404 1405/1405
f 1409/1409 1405/1405 1410/1410
f 1410/1410 1405/1405 1353/1353
f 1410/1410 1353/1353 1351/1351
f 1411/1411 1364/1364 1366/1366
f 1412/1412 1407/1407 1413/1413
f 1413/1413 1407/1407 1408/1408
f 1413/1413 1408/1408 1414/1414
f 1414/1414 1408/1408 1409/1409
f 1414/1414 1409/1409 1415/1415
f 1415/1415 1409/1409 1410/1410
f 1415/1415 1410/1410 1416/1416
f 1416/1416 1410/1410 1351/1351
f 1416/1416 1351/1351 1350/1350
f 1359/1359 1362/1362 1417/1417
f 1417/1417 1362/1362 1364/1364
f 1364/1364 1411/1411 1417/1417
f 1417/1417 1411/1411 1418/1418
f 1417/1417 1418/1418 1359/1359
f 1366/1366 1406/1406 1411/1411
f 1411/1411 1406/1406 1419/1419
f 1411/1411 1419/1419 1418/1418
f 1418/1418 1419/1419 1420/1420
f 1418/1418 1420/1420 1359/1359
f 1359/1359 1412/1412 1421/1421
f 1421/1421 1412/1412 1413/1413
f 1421/1421 1413/1413 1422/1422
f 1422/1422 1413/1413 1414/1414
f 1422/1422 1414/1414 1423/1423
f 1423/1423 1414/1414 1415/1415
f 1423/1423 1415/1415 1424/1424
f 1424/1424 1415/1415 1416/1416
f 1424/1424 1416/1416 1425/1425
f 1425/1425 1416/1416 1350/1350
f 1425/1425 1350/1350 1344/1344
f 1359/1359 1421/1421 1426/1426
f 1426/1426 1421/1421 1422/1422
f 1426/1426 1422/1422 1427/1427
f 1427/1427 1422/1422 1423/1423
f 1427/1427 1423/1423 1428/1428
f 1428/1428 1423/1423 1424/1424
f 1428/1428 1424/1424 1429/1429
f 1429/1429 1424/1424 1425/1425
f 1429/1429 1425/1425 1430/1430
f 1430/1430 1425/1425 1344/1344
f 1430/1430 1344/1344 1342/1342
f 1368/1368 1402/1402 1406/1406
f 1406/1406 1402/1402 1403/1403
f 1406/1406 1403/1403 1419/1419
f 1419/1419 1403/1403 1407/1407
f 1419/1419 1407/1407 1420/1420
f 1420/1420 1407/1407 1412/1412
f 1420/1420 1412/1412 1359/1359
f 1360/1360 1431/1431 1432/1432
f 1360/1360 1432/1432 1391/1391
f 1391/1391 1432/1432 1433/1433
f 1391/1391 1433/1433 1385/1385
f 1385/1385 1433/1433 1434/1434
f 1385/1385 1434/1434 1379/1379
f 1379/1379 1434/1434 1435/1435
f 1379/1379 1435/1435 1374/1374
f 1374/1374 1435/1435 1436/1436
f 1374/1374 1436/1436 1372/1372
f 1372/1372 1436/1436 1437/1437
f 1372/1372 1437/1437 1339/1339
f 1438/1438 1439/1439 1437/1437
f 1437/1437 1439/1439 1440/1440
f 1437/1437 1440/1440 1441/1441
f 1442/1442 1443/1443 1438/1438
f 1438/1438 1443/1443 1444/1444
f 1438/1438 1444/1444 1439/1439
f 1442/1442 1438/1438 1445/1445
f 1445/1445 1438/1438 1446/1446
f 1445/1445 1446/1446 1447/1447
f 1448/1448 1449/1449 1450/1450
f 1449/1449 1451/1451 1450/1450
f 1450/1450 1451/1451 1452/1452
f 1450/1450 1452/1452 1446/1446
f 1446/1446 1452/1452 1453/1453
f 1446/1446 1453/1453 1447/1447
f 1454/1454 1455/1455 1456/1456
f 1456/1456 1455/1455 1457/1457
f 1456/1456 1457/1457 1450/1450
f 1450/1450 1457/1457 1458/1458
f 1450/1450 1458/1458 1448/1448
f 1459/1459 1460/1460 1454/1454
f 1454/1454 1460/1460 1461/1461
f 1461/1461 1462/1462 1454/1454
f 1454/1454 1462/1462 1463/1463
f 1454/1454 1463/1463 1455/1455
f 1464/1464 1465/1465 1466/1466
f 1467/1467 1468/1468 1469/1469
f 1469/1469 1470/1470 1467/1467
f 1467/1467 1470/1470 1471/1471
f 1467/1467 1471/1471 1466/1466
f 1466/1466 1471/1471 1472/1472
f 1466/1466 1472/1472 1464/1464
f 1473/1473 1474/1474 1468/1468
f 1468/1468 1474/1474 1475/1475
f 1468/1468 1475/1475 1469/1469
f 1473/1473 1468/1468 1476/1476
f 1476/1476 1468/1468 1477/1477
f 1476/1476 1477/1477 1478/1478
f 1479/1479 1480/1480 1481/1481
f 1481/1481 1480/1480 1482/1482
f 1481/1481 1482/1482 1477/1477
f 1477/1477 1482/1482 1483/1483
f 1477/1477 1483/1483 1478/1478
f 1484/1484 1485/1485 1486/1486
f 1486/1486 1485/1485 1487/1487
f 1486/1486 1487/1487 1488/1488
f 1488/1488 1489/1489 1486/1486
f 1486/1486 1489/1489 1490/1490
f 1486/1486 1490/1490 1481/1481
f 1481/1481 1490/1490 1491/1491
f 1481/1481 1491/1491 1479/1479
f 1492/1492 1359/1359 1426/1426
f 1492/1492 1426/1426 1493/1493
f 1493/1493 1426/1426 1427/1427
f 1493/1493 1427/1427 1494/1494
f 1494/1494 1427/1427 1428/1428
f 1494/1494 1428/1428 1495/1495
f 1495/1495 1428/1428 1429/1429
f 1495/1495 1429/1429 1496/1496
f 1496/1496 1429/1429 1430/1430
f 1496/1496 1430/1430 1497/1497
f 1497/1497 1430/1430 1342/1342
f 1497/1497 1342/1342 1484/1484
f 1459/1459 1454/1454 1498/1498
f 1459/1459 1498/1498 1499/1499
f 1499/1499 1498/1498 1500/1500
f 1499/1499 1500/1500 1501/1501
f 1502/1502 1500/1500 1503/1503
f 1503/1503 1500/1500 1498/1498
f 1503/1503 1498/1498 1504/1504
f 1504/1504 1498/1498 1454/1454
f 1504/1504 1454/1454 1456/1456
f 1505/1505 1506/1506 1501/1501
f 1507/1507 1502/1502 1508/1508
f 1508/1508 1502/1502 1503/1503
f 1508/1508 1503/1503 1509/1509
f 1509/1509 1503/1503 1504/1504
f 1509/1509 1504/1504 1510/1510
f 1510/1510 1504/1504 1456/1456
f 1510/1510 1456/1456 1450/1450
f 1511/1511 1512/1512 1506/1506
f 1513/1513 1507/1507 1514/1514
f 1514/1514 1507/1507 1508/1508
f 1514/1514 1508/1508 1515/1515
f 1515/1515 1508/1508 1509/1509
f 1515/1515 1509/1509 1516/1516
f 1516/1516 1509/1509 1510/1510
f 1516/1516 1510/1510 1517/1517
f 1517/1517 1510/1510 1450/1450
f 1517/1517 1450/1450 1446/1446
f 1431/1431 1518/1518 1519/1519
f 1519/1519 1518/1518 1512/1512
f 1512/1512 1511/1511 1519/1519
f 1519/1519 1511/1511 1520/1520
f 1519/1519 1520/1520 1431/1431
f 1506/1506 1505/1505 1511/1511
f 1511/1511 1505/1505 1521/1521
f 1511/1511 1521/1521 1520/1520
f 1520/1520 1521/1521 1522/1522
f 1520/1520 1522/1522 1431/1431
f 1431/1431 1513/1513 1523/1523
f 1523/1523 1513/1513 1514/1514
f 1523/1523 1514/1514 1524/1524
f 1524/1524 1514/1514 1515/1515
f 1524/1524 1515/1515 1525/1525
f 1525/1525 1515/1515 1516/1516
f 1525/1525 1516/1516 1526/1526
f 1526/1526 1516/1516 1517/1517
f 1526/1526 1517/1517 1527/1527
f 1527/1527 1517/1517 1446/1446
f 1527/1527 1446/1446 1438/1438
f 1431/1431 1523/1523 1432/1432
f 1432/1432 1523/1523 1524/1524
f 1432/1432 1524/1524 1433/1433
f 1433/1433 1524/1524 1525/1525
f 1433/1433 1525/1525 1434/1434
f 1434/1434 1525/1525 1526/1526
f 1434/1434 1526/1526 1435/1435
f 1435/1435 1526/1526 1527/1527
f 1435/1435 1527/1527 1436/1436
f 1436/1436 1527/1527 1438/1438
f 1436/1436 1438/1438 1437/1437
f 1501/1501 1500/1500 1505/1505
f 1505/1505 1500/1500 1502/1502
f 1505/1505 1502/1502 1521/1521
f 1521/1521 1502/1502 1507/1507
f 1521/1521 1507/1507 1522/1522
f 1522/1522 1507/1507 1513/1513
f 1522/1522 1513/1513 1431/1431
f 1484/1484 1486/1486 1528/1528
f 1484/1484 1528/1528 1497/1497
f 1497/1497 1528/1528 1529/1529
f 1497/1497 1529/1529 1496/1496
f 1530/1530 1529/1529 1531/1531
f 1531/1531 1529/1529 1528/1528
f 1531/1531 1528/1528 1532/1532
f 1532/1532 1528/1528 1486/1486
f 1532/1532 1486/1486 1481/1481
f 1533/1533 1495/1495 1496/1496
f 1534/1534 1530/1530 1535/1535
f 1535/1535 1530/1530 1531/1531
f 1535/1535 1531/1531 1536/1536
f 1536/1536 1531/1531 1532/1532
f 1536/1536 1532/1532 1537/1537
f 1537/1537 1532/1532 1481/1481
f 1537/1537 1481/1481 1477/1477
f 1538/1538 1494/1494 1495/1495
f 1539/1539 1534/1534 1540/1540
f 1540/1540 1534/1534 1535/1535
f 1540/1540 1535/1535 1541/1541
f 1541/1541 1535/1535 1536/1536
f 1541/1541 1536/1536 1542/1542
f 1542/1542 1536/1536 1537/1537
f 1542/1542 1537/1537 1543/1543
f 1543/1543 1537/1537 1477/1477
f 1543/1543 1477/1477 1468/1468
f 1492/1492 1493/1493 1544/1544
f 1544/1544 1493/1493 1494/1494
f 1494/1494 1538/1538 1544/1544
f 1544/1544 1538/1538 1545/1545
f 1544/1544 1545/1545 1492/1492
f 1495/1495 1533/1533 1538/1538
f 1538/1538 1533/1533 1546/1546
f 1538/1538 1546/1546 1545/1545
f 1545/1545 1546/1546 1547/1547
f 1545/1545 1547/1547 1492/1492
f 1492/1492 1539/1539 1548/1548
f 1548/1548 1539/1539 1540/1540
f 1548/1548 1540/1540 1549/1549
f 1549/1549 1540/1540 1541/1541
f 1549/1549 1541/1541 1550/1550
f 1550/1550 1541/1541 1542/1542
f 1550/1550 1542/1542 1551/1551
f 1551/1551 1542/1542 1543/1543
f 1551/1551 1543/1543 1552/1552
f 1552/1552 1543/1543 1468/1468
f 1552/1552 1468/1468 1467/1467
f 1492/1492 1548/1548 1553/1553
f 1553/1553 1548/1548 1549/1549
f 1553/1553 1549/1549 1554/1554
f 1554/1554 1549/1549 1550/1550
f 1554/1554 1550/1550 1555/1555
f 1555/1555 1550/1550 1551/1551
f 1555/1555 1551/1551 1556/1556
f 1556/1556 1551/1551 1552/1552
f 1556/1556 1552/1552 1557/1557
f 1557/1557 1552/1552 1467/1467
f 1557/1557 1467/1467 1466/1466
f 1496/1496 1529/1529 1533/1533
f 1533/1533 1529/1529 1530/1530
f 1533/1533 1530/1530 1546/1546
f 1546/1546 1530/1530 1534/1534
f 1546/1546 1534/1534 1547/1547
f 1547/1547 1534/1534 1539/1539
f 1547/1547 1539/1539 1492/1492
f 1553/1553 1558/1558 1492/1492
f 1492/1492 1558/1558 1559/1559
f 1492/1492 1559/1559 1560/1560
f 1560/1560 1561/1561 1492/1492
f 1492/1492 1561/1561 1562/1562
f 1492/1492 1562/1562 1563/1563
f 1563/1563 1564/1564 1492/1492
f 1492/1492 1564/1564 1565/1565
f 1492/1492 1565/1565 1566/1566
f 1567/1567 1568/1568 1554/1554
f 1554/1554 1568/1568 1569/1569
f 1554/1554 1569/1569 1570/1570
f 1570/1570 1571/1571 1554/1554
f 1554/1554 1571/1571 1572/1572
f 1554/1554 1572/1572 1553/1553
f 1553/1553 1572/1572 1573/1573
f 1553/1553 1573/1573 1558/1558
f 1506/1506 1574/1574 1575/1575
f 1575/1575 1576/1576 1506/1506
f 1506/1506 1576/1576 1577/1577
f 1506/1506 1577/1577 1578/1578
f 1578/1578 1579/1579 1506/1506
f 1506/1506 1579/1579 1580/1580
f 1506/1506 1580/1580 1581/1581
f 1581/1581 1582/1582 1506/1506
f 1506/1506 1582/1582 1583/1583
f 1506/1506 1583/1583 1584/1584
f 1555/1555 1584/1584 1585/1585
f 1585/1585 1586/1586 1555/1555
f 1555/1555 1586/1586 1587/1587
f 1555/1555 1587/1587 1588/1588
f 1588/1588 1589/1589 1555/1555
f 1555/1555 1589/1589 1590/1590
f 1555/1555 1590/1590 1591/1591
f 1591/1591 1592/1592 1555/1555
f 1555/1555 1592/1592 1593/1593
f 1555/1555 1593/1593 1554/1554
f 1554/1554 1593/1593 1594/1594
f 1554/1554 1594/1594 1567/1567
f 1595/1595 1596/1596 1512/1512
f 1518/1518 1597/1597 1598/1598
f 1518/1518 1598/1598 1512/1512
f 1512/1512 1598/1598 1599/1599
f 1512/1512 1599/1599 1595/1595
f 1596/1596 1600/1600 1512/1512
f 1512/1512 1600/1600 1601/1601
f 1512/1512 1601/1601 1506/1506
f 1506/1506 1601/1601 1602/1602
f 1506/1506 1602/1602 1574/1574
f 1603/1603 1604/1604 1431/1431
f 1431/1431 1604/1604 1605/1605
f 1431/1431 1605/1605 1606/1606
f 1606/1606 1607/1607 1431/1431
f 1431/1431 1607/1607 1608/1608
f 1431/1431 1608/1608 1609/1609
f 1609/1609 1610/1610 1431/1431
f 1431/1431 1610/1610 1611/1611
f 1431/1431 1611/1611 1518/1518
f 1518/1518 1611/1611 1612/1612
f 1518/1518 1612/1612 1597/1597
f 1584/1584 1555/1555 1506/1506
f 1506/1506 1555/1555 1556/1556
f 1506/1506 1556/1556 1501/1501
f 1501/1501 1556/1556 1557/1557
f 1501/1501 1557/1557 1499/1499
f 1499/1499 1557/1557 1466/1466
f 1499/1499 1466/1466 1459/1459
f 1613/1613 1614/1614 1615/1615
f 1615/1615 1614/1614 1616/1616
f 1616/1616 1617/1617 1615/1615
f 1615/1615 1617/1617 1618/1618
f 1615/1615 1618/1618 1619/1619
f 1619/1619 1618/1618 1620/1620
f 1619/1619 1620/1620 1621/1621
f 1621/1621 1622/1622 1619/1619
f 1619/1619 1622/1622 1623/1623
f 1619/1619 1623/1623 1624/1624
f 1624/1624 1623/1623 1625/1625
f 1624/1624 1625/1625 1626/1626
f 1626/1626 1627/1627 1624/1624
f 1624/1624 1627/1627 1628/1628
f 1624/1624 1628/1628 1629/1629
f 1630/1630 1631/1631 1632/1632
f 1632/1632 1631/1631 1633/1633
f 1632/1632 1633/1633 1634/1634
f 1634/1634 1635/1635 1632/1632
f 1632/1632 1635/1635 1636/1636
f 1632/1632 1636/1636 1615/1615
f 1615/1615 1636/1636 1637/1637
f 1615/1615 1637/1637 1613/1613
f 1629/1629 1638/1638 1624/1624
f 1624/1624 1638/1638 1639/1639
f 1624/1624 1639/1639 1632/1632
f 1632/1632 1639/1639 1640/1640
f 1632/1632 1640/1640 1630/1630
f 1641/1641 1642/1642 1643/1643
f 1641/1641 1643/1643 1644/1644
f 1644/1644 1643/1643 1645/1645
f 1644/1644 1645/1645 1646/1646
f 1646/1646 1645/1645 1647/1647
f 1646/1646 1647/1647 1648/1648
f 1648/1648 1647/1647 1649/1649
f 1648/1648 1649/1649 1650/1650
f 1650/1650 1649/1649 1651/1651
f 1650/1650 1651/1651 1652/1652
f 1652/1652 1651/1651 1653/1653
f 1652/1652 1653/1653 1654/1654
f 1654/1654 1653/1653 1655/1655
f 1654/1654 1655/1655 1656/1656
f 1656/1656 1655/1655 1657/1657
f 1656/1656 1657/1657 1658/1658
f 1658/1658 1657/1657 1659/1659
f 1658/1658 1659/1659 1660/1660
f 1660/1660 1659/1659 1661/1661
f 1660/1660 1661/1661 1662/1662
f 1662/1662 1661/1661 1663/1663
f 1662/1662 1663/1663 1664/1664
f 1664/1664 1663/1663 1615/1615
f 1664/1664 1615/1615 1619/1619
f 1665/1665 1666/1666 1667/1667
f 1667/1667 1666/1666 1668/1668
f 1669/1669 1670/1670 1671/1671
f 1671/1671 1670/1670 1672/1672
f 1671/1671 1672/1672 1673/1673
f 1673/1673 1674/1674 1671/1671
f 1671/1671 1674/1674 1675/1675
f 1671/1671 1675/1675 1666/1666
f 1666/1666 1675/1675 1676/1676
f 1666/1666 1676/1676 1668/1668
f 1642/1642 1641/1641 1677/1677
f 1642/1642 1678/1678 1671/1671
f 1671/1671 1678/1678 1679/1679
f 1671/1671 1679/1679 1669/1669
f 1665/1665 1680/1680 1666/1666
f 1666/1666 1680/1680 1681/1681
f 1666/1666 1681/1681 1641/1641
f 1641/1641 1681/1681 1682/1682
f 1641/1641 1682/1682 1677/1677
f 1683/1683 1684/1684 1642/1642
f 1642/1642 1684/1684 1685/1685
f 1642/1642 1685/1685 1678/1678
f 1677/1677 1686/1686 1642/1642
f 1642/1642 1686/1686 1687/1687
f 1642/1642 1687/1687 1688/1688
f 1688/1688 1689/1689 1642/1642
f 1642/1642 1689/1689 1690/1690
f 1642/1642 1690/1690 1683/1683
f 1691/1691 1692/1692 1693/1693
f 1693/1693 1692/1692 1694/1694
f 1693/1693 1694/1694 1695/1695
f 1696/1696 1697/1697 1698/1698
f 1699/1699 1700/1700 1701/1701
f 1701/1701 1700/1700 1698/1698
f 1702/1702 1703/1703 1694/1694
f 1694/1694 1703/1703 1704/1704
f 1700/1700 1695/1695 1698/1698
f 1698/1698 1695/1695 1694/1694
f 1698/1698 1694/1694 1696/1696
f 1696/1696 1694/1694 1704/1704
f 1696/1696 1704/1704 1705/1705
f 1706/1706 1707/1707 1708/1708
f 1706/1706 1708/1708 1709/1709
f 1709/1709 1708/1708 1710/1710
f 1709/1709 1710/1710 1711/1711
f 1711/1711 1710/1710 1712/1712
f 1711/1711 1712/1712 1713/1713
f 1713/1713 1712/1712 1714/1714
f 1713/1713 1714/1714 1715/1715
f 1715/1715 1714/1714 1716/1716
f 1715/1715 1716/1716 1717/1717
f 1717/1717 1716/1716 1718/1718
f 1717/1717 1718/1718 1719/1719
f 1719/1719 1718/1718 1720/1720
f 1719/1719 1720/1720 1721/1721
f 1721/1721 1720/1720 1722/1722
f 1721/1721 1722/1722 1723/1723
f 1723/1723 1722/1722 1724/1724
f 1723/1723 1724/1724 1725/1725
f 1725/1725 1724/1724 1726/1726
f 1725/1725 1726/1726 1727/1727
f 1727/1727 1726/1726 1728/1728
f 1727/1727 1728/1728 1729/1729
f 1729/1729 1728/1728 1730/1730
f 1729/1729 1730/1730 1731/1731
f 1732/1732 1733/1733 1734/1734
f 1734/1734 1733/1733 1735/1735
f 1736/1736 1737/1737 1738/1738
f 1738/1738 1737/1737 1739/1739
f 1738/1738 1739/1739 1740/1740
f 1740/1740 1741/1741 1738/1738
f 1738/1738 1741/1741 1742/1742
f 1738/1738 1742/1742 1733/1733
f 1733/1733 1742/1742 1743/1743
f 1733/1733 1743/1743 1735/1735
f 1707/1707 1706/1706 1744/1744
f 1707/1707 1745/1745 1738/1738
f 1738/1738 1745/1745 1746/1746
f 1738/1738 1746/1746 1736/1736
f 1732/1732 1747/1747 1733/1733
f 1733/1733 1747/1747 1748/1748
f 1733/1733 1748/1748 1706/1706
f 1706/1706 1748/1748 1749/1749
f 1706/1706 1749/1749 1744/1744
f 1750/1750 1751/1751 1707/1707
f 1707/1707 1751/1751 1752/1752
f 1707/1707 1752/1752 1745/1745
f 1744/1744 1753/1753 1707/1707
f 1707/1707 1753/1753 1754/1754
f 1707/1707 1754/1754 1755/1755
f 1755/1755 1756/1756 1707/1707
f 1707/1707 1756/1756 1757/1757
f 1707/1707 1757/1757 1750/1750
f 1758/1758 1759/1759 1730/1730
f 1730/1730 1759/1759 1760/1760
f 1760/1760 1761/1761 1730/1730
f 1730/1730 1761/1761 1762/1762
f 1730/1730 1762/1762 1731/1731
f 1731/1731 1762/1762 1763/1763
f 1731/1731 1763/1763 1764/1764
f 1764/1764 1765/1765 1731/1731
f 1731/1731 1765/1765 1766/1766
f 1731/1731 1766/1766 1767/1767
f 1767/1767 1766/1766 1768/1768
f 1767/1767 1768/1768 1769/1769
f 1769/1769 1770/1770 1767/1767
f 1767/1767 1770/1770 1771/1771
f 1767/1767 1771/1771 1772/1772
f 1773/1773 1774/1774 1775/1775
f 1775/1775 1774/1774 1776/1776
f 1775/1775 1776/1776 1777/1777
f 1777/1777 1778/1778 1775/1775
f 1775/1775 1778/1778 1779/1779
f 1775/1775 1779/1779 1730/1730
f 1730/1730 1779/1779 1780/1780
f 1730/1730 1780/1780 1758/1758
f 1772/1772 1781/1781 1767/1767
f 1767/1767 1781/1781 1782/1782
f 1767/1767 1782/1782 1775/1775
f 1775/1775 1782/1782 1783/1783
f 1775/1775 1783/1783 1773/1773
f 1784/1784 1785/1785 1786/1786
f 1786/1786 1785/1785 1787/1787
f 1786/1786 1787/1787 1788/1788
f 1789/1789 1790/1790 1791/1791
f 1792/1792 1793/1793 1794/1794
f 1794/1794 1793/1793 1791/1791
f 1795/1795 1796/1796 1787/1787
f 1787/1787 1796/1796 1797/1797
f 1793/1793 1788/1788 1791/1791
f 1791/1791 1788/1788 1787/1787
f 1791/1791 1787/1787 1789/1789
f 1789/1789 1787/1787 1797/1797
f 1789/1789 1797/1797 1798/1798

