# https://github.com/mikedh/trimesh
mtllib material.mtl
usemtl material_0
v -0.02079820 -0.01725000 -0.00666414
v -0.02094046 -0.01725000 -0.00707952
v 0.02094046 -0.01725000 -0.00707952
v -0.02116993 -0.01725000 -0.00745385
v 0.02116993 -0.01725000 -0.00745385
v 0.02075000 -0.01725000 -0.00622772
v 0.02075000 -0.01725000 -0.00440000
v -0.02075000 -0.01725000 -0.00440000
v 0.02079820 -0.01725000 -0.00666414
v -0.02075000 -0.01725000 -0.00622772
v -0.02722405 -0.01725000 -0.01118544
v -0.02237632 -0.01725000 -0.00819743
v -0.02638715 -0.01725000 -0.01035408
v -0.02445006 -0.01725000 -0.00901448
v -0.02907317 -0.01725000 -0.01418358
v -0.02967310 -0.01725000 -0.01646107
v -0.02795722 -0.01725000 -0.01210957
v -0.03210000 -0.01725000 -0.07220000
v -0.03173757 -0.01725000 -0.05534173
v -0.03061792 -0.01725000 -0.02752075
v -0.02975685 -0.01725000 -0.09285685
v -0.03210000 -0.01725000 -0.08720000
v -0.03102820 -0.01725000 -0.09120000
v -0.03182741 -0.01725000 -0.08927055
v -0.02617055 -0.01725000 -0.09492741
v -0.02410000 -0.01725000 -0.09520000
v -0.02810000 -0.01725000 -0.09412821
v 0.02975685 -0.01725000 -0.09285685
v 0.02410000 -0.01725000 -0.09520000
v 0.02810000 -0.01725000 -0.09412821
v 0.02617055 -0.01725000 -0.09492741
v 0.03182741 -0.01725000 -0.08927055
v 0.03210000 -0.01725000 -0.08720000
v 0.03102820 -0.01725000 -0.09120000
v 0.03066715 -0.01725000 -0.02833238
v 0.02967310 -0.01725000 -0.01646107
v 0.03140893 -0.01725000 -0.04432660
v 0.03210000 -0.01725000 -0.07220000
v 0.02722405 -0.01725000 -0.01118544
v 0.02795722 -0.01725000 -0.01210957
v 0.02907317 -0.01725000 -0.01418358
v 0.02445006 -0.01725000 -0.00901448
v 0.02237632 -0.01725000 -0.00819743
v 0.02638715 -0.01725000 -0.01035408
v -0.02069166 0.01115000 -0.00592046
v -0.02075000 0.01115000 -0.00640000
v -0.02075000 0.01115000 -0.00441603
v -0.01988303 0.01115000 -0.00475190
v -0.01945482 0.01115000 -0.00452831
v -0.01900268 0.01115000 -0.00441603
v -0.02024515 0.01115000 -0.00507165
v -0.02052004 0.01115000 -0.00546889
v 0.02075000 0.01115000 -0.00640000
v 0.02069166 0.01115000 -0.00592046
v 0.02075000 0.01115000 -0.00441603
v 0.02052004 0.01115000 -0.00546889
v 0.02024515 0.01115000 -0.00507165
v 0.01988303 0.01115000 -0.00475190
v 0.01945482 0.01115000 -0.00452831
v 0.01900268 0.01115000 -0.00441603
v 0.02075000 -0.01725000 -0.00440000
v 0.00493634 -0.00285000 -0.00440000
v 0.00403051 -0.00403051 -0.00440000
v 0.02075000 0.01075000 -0.00440000
v 0.00285000 0.00493634 -0.00440000
v 0.00403051 0.00403051 -0.00440000
v 0.00570000 0.00000000 -0.00440000
v 0.00550578 -0.00147527 -0.00440000
v -0.00147527 -0.00550578 -0.00440000
v -0.00285000 -0.00493634 -0.00440000
v -0.02075000 -0.01725000 -0.00440000
v -0.00403051 -0.00403051 -0.00440000
v -0.00550578 0.00147527 -0.00440000
v -0.00493634 0.00285000 -0.00440000
v -0.02075000 0.01075000 -0.00440000
v -0.00403051 0.00403051 -0.00440000
v -0.00285000 0.00493634 -0.00440000
v 0.00493634 0.00285000 -0.00440000
v 0.00550578 0.00147527 -0.00440000
v 0.00285000 -0.00493634 -0.00440000
v 0.00147527 -0.00550578 -0.00440000
v -0.00000000 -0.00570000 -0.00440000
v -0.00493634 -0.00285000 -0.00440000
v -0.00550578 -0.00147527 -0.00440000
v -0.00570000 0.00000000 -0.00440000
v -0.00147527 0.00550578 -0.00440000
v 0.00000000 0.00570000 -0.00440000
v 0.00147527 0.00550578 -0.00440000
v 0.03410000 -0.01525000 -0.06570000
v 0.03410000 -0.01525000 -0.08720000
v 0.03410000 -0.01325000 -0.06570000
v 0.03410000 -0.01325000 -0.08720000
v -0.03410000 -0.01325000 -0.06570000
v -0.03410000 -0.01325000 -0.08720000
v -0.03410000 -0.01525000 -0.06570000
v -0.03410000 -0.01525000 -0.08720000
v 0.01875000 0.01575000 -0.00940000
v 0.01875000 0.01575000 -0.07860000
v -0.01875000 0.01575000 -0.00940000
v -0.01875000 0.01575000 -0.07860000
v -0.02410000 -0.01525000 -0.09720000
v -0.02410000 0.00815000 -0.09720000
v 0.02410000 -0.01525000 -0.09720000
v 0.02410000 0.00815000 -0.09720000
v 0.02101795 0.01215000 -0.08060000
v 0.02133579 0.01173579 -0.08060000
v -0.02275000 0.01115000 -0.08060000
v -0.02133579 0.01173579 -0.08060000
v -0.02101795 0.01215000 -0.08060000
v 0.02075000 0.01375000 -0.08060000
v 0.02081815 0.01263236 -0.08060000
v 0.02175000 0.01141795 -0.08060000
v 0.02223236 0.01121815 -0.08060000
v 0.02275000 0.01115000 -0.08060000
v -0.02081815 0.01263236 -0.08060000
v -0.02075000 0.01315000 -0.08060000
v -0.02075000 0.01375000 -0.08060000
v 0.02075000 0.01315000 -0.08060000
v -0.02223236 0.01121815 -0.08060000
v -0.02175000 0.01141795 -0.08060000
v -0.02808795 0.01115000 -0.07162486
v -0.02275000 0.01115000 -0.08060000
v -0.02810000 0.01115000 -0.07223921
v -0.02810000 0.01115000 -0.09420000
v 0.02740690 0.01115000 -0.04433955
v 0.02808795 0.01115000 -0.07162486
v 0.02275000 0.01115000 -0.08060000
v 0.02810000 0.01115000 -0.07223921
v 0.02810000 0.01115000 -0.08620000
v 0.02760000 0.01115000 -0.08586987
v 0.02639410 0.01115000 -0.08537037
v 0.02510000 0.01115000 -0.08520000
v -0.02740690 0.01115000 -0.04433955
v -0.02718231 0.01115000 -0.03856495
v -0.02275000 0.01115000 -0.01264408
v 0.02380591 0.01115000 -0.08537037
v 0.02260000 0.01115000 -0.08586987
v 0.02156447 0.01115000 -0.08666447
v 0.02467267 0.01115000 -0.01439260
v 0.02534890 0.01115000 -0.01564300
v 0.02571198 0.01115000 -0.01701740
v 0.02718231 0.01115000 -0.03856495
v 0.02275000 0.01115000 -0.01264408
v 0.02632708 0.01115000 -0.02326071
v -0.02632708 0.01115000 -0.02326071
v -0.02571198 0.01115000 -0.01701740
v -0.02372126 0.01115000 -0.01333638
v -0.02534890 0.01115000 -0.01564300
v -0.02467267 0.01115000 -0.01439260
v 0.02027037 0.01115000 -0.09149410
v 0.02076987 0.01115000 -0.09270000
v 0.02156447 0.01115000 -0.09373553
v 0.02210000 0.01115000 -0.09420000
v 0.02076987 0.01115000 -0.08770000
v 0.02027037 0.01115000 -0.08890591
v 0.02010000 0.01115000 -0.09020000
v 0.02372126 0.01115000 -0.01333638
v -0.02075000 0.01297520 -0.01103710
v -0.02075000 0.01273532 -0.01022118
v -0.02075000 0.01375000 -0.00640000
v -0.02075000 0.00856284 -0.00640198
v -0.02075000 0.01075000 -0.00440000
v -0.02075000 0.00985537 -0.00689434
v -0.02075000 0.01115000 -0.00441603
v -0.02075000 0.01045061 -0.00725216
v -0.02075000 0.01115000 -0.00640000
v -0.02075000 0.01151239 -0.00818112
v -0.02075000 0.01206707 -0.00889621
v -0.02075000 -0.01725000 -0.00622772
v -0.02075000 -0.01725000 -0.00440000
v -0.02075000 0.00715000 -0.00622772
v -0.02075000 0.00795136 -0.00628322
v -0.02075000 0.01315000 -0.01264408
v -0.02075000 0.01375000 -0.08060000
v -0.02075000 0.01315000 -0.08060000
v 0.02075000 0.00851799 -0.00639093
v 0.02075000 0.00908256 -0.00655811
v 0.02075000 0.01075000 -0.00440000
v 0.02075000 0.01115000 -0.00640000
v 0.02075000 0.01115000 -0.00441603
v 0.02075000 0.01033241 -0.00717335
v 0.02075000 0.01079699 -0.00750813
v 0.02075000 0.01375000 -0.00640000
v 0.02075000 0.01180192 -0.00852698
v 0.02075000 0.01211957 -0.00897669
v 0.02075000 0.01277633 -0.01033672
v 0.02075000 0.01292731 -0.01083922
v 0.02075000 -0.01725000 -0.00440000
v 0.02075000 -0.01725000 -0.00622772
v 0.02075000 0.00715000 -0.00622772
v 0.02075000 0.01314707 -0.01242899
v 0.02075000 0.01315000 -0.01264408
v 0.02075000 0.01375000 -0.08060000
v 0.02075000 0.01315000 -0.08060000
v -0.03276026 -0.01325000 -0.09220000
v -0.03375926 -0.01325000 -0.08978819
v -0.03410000 -0.01325000 -0.08720000
v -0.03410000 -0.01325000 -0.06570000
v -0.03210000 -0.01325000 -0.07220000
v -0.03210000 -0.01325000 -0.09320000
v -0.03403185 -0.01325000 -0.06518237
v -0.03383205 -0.01325000 -0.06470000
v -0.03351421 -0.01325000 -0.06428578
v -0.03310000 -0.01325000 -0.06396795
v -0.03261764 -0.01325000 -0.06376815
v -0.03210000 -0.01325000 -0.06370000
v -0.03210000 0.00715000 -0.09320000
v -0.03210000 -0.01325000 -0.09320000
v -0.03210000 0.00715000 -0.07220000
v -0.03210000 -0.01325000 -0.07220000
v 0.03210000 -0.01325000 -0.07220000
v 0.03410000 -0.01325000 -0.06570000
v 0.03410000 -0.01325000 -0.08720000
v 0.03375926 -0.01325000 -0.08978819
v 0.03276026 -0.01325000 -0.09220000
v 0.03210000 -0.01325000 -0.09320000
v 0.03210000 -0.01325000 -0.06370000
v 0.03261764 -0.01325000 -0.06376815
v 0.03310000 -0.01325000 -0.06396795
v 0.03351421 -0.01325000 -0.06428578
v 0.03383205 -0.01325000 -0.06470000
v 0.03403185 -0.01325000 -0.06518237
v 0.03210000 0.00715000 -0.07220000
v 0.03210000 -0.01325000 -0.07220000
v 0.03210000 0.00715000 -0.09320000
v 0.03210000 -0.01325000 -0.09320000
v -0.02909781 0.01064491 -0.09585667
v -0.02936139 0.01074045 -0.09569551
v 0.02934653 0.01072250 -0.09568172
v 0.02929610 0.01096698 -0.09523180
v 0.02964028 0.01084155 -0.09552498
v -0.02897925 0.01100556 -0.09495747
v -0.02846396 0.01113341 -0.09451509
v -0.02810956 0.01114999 -0.09420828
v -0.02898673 0.01100370 -0.09496389
v 0.02251373 0.01113698 -0.09447916
v 0.02260435 0.01112971 -0.09452061
v -0.02964028 0.01084155 -0.09552498
v 0.02380750 0.01103391 -0.09502374
v 0.02363275 0.01104738 -0.09497634
v 0.02355409 0.01105344 -0.09495501
v 0.02403176 0.01101663 -0.09508456
v 0.02510078 0.01098099 -0.09519228
v 0.02517222 0.01097861 -0.09519948
v 0.02913165 0.01099235 -0.09508994
v 0.02908044 0.01061467 -0.09582371
v -0.02816876 0.01023593 -0.09628531
v -0.02898525 0.01060411 -0.09592550
v 0.02689530 0.00963653 -0.09676830
v -0.02690122 0.00964374 -0.09678658
v 0.02724333 0.00981863 -0.09669313
v -0.02724333 0.00981863 -0.09669313
v 0.02793062 0.01014870 -0.09643722
v 0.02818035 0.01024991 -0.09630398
v -0.02551719 0.00891579 -0.09704870
v -0.02621968 0.00929532 -0.09697276
v -0.02668451 0.00953295 -0.09684578
v 0.02411754 0.00815961 -0.09719998
v 0.02667850 0.00952309 -0.09681512
v 0.02551563 0.00891465 -0.09706628
v -0.02411754 0.00815961 -0.09719998
v 0.02515473 0.00872581 -0.09714422
v 0.02564015 0.01098860 -0.09517074
v 0.02638755 0.01103842 -0.09500083
v 0.02649735 0.01104574 -0.09497587
v 0.02899239 0.01101382 -0.09496982
v 0.02676182 0.01106336 -0.09491576
v 0.02711867 0.01109450 -0.09477438
v 0.02758366 0.01112080 -0.09450222
v 0.02810956 0.01114999 -0.09420828
v 0.02810000 0.01115000 -0.09420000
v 0.03276026 -0.01525000 -0.09220000
v 0.03375926 -0.01325000 -0.08978819
v 0.03375926 -0.01525000 -0.08978819
v 0.03117107 -0.01525000 -0.09427107
v 0.03155642 0.00914456 -0.09385944
v 0.03160544 0.00907662 -0.09380820
v 0.03175987 0.00876411 -0.09362856
v 0.03195660 0.00818290 -0.09338532
v 0.03202915 0.00766645 -0.09329332
v 0.03198782 0.00809069 -0.09334674
v 0.03202978 0.00789620 -0.09329250
v 0.03209659 0.00731509 -0.09320454
v 0.03210000 0.00715000 -0.09320000
v 0.03210000 -0.01325000 -0.09320000
v 0.03276026 -0.01325000 -0.09220000
v 0.02910000 -0.01525000 -0.09586026
v 0.02908044 0.01061467 -0.09582371
v 0.02934653 0.01072250 -0.09568172
v 0.03060625 0.01026748 -0.09479399
v 0.03007995 0.01058026 -0.09519227
v 0.02964028 0.01084155 -0.09552498
v 0.03092283 0.00997246 -0.09450652
v 0.03103334 0.00986947 -0.09440617
v 0.03116666 0.00968471 -0.09426682
v 0.02668819 -0.01525000 -0.09685926
v 0.02667850 0.00952309 -0.09681512
v 0.02689530 0.00963653 -0.09676830
v 0.02724333 0.00981863 -0.09669313
v 0.02793062 0.01014870 -0.09643722
v 0.02818035 0.01024991 -0.09630398
v 0.02515473 0.00872581 -0.09714422
v 0.02551563 0.00891465 -0.09706628
v -0.03276026 -0.01325000 -0.09220000
v -0.03210000 -0.01325000 -0.09320000
v -0.03117107 -0.01525000 -0.09427107
v -0.03210000 0.00715000 -0.09320000
v -0.03199549 0.00803921 -0.09333657
v -0.03205259 0.00776405 -0.09326270
v -0.03197056 0.00815936 -0.09336882
v -0.03170259 0.00888505 -0.09369595
v -0.03169769 0.00889833 -0.09370194
v -0.03163069 0.00902996 -0.09377941
v -0.03120285 0.00962623 -0.09422696
v -0.03116567 0.00967805 -0.09426586
v -0.03276026 -0.01525000 -0.09220000
v -0.03375926 -0.01525000 -0.08978819
v -0.03375926 -0.01325000 -0.08978819
v -0.02668819 -0.01525000 -0.09685926
v -0.02551719 0.00891579 -0.09704870
v -0.02621968 0.00929532 -0.09697276
v -0.02898525 0.01060411 -0.09592550
v -0.02816876 0.01023593 -0.09628531
v -0.02910000 -0.01525000 -0.09586026
v -0.02724333 0.00981863 -0.09669313
v -0.02690122 0.00964374 -0.09678658
v -0.02668451 0.00953295 -0.09684578
v -0.02980751 0.01076724 -0.09541123
v -0.02964028 0.01084155 -0.09552498
v -0.02936139 0.01074045 -0.09569551
v -0.03058243 0.01026006 -0.09480205
v -0.02983330 0.01075036 -0.09539096
v -0.03101170 0.00989262 -0.09442692
v -0.03073156 0.01016246 -0.09468481
v -0.02909781 0.01064491 -0.09585667
v -0.02024342 0.01324990 -0.00507007
v -0.02024507 0.01325300 -0.00507173
v -0.02024515 0.01115000 -0.00507165
v -0.02069166 0.01115000 -0.00592046
v -0.02068475 0.01422848 -0.00592152
v -0.02060831 0.01406918 -0.00566061
v -0.02067697 0.01428553 -0.00586447
v -0.02067946 0.01426726 -0.00588274
v -0.02052004 0.01115000 -0.00546889
v -0.02049825 0.01382173 -0.00548192
v -0.02024649 0.01325567 -0.00507315
v -0.01988303 0.01115000 -0.00475190
v -0.01986370 0.01257622 -0.00478425
v -0.02008532 0.01295215 -0.00491106
v -0.01900268 0.01115000 -0.00441603
v -0.01935711 0.01171686 -0.00449437
v -0.01945482 0.01115000 -0.00452831
v -0.01944595 0.01186756 -0.00454521
v -0.01954397 0.01203384 -0.00460130
v -0.02068475 0.01422848 -0.00592152
v -0.02067946 0.01426726 -0.00588274
v -0.02067287 0.01426499 -0.08052287
v -0.02067697 0.01428553 -0.00586447
v -0.02060831 0.01448939 -0.00608082
v -0.02049847 0.01472100 -0.00636172
v -0.02060164 0.01450593 -0.08045164
v -0.02047111 0.01474398 -0.08032111
v -0.02071504 0.01412231 -0.08056504
v -0.02047785 0.01474686 -0.00640346
v -0.02022683 0.01506154 -0.00691147
v -0.02038299 0.01490470 -0.08023299
v -0.02015177 0.01515252 -0.08000177
v -0.02015264 0.01515454 -0.00706160
v -0.02008532 0.01523894 -0.00719785
v -0.01982284 0.01543790 -0.00766115
v -0.01954571 0.01554283 -0.00811454
v -0.01925716 0.01565209 -0.00858660
v -0.01926258 0.01565614 -0.07911257
v -0.01974396 0.01546777 -0.00779020
v -0.01945870 0.01562023 -0.07930870
v -0.01973703 0.01545958 -0.07958703
v -0.02001491 0.01529919 -0.07986491
v -0.01875756 0.01574999 -0.00938805
v -0.01906413 0.01572518 -0.00890239
v -0.02071504 0.01412231 -0.08056504
v 0.02071504 0.01412231 -0.08056504
v -0.02067287 0.01426499 -0.08052287
v 0.02067287 0.01426499 -0.08052287
v -0.02060164 0.01450593 -0.08045164
v 0.02060164 0.01450593 -0.08045164
v -0.02047111 0.01474398 -0.08032111
v 0.02047111 0.01474398 -0.08032111
v 0.02038299 0.01490470 -0.08023299
v -0.02038299 0.01490470 -0.08023299
v 0.02015177 0.01515252 -0.08000177
v -0.02015177 0.01515252 -0.08000177
v -0.02001491 0.01529919 -0.07986491
v 0.02001491 0.01529919 -0.07986491
v 0.01973703 0.01545958 -0.07958703
v -0.01973703 0.01545958 -0.07958703
v -0.01945870 0.01562023 -0.07930870
v 0.01945870 0.01562023 -0.07930870
v 0.01926258 0.01565614 -0.07911257
v -0.01926258 0.01565614 -0.07911257
v 0.02060831 0.01448939 -0.00608082
v 0.02067697 0.01428553 -0.00586447
v 0.02067946 0.01426726 -0.00588274
v 0.01926258 0.01565614 -0.07911257
v 0.01875756 0.01574999 -0.00938805
v 0.01906413 0.01572518 -0.00890239
v 0.01926641 0.01567685 -0.00857835
v 0.01945870 0.01562023 -0.07930870
v 0.01936261 0.01565387 -0.00842425
v 0.01973703 0.01545958 -0.07958703
v 0.01954431 0.01554955 -0.00811591
v 0.01972813 0.01544401 -0.00780398
v 0.02001491 0.01529919 -0.07986491
v 0.02008532 0.01523894 -0.00719785
v 0.02015177 0.01515252 -0.08000177
v 0.02016190 0.01516191 -0.00705362
v 0.02038299 0.01490470 -0.08023299
v 0.02024342 0.01507993 -0.00690011
v 0.02047111 0.01474398 -0.08032111
v 0.02024649 0.01507685 -0.00689433
v 0.02045713 0.01473484 -0.00642072
v 0.02060164 0.01450593 -0.08045164
v 0.02067287 0.01426499 -0.08052287
v 0.02071504 0.01412231 -0.08056504
v 0.02068475 0.01422848 -0.00592152
v 0.01900268 0.01115000 -0.00441603
v 0.01945482 0.01115000 -0.00452831
v 0.01944092 0.01186349 -0.00456765
v 0.02051790 0.01383795 -0.00547002
v 0.02052004 0.01115000 -0.00546889
v 0.02069166 0.01115000 -0.00592046
v 0.02067697 0.01428553 -0.00586447
v 0.02056001 0.01393924 -0.00554919
v 0.02067946 0.01426726 -0.00588274
v 0.02068475 0.01422848 -0.00592152
v 0.01954730 0.01203669 -0.00460446
v 0.01988303 0.01115000 -0.00475190
v 0.01977742 0.01241133 -0.00468407
v 0.02024515 0.01115000 -0.00507165
v 0.02002369 0.01284055 -0.00485802
v 0.01987986 0.01258987 -0.00475643
v 0.02046732 0.01371625 -0.00537491
v 0.02022451 0.01323695 -0.00509200
v 0.02022327 0.01323451 -0.00509056
v -0.03210000 -0.01725000 -0.06370000
v -0.03210000 -0.01325000 -0.06370000
v -0.03247231 -0.01721504 -0.06373496
v -0.03261764 -0.01325000 -0.06376815
v -0.03261499 -0.01717286 -0.06377713
v -0.03285593 -0.01710164 -0.06384836
v -0.03310000 -0.01325000 -0.06396795
v -0.03309399 -0.01697112 -0.06397889
v -0.03351421 -0.01325000 -0.06428578
v -0.03350252 -0.01665177 -0.06429823
v -0.03325470 -0.01688299 -0.06406701
v -0.03400614 -0.01576258 -0.06518742
v -0.03397023 -0.01595870 -0.06499130
v -0.03383205 -0.01325000 -0.06470000
v -0.03380958 -0.01623703 -0.06471297
v -0.03364919 -0.01651491 -0.06443509
v -0.03403185 -0.01325000 -0.06518237
v -0.03403185 -0.01576764 -0.08720000
v -0.03383205 -0.01625000 -0.08720000
v -0.03397023 -0.01595870 -0.06499130
v -0.03400614 -0.01576258 -0.06518742
v -0.03351421 -0.01666421 -0.08720000
v -0.03364919 -0.01651491 -0.06443509
v -0.03380958 -0.01623703 -0.06471297
v -0.03310000 -0.01698205 -0.08720000
v -0.03325470 -0.01688299 -0.06406701
v -0.03350252 -0.01665177 -0.06429823
v -0.03261764 -0.01718185 -0.08720000
v -0.03210000 -0.01725000 -0.06370000
v -0.03247231 -0.01721504 -0.06373496
v -0.03261499 -0.01717286 -0.06377713
v -0.03285593 -0.01710164 -0.06384836
v -0.03309399 -0.01697112 -0.06397889
v -0.02410000 -0.01576764 -0.09713185
v -0.02667055 -0.01576764 -0.09679344
v -0.02906593 -0.01576764 -0.09580123
v -0.03112288 -0.01576764 -0.09422288
v -0.03270124 -0.01576764 -0.09216592
v -0.03369343 -0.01576764 -0.08977056
v -0.02410000 -0.01625000 -0.09693205
v -0.02661884 -0.01625000 -0.09660044
v -0.02896602 -0.01625000 -0.09562820
v -0.03098160 -0.01625000 -0.09408160
v -0.03252820 -0.01625000 -0.09206603
v -0.03350044 -0.01625000 -0.08971884
v -0.02410000 -0.01666421 -0.09661421
v -0.02653658 -0.01666421 -0.09629343
v -0.02880711 -0.01666421 -0.09535295
v -0.03075685 -0.01666421 -0.09385686
v -0.03225295 -0.01666421 -0.09190711
v -0.03319343 -0.01666421 -0.08963658
v -0.02410000 -0.01698205 -0.09620000
v -0.02642937 -0.01698205 -0.09589333
v -0.02860000 -0.01698205 -0.09499423
v -0.03046396 -0.01698205 -0.09356396
v -0.03189423 -0.01698205 -0.09170000
v -0.03279333 -0.01698205 -0.08952937
v -0.02410000 -0.01718185 -0.09571764
v -0.02630453 -0.01718185 -0.09542741
v -0.02835882 -0.01718185 -0.09457649
v -0.03012288 -0.01718185 -0.09322288
v -0.03147649 -0.01718185 -0.09145882
v -0.03232741 -0.01718185 -0.08940452
v 0.03403185 -0.01325000 -0.06518237
v 0.03400614 -0.01576258 -0.06518742
v 0.03397023 -0.01595870 -0.06499130
v 0.03383205 -0.01325000 -0.06470000
v 0.03380958 -0.01623703 -0.06471297
v 0.03364919 -0.01651491 -0.06443509
v 0.03351421 -0.01325000 -0.06428578
v 0.03350252 -0.01665177 -0.06429823
v 0.03325470 -0.01688299 -0.06406701
v 0.03310000 -0.01325000 -0.06396795
v 0.03309399 -0.01697112 -0.06397889
v 0.03285593 -0.01710164 -0.06384836
v 0.03261764 -0.01325000 -0.06376815
v 0.03261499 -0.01717286 -0.06377713
v 0.03247231 -0.01721504 -0.06373496
v 0.03210000 -0.01325000 -0.06370000
v 0.03210000 -0.01725000 -0.06370000
v 0.02410000 -0.01576764 -0.09713185
v 0.02410000 -0.01625000 -0.09693205
v 0.02410000 -0.01666421 -0.09661421
v 0.02410000 -0.01698205 -0.09620000
v 0.02410000 -0.01718185 -0.09571764
v 0.03261764 -0.01718185 -0.08720000
v 0.03247231 -0.01721504 -0.06373496
v 0.03210000 -0.01725000 -0.06370000
v 0.03261499 -0.01717286 -0.06377713
v 0.03285593 -0.01710164 -0.06384836
v 0.03310000 -0.01698205 -0.08720000
v 0.03309399 -0.01697112 -0.06397889
v 0.03351421 -0.01666421 -0.08720000
v 0.03350252 -0.01665177 -0.06429823
v 0.03325470 -0.01688299 -0.06406701
v 0.03400614 -0.01576258 -0.06518742
v 0.03397023 -0.01595870 -0.06499130
v 0.03383205 -0.01625000 -0.08720000
v 0.03380958 -0.01623703 -0.06471297
v 0.03364919 -0.01651491 -0.06443509
v 0.03403185 -0.01576764 -0.08720000
v 0.03369343 -0.01576764 -0.08977056
v 0.03270124 -0.01576764 -0.09216592
v 0.03112288 -0.01576764 -0.09422288
v 0.02906593 -0.01576764 -0.09580123
v 0.02667055 -0.01576764 -0.09679344
v 0.03350044 -0.01625000 -0.08971884
v 0.03252820 -0.01625000 -0.09206603
v 0.03098160 -0.01625000 -0.09408160
v 0.02896602 -0.01625000 -0.09562820
v 0.02661884 -0.01625000 -0.09660044
v 0.03319343 -0.01666421 -0.08963658
v 0.03225295 -0.01666421 -0.09190711
v 0.03075685 -0.01666421 -0.09385686
v 0.02880711 -0.01666421 -0.09535295
v 0.02653658 -0.01666421 -0.09629343
v 0.03279333 -0.01698205 -0.08952937
v 0.03189423 -0.01698205 -0.09170000
v 0.03046396 -0.01698205 -0.09356396
v 0.02860000 -0.01698205 -0.09499423
v 0.02642937 -0.01698205 -0.09589333
v 0.03232741 -0.01718185 -0.08940452
v 0.03147649 -0.01718185 -0.09145882
v 0.03012288 -0.01718185 -0.09322288
v 0.02835882 -0.01718185 -0.09457649
v 0.02630453 -0.01718185 -0.09542741
v 0.03210000 -0.01325000 -0.07220000
v 0.03210000 0.00715000 -0.07220000
v 0.03208718 0.00715000 -0.07154642
v 0.03140760 0.00715000 -0.04432663
v 0.03140893 -0.01725000 -0.04432660
v 0.03210000 -0.01725000 -0.07220000
v 0.03140440 0.00715000 -0.04419823
v 0.03117867 0.00715000 -0.03839420
v 0.03066715 -0.01725000 -0.02833238
v 0.02967310 0.00715000 -0.01646107
v 0.02967310 -0.01725000 -0.01646107
v 0.03031680 0.00715000 -0.02297409
v 0.03061645 0.00715000 -0.02833522
v 0.03210000 -0.01725000 -0.06370000
v 0.03210000 -0.01325000 -0.06370000
v 0.03210000 -0.01725000 -0.07220000
v 0.03210000 -0.01325000 -0.07220000
v -0.02967310 0.00715000 -0.01646107
v -0.03031680 0.00715000 -0.02297409
v -0.02967310 -0.01725000 -0.01646107
v -0.03061792 -0.01725000 -0.02752075
v -0.03057107 0.00715000 -0.02752337
v -0.03117867 0.00715000 -0.03839420
v -0.03173757 -0.01725000 -0.05534173
v -0.03140440 0.00715000 -0.04419823
v -0.03168264 0.00715000 -0.05534310
v -0.03210000 -0.01725000 -0.07220000
v -0.03208718 0.00715000 -0.07154642
v -0.03210000 -0.01325000 -0.07220000
v -0.03210000 0.00715000 -0.07220000
v -0.03210000 -0.01725000 -0.07220000
v -0.03210000 -0.01325000 -0.07220000
v -0.03210000 -0.01725000 -0.06370000
v -0.03210000 -0.01325000 -0.06370000
v 0.02795722 -0.01725000 -0.01210957
v 0.02907317 -0.01725000 -0.01418358
v 0.02907156 0.00715000 -0.01418401
v 0.02906796 0.00715000 -0.01417041
v 0.02795430 0.00715000 -0.01211115
v 0.02722405 -0.01725000 -0.01118544
v 0.02794092 0.00715000 -0.01208640
v 0.02638715 -0.01725000 -0.01035408
v 0.02638348 0.00715000 -0.01035739
v 0.02445006 -0.01725000 -0.00901448
v 0.02225338 0.00715000 -0.00816508
v 0.02225338 -0.01725000 -0.00816508
v 0.02237632 -0.01725000 -0.00819743
v 0.02635523 0.00715000 -0.01032603
v 0.02444636 0.00715000 -0.00901989
v 0.02439991 0.00715000 -0.00898811
v -0.02907317 -0.01725000 -0.01418358
v -0.02225338 -0.01725000 -0.00816508
v -0.02225338 0.00715000 -0.00816508
v -0.02237632 -0.01725000 -0.00819743
v -0.02439991 0.00715000 -0.00898811
v -0.02445006 -0.01725000 -0.00901448
v -0.02444636 0.00715000 -0.00901989
v -0.02635523 0.00715000 -0.01032603
v -0.02638715 -0.01725000 -0.01035408
v -0.02638348 0.00715000 -0.01035739
v -0.02722405 -0.01725000 -0.01118544
v -0.02794092 0.00715000 -0.01208640
v -0.02795722 -0.01725000 -0.01210957
v -0.02795430 0.00715000 -0.01211115
v -0.02906796 0.00715000 -0.01417041
v -0.02907156 0.00715000 -0.01418401
v -0.02255800 0.01103346 -0.01147621
v -0.02268268 0.01110914 -0.01223456
v -0.02302736 0.01101370 -0.01161598
v -0.02347399 0.01061410 -0.01076087
v -0.02248424 0.01087355 -0.01090175
v -0.02254701 0.01100963 -0.01139061
v -0.02385752 0.00997843 -0.01002657
v -0.02238817 0.01042805 -0.00998372
v -0.02242355 0.01059211 -0.01032181
v -0.02415181 0.00915000 -0.00946312
v -0.02229801 0.00935041 -0.00886003
v -0.02234567 0.01005826 -0.00949338
v -0.02433681 0.00818528 -0.00910892
v -0.02228157 0.00895358 -0.00861694
v -0.02228957 0.00914674 -0.00873527
v -0.02225562 0.00768424 -0.00820266
v -0.02226046 0.00809190 -0.00828308
v -0.02226267 0.00818187 -0.00831794
v -0.02953813 0.00818528 -0.01648002
v -0.02894124 0.00818528 -0.01422059
v -0.02782956 0.00818528 -0.01216498
v -0.02626548 0.00818528 -0.01042861
v -0.02440298 0.01101370 -0.01255724
v -0.02503824 0.01061410 -0.01183120
v -0.02558376 0.00997843 -0.01120774
v -0.02600235 0.00915000 -0.01072934
v -0.02856970 0.00915000 -0.01436770
v -0.02914241 0.00915000 -0.01653560
v -0.02797867 0.00997843 -0.01460172
v -0.02851292 0.00997843 -0.01662401
v -0.02720843 0.01061410 -0.01490671
v -0.02769254 0.01061410 -0.01673923
v -0.02631146 0.01101370 -0.01526187
v -0.02673719 0.01101370 -0.01687341
v -0.02750306 0.00915000 -0.01239537
v -0.02698367 0.00997843 -0.01276187
v -0.02630679 0.01061410 -0.01323950
v -0.02551856 0.01101370 -0.01379571
v -0.03018085 0.00818528 -0.02298386
v -0.03126819 0.00818528 -0.04420304
v -0.02982363 0.01072860 -0.07222231
v -0.03022045 0.01054171 -0.07221843
v -0.03008757 0.01061410 -0.07158564
v -0.03058951 0.01027281 -0.07221480
v -0.03090881 0.00995850 -0.07221168
v -0.03091584 0.00997843 -0.07156940
v -0.03199405 0.00803941 -0.07220104
v -0.03195091 0.00818528 -0.07154910
v -0.03198806 0.00808967 -0.07220110
v -0.03154711 0.00914167 -0.07220542
v -0.03167875 0.00887321 -0.07220413
v -0.03155139 0.00915000 -0.07155693
v -0.03187453 0.00847397 -0.07220221
v -0.03196013 0.00818422 -0.07220137
v -0.03122355 0.00964868 -0.07220859
v -0.03122708 0.00964378 -0.07220855
v -0.03145787 0.00932364 -0.07220630
v -0.03054912 0.01031256 -0.07221520
v -0.02936427 0.01094495 -0.07222681
v -0.02912303 0.01101370 -0.07160456
v -0.02913398 0.01100905 -0.07222907
v -0.02819034 0.01114898 -0.07223832
v -0.02897825 0.01105239 -0.07223060
v -0.02898993 0.01104914 -0.07223048
v -0.02844153 0.01101370 -0.04430297
v -0.02940565 0.01061410 -0.04426889
v -0.03023356 0.00997843 -0.04423962
v -0.03086883 0.00915000 -0.04421716
v -0.02821665 0.01101370 -0.03852075
v -0.02918049 0.01061410 -0.03847957
v -0.03000816 0.00997843 -0.03844421
v -0.03064326 0.00915000 -0.03841708
v -0.03104250 0.00818528 -0.03840002
v -0.02735970 0.01101370 -0.02318652
v -0.02832194 0.01061410 -0.02311740
v -0.02914824 0.00997843 -0.02305804
v -0.02978228 0.00915000 -0.02301249
v -0.03187453 0.00847397 -0.07220221
v -0.03167875 0.00887321 -0.07220413
v -0.03197056 0.00815936 -0.09336882
v -0.02913398 0.01100905 -0.07222907
v -0.02897925 0.01100556 -0.09495747
v -0.02846396 0.01113341 -0.09451509
v -0.02898673 0.01100370 -0.09496389
v -0.02964028 0.01084155 -0.09552498
v -0.02936427 0.01094495 -0.07222681
v -0.02980751 0.01076724 -0.09541123
v -0.02982363 0.01072860 -0.07222231
v -0.02983330 0.01075036 -0.09539096
v -0.03022045 0.01054171 -0.07221843
v -0.03058243 0.01026006 -0.09480205
v -0.03054912 0.01031256 -0.07221520
v -0.03058951 0.01027281 -0.07221480
v -0.03073156 0.01016246 -0.09468481
v -0.03101170 0.00989262 -0.09442692
v -0.03090881 0.00995850 -0.07221168
v -0.03116567 0.00967805 -0.09426586
v -0.03122355 0.00964868 -0.07220859
v -0.03120285 0.00962623 -0.09422696
v -0.03122708 0.00964378 -0.07220855
v -0.03163069 0.00902996 -0.09377941
v -0.03169769 0.00889833 -0.09370194
v -0.03145787 0.00932364 -0.07220630
v -0.03154711 0.00914167 -0.07220542
v -0.03170259 0.00888505 -0.09369595
v -0.03205259 0.00776405 -0.09326270
v -0.03199405 0.00803941 -0.07220104
v -0.03199549 0.00803921 -0.09333657
v -0.03198806 0.00808967 -0.07220110
v -0.03196013 0.00818422 -0.07220137
v 0.02839390 0.01113919 -0.09396168
v 0.02861834 0.01110226 -0.09371959
v 0.02913165 0.01099235 -0.09508994
v 0.02899239 0.01101382 -0.09496982
v 0.02909990 0.01102301 -0.09320014
v 0.02913508 0.01101299 -0.09314984
v 0.02929610 0.01096698 -0.09523180
v 0.02929013 0.01096885 -0.09292816
v 0.02940799 0.01092277 -0.09268907
v 0.03007995 0.01058026 -0.09519227
v 0.02964028 0.01084155 -0.09552498
v 0.02981567 0.01076338 -0.09186208
v 0.02992797 0.01070763 -0.09149359
v 0.02994111 0.01070110 -0.09145045
v 0.03009153 0.01061896 -0.09020025
v 0.03007713 0.01062721 -0.08972228
v 0.03010000 0.01061410 -0.08370593
v 0.03009686 0.01061591 -0.09037711
v 0.03009396 0.01060128 -0.07221966
v 0.02936427 0.01094495 -0.07222681
v 0.02913398 0.01100905 -0.07222907
v 0.02991010 0.01071556 -0.08890992
v 0.02986185 0.01074108 -0.08867528
v 0.02974672 0.01079531 -0.08835392
v 0.02940056 0.01092123 -0.08771606
v 0.02918024 0.01100137 -0.08731008
v 0.03060625 0.01026748 -0.09479399
v 0.03092283 0.00997246 -0.09450652
v 0.03022045 0.01054171 -0.07221843
v 0.03054912 0.01031256 -0.07221520
v 0.03090881 0.00995850 -0.07221168
v 0.03103334 0.00986947 -0.09440617
v 0.03116666 0.00968471 -0.09426682
v 0.03122355 0.00964868 -0.07220859
v 0.03155642 0.00914456 -0.09385944
v 0.03145787 0.00932364 -0.07220630
v 0.03154711 0.00914167 -0.07220542
v 0.03198806 0.00808967 -0.07220110
v 0.03209659 0.00731509 -0.09320454
v 0.03196013 0.00818422 -0.07220137
v 0.03202978 0.00789620 -0.09329250
v 0.03198782 0.00809069 -0.09334674
v 0.03195660 0.00818290 -0.09338532
v 0.03187453 0.00847397 -0.07220221
v 0.03175987 0.00876411 -0.09362856
v 0.03160544 0.00907662 -0.09380820
v 0.02913490 0.01101218 -0.08725237
v 0.02887361 0.01107448 -0.08691978
v 0.02861867 0.01109936 -0.08668258
v 0.02819034 0.01114898 -0.07223832
v 0.02897825 0.01105239 -0.07223060
v 0.03104250 0.00818528 -0.03840002
v 0.03195091 0.00818528 -0.07154910
v 0.02912303 0.01101370 -0.07160456
v 0.02913398 0.01100905 -0.07222907
v 0.02936427 0.01094495 -0.07222681
v 0.03008757 0.01061410 -0.07158564
v 0.03009396 0.01060128 -0.07221966
v 0.03122355 0.00964868 -0.07220859
v 0.03090881 0.00995850 -0.07221168
v 0.03091584 0.00997843 -0.07156940
v 0.03054912 0.01031256 -0.07221520
v 0.03022045 0.01054171 -0.07221843
v 0.03145787 0.00932364 -0.07220630
v 0.03155139 0.00915000 -0.07155693
v 0.03154711 0.00914167 -0.07220542
v 0.03187453 0.00847397 -0.07220221
v 0.03196013 0.00818422 -0.07220137
v 0.03198806 0.00808967 -0.07220110
v 0.03126819 0.00818528 -0.04420304
v 0.03086883 0.00915000 -0.04421716
v 0.03023356 0.00997843 -0.04423962
v 0.02940565 0.01061410 -0.04426889
v 0.02844153 0.01101370 -0.04430297
v 0.03064326 0.00915000 -0.03841708
v 0.03000816 0.00997843 -0.03844421
v 0.02918049 0.01061410 -0.03847957
v 0.02821665 0.01101370 -0.03852075
v 0.03018085 0.00818528 -0.02298386
v 0.02978228 0.00915000 -0.02301249
v 0.02914824 0.00997843 -0.02305804
v 0.02832194 0.01061410 -0.02311740
v 0.02735970 0.01101370 -0.02318652
v 0.02953813 0.00818528 -0.01648002
v 0.02914241 0.00915000 -0.01653560
v 0.02851292 0.00997843 -0.01662401
v 0.02769254 0.01061410 -0.01673923
v 0.02673719 0.01101370 -0.01687341
v 0.02433681 0.00818528 -0.00910892
v 0.02226227 0.00818412 -0.00831236
v 0.02226001 0.00806199 -0.00827560
v 0.02226698 0.00843838 -0.00838888
v 0.02415181 0.00915000 -0.00946312
v 0.02229430 0.00927161 -0.00880645
v 0.02231039 0.00958133 -0.00903420
v 0.02385752 0.00997843 -0.01002657
v 0.02234156 0.00996014 -0.00942774
v 0.02249392 0.01090088 -0.01098258
v 0.02242330 0.01059354 -0.01032029
v 0.02347399 0.01061410 -0.01076087
v 0.02239331 0.01046305 -0.01003909
v 0.02236553 0.01025128 -0.00973018
v 0.02271988 0.01114804 -0.01248380
v 0.02268274 0.01111798 -0.01224823
v 0.02302736 0.01101370 -0.01161598
v 0.02254764 0.01100862 -0.01139153
v 0.02253889 0.01100154 -0.01133605
v 0.02440298 0.01101370 -0.01255724
v 0.02626548 0.00818528 -0.01042861
v 0.02782956 0.00818528 -0.01216498
v 0.02894124 0.00818528 -0.01422059
v 0.02503824 0.01061410 -0.01183120
v 0.02558376 0.00997843 -0.01120774
v 0.02600235 0.00915000 -0.01072934
v 0.02750306 0.00915000 -0.01239537
v 0.02698367 0.00997843 -0.01276187
v 0.02630679 0.01061410 -0.01323950
v 0.02551856 0.01101370 -0.01379571
v 0.02856970 0.00915000 -0.01436770
v 0.02797867 0.00997843 -0.01460172
v 0.02720843 0.01061410 -0.01490671
v 0.02631146 0.01101370 -0.01526187
v -0.02079820 0.00715000 -0.00666414
v -0.02079820 -0.01725000 -0.00666414
v -0.02094046 0.00715000 -0.00707952
v -0.02094046 -0.01725000 -0.00707952
v -0.02116993 0.00715000 -0.00745385
v -0.02116993 -0.01725000 -0.00745385
v -0.02147556 0.00715000 -0.00776908
v -0.02147556 -0.01725000 -0.00776908
v -0.02184260 0.00715000 -0.00801003
v -0.02184260 -0.01725000 -0.00801003
v -0.02268268 0.01110914 -0.01223456
v -0.02207940 0.01113738 -0.01145271
v -0.02202144 0.01098596 -0.01086066
v -0.02079828 0.00789115 -0.00671584
v -0.02094078 0.00783385 -0.00712758
v -0.02117064 0.00778223 -0.00749855
v -0.02147674 0.00773877 -0.00781084
v -0.02184432 0.00770557 -0.00804938
v -0.02184803 0.00812932 -0.00813360
v -0.02226267 0.00818187 -0.00831794
v -0.02186424 0.00902371 -0.00848298
v -0.02187688 0.00943450 -0.00873714
v -0.02191365 0.01016366 -0.00939826
v -0.02194655 0.01054093 -0.00990882
v -0.02079846 0.00845657 -0.00682648
v -0.02079926 0.00965077 -0.00728517
v -0.02079988 0.01019994 -0.00761849
v -0.02080170 0.01117697 -0.00848381
v -0.02080334 0.01168474 -0.00914989
v -0.02080713 0.01228956 -0.01038413
v -0.02094150 0.00835544 -0.00723041
v -0.02094460 0.00945625 -0.00765674
v -0.02094703 0.00996178 -0.00796655
v -0.02095413 0.01085889 -0.00877086
v -0.02096053 0.01132280 -0.00939004
v -0.02097525 0.01186927 -0.01053776
v -0.02117217 0.00826436 -0.00759419
v -0.02117888 0.00928139 -0.00799076
v -0.02118412 0.00974800 -0.00827898
v -0.02119941 0.01057460 -0.00902742
v -0.02121317 0.01100057 -0.00960384
v -0.02124476 0.01149846 -0.01067331
v -0.02147931 0.00818775 -0.00790020
v -0.02149054 0.00913480 -0.00827077
v -0.02149931 0.00956927 -0.00854018
v -0.02152486 0.01033879 -0.00924022
v -0.02154780 0.01073523 -0.00977990
v -0.02160026 0.01119830 -0.01078304
v -0.02242355 0.01059211 -0.01032181
v -0.02164111 0.01135175 -0.01140423
v -0.02126946 0.01166369 -0.01133369
v -0.02098680 0.01205446 -0.01124532
v -0.02081010 0.01250056 -0.01114444
v -0.02223236 0.01121815 -0.01264408
v -0.02175000 0.01141795 -0.01264408
v -0.02133579 0.01173579 -0.01264408
v -0.02101795 0.01215000 -0.01264408
v -0.02081815 0.01263236 -0.01264408
v -0.02223236 0.01121815 -0.08060000
v -0.02175000 0.01141795 -0.08060000
v -0.02133579 0.01173579 -0.08060000
v -0.02101795 0.01215000 -0.08060000
v -0.02081815 0.01263236 -0.08060000
v 0.02184260 0.00715000 -0.00801003
v 0.02184260 -0.01725000 -0.00801003
v 0.02147556 0.00715000 -0.00776908
v 0.02147556 -0.01725000 -0.00776908
v 0.02116993 0.00715000 -0.00745385
v 0.02116993 -0.01725000 -0.00745385
v 0.02094046 0.00715000 -0.00707952
v 0.02094046 -0.01725000 -0.00707952
v 0.02079820 0.00715000 -0.00666414
v 0.02079820 -0.01725000 -0.00666414
v 0.02242330 0.01059354 -0.01032029
v 0.02202902 0.01101246 -0.01094416
v 0.02268274 0.01111798 -0.01224823
v 0.02220816 0.01122259 -0.01248175
v 0.02223236 0.01121815 -0.01264408
v 0.02173266 0.01142579 -0.01247618
v 0.02175000 0.01141795 -0.01264408
v 0.02132518 0.01174407 -0.01246746
v 0.02133579 0.01173579 -0.01264408
v 0.02101295 0.01215614 -0.01245616
v 0.02101795 0.01215000 -0.01264408
v 0.02081686 0.01263447 -0.01244304
v 0.02081815 0.01263236 -0.01264408
v 0.02206435 0.01110808 -0.01130857
v 0.02163048 0.01132255 -0.01125323
v 0.02126302 0.01163222 -0.01117334
v 0.02098378 0.01201873 -0.01107363
v 0.02080933 0.01245913 -0.01096001
v 0.02160559 0.01122549 -0.01087079
v 0.02124798 0.01152772 -0.01076671
v 0.02097675 0.01190175 -0.01063790
v 0.02080751 0.01232609 -0.01049177
v 0.02195055 0.01057640 -0.00996639
v 0.02155059 0.01077239 -0.00984070
v 0.02121485 0.01104051 -0.00966874
v 0.02096131 0.01136640 -0.00945973
v 0.02080354 0.01173263 -0.00922485
v 0.02080247 0.01144236 -0.00880597
v 0.02095711 0.01110168 -0.00907032
v 0.02120583 0.01079773 -0.00930617
v 0.02153555 0.01054647 -0.00950113
v 0.02192900 0.01036107 -0.00964499
v 0.02234156 0.00996014 -0.00942774
v 0.02187403 0.00935300 -0.00868114
v 0.02188641 0.00967301 -0.00891911
v 0.02149733 0.00948312 -0.00848083
v 0.02150592 0.00982128 -0.00873298
v 0.02118293 0.00965547 -0.00821549
v 0.02118807 0.01001868 -0.00848517
v 0.02094648 0.00986150 -0.00789831
v 0.02094887 0.01025527 -0.00818817
v 0.02079974 0.01009095 -0.00754507
v 0.02080035 0.01051914 -0.00785693
v 0.02185303 0.00848923 -0.00824435
v 0.02148277 0.00856898 -0.00801769
v 0.02117424 0.00867375 -0.00771994
v 0.02094245 0.00879843 -0.00736560
v 0.02079871 0.00893695 -0.00697194
v 0.02184769 0.00809824 -0.00812577
v 0.02147907 0.00815483 -0.00789189
v 0.02117203 0.00822901 -0.00758530
v 0.02094143 0.00831719 -0.00722085
v 0.02079844 0.00841510 -0.00681619
v 0.02081815 0.01263236 -0.08060000
v 0.02101795 0.01215000 -0.08060000
v 0.02133579 0.01173579 -0.08060000
v 0.02175000 0.01141795 -0.08060000
v 0.02223236 0.01121815 -0.08060000
v -0.01925716 0.01565209 -0.00858660
v -0.01954571 0.01554283 -0.00811454
v 0.01926641 0.01567685 -0.00857835
v -0.01954397 0.01203384 -0.00460130
v -0.01944595 0.01186756 -0.00454521
v 0.01900268 0.01115000 -0.00441603
v -0.01935711 0.01171686 -0.00449437
v -0.01900268 0.01115000 -0.00441603
v -0.02075000 0.01115000 -0.00441603
v 0.02075000 0.01115000 -0.00441603
v -0.02008532 0.01295215 -0.00491106
v -0.01986370 0.01257622 -0.00478425
v 0.01987986 0.01258987 -0.00475643
v 0.01944092 0.01186349 -0.00456765
v 0.01954730 0.01203669 -0.00460446
v 0.01977742 0.01241133 -0.00468407
v -0.02024342 0.01324990 -0.00507007
v 0.02002369 0.01284055 -0.00485802
v 0.02022327 0.01323451 -0.00509056
v -0.02060831 0.01406918 -0.00566061
v -0.02049825 0.01382173 -0.00548192
v 0.02051790 0.01383795 -0.00547002
v -0.02024649 0.01325567 -0.00507315
v -0.02024507 0.01325300 -0.00507173
v 0.02046732 0.01371625 -0.00537491
v 0.02022451 0.01323695 -0.00509200
v -0.02067697 0.01428553 -0.00586447
v 0.02056001 0.01393924 -0.00554919
v 0.02067697 0.01428553 -0.00586447
v 0.02060831 0.01448939 -0.00608082
v 0.02045713 0.01473484 -0.00642072
v -0.02060831 0.01448939 -0.00608082
v -0.02049847 0.01472100 -0.00636172
v 0.02008532 0.01523894 -0.00719785
v 0.01972813 0.01544401 -0.00780398
v -0.02022683 0.01506154 -0.00691147
v 0.02016190 0.01516191 -0.00705362
v -0.02047785 0.01474686 -0.00640346
v 0.02024649 0.01507685 -0.00689433
v 0.02024342 0.01507993 -0.00690011
v -0.01974396 0.01546777 -0.00779020
v -0.01982284 0.01543790 -0.00766115
v -0.02008532 0.01523894 -0.00719785
v -0.02015264 0.01515454 -0.00706160
v 0.01936261 0.01565387 -0.00842425
v 0.01954431 0.01554955 -0.00811591
v 0.01906413 0.01572518 -0.00890239
v -0.01906413 0.01572518 -0.00890239
v 0.02909990 0.01102301 -0.09320014
v 0.02861834 0.01110226 -0.09371959
v 0.02863553 0.00115000 -0.09373553
v 0.02943013 0.00115000 -0.09270000
v 0.02940799 0.01092277 -0.09268907
v 0.02929013 0.01096885 -0.09292816
v 0.02913508 0.01101299 -0.09314984
v 0.03010000 0.00115000 -0.09020000
v 0.03009153 0.01061896 -0.09020025
v 0.03009686 0.01061591 -0.09037711
v 0.02992963 0.00115000 -0.09149410
v 0.02994111 0.01070110 -0.09145045
v 0.02992797 0.01070763 -0.09149359
v 0.02981567 0.01076338 -0.09186208
v 0.03007713 0.01062721 -0.08972228
v 0.02992963 0.00115000 -0.08890591
v 0.02991010 0.01071556 -0.08890992
v 0.02986185 0.01074108 -0.08867528
v 0.02943013 0.00115000 -0.08770000
v 0.02974672 0.01079531 -0.08835392
v 0.02887361 0.01107448 -0.08691978
v 0.02913490 0.01101218 -0.08725237
v 0.02863553 0.00115000 -0.08666447
v 0.02918024 0.01100137 -0.08731008
v 0.02940056 0.01092123 -0.08771606
v 0.02210000 0.01115000 -0.09420000
v 0.02156447 0.00115000 -0.09373553
v 0.02251373 0.01113698 -0.09447916
v 0.02260000 0.00115000 -0.09453013
v 0.02260435 0.01112971 -0.09452061
v 0.02355409 0.01105344 -0.09495501
v 0.02380591 0.00115000 -0.09502963
v 0.02510000 0.00115000 -0.09520000
v 0.02510078 0.01098099 -0.09519228
v 0.02403176 0.01101663 -0.09508456
v 0.02380750 0.01103391 -0.09502374
v 0.02363275 0.01104738 -0.09497634
v 0.02639410 0.00115000 -0.09502963
v 0.02564015 0.01098860 -0.09517074
v 0.02517222 0.01097861 -0.09519948
v 0.02839390 0.01113919 -0.09396168
v 0.02810000 0.01115000 -0.09420000
v 0.02760000 0.00115000 -0.09453013
v 0.02758366 0.01112080 -0.09450222
v 0.02711867 0.01109450 -0.09477438
v 0.02676182 0.01106336 -0.09491576
v 0.02649735 0.01104574 -0.09497587
v 0.02638755 0.01103842 -0.09500083
v 0.02156447 0.01115000 -0.09373553
v 0.02076987 0.01115000 -0.09270000
v 0.02076987 0.00115000 -0.09270000
v 0.02027037 0.01115000 -0.09149410
v 0.02027037 0.00115000 -0.09149410
v 0.02010000 0.01115000 -0.09020000
v 0.02010000 0.00115000 -0.09020000
v 0.02027037 0.01115000 -0.08890591
v 0.02027037 0.00115000 -0.08890591
v 0.02076987 0.01115000 -0.08770000
v 0.02076987 0.00115000 -0.08770000
v 0.02156447 0.01115000 -0.08666447
v 0.02156447 0.00115000 -0.08666447
v 0.02260000 0.01115000 -0.08586987
v 0.02260000 0.00115000 -0.08586987
v 0.02380591 0.01115000 -0.08537037
v 0.02380591 0.00115000 -0.08537037
v 0.02510000 0.01115000 -0.08520000
v 0.02510000 0.00115000 -0.08520000
v 0.02639410 0.01115000 -0.08537037
v 0.02639410 0.00115000 -0.08537037
v 0.02760000 0.01115000 -0.08586987
v 0.02760000 0.00115000 -0.08586987
v 0.02810000 0.01115000 -0.08620000
v 0.02861867 0.01109936 -0.08668258
v 0.02686777 0.00115000 -0.08843223
v 0.02863553 0.00115000 -0.08666447
v 0.02726506 0.00115000 -0.08895000
v 0.02943013 0.00115000 -0.08770000
v 0.02751482 0.00115000 -0.08955295
v 0.02992963 0.00115000 -0.08890591
v 0.02760000 0.00115000 -0.09020000
v 0.03010000 0.00115000 -0.09020000
v 0.02751482 0.00115000 -0.09084705
v 0.02992963 0.00115000 -0.09149410
v 0.02726506 0.00115000 -0.09145000
v 0.02943013 0.00115000 -0.09270000
v 0.02686777 0.00115000 -0.09196777
v 0.02863553 0.00115000 -0.09373553
v 0.02635000 0.00115000 -0.09236506
v 0.02760000 0.00115000 -0.09453013
v 0.02574705 0.00115000 -0.09261481
v 0.02639410 0.00115000 -0.09502963
v 0.02510000 0.00115000 -0.09270000
v 0.02510000 0.00115000 -0.09520000
v 0.02445295 0.00115000 -0.09261481
v 0.02380591 0.00115000 -0.09502963
v 0.02385000 0.00115000 -0.09236506
v 0.02260000 0.00115000 -0.09453013
v 0.02333223 0.00115000 -0.09196777
v 0.02156447 0.00115000 -0.09373553
v 0.02293494 0.00115000 -0.09145000
v 0.02076987 0.00115000 -0.09270000
v 0.02268519 0.00115000 -0.09084705
v 0.02027037 0.00115000 -0.09149410
v 0.02260000 0.00115000 -0.09020000
v 0.02010000 0.00115000 -0.09020000
v 0.02268519 0.00115000 -0.08955295
v 0.02027037 0.00115000 -0.08890591
v 0.02293494 0.00115000 -0.08895000
v 0.02076987 0.00115000 -0.08770000
v 0.02333223 0.00115000 -0.08843223
v 0.02156447 0.00115000 -0.08666447
v 0.02385000 0.00115000 -0.08803494
v 0.02260000 0.00115000 -0.08586987
v 0.02445295 0.00115000 -0.08778518
v 0.02380591 0.00115000 -0.08537037
v 0.02510000 0.00115000 -0.08770000
v 0.02510000 0.00115000 -0.08520000
v 0.02574705 0.00115000 -0.08778518
v 0.02639410 0.00115000 -0.08537037
v 0.02635000 0.00115000 -0.08803494
v 0.02760000 0.00115000 -0.08586987
v 0.02445295 -0.00885000 -0.08778518
v 0.02510000 0.00115000 -0.08770000
v 0.02510000 -0.00885000 -0.08770000
v 0.02574705 0.00115000 -0.08778518
v 0.02574705 -0.00885000 -0.08778518
v 0.02635000 0.00115000 -0.08803494
v 0.02635000 -0.00885000 -0.08803494
v 0.02686777 0.00115000 -0.08843223
v 0.02686777 -0.00885000 -0.08843223
v 0.02726506 0.00115000 -0.08895000
v 0.02726506 -0.00885000 -0.08895000
v 0.02751482 0.00115000 -0.08955295
v 0.02751482 -0.00885000 -0.08955295
v 0.02760000 0.00115000 -0.09020000
v 0.02760000 -0.00885000 -0.09020000
v 0.02751482 0.00115000 -0.09084705
v 0.02751482 -0.00885000 -0.09084705
v 0.02726506 0.00115000 -0.09145000
v 0.02726506 -0.00885000 -0.09145000
v 0.02686777 0.00115000 -0.09196777
v 0.02686777 -0.00885000 -0.09196777
v 0.02635000 0.00115000 -0.09236506
v 0.02635000 -0.00885000 -0.09236506
v 0.02574705 0.00115000 -0.09261481
v 0.02574705 -0.00885000 -0.09261481
v 0.02510000 0.00115000 -0.09270000
v 0.02510000 -0.00885000 -0.09270000
v 0.02445295 0.00115000 -0.09261481
v 0.02445295 -0.00885000 -0.09261481
v 0.02385000 0.00115000 -0.09236506
v 0.02385000 -0.00885000 -0.09236506
v 0.02333223 0.00115000 -0.09196777
v 0.02333223 -0.00885000 -0.09196777
v 0.02293494 0.00115000 -0.09145000
v 0.02293494 -0.00885000 -0.09145000
v 0.02268519 0.00115000 -0.09084705
v 0.02268519 -0.00885000 -0.09084705
v 0.02260000 0.00115000 -0.09020000
v 0.02260000 -0.00885000 -0.09020000
v 0.02268519 0.00115000 -0.08955295
v 0.02268519 -0.00885000 -0.08955295
v 0.02293494 0.00115000 -0.08895000
v 0.02293494 -0.00885000 -0.08895000
v 0.02333223 0.00115000 -0.08843223
v 0.02333223 -0.00885000 -0.08843223
v 0.02385000 0.00115000 -0.08803494
v 0.02385000 -0.00885000 -0.08803494
v 0.02445295 0.00115000 -0.08778518
v 0.02510000 -0.00885000 -0.09270000
v 0.02445295 -0.00885000 -0.09261481
v 0.02574705 -0.00885000 -0.08778518
v 0.02510000 -0.00885000 -0.08770000
v 0.02726506 -0.00885000 -0.09145000
v 0.02686777 -0.00885000 -0.09196777
v 0.02333223 -0.00885000 -0.09196777
v 0.02293494 -0.00885000 -0.09145000
v 0.02445295 -0.00885000 -0.08778518
v 0.02635000 -0.00885000 -0.08803494
v 0.02686777 -0.00885000 -0.08843223
v 0.02760000 -0.00885000 -0.09020000
v 0.02726506 -0.00885000 -0.08895000
v 0.02751482 -0.00885000 -0.08955295
v 0.02635000 -0.00885000 -0.09236506
v 0.02574705 -0.00885000 -0.09261481
v 0.02385000 -0.00885000 -0.09236506
v 0.02333223 -0.00885000 -0.08843223
v 0.02260000 -0.00885000 -0.09020000
v 0.02293494 -0.00885000 -0.08895000
v 0.02268519 -0.00885000 -0.08955295
v 0.02268519 -0.00885000 -0.09084705
v 0.02385000 -0.00885000 -0.08803494
v 0.02751482 -0.00885000 -0.09084705
v -0.02237632 -0.01725000 -0.00819743
v -0.02116993 -0.01725000 -0.00745385
v -0.02225338 -0.01725000 -0.00816508
v -0.02147556 -0.01725000 -0.00776908
v -0.02184260 -0.01725000 -0.00801003
v 0.01215000 -0.02730000 -0.07769519
v -0.00940481 -0.02730000 -0.06745000
v -0.00865556 -0.02730000 -0.06925885
v 0.00940481 -0.02730000 -0.06745000
v 0.01059670 -0.02730000 -0.06589670
v 0.01590000 -0.02730000 -0.04690000
v 0.01965000 -0.02730000 -0.06470481
v 0.02120330 -0.02730000 -0.06589670
v 0.02967310 -0.02730000 -0.01646107
v 0.02239519 -0.02730000 -0.06745000
v 0.03210000 -0.02730000 -0.07220000
v 0.02314444 -0.02730000 -0.06925885
v 0.01965000 -0.02730000 -0.07769519
v 0.02975685 -0.02730000 -0.09285685
v 0.02120330 -0.02730000 -0.07650330
v 0.03210000 -0.02730000 -0.08720000
v 0.01395886 -0.02730000 -0.07844444
v -0.00840000 -0.02730000 -0.07120000
v -0.00865556 -0.02730000 -0.07314114
v 0.01784114 -0.02730000 -0.04664445
v 0.01590000 -0.02730000 -0.06370000
v 0.02340000 -0.02730000 -0.07120000
v 0.02314444 -0.02730000 -0.07314114
v 0.02239519 -0.02730000 -0.07495000
v 0.01215000 -0.02730000 -0.06470481
v 0.01395886 -0.02730000 -0.06395555
v -0.00940481 -0.02730000 -0.07495000
v 0.02410000 -0.02730000 -0.09520000
v 0.01590000 -0.02730000 -0.07870000
v 0.01784114 -0.02730000 -0.07844444
v -0.03210000 -0.02730000 -0.07220000
v -0.03210000 -0.02730000 -0.08720000
v -0.02239519 -0.02730000 -0.07495000
v 0.02314444 -0.02730000 -0.03745886
v 0.02340000 -0.02730000 -0.03940000
v 0.02314444 -0.02730000 -0.04134114
v 0.02239519 -0.02730000 -0.04315000
v 0.02120330 -0.02730000 -0.04470330
v 0.01784114 -0.02730000 -0.06395555
v 0.01965000 -0.02730000 -0.04589519
v -0.01395886 -0.02730000 -0.07844444
v -0.02410000 -0.02730000 -0.09520000
v -0.01215000 -0.02730000 -0.07769519
v -0.01059670 -0.02730000 -0.07650330
v -0.01590000 -0.02730000 -0.07870000
v -0.01784114 -0.02730000 -0.07844444
v -0.02975685 -0.02730000 -0.09285685
v -0.01965000 -0.02730000 -0.07769519
v -0.02120330 -0.02730000 -0.07650330
v -0.02314444 -0.02730000 -0.07314114
v -0.02340000 -0.02730000 -0.07120000
v -0.02314444 -0.02730000 -0.06925885
v 0.01784114 -0.02730000 -0.03215555
v 0.01965000 -0.02730000 -0.03290481
v 0.02120330 -0.02730000 -0.03409670
v 0.02239519 -0.02730000 -0.03565000
v -0.01590000 -0.02730000 -0.04690000
v -0.01784114 -0.02730000 -0.04664445
v -0.01965000 -0.02730000 -0.04589519
v -0.02120330 -0.02730000 -0.04470330
v -0.02239519 -0.02730000 -0.04315000
v 0.01059670 -0.02730000 -0.07650330
v -0.01215000 -0.02730000 -0.06470481
v -0.01059670 -0.02730000 -0.06589670
v -0.02239519 -0.02730000 -0.06745000
v -0.02120330 -0.02730000 -0.06589670
v -0.01965000 -0.02730000 -0.06470481
v -0.01784114 -0.02730000 -0.06395555
v -0.01590000 -0.02730000 -0.06370000
v -0.01395886 -0.02730000 -0.04664445
v -0.02239519 -0.02730000 -0.03565000
v -0.02120330 -0.02730000 -0.03409670
v -0.02967310 -0.02730000 -0.01646107
v -0.01965000 -0.02730000 -0.03290481
v -0.02722405 -0.02730000 -0.01118544
v -0.01784114 -0.02730000 -0.03215555
v -0.02116993 -0.02730000 -0.00745385
v -0.01590000 -0.02730000 -0.03190000
v -0.01395886 -0.02730000 -0.03215555
v -0.02314444 -0.02730000 -0.04134114
v -0.02340000 -0.02730000 -0.03940000
v -0.02314444 -0.02730000 -0.03745886
v 0.00865556 -0.02730000 -0.06925885
v 0.01395886 -0.02730000 -0.04664445
v 0.01215000 -0.02730000 -0.04589519
v 0.01395886 -0.02730000 -0.03215555
v 0.02116993 -0.02730000 -0.00745385
v 0.01215000 -0.02730000 -0.03290481
v 0.01059670 -0.02730000 -0.03409670
v 0.02722405 -0.02730000 -0.01118544
v 0.01590000 -0.02730000 -0.03190000
v 0.00940481 -0.02730000 -0.07495000
v 0.00865556 -0.02730000 -0.07314114
v 0.00840000 -0.02730000 -0.07120000
v -0.01215000 -0.02730000 -0.03290481
v 0.00865556 -0.02730000 -0.03745886
v -0.01059670 -0.02730000 -0.03409670
v 0.00940481 -0.02730000 -0.03565000
v 0.01059670 -0.02730000 -0.04470330
v 0.00940481 -0.02730000 -0.04315000
v -0.00940481 -0.02730000 -0.04315000
v 0.00865556 -0.02730000 -0.04134114
v -0.01395886 -0.02730000 -0.06395555
v -0.01215000 -0.02730000 -0.04589519
v -0.01059670 -0.02730000 -0.04470330
v -0.00940481 -0.02730000 -0.03565000
v -0.00865556 -0.02730000 -0.03745886
v 0.00840000 -0.02730000 -0.03940000
v -0.00840000 -0.02730000 -0.03940000
v -0.00865556 -0.02730000 -0.04134114
v 0.02237632 -0.01725000 -0.00819743
v 0.02225338 -0.01725000 -0.00816508
v 0.02116993 -0.01725000 -0.00745385
v 0.02184260 -0.01725000 -0.00801003
v 0.02147556 -0.01725000 -0.00776908
v -0.02116993 -0.02730000 -0.00745385
v 0.02116993 -0.02730000 -0.00745385
v -0.02116993 -0.01725000 -0.00745385
v 0.02116993 -0.01725000 -0.00745385
v -0.02722405 -0.01725000 -0.01118544
v -0.02722405 -0.02730000 -0.01118544
v -0.02237632 -0.01725000 -0.00819743
v -0.02116993 -0.02730000 -0.00745385
v -0.02116993 -0.01725000 -0.00745385
v -0.02967310 -0.02730000 -0.01646107
v -0.02722405 -0.02730000 -0.01118544
v -0.02967310 -0.01725000 -0.01646107
v -0.02722405 -0.01725000 -0.01118544
v -0.03210000 -0.02730000 -0.07220000
v -0.02967310 -0.02730000 -0.01646107
v -0.03210000 -0.01725000 -0.07220000
v -0.02967310 -0.01725000 -0.01646107
v -0.03210000 -0.02730000 -0.08720000
v -0.03210000 -0.02730000 -0.07220000
v -0.03210000 -0.01725000 -0.08720000
v -0.03210000 -0.01725000 -0.07220000
v -0.02975685 -0.02730000 -0.09285685
v -0.03210000 -0.02730000 -0.08720000
v -0.02975685 -0.01725000 -0.09285685
v -0.03210000 -0.01725000 -0.08720000
v -0.02410000 -0.02730000 -0.09520000
v -0.02975685 -0.02730000 -0.09285685
v -0.02410000 -0.01725000 -0.09520000
v -0.02975685 -0.01725000 -0.09285685
v 0.02410000 -0.02730000 -0.09520000
v -0.02410000 -0.02730000 -0.09520000
v 0.02410000 -0.01725000 -0.09520000
v -0.02410000 -0.01725000 -0.09520000
v 0.02975685 -0.02730000 -0.09285685
v 0.02410000 -0.02730000 -0.09520000
v 0.02975685 -0.01725000 -0.09285685
v 0.02410000 -0.01725000 -0.09520000
v 0.03210000 -0.02730000 -0.08720000
v 0.02975685 -0.02730000 -0.09285685
v 0.03210000 -0.01725000 -0.08720000
v 0.02975685 -0.01725000 -0.09285685
v 0.03210000 -0.02730000 -0.07220000
v 0.03210000 -0.02730000 -0.08720000
v 0.03210000 -0.01725000 -0.07220000
v 0.03210000 -0.01725000 -0.08720000
v 0.02967310 -0.02730000 -0.01646107
v 0.03210000 -0.02730000 -0.07220000
v 0.02967310 -0.01725000 -0.01646107
v 0.03210000 -0.01725000 -0.07220000
v 0.02722405 -0.02730000 -0.01118544
v 0.02967310 -0.02730000 -0.01646107
v 0.02722405 -0.01725000 -0.01118544
v 0.02967310 -0.01725000 -0.01646107
v 0.02116993 -0.01725000 -0.00745385
v 0.02116993 -0.02730000 -0.00745385
v 0.02237632 -0.01725000 -0.00819743
v 0.02722405 -0.02730000 -0.01118544
v 0.02722405 -0.01725000 -0.01118544
v -0.01990000 -0.02730000 -0.06720000
v -0.01990000 -0.01425000 -0.06720000
v -0.01990000 -0.02730000 -0.07520000
v -0.01990000 -0.01425000 -0.07520000
v -0.01990000 -0.02730000 -0.07520000
v -0.01990000 -0.01425000 -0.07520000
v -0.01190000 -0.02730000 -0.07520000
v -0.01190000 -0.01425000 -0.07520000
v -0.01190000 -0.02730000 -0.07520000
v -0.01190000 -0.01425000 -0.07520000
v -0.01190000 -0.02730000 -0.06720000
v -0.01190000 -0.01425000 -0.06720000
v -0.01190000 -0.02730000 -0.06720000
v -0.01190000 -0.01425000 -0.06720000
v -0.01990000 -0.02730000 -0.06720000
v -0.01990000 -0.01425000 -0.06720000
v -0.01059670 -0.01425000 -0.07650330
v -0.00940481 -0.01425000 -0.07495000
v -0.01190000 -0.01425000 -0.07520000
v -0.00865556 -0.01425000 -0.07314114
v -0.01990000 -0.01425000 -0.06720000
v -0.02120330 -0.01425000 -0.06589670
v -0.02239519 -0.01425000 -0.06745000
v -0.01990000 -0.01425000 -0.07520000
v -0.02340000 -0.01425000 -0.07120000
v -0.02314444 -0.01425000 -0.07314114
v -0.00940481 -0.01425000 -0.06745000
v -0.01190000 -0.01425000 -0.06720000
v -0.00865556 -0.01425000 -0.06925885
v -0.00840000 -0.01425000 -0.07120000
v -0.01965000 -0.01425000 -0.07769519
v -0.01784114 -0.01425000 -0.07844444
v -0.01590000 -0.01425000 -0.07870000
v -0.01395886 -0.01425000 -0.07844444
v -0.01215000 -0.01425000 -0.07769519
v -0.02239519 -0.01425000 -0.07495000
v -0.02120330 -0.01425000 -0.07650330
v -0.02314444 -0.01425000 -0.06925885
v -0.01059670 -0.01425000 -0.06589670
v -0.01215000 -0.01425000 -0.06470481
v -0.01395886 -0.01425000 -0.06395555
v -0.01590000 -0.01425000 -0.06370000
v -0.01784114 -0.01425000 -0.06395555
v -0.01965000 -0.01425000 -0.06470481
v -0.01784114 -0.01425000 -0.07844444
v -0.01590000 -0.02730000 -0.07870000
v -0.01590000 -0.01425000 -0.07870000
v -0.01395886 -0.02730000 -0.07844444
v -0.01395886 -0.01425000 -0.07844444
v -0.01215000 -0.02730000 -0.07769519
v -0.01215000 -0.01425000 -0.07769519
v -0.01059670 -0.02730000 -0.07650330
v -0.01059670 -0.01425000 -0.07650330
v -0.00940481 -0.02730000 -0.07495000
v -0.00940481 -0.01425000 -0.07495000
v -0.00865556 -0.02730000 -0.07314114
v -0.00865556 -0.01425000 -0.07314114
v -0.00840000 -0.02730000 -0.07120000
v -0.00840000 -0.01425000 -0.07120000
v -0.00865556 -0.02730000 -0.06925885
v -0.00865556 -0.01425000 -0.06925885
v -0.00940481 -0.02730000 -0.06745000
v -0.00940481 -0.01425000 -0.06745000
v -0.01059670 -0.02730000 -0.06589670
v -0.01059670 -0.01425000 -0.06589670
v -0.01215000 -0.02730000 -0.06470481
v -0.01215000 -0.01425000 -0.06470481
v -0.01395886 -0.02730000 -0.06395555
v -0.01395886 -0.01425000 -0.06395555
v -0.01590000 -0.02730000 -0.06370000
v -0.01590000 -0.01425000 -0.06370000
v -0.01784114 -0.02730000 -0.06395555
v -0.01784114 -0.01425000 -0.06395555
v -0.01965000 -0.02730000 -0.06470481
v -0.01965000 -0.01425000 -0.06470481
v -0.02120330 -0.02730000 -0.06589670
v -0.02120330 -0.01425000 -0.06589670
v -0.02239519 -0.02730000 -0.06745000
v -0.02239519 -0.01425000 -0.06745000
v -0.02314444 -0.02730000 -0.06925885
v -0.02314444 -0.01425000 -0.06925885
v -0.02340000 -0.02730000 -0.07120000
v -0.02340000 -0.01425000 -0.07120000
v -0.02314444 -0.02730000 -0.07314114
v -0.02314444 -0.01425000 -0.07314114
v -0.02239519 -0.02730000 -0.07495000
v -0.02239519 -0.01425000 -0.07495000
v -0.02120330 -0.02730000 -0.07650330
v -0.02120330 -0.01425000 -0.07650330
v -0.01965000 -0.02730000 -0.07769519
v -0.01965000 -0.01425000 -0.07769519
v -0.01784114 -0.02730000 -0.07844444
v 0.01190000 -0.02730000 -0.03540000
v 0.01190000 -0.01425000 -0.03540000
v 0.01190000 -0.02730000 -0.04340000
v 0.01190000 -0.01425000 -0.04340000
v 0.01190000 -0.02730000 -0.04340000
v 0.01190000 -0.01425000 -0.04340000
v 0.01990000 -0.02730000 -0.04340000
v 0.01990000 -0.01425000 -0.04340000
v 0.01990000 -0.02730000 -0.04340000
v 0.01990000 -0.01425000 -0.04340000
v 0.01990000 -0.02730000 -0.03540000
v 0.01990000 -0.01425000 -0.03540000
v 0.01990000 -0.02730000 -0.03540000
v 0.01990000 -0.01425000 -0.03540000
v 0.01190000 -0.02730000 -0.03540000
v 0.01190000 -0.01425000 -0.03540000
v 0.01190000 -0.01425000 -0.04340000
v 0.01059670 -0.01425000 -0.04470330
v 0.01215000 -0.01425000 -0.04589519
v 0.01190000 -0.01425000 -0.03540000
v 0.01059670 -0.01425000 -0.03409670
v 0.00940481 -0.01425000 -0.03565000
v 0.01990000 -0.01425000 -0.04340000
v 0.02120330 -0.01425000 -0.04470330
v 0.02239519 -0.01425000 -0.04315000
v 0.02340000 -0.01425000 -0.03940000
v 0.02314444 -0.01425000 -0.03745886
v 0.01990000 -0.01425000 -0.03540000
v 0.01395886 -0.01425000 -0.04664445
v 0.01590000 -0.01425000 -0.04690000
v 0.00840000 -0.01425000 -0.03940000
v 0.00865556 -0.01425000 -0.04134114
v 0.00940481 -0.01425000 -0.04315000
v 0.01965000 -0.01425000 -0.03290481
v 0.01784114 -0.01425000 -0.03215555
v 0.02314444 -0.01425000 -0.04134114
v 0.02239519 -0.01425000 -0.03565000
v 0.02120330 -0.01425000 -0.03409670
v 0.01784114 -0.01425000 -0.04664445
v 0.01965000 -0.01425000 -0.04589519
v 0.00865556 -0.01425000 -0.03745886
v 0.01590000 -0.01425000 -0.03190000
v 0.01395886 -0.01425000 -0.03215555
v 0.01215000 -0.01425000 -0.03290481
v 0.01395886 -0.01425000 -0.04664445
v 0.01590000 -0.02730000 -0.04690000
v 0.01590000 -0.01425000 -0.04690000
v 0.01784114 -0.02730000 -0.04664445
v 0.01784114 -0.01425000 -0.04664445
v 0.01965000 -0.02730000 -0.04589519
v 0.01965000 -0.01425000 -0.04589519
v 0.02120330 -0.02730000 -0.04470330
v 0.02120330 -0.01425000 -0.04470330
v 0.02239519 -0.02730000 -0.04315000
v 0.02239519 -0.01425000 -0.04315000
v 0.02314444 -0.02730000 -0.04134114
v 0.02314444 -0.01425000 -0.04134114
v 0.02340000 -0.02730000 -0.03940000
v 0.02340000 -0.01425000 -0.03940000
v 0.02314444 -0.02730000 -0.03745886
v 0.02314444 -0.01425000 -0.03745886
v 0.02239519 -0.02730000 -0.03565000
v 0.02239519 -0.01425000 -0.03565000
v 0.02120330 -0.02730000 -0.03409670
v 0.02120330 -0.01425000 -0.03409670
v 0.01965000 -0.02730000 -0.03290481
v 0.01965000 -0.01425000 -0.03290481
v 0.01784114 -0.02730000 -0.03215555
v 0.01784114 -0.01425000 -0.03215555
v 0.01590000 -0.02730000 -0.03190000
v 0.01590000 -0.01425000 -0.03190000
v 0.01395886 -0.02730000 -0.03215555
v 0.01395886 -0.01425000 -0.03215555
v 0.01215000 -0.02730000 -0.03290481
v 0.01215000 -0.01425000 -0.03290481
v 0.01059670 -0.02730000 -0.03409670
v 0.01059670 -0.01425000 -0.03409670
v 0.00940481 -0.02730000 -0.03565000
v 0.00940481 -0.01425000 -0.03565000
v 0.00865556 -0.02730000 -0.03745886
v 0.00865556 -0.01425000 -0.03745886
v 0.00840000 -0.02730000 -0.03940000
v 0.00840000 -0.01425000 -0.03940000
v 0.00865556 -0.02730000 -0.04134114
v 0.00865556 -0.01425000 -0.04134114
v 0.00940481 -0.02730000 -0.04315000
v 0.00940481 -0.01425000 -0.04315000
v 0.01059670 -0.02730000 -0.04470330
v 0.01059670 -0.01425000 -0.04470330
v 0.01215000 -0.02730000 -0.04589519
v 0.01215000 -0.01425000 -0.04589519
v 0.01395886 -0.02730000 -0.04664445
v -0.01990000 -0.02730000 -0.03540000
v -0.01990000 -0.01425000 -0.03540000
v -0.01990000 -0.02730000 -0.04340000
v -0.01990000 -0.01425000 -0.04340000
v -0.01990000 -0.02730000 -0.04340000
v -0.01990000 -0.01425000 -0.04340000
v -0.01190000 -0.02730000 -0.04340000
v -0.01190000 -0.01425000 -0.04340000
v -0.01190000 -0.02730000 -0.04340000
v -0.01190000 -0.01425000 -0.04340000
v -0.01190000 -0.02730000 -0.03540000
v -0.01190000 -0.01425000 -0.03540000
v -0.01190000 -0.02730000 -0.03540000
v -0.01190000 -0.01425000 -0.03540000
v -0.01990000 -0.02730000 -0.03540000
v -0.01990000 -0.01425000 -0.03540000
v -0.01190000 -0.01425000 -0.04340000
v -0.01059670 -0.01425000 -0.04470330
v -0.00940481 -0.01425000 -0.04315000
v -0.01990000 -0.01425000 -0.04340000
v -0.02120330 -0.01425000 -0.04470330
v -0.01965000 -0.01425000 -0.04589519
v -0.00840000 -0.01425000 -0.03940000
v -0.00865556 -0.01425000 -0.03745886
v -0.01190000 -0.01425000 -0.03540000
v -0.01784114 -0.01425000 -0.04664445
v -0.01590000 -0.01425000 -0.04690000
v -0.02120330 -0.01425000 -0.03409670
v -0.02239519 -0.01425000 -0.03565000
v -0.01990000 -0.01425000 -0.03540000
v -0.02314444 -0.01425000 -0.03745886
v -0.01215000 -0.01425000 -0.03290481
v -0.01395886 -0.01425000 -0.03215555
v -0.00865556 -0.01425000 -0.04134114
v -0.00940481 -0.01425000 -0.03565000
v -0.01059670 -0.01425000 -0.03409670
v -0.01395886 -0.01425000 -0.04664445
v -0.01215000 -0.01425000 -0.04589519
v -0.02340000 -0.01425000 -0.03940000
v -0.02314444 -0.01425000 -0.04134114
v -0.02239519 -0.01425000 -0.04315000
v -0.01590000 -0.01425000 -0.03190000
v -0.01784114 -0.01425000 -0.03215555
v -0.01965000 -0.01425000 -0.03290481
v -0.01784114 -0.01425000 -0.04664445
v -0.01590000 -0.02730000 -0.04690000
v -0.01590000 -0.01425000 -0.04690000
v -0.01395886 -0.02730000 -0.04664445
v -0.01395886 -0.01425000 -0.04664445
v -0.01215000 -0.02730000 -0.04589519
v -0.01215000 -0.01425000 -0.04589519
v -0.01059670 -0.02730000 -0.04470330
v -0.01059670 -0.01425000 -0.04470330
v -0.00940481 -0.02730000 -0.04315000
v -0.00940481 -0.01425000 -0.04315000
v -0.00865556 -0.02730000 -0.04134114
v -0.00865556 -0.01425000 -0.04134114
v -0.00840000 -0.02730000 -0.03940000
v -0.00840000 -0.01425000 -0.03940000
v -0.00865556 -0.02730000 -0.03745886
v -0.00865556 -0.01425000 -0.03745886
v -0.00940481 -0.02730000 -0.03565000
v -0.00940481 -0.01425000 -0.03565000
v -0.01059670 -0.02730000 -0.03409670
v -0.01059670 -0.01425000 -0.03409670
v -0.01215000 -0.02730000 -0.03290481
v -0.01215000 -0.01425000 -0.03290481
v -0.01395886 -0.02730000 -0.03215555
v -0.01395886 -0.01425000 -0.03215555
v -0.01590000 -0.02730000 -0.03190000
v -0.01590000 -0.01425000 -0.03190000
v -0.01784114 -0.02730000 -0.03215555
v -0.01784114 -0.01425000 -0.03215555
v -0.01965000 -0.02730000 -0.03290481
v -0.01965000 -0.01425000 -0.03290481
v -0.02120330 -0.02730000 -0.03409670
v -0.02120330 -0.01425000 -0.03409670
v -0.02239519 -0.02730000 -0.03565000
v -0.02239519 -0.01425000 -0.03565000
v -0.02314444 -0.02730000 -0.03745886
v -0.02314444 -0.01425000 -0.03745886
v -0.02340000 -0.02730000 -0.03940000
v -0.02340000 -0.01425000 -0.03940000
v -0.02314444 -0.02730000 -0.04134114
v -0.02314444 -0.01425000 -0.04134114
v -0.02239519 -0.02730000 -0.04315000
v -0.02239519 -0.01425000 -0.04315000
v -0.02120330 -0.02730000 -0.04470330
v -0.02120330 -0.01425000 -0.04470330
v -0.01965000 -0.02730000 -0.04589519
v -0.01965000 -0.01425000 -0.04589519
v -0.01784114 -0.02730000 -0.04664445
v 0.01190000 -0.02730000 -0.06720000
v 0.01190000 -0.01425000 -0.06720000
v 0.01190000 -0.02730000 -0.07520000
v 0.01190000 -0.01425000 -0.07520000
v 0.01190000 -0.02730000 -0.07520000
v 0.01190000 -0.01425000 -0.07520000
v 0.01990000 -0.02730000 -0.07520000
v 0.01990000 -0.01425000 -0.07520000
v 0.01990000 -0.02730000 -0.07520000
v 0.01990000 -0.01425000 -0.07520000
v 0.01990000 -0.02730000 -0.06720000
v 0.01990000 -0.01425000 -0.06720000
v 0.01990000 -0.02730000 -0.06720000
v 0.01990000 -0.01425000 -0.06720000
v 0.01190000 -0.02730000 -0.06720000
v 0.01190000 -0.01425000 -0.06720000
v 0.02314444 -0.01425000 -0.07314114
v 0.01990000 -0.01425000 -0.07520000
v 0.02239519 -0.01425000 -0.07495000
v 0.02120330 -0.01425000 -0.07650330
v 0.01395886 -0.01425000 -0.07844444
v 0.01190000 -0.01425000 -0.07520000
v 0.01215000 -0.01425000 -0.07769519
v 0.01059670 -0.01425000 -0.07650330
v 0.01590000 -0.01425000 -0.07870000
v 0.01784114 -0.01425000 -0.07844444
v 0.01965000 -0.01425000 -0.07769519
v 0.01395886 -0.01425000 -0.06395555
v 0.01215000 -0.01425000 -0.06470481
v 0.01190000 -0.01425000 -0.06720000
v 0.02340000 -0.01425000 -0.07120000
v 0.02314444 -0.01425000 -0.06925885
v 0.01990000 -0.01425000 -0.06720000
v 0.02239519 -0.01425000 -0.06745000
v 0.00840000 -0.01425000 -0.07120000
v 0.00865556 -0.01425000 -0.07314114
v 0.00940481 -0.01425000 -0.07495000
v 0.01590000 -0.01425000 -0.06370000
v 0.02120330 -0.01425000 -0.06589670
v 0.01965000 -0.01425000 -0.06470481
v 0.01784114 -0.01425000 -0.06395555
v 0.01059670 -0.01425000 -0.06589670
v 0.00940481 -0.01425000 -0.06745000
v 0.00865556 -0.01425000 -0.06925885
v 0.01395886 -0.01425000 -0.07844444
v 0.01590000 -0.02730000 -0.07870000
v 0.01590000 -0.01425000 -0.07870000
v 0.01784114 -0.02730000 -0.07844444
v 0.01784114 -0.01425000 -0.07844444
v 0.01965000 -0.02730000 -0.07769519
v 0.01965000 -0.01425000 -0.07769519
v 0.02120330 -0.02730000 -0.07650330
v 0.02120330 -0.01425000 -0.07650330
v 0.02239519 -0.02730000 -0.07495000
v 0.02239519 -0.01425000 -0.07495000
v 0.02314444 -0.02730000 -0.07314114
v 0.02314444 -0.01425000 -0.07314114
v 0.02340000 -0.02730000 -0.07120000
v 0.02340000 -0.01425000 -0.07120000
v 0.02314444 -0.02730000 -0.06925885
v 0.02314444 -0.01425000 -0.06925885
v 0.02239519 -0.02730000 -0.06745000
v 0.02239519 -0.01425000 -0.06745000
v 0.02120330 -0.02730000 -0.06589670
v 0.02120330 -0.01425000 -0.06589670
v 0.01965000 -0.02730000 -0.06470481
v 0.01965000 -0.01425000 -0.06470481
v 0.01784114 -0.02730000 -0.06395555
v 0.01784114 -0.01425000 -0.06395555
v 0.01590000 -0.02730000 -0.06370000
v 0.01590000 -0.01425000 -0.06370000
v 0.01395886 -0.02730000 -0.06395555
v 0.01395886 -0.01425000 -0.06395555
v 0.01215000 -0.02730000 -0.06470481
v 0.01215000 -0.01425000 -0.06470481
v 0.01059670 -0.02730000 -0.06589670
v 0.01059670 -0.01425000 -0.06589670
v 0.00940481 -0.02730000 -0.06745000
v 0.00940481 -0.01425000 -0.06745000
v 0.00865556 -0.02730000 -0.06925885
v 0.00865556 -0.01425000 -0.06925885
v 0.00840000 -0.02730000 -0.07120000
v 0.00840000 -0.01425000 -0.07120000
v 0.00865556 -0.02730000 -0.07314114
v 0.00865556 -0.01425000 -0.07314114
v 0.00940481 -0.02730000 -0.07495000
v 0.00940481 -0.01425000 -0.07495000
v 0.01059670 -0.02730000 -0.07650330
v 0.01059670 -0.01425000 -0.07650330
v 0.01215000 -0.02730000 -0.07769519
v 0.01215000 -0.01425000 -0.07769519
v 0.01395886 -0.02730000 -0.07844444
v -0.01190000 -0.02730000 -0.04340000
v -0.01190000 -0.02730000 -0.03540000
v -0.01990000 -0.02730000 -0.04340000
v -0.01990000 -0.02730000 -0.03540000
v 0.01990000 -0.02730000 -0.04340000
v 0.01990000 -0.02730000 -0.03540000
v 0.01190000 -0.02730000 -0.04340000
v 0.01190000 -0.02730000 -0.03540000
v 0.01990000 -0.02730000 -0.07520000
v 0.01990000 -0.02730000 -0.06720000
v 0.01190000 -0.02730000 -0.07520000
v 0.01190000 -0.02730000 -0.06720000
v -0.01190000 -0.02730000 -0.07520000
v -0.01190000 -0.02730000 -0.06720000
v -0.01990000 -0.02730000 -0.07520000
v -0.01990000 -0.02730000 -0.06720000
v -0.00405689 0.00108704 0.36680001
v -0.00420000 0.00000000 0.00000000
v -0.00420000 0.00000000 0.36680001
v -0.00405689 -0.00108704 0.00000000
v -0.00405689 -0.00108704 0.36680001
v -0.00363731 -0.00210000 0.00000000
v -0.00363731 -0.00210000 0.36680001
v -0.00296985 -0.00296985 0.00000000
v -0.00296985 -0.00296985 0.36680001
v -0.00210000 -0.00363731 0.00000000
v -0.00210000 -0.00363731 0.36680001
v -0.00108704 -0.00405689 0.00000000
v -0.00108704 -0.00405689 0.36680001
v 0.00000000 -0.00420000 0.00000000
v 0.00000000 -0.00420000 0.36680001
v 0.00108704 -0.00405689 0.00000000
v 0.00108704 -0.00405689 0.36680001
v 0.00210000 -0.00363731 0.00000000
v 0.00210000 -0.00363731 0.36680001
v 0.00296985 -0.00296985 0.00000000
v 0.00296985 -0.00296985 0.36680001
v 0.00363731 -0.00210000 0.00000000
v 0.00363731 -0.00210000 0.36680001
v 0.00405689 -0.00108704 0.00000000
v 0.00405689 -0.00108704 0.36680001
v 0.00420000 0.00000000 0.00000000
v 0.00420000 0.00000000 0.36680001
v 0.00405689 0.00108704 0.00000000
v 0.00405689 0.00108704 0.36680001
v 0.00363731 0.00210000 0.00000000
v 0.00363731 0.00210000 0.36680001
v 0.00296985 0.00296985 0.00000000
v 0.00296985 0.00296985 0.36680001
v 0.00210000 0.00363731 0.00000000
v 0.00210000 0.00363731 0.36680001
v 0.00108704 0.00405689 0.00000000
v 0.00108704 0.00405689 0.36680001
v -0.00000000 0.00420000 0.00000000
v -0.00000000 0.00420000 0.36680001
v -0.00108704 0.00405689 0.00000000
v -0.00108704 0.00405689 0.36680001
v -0.00210000 0.00363731 0.00000000
v -0.00210000 0.00363731 0.36680001
v -0.00296985 0.00296985 0.00000000
v -0.00296985 0.00296985 0.36680001
v -0.00363731 0.00210000 0.00000000
v -0.00363731 0.00210000 0.36680001
v -0.00405689 0.00108704 0.00000000
v 0.00108704 0.00405689 0.36680001
v -0.00210000 -0.00363731 0.36680001
v 0.00210000 0.00363731 0.36680001
v -0.00108704 -0.00405689 0.36680001
v 0.00000000 -0.00420000 0.36680001
v -0.00000000 0.00420000 0.36680001
v -0.00108704 0.00405689 0.36680001
v -0.00296985 -0.00296985 0.36680001
v -0.00363731 -0.00210000 0.36680001
v 0.00296985 -0.00296985 0.36680001
v 0.00363731 -0.00210000 0.36680001
v 0.00405689 -0.00108704 0.36680001
v -0.00210000 0.00363731 0.36680001
v -0.00296985 0.00296985 0.36680001
v -0.00363731 0.00210000 0.36680001
v 0.00108704 -0.00405689 0.36680001
v 0.00210000 -0.00363731 0.36680001
v 0.00420000 0.00000000 0.36680001
v 0.00405689 0.00108704 0.36680001
v 0.00296985 0.00296985 0.36680001
v 0.00363731 0.00210000 0.36680001
v -0.00405689 0.00108704 0.36680001
v -0.00420000 0.00000000 0.36680001
v -0.00405689 -0.00108704 0.36680001
v 0.00550578 0.00147527 -0.00440000
v 0.00570000 0.00000000 -0.00150000
v 0.00570000 0.00000000 -0.00440000
v 0.00550578 -0.00147527 -0.00150000
v 0.00550578 -0.00147527 -0.00440000
v 0.00493634 -0.00285000 -0.00150000
v 0.00493634 -0.00285000 -0.00440000
v 0.00403051 -0.00403051 -0.00150000
v 0.00403051 -0.00403051 -0.00440000
v 0.00285000 -0.00493634 -0.00150000
v 0.00285000 -0.00493634 -0.00440000
v 0.00147527 -0.00550578 -0.00150000
v 0.00147527 -0.00550578 -0.00440000
v -0.00000000 -0.00570000 -0.00150000
v -0.00000000 -0.00570000 -0.00440000
v -0.00147527 -0.00550578 -0.00150000
v -0.00147527 -0.00550578 -0.00440000
v -0.00285000 -0.00493634 -0.00150000
v -0.00285000 -0.00493634 -0.00440000
v -0.00403051 -0.00403051 -0.00150000
v -0.00403051 -0.00403051 -0.00440000
v -0.00493634 -0.00285000 -0.00150000
v -0.00493634 -0.00285000 -0.00440000
v -0.00550578 -0.00147527 -0.00150000
v -0.00550578 -0.00147527 -0.00440000
v -0.00570000 0.00000000 -0.00150000
v -0.00570000 0.00000000 -0.00440000
v -0.00550578 0.00147527 -0.00150000
v -0.00550578 0.00147527 -0.00440000
v -0.00493634 0.00285000 -0.00150000
v -0.00493634 0.00285000 -0.00440000
v -0.00403051 0.00403051 -0.00150000
v -0.00403051 0.00403051 -0.00440000
v -0.00285000 0.00493634 -0.00150000
v -0.00285000 0.00493634 -0.00440000
v -0.00147527 0.00550578 -0.00150000
v -0.00147527 0.00550578 -0.00440000
v 0.00000000 0.00570000 -0.00150000
v 0.00000000 0.00570000 -0.00440000
v 0.00147527 0.00550578 -0.00150000
v 0.00147527 0.00550578 -0.00440000
v 0.00285000 0.00493634 -0.00150000
v 0.00285000 0.00493634 -0.00440000
v 0.00403051 0.00403051 -0.00150000
v 0.00403051 0.00403051 -0.00440000
v 0.00493634 0.00285000 -0.00150000
v 0.00493634 0.00285000 -0.00440000
v 0.00550578 0.00147527 -0.00150000
v -0.00550578 0.00147527 -0.00150000
v -0.00405689 0.00108704 0.00000000
v -0.00493634 0.00285000 -0.00150000
v -0.00363731 0.00210000 0.00000000
v -0.00403051 0.00403051 -0.00150000
v -0.00296985 0.00296985 0.00000000
v -0.00285000 0.00493634 -0.00150000
v -0.00210000 0.00363731 0.00000000
v -0.00147527 0.00550578 -0.00150000
v -0.00108704 0.00405689 0.00000000
v 0.00000000 0.00570000 -0.00150000
v -0.00000000 0.00420000 0.00000000
v 0.00147527 0.00550578 -0.00150000
v 0.00108704 0.00405689 0.00000000
v 0.00285000 0.00493634 -0.00150000
v 0.00210000 0.00363731 0.00000000
v 0.00403051 0.00403051 -0.00150000
v 0.00296985 0.00296985 0.00000000
v 0.00493634 0.00285000 -0.00150000
v 0.00363731 0.00210000 0.00000000
v 0.00550578 0.00147527 -0.00150000
v 0.00405689 0.00108704 0.00000000
v 0.00570000 0.00000000 -0.00150000
v 0.00420000 0.00000000 0.00000000
v 0.00550578 -0.00147527 -0.00150000
v 0.00405689 -0.00108704 0.00000000
v 0.00493634 -0.00285000 -0.00150000
v 0.00363731 -0.00210000 0.00000000
v 0.00403051 -0.00403051 -0.00150000
v 0.00296985 -0.00296985 0.00000000
v 0.00285000 -0.00493634 -0.00150000
v 0.00210000 -0.00363731 0.00000000
v 0.00147527 -0.00550578 -0.00150000
v 0.00108704 -0.00405689 0.00000000
v -0.00000000 -0.00570000 -0.00150000
v 0.00000000 -0.00420000 0.00000000
v -0.00147527 -0.00550578 -0.00150000
v -0.00108704 -0.00405689 0.00000000
v -0.00285000 -0.00493634 -0.00150000
v -0.00210000 -0.00363731 0.00000000
v -0.00403051 -0.00403051 -0.00150000
v -0.00296985 -0.00296985 0.00000000
v -0.00493634 -0.00285000 -0.00150000
v -0.00363731 -0.00210000 0.00000000
v -0.00550578 -0.00147527 -0.00150000
v -0.00405689 -0.00108704 0.00000000
v -0.00570000 0.00000000 -0.00150000
v -0.00420000 0.00000000 0.00000000
vt 0.46723790 0.34821429
vt 0.46723790 0.34821429
vt 0.46723790 0.34821429
vt 0.46723790 0.34821429
vt 0.46723790 0.34821429
vt 0.46723790 0.34821429
vt 0.46723790 0.34821429
vt 0.46723790 0.34821429
vt 0.46723790 0.34821429
vt 0.46723790 0.34821429
vt 0.46723790 0.34821429
vt 0.46723790 0.34821429
vt 0.46723790 0.34821429
vt 0.46723790 0.34821429
vt 0.46723790 0.34821429
vt 0.46723790 0.34821429
vt 0.46723790 0.34821429
vt 0.46723790 0.34821429
vt 0.46723790 0.34821429
vt 0.46723790 0.34821429
vt 0.46723790 0.34821429
vt 0.46723790 0.34821429
vt 0.46723790 0.34821429
vt 0.46723790 0.34821429
vt 0.46723790 0.34821429
vt 0.46723790 0.34821429
vt 0.46723790 0.34821429
vt 0.46723790 0.34821429
vt 0.46723790 0.34821429
vt 0.46723790 0.34821429
vt 0.46723790 0.34821429
vt 0.46723790 0.34821429
vt 0.46723790 0.34821429
vt 0.46723790 0.34821429
vt 0.46723790 0.34821429
vt 0.46723790 0.34821429
vt 0.46723790 0.34821429
vt 0.46723790 0.34821429
vt 0.46723790 0.34821429
vt 0.46723790 0.34821429
vt 0.46723790 0.34821429
vt 0.46723790 0.34821429
vt 0.46723790 0.34821429
vt 0.46723790 0.34821429
vt 0.46723790 0.34821429
vt 0.46723790 0.34821429
vt 0.46723790 0.34821429
vt 0.46723790 0.34821429
vt 0.46723790 0.34821429
vt 0.46723790 0.34821429
vt 0.46723790 0.34821429
vt 0.46723790 0.34821429
vt 0.46723790 0.34821429
vt 0.46723790 0.34821429
vt 0.46723790 0.34821429
vt 0.46723790 0.34821429
vt 0.46723790 0.34821429
vt 0.46723790 0.34821429
vt 0.46723790 0.34821429
vt 0.46723790 0.34821429
vt 0.46723790 0.34821429
vt 0.46723790 0.34821429
vt 0.46723790 0.34821429
vt 0.46723790 0.34821429
vt 0.46723790 0.34821429
vt 0.46723790 0.34821429
vt 0.46723790 0.34821429
vt 0.46723790 0.34821429
vt 0.46723790 0.34821429
vt 0.46723790 0.34821429
vt 0.46723790 0.34821429
vt 0.46723790 0.34821429
vt 0.46723790 0.34821429
vt 0.46723790 0.34821429
vt 0.46723790 0.34821429
vt 0.46723790 0.34821429
vt 0.46723790 0.34821429
vt 0.46723790 0.34821429
vt 0.46723790 0.34821429
vt 0.46723790 0.34821429
vt 0.46723790 0.34821429
vt 0.46723790 0.34821429
vt 0.46723790 0.34821429
vt 0.46723790 0.34821429
vt 0.46723790 0.34821429
vt 0.46723790 0.34821429
vt 0.46723790 0.34821429
vt 0.46723790 0.34821429
vt 0.46723790 0.34821429
vt 0.46723790 0.34821429
vt 0.46723790 0.34821429
vt 0.46723790 0.34821429
vt 0.46723790 0.34821429
vt 0.46723790 0.34821429
vt 0.46723790 0.34821429
vt 0.46723790 0.34821429
vt 0.46723790 0.34821429
vt 0.46723790 0.34821429
vt 0.46723790 0.34821429
vt 0.46723790 0.34821429
vt 0.46723790 0.34821429
vt 0.46723790 0.34821429
vt 0.46723790 0.34821429
vt 0.46723790 0.34821429
vt 0.46723790 0.34821429
vt 0.46723790 0.34821429
vt 0.46723790 0.34821429
vt 0.46723790 0.34821429
vt 0.46723790 0.34821429
vt 0.46723790 0.34821429
vt 0.46723790 0.34821429
vt 0.46723790 0.34821429
vt 0.46723790 0.34821429
vt 0.46723790 0.34821429
vt 0.46723790 0.34821429
vt 0.46723790 0.34821429
vt 0.46723790 0.34821429
vt 0.46723790 0.34821429
vt 0.46723790 0.34821429
vt 0.46723790 0.34821429
vt 0.46723790 0.34821429
vt 0.46723790 0.34821429
vt 0.46723790 0.34821429
vt 0.46723790 0.34821429
vt 0.46723790 0.34821429
vt 0.46723790 0.34821429
vt 0.46723790 0.34821429
vt 0.46723790 0.34821429
vt 0.46723790 0.34821429
vt 0.46723790 0.34821429
vt 0.46723790 0.34821429
vt 0.46723790 0.34821429
vt 0.46723790 0.34821429
vt 0.46723790 0.34821429
vt 0.46723790 0.34821429
vt 0.46723790 0.34821429
vt 0.46723790 0.34821429
vt 0.46723790 0.34821429
vt 0.46723790 0.34821429
vt 0.46723790 0.34821429
vt 0.46723790 0.34821429
vt 0.46723790 0.34821429
vt 0.46723790 0.34821429
vt 0.46723790 0.34821429
vt 0.46723790 0.34821429
vt 0.46723790 0.34821429
vt 0.46723790 0.34821429
vt 0.46723790 0.34821429
vt 0.46723790 0.34821429
vt 0.46723790 0.34821429
vt 0.46723790 0.34821429
vt 0.46723790 0.34821429
vt 0.46723790 0.34821429
vt 0.46723790 0.34821429
vt 0.46723790 0.34821429
vt 0.46723790 0.34821429
vt 0.46723790 0.34821429
vt 0.46723790 0.34821429
vt 0.46723790 0.34821429
vt 0.46723790 0.34821429
vt 0.46723790 0.34821429
vt 0.46723790 0.34821429
vt 0.46723790 0.34821429
vt 0.46723790 0.34821429
vt 0.46723790 0.34821429
vt 0.46723790 0.34821429
vt 0.46723790 0.34821429
vt 0.46723790 0.34821429
vt 0.46723790 0.34821429
vt 0.46723790 0.34821429
vt 0.46723790 0.34821429
vt 0.46723790 0.34821429
vt 0.46723790 0.34821429
vt 0.46723790 0.34821429
vt 0.46723790 0.34821429
vt 0.46723790 0.34821429
vt 0.46723790 0.34821429
vt 0.46723790 0.34821429
vt 0.46723790 0.34821429
vt 0.46723790 0.34821429
vt 0.46723790 0.34821429
vt 0.46723790 0.34821429
vt 0.46723790 0.34821429
vt 0.46723790 0.34821429
vt 0.46723790 0.34821429
vt 0.46723790 0.34821429
vt 0.46723790 0.34821429
vt 0.46723790 0.34821429
vt 0.46723790 0.34821429
vt 0.46723790 0.34821429
vt 0.46723790 0.34821429
vt 0.46723790 0.34821429
vt 0.46723790 0.34821429
vt 0.46723790 0.34821429
vt 0.46723790 0.34821429
vt 0.46723790 0.34821429
vt 0.46723790 0.34821429
vt 0.46723790 0.34821429
vt 0.46723790 0.34821429
vt 0.46723790 0.34821429
vt 0.46723790 0.34821429
vt 0.46723790 0.34821429
vt 0.46723790 0.34821429
vt 0.46723790 0.34821429
vt 0.46723790 0.34821429
vt 0.46723790 0.34821429
vt 0.46723790 0.34821429
vt 0.46723790 0.34821429
vt 0.46723790 0.34821429
vt 0.46723790 0.34821429
vt 0.46723790 0.34821429
vt 0.46723790 0.34821429
vt 0.46723790 0.34821429
vt 0.46723790 0.34821429
vt 0.46723790 0.34821429
vt 0.46723790 0.34821429
vt 0.46723790 0.34821429
vt 0.46723790 0.34821429
vt 0.46723790 0.34821429
vt 0.46723790 0.34821429
vt 0.46723790 0.34821429
vt 0.46723790 0.34821429
vt 0.46723790 0.34821429
vt 0.46723790 0.34821429
vt 0.46723790 0.34821429
vt 0.46723790 0.34821429
vt 0.46723790 0.34821429
vt 0.46723790 0.34821429
vt 0.46723790 0.34821429
vt 0.46723790 0.34821429
vt 0.46723790 0.34821429
vt 0.46723790 0.34821429
vt 0.46723790 0.34821429
vt 0.46723790 0.34821429
vt 0.46723790 0.34821429
vt 0.46723790 0.34821429
vt 0.46723790 0.34821429
vt 0.46723790 0.34821429
vt 0.46723790 0.34821429
vt 0.46723790 0.34821429
vt 0.46723790 0.34821429
vt 0.46723790 0.34821429
vt 0.46723790 0.34821429
vt 0.46723790 0.34821429
vt 0.46723790 0.34821429
vt 0.46723790 0.34821429
vt 0.46723790 0.34821429
vt 0.46723790 0.34821429
vt 0.46723790 0.34821429
vt 0.46723790 0.34821429
vt 0.46723790 0.34821429
vt 0.46723790 0.34821429
vt 0.46723790 0.34821429
vt 0.46723790 0.34821429
vt 0.46723790 0.34821429
vt 0.46723790 0.34821429
vt 0.46723790 0.34821429
vt 0.46723790 0.34821429
vt 0.46723790 0.34821429
vt 0.46723790 0.34821429
vt 0.46723790 0.34821429
vt 0.46723790 0.34821429
vt 0.46723790 0.34821429
vt 0.46723790 0.34821429
vt 0.46723790 0.34821429
vt 0.46723790 0.34821429
vt 0.46723790 0.34821429
vt 0.46723790 0.34821429
vt 0.46723790 0.34821429
vt 0.46723790 0.34821429
vt 0.46723790 0.34821429
vt 0.46723790 0.34821429
vt 0.46723790 0.34821429
vt 0.46723790 0.34821429
vt 0.46723790 0.34821429
vt 0.46723790 0.34821429
vt 0.46723790 0.34821429
vt 0.46723790 0.34821429
vt 0.46723790 0.34821429
vt 0.46723790 0.34821429
vt 0.46723790 0.34821429
vt 0.46723790 0.34821429
vt 0.46723790 0.34821429
vt 0.46723790 0.34821429
vt 0.46723790 0.34821429
vt 0.46723790 0.34821429
vt 0.46723790 0.34821429
vt 0.46723790 0.34821429
vt 0.46723790 0.34821429
vt 0.46723790 0.34821429
vt 0.46723790 0.34821429
vt 0.46723790 0.34821429
vt 0.46723790 0.34821429
vt 0.46723790 0.34821429
vt 0.46723790 0.34821429
vt 0.46723790 0.34821429
vt 0.46723790 0.34821429
vt 0.46723790 0.34821429
vt 0.46723790 0.34821429
vt 0.46723790 0.34821429
vt 0.46723790 0.34821429
vt 0.46723790 0.34821429
vt 0.46723790 0.34821429
vt 0.46723790 0.34821429
vt 0.46723790 0.34821429
vt 0.46723790 0.34821429
vt 0.46723790 0.34821429
vt 0.46723790 0.34821429
vt 0.46723790 0.34821429
vt 0.46723790 0.34821429
vt 0.46723790 0.34821429
vt 0.46723790 0.34821429
vt 0.46723790 0.34821429
vt 0.46723790 0.34821429
vt 0.46723790 0.34821429
vt 0.46723790 0.34821429
vt 0.46723790 0.34821429
vt 0.46723790 0.34821429
vt 0.46723790 0.34821429
vt 0.46723790 0.34821429
vt 0.46723790 0.34821429
vt 0.46723790 0.34821429
vt 0.46723790 0.34821429
vt 0.46723790 0.34821429
vt 0.46723790 0.34821429
vt 0.46723790 0.34821429
vt 0.46723790 0.34821429
vt 0.46723790 0.34821429
vt 0.46723790 0.34821429
vt 0.46723790 0.34821429
vt 0.46723790 0.34821429
vt 0.46723790 0.34821429
vt 0.46723790 0.34821429
vt 0.46723790 0.34821429
vt 0.46723790 0.34821429
vt 0.46723790 0.34821429
vt 0.46723790 0.34821429
vt 0.46723790 0.34821429
vt 0.46723790 0.34821429
vt 0.46723790 0.34821429
vt 0.46723790 0.34821429
vt 0.46723790 0.34821429
vt 0.46723790 0.34821429
vt 0.46723790 0.34821429
vt 0.46723790 0.34821429
vt 0.46723790 0.34821429
vt 0.46723790 0.34821429
vt 0.46723790 0.34821429
vt 0.46723790 0.34821429
vt 0.46723790 0.34821429
vt 0.46723790 0.34821429
vt 0.46723790 0.34821429
vt 0.46723790 0.34821429
vt 0.46723790 0.34821429
vt 0.46723790 0.34821429
vt 0.46723790 0.34821429
vt 0.46723790 0.34821429
vt 0.46723790 0.34821429
vt 0.46723790 0.34821429
vt 0.46723790 0.34821429
vt 0.46723790 0.34821429
vt 0.46723790 0.34821429
vt 0.46723790 0.34821429
vt 0.46723790 0.34821429
vt 0.46723790 0.34821429
vt 0.46723790 0.34821429
vt 0.46723790 0.34821429
vt 0.46723790 0.34821429
vt 0.46723790 0.34821429
vt 0.46723790 0.34821429
vt 0.46723790 0.34821429
vt 0.46723790 0.34821429
vt 0.46723790 0.34821429
vt 0.46723790 0.34821429
vt 0.46723790 0.34821429
vt 0.46723790 0.34821429
vt 0.46723790 0.34821429
vt 0.46723790 0.34821429
vt 0.46723790 0.34821429
vt 0.46723790 0.34821429
vt 0.46723790 0.34821429
vt 0.46723790 0.34821429
vt 0.46723790 0.34821429
vt 0.46723790 0.34821429
vt 0.46723790 0.34821429
vt 0.46723790 0.34821429
vt 0.46723790 0.34821429
vt 0.46723790 0.34821429
vt 0.46723790 0.34821429
vt 0.46723790 0.34821429
vt 0.46723790 0.34821429
vt 0.46723790 0.34821429
vt 0.46723790 0.34821429
vt 0.46723790 0.34821429
vt 0.46723790 0.34821429
vt 0.46723790 0.34821429
vt 0.46723790 0.34821429
vt 0.46723790 0.34821429
vt 0.46723790 0.34821429
vt 0.46723790 0.34821429
vt 0.46723790 0.34821429
vt 0.46723790 0.34821429
vt 0.46723790 0.34821429
vt 0.46723790 0.34821429
vt 0.46723790 0.34821429
vt 0.46723790 0.34821429
vt 0.46723790 0.34821429
vt 0.46723790 0.34821429
vt 0.46723790 0.34821429
vt 0.46723790 0.34821429
vt 0.46723790 0.34821429
vt 0.46723790 0.34821429
vt 0.46723790 0.34821429
vt 0.46723790 0.34821429
vt 0.46723790 0.34821429
vt 0.46723790 0.34821429
vt 0.46723790 0.34821429
vt 0.46723790 0.34821429
vt 0.46723790 0.34821429
vt 0.46723790 0.34821429
vt 0.46723790 0.34821429
vt 0.46723790 0.34821429
vt 0.46723790 0.34821429
vt 0.46723790 0.34821429
vt 0.46723790 0.34821429
vt 0.46723790 0.34821429
vt 0.46723790 0.34821429
vt 0.46723790 0.34821429
vt 0.46723790 0.34821429
vt 0.46723790 0.34821429
vt 0.46723790 0.34821429
vt 0.46723790 0.34821429
vt 0.46723790 0.34821429
vt 0.46723790 0.34821429
vt 0.46723790 0.34821429
vt 0.46723790 0.34821429
vt 0.46723790 0.34821429
vt 0.46723790 0.34821429
vt 0.46723790 0.34821429
vt 0.46723790 0.34821429
vt 0.46723790 0.34821429
vt 0.46723790 0.34821429
vt 0.46723790 0.34821429
vt 0.46723790 0.34821429
vt 0.46723790 0.34821429
vt 0.46723790 0.34821429
vt 0.46723790 0.34821429
vt 0.46723790 0.34821429
vt 0.46723790 0.34821429
vt 0.46723790 0.34821429
vt 0.46723790 0.34821429
vt 0.46723790 0.34821429
vt 0.46723790 0.34821429
vt 0.46723790 0.34821429
vt 0.46723790 0.34821429
vt 0.46723790 0.34821429
vt 0.46723790 0.34821429
vt 0.46723790 0.34821429
vt 0.46723790 0.34821429
vt 0.46723790 0.34821429
vt 0.46723790 0.34821429
vt 0.46723790 0.34821429
vt 0.46723790 0.34821429
vt 0.46723790 0.34821429
vt 0.46723790 0.34821429
vt 0.46723790 0.34821429
vt 0.46723790 0.34821429
vt 0.46723790 0.34821429
vt 0.46723790 0.34821429
vt 0.46723790 0.34821429
vt 0.46723790 0.34821429
vt 0.46723790 0.34821429
vt 0.46723790 0.34821429
vt 0.46723790 0.34821429
vt 0.46723790 0.34821429
vt 0.46723790 0.34821429
vt 0.46723790 0.34821429
vt 0.46723790 0.34821429
vt 0.46723790 0.34821429
vt 0.46723790 0.34821429
vt 0.46723790 0.34821429
vt 0.46723790 0.34821429
vt 0.46723790 0.34821429
vt 0.46723790 0.34821429
vt 0.46723790 0.34821429
vt 0.46723790 0.34821429
vt 0.46723790 0.34821429
vt 0.46723790 0.34821429
vt 0.46723790 0.34821429
vt 0.46723790 0.34821429
vt 0.46723790 0.34821429
vt 0.46723790 0.34821429
vt 0.46723790 0.34821429
vt 0.46723790 0.34821429
vt 0.46723790 0.34821429
vt 0.46723790 0.34821429
vt 0.46723790 0.34821429
vt 0.46723790 0.34821429
vt 0.46723790 0.34821429
vt 0.46723790 0.34821429
vt 0.46723790 0.34821429
vt 0.46723790 0.34821429
vt 0.46723790 0.34821429
vt 0.46723790 0.34821429
vt 0.46723790 0.34821429
vt 0.46723790 0.34821429
vt 0.46723790 0.34821429
vt 0.46723790 0.34821429
vt 0.46723790 0.34821429
vt 0.46723790 0.34821429
vt 0.46723790 0.34821429
vt 0.46723790 0.34821429
vt 0.46723790 0.34821429
vt 0.46723790 0.34821429
vt 0.46723790 0.34821429
vt 0.46723790 0.34821429
vt 0.46723790 0.34821429
vt 0.46723790 0.34821429
vt 0.46723790 0.34821429
vt 0.46723790 0.34821429
vt 0.46723790 0.34821429
vt 0.46723790 0.34821429
vt 0.46723790 0.34821429
vt 0.46723790 0.34821429
vt 0.46723790 0.34821429
vt 0.46723790 0.34821429
vt 0.46723790 0.34821429
vt 0.46723790 0.34821429
vt 0.46723790 0.34821429
vt 0.46723790 0.34821429
vt 0.46723790 0.34821429
vt 0.46723790 0.34821429
vt 0.46723790 0.34821429
vt 0.46723790 0.34821429
vt 0.46723790 0.34821429
vt 0.46723790 0.34821429
vt 0.46723790 0.34821429
vt 0.46723790 0.34821429
vt 0.46723790 0.34821429
vt 0.46723790 0.34821429
vt 0.46723790 0.34821429
vt 0.46723790 0.34821429
vt 0.46723790 0.34821429
vt 0.46723790 0.34821429
vt 0.46723790 0.34821429
vt 0.46723790 0.34821429
vt 0.46723790 0.34821429
vt 0.46723790 0.34821429
vt 0.46723790 0.34821429
vt 0.46723790 0.34821429
vt 0.46723790 0.34821429
vt 0.46723790 0.34821429
vt 0.46723790 0.34821429
vt 0.46723790 0.34821429
vt 0.46723790 0.34821429
vt 0.46723790 0.34821429
vt 0.46723790 0.34821429
vt 0.46723790 0.34821429
vt 0.46723790 0.34821429
vt 0.46723790 0.34821429
vt 0.46723790 0.34821429
vt 0.46723790 0.34821429
vt 0.46723790 0.34821429
vt 0.46723790 0.34821429
vt 0.46723790 0.34821429
vt 0.46723790 0.34821429
vt 0.46723790 0.34821429
vt 0.46723790 0.34821429
vt 0.46723790 0.34821429
vt 0.46723790 0.34821429
vt 0.46723790 0.34821429
vt 0.46723790 0.34821429
vt 0.46723790 0.34821429
vt 0.46723790 0.34821429
vt 0.46723790 0.34821429
vt 0.46723790 0.34821429
vt 0.46723790 0.34821429
vt 0.46723790 0.34821429
vt 0.46723790 0.34821429
vt 0.46723790 0.34821429
vt 0.46723790 0.34821429
vt 0.46723790 0.34821429
vt 0.46723790 0.34821429
vt 0.46723790 0.34821429
vt 0.46723790 0.34821429
vt 0.46723790 0.34821429
vt 0.46723790 0.34821429
vt 0.46723790 0.34821429
vt 0.46723790 0.34821429
vt 0.46723790 0.34821429
vt 0.46723790 0.34821429
vt 0.46723790 0.34821429
vt 0.46723790 0.34821429
vt 0.46723790 0.34821429
vt 0.46723790 0.34821429
vt 0.46723790 0.34821429
vt 0.46723790 0.34821429
vt 0.46723790 0.34821429
vt 0.46723790 0.34821429
vt 0.46723790 0.34821429
vt 0.46723790 0.34821429
vt 0.46723790 0.34821429
vt 0.46723790 0.34821429
vt 0.46723790 0.34821429
vt 0.46723790 0.34821429
vt 0.46723790 0.34821429
vt 0.46723790 0.34821429
vt 0.46723790 0.34821429
vt 0.46723790 0.34821429
vt 0.46723790 0.34821429
vt 0.46723790 0.34821429
vt 0.46723790 0.34821429
vt 0.46723790 0.34821429
vt 0.46723790 0.34821429
vt 0.46723790 0.34821429
vt 0.46723790 0.34821429
vt 0.46723790 0.34821429
vt 0.46723790 0.34821429
vt 0.46723790 0.34821429
vt 0.46723790 0.34821429
vt 0.46723790 0.34821429
vt 0.46723790 0.34821429
vt 0.46723790 0.34821429
vt 0.46723790 0.34821429
vt 0.46723790 0.34821429
vt 0.46723790 0.34821429
vt 0.46723790 0.34821429
vt 0.46723790 0.34821429
vt 0.46723790 0.34821429
vt 0.46723790 0.34821429
vt 0.46723790 0.34821429
vt 0.46723790 0.34821429
vt 0.46723790 0.34821429
vt 0.46723790 0.34821429
vt 0.46723790 0.34821429
vt 0.46723790 0.34821429
vt 0.46723790 0.34821429
vt 0.46723790 0.34821429
vt 0.46723790 0.34821429
vt 0.46723790 0.34821429
vt 0.46723790 0.34821429
vt 0.46723790 0.34821429
vt 0.46723790 0.34821429
vt 0.46723790 0.34821429
vt 0.46723790 0.34821429
vt 0.46723790 0.34821429
vt 0.46723790 0.34821429
vt 0.46723790 0.34821429
vt 0.46723790 0.34821429
vt 0.46723790 0.34821429
vt 0.46723790 0.34821429
vt 0.46723790 0.34821429
vt 0.46723790 0.34821429
vt 0.46723790 0.34821429
vt 0.46723790 0.34821429
vt 0.46723790 0.34821429
vt 0.46723790 0.34821429
vt 0.46723790 0.34821429
vt 0.46723790 0.34821429
vt 0.46723790 0.34821429
vt 0.46723790 0.34821429
vt 0.46723790 0.34821429
vt 0.46723790 0.34821429
vt 0.46723790 0.34821429
vt 0.46723790 0.34821429
vt 0.46723790 0.34821429
vt 0.46723790 0.34821429
vt 0.46723790 0.34821429
vt 0.46723790 0.34821429
vt 0.46723790 0.34821429
vt 0.46723790 0.34821429
vt 0.46723790 0.34821429
vt 0.46723790 0.34821429
vt 0.46723790 0.34821429
vt 0.46723790 0.34821429
vt 0.46723790 0.34821429
vt 0.46723790 0.34821429
vt 0.46723790 0.34821429
vt 0.46723790 0.34821429
vt 0.46723790 0.34821429
vt 0.46723790 0.34821429
vt 0.46723790 0.34821429
vt 0.46723790 0.34821429
vt 0.46723790 0.34821429
vt 0.46723790 0.34821429
vt 0.46723790 0.34821429
vt 0.46723790 0.34821429
vt 0.46723790 0.34821429
vt 0.46723790 0.34821429
vt 0.46723790 0.34821429
vt 0.46723790 0.34821429
vt 0.46723790 0.34821429
vt 0.46723790 0.34821429
vt 0.46723790 0.34821429
vt 0.46723790 0.34821429
vt 0.46723790 0.34821429
vt 0.46723790 0.34821429
vt 0.46723790 0.34821429
vt 0.46723790 0.34821429
vt 0.46723790 0.34821429
vt 0.46723790 0.34821429
vt 0.46723790 0.34821429
vt 0.46723790 0.34821429
vt 0.46723790 0.34821429
vt 0.46723790 0.34821429
vt 0.46723790 0.34821429
vt 0.46723790 0.34821429
vt 0.46723790 0.34821429
vt 0.46723790 0.34821429
vt 0.46723790 0.34821429
vt 0.46723790 0.34821429
vt 0.46723790 0.34821429
vt 0.46723790 0.34821429
vt 0.46723790 0.34821429
vt 0.46723790 0.34821429
vt 0.46723790 0.34821429
vt 0.46723790 0.34821429
vt 0.46723790 0.34821429
vt 0.46723790 0.34821429
vt 0.46723790 0.34821429
vt 0.46723790 0.34821429
vt 0.46723790 0.34821429
vt 0.46723790 0.34821429
vt 0.46723790 0.34821429
vt 0.46723790 0.34821429
vt 0.46723790 0.34821429
vt 0.46723790 0.34821429
vt 0.46723790 0.34821429
vt 0.46723790 0.34821429
vt 0.46723790 0.34821429
vt 0.46723790 0.34821429
vt 0.46723790 0.34821429
vt 0.46723790 0.34821429
vt 0.46723790 0.34821429
vt 0.46723790 0.34821429
vt 0.46723790 0.34821429
vt 0.46723790 0.34821429
vt 0.46723790 0.34821429
vt 0.46723790 0.34821429
vt 0.46723790 0.34821429
vt 0.46723790 0.34821429
vt 0.46723790 0.34821429
vt 0.46723790 0.34821429
vt 0.46723790 0.34821429
vt 0.46723790 0.34821429
vt 0.46723790 0.34821429
vt 0.46723790 0.34821429
vt 0.46723790 0.34821429
vt 0.46723790 0.34821429
vt 0.46723790 0.34821429
vt 0.46723790 0.34821429
vt 0.46723790 0.34821429
vt 0.46723790 0.34821429
vt 0.46723790 0.34821429
vt 0.46723790 0.34821429
vt 0.46723790 0.34821429
vt 0.46723790 0.34821429
vt 0.46723790 0.34821429
vt 0.46723790 0.34821429
vt 0.46723790 0.34821429
vt 0.46723790 0.34821429
vt 0.46723790 0.34821429
vt 0.46723790 0.34821429
vt 0.46723790 0.34821429
vt 0.46723790 0.34821429
vt 0.46723790 0.34821429
vt 0.46723790 0.34821429
vt 0.46723790 0.34821429
vt 0.46723790 0.34821429
vt 0.46723790 0.34821429
vt 0.46723790 0.34821429
vt 0.46723790 0.34821429
vt 0.46723790 0.34821429
vt 0.46723790 0.34821429
vt 0.46723790 0.34821429
vt 0.46723790 0.34821429
vt 0.46723790 0.34821429
vt 0.46723790 0.34821429
vt 0.46723790 0.34821429
vt 0.46723790 0.34821429
vt 0.46723790 0.34821429
vt 0.46723790 0.34821429
vt 0.46723790 0.34821429
vt 0.46723790 0.34821429
vt 0.46723790 0.34821429
vt 0.46723790 0.34821429
vt 0.46723790 0.34821429
vt 0.46723790 0.34821429
vt 0.46723790 0.34821429
vt 0.46723790 0.34821429
vt 0.46723790 0.34821429
vt 0.46723790 0.34821429
vt 0.46723790 0.34821429
vt 0.46723790 0.34821429
vt 0.46723790 0.34821429
vt 0.46723790 0.34821429
vt 0.46723790 0.34821429
vt 0.46723790 0.34821429
vt 0.46723790 0.34821429
vt 0.46723790 0.34821429
vt 0.46723790 0.34821429
vt 0.46723790 0.34821429
vt 0.46723790 0.34821429
vt 0.46723790 0.34821429
vt 0.46723790 0.34821429
vt 0.46723790 0.34821429
vt 0.46723790 0.34821429
vt 0.46723790 0.34821429
vt 0.46723790 0.34821429
vt 0.46723790 0.34821429
vt 0.46723790 0.34821429
vt 0.46723790 0.34821429
vt 0.46723790 0.34821429
vt 0.46723790 0.34821429
vt 0.46723790 0.34821429
vt 0.46723790 0.34821429
vt 0.46723790 0.34821429
vt 0.46723790 0.34821429
vt 0.46723790 0.34821429
vt 0.46723790 0.34821429
vt 0.46723790 0.34821429
vt 0.46723790 0.34821429
vt 0.46723790 0.34821429
vt 0.46723790 0.34821429
vt 0.46723790 0.34821429
vt 0.46723790 0.34821429
vt 0.46723790 0.34821429
vt 0.46723790 0.34821429
vt 0.46723790 0.34821429
vt 0.46723790 0.34821429
vt 0.46723790 0.34821429
vt 0.46723790 0.34821429
vt 0.46723790 0.34821429
vt 0.46723790 0.34821429
vt 0.46723790 0.34821429
vt 0.46723790 0.34821429
vt 0.46723790 0.34821429
vt 0.46723790 0.34821429
vt 0.46723790 0.34821429
vt 0.46723790 0.34821429
vt 0.46723790 0.34821429
vt 0.46723790 0.34821429
vt 0.46723790 0.34821429
vt 0.46723790 0.34821429
vt 0.46723790 0.34821429
vt 0.46723790 0.34821429
vt 0.46723790 0.34821429
vt 0.46723790 0.34821429
vt 0.46723790 0.34821429
vt 0.46723790 0.34821429
vt 0.46723790 0.34821429
vt 0.46723790 0.34821429
vt 0.46723790 0.34821429
vt 0.46723790 0.34821429
vt 0.46723790 0.34821429
vt 0.46723790 0.34821429
vt 0.46723790 0.34821429
vt 0.46723790 0.34821429
vt 0.46723790 0.34821429
vt 0.46723790 0.34821429
vt 0.46723790 0.34821429
vt 0.46723790 0.34821429
vt 0.46723790 0.34821429
vt 0.46723790 0.34821429
vt 0.46723790 0.34821429
vt 0.46723790 0.34821429
vt 0.46723790 0.34821429
vt 0.46723790 0.34821429
vt 0.46723790 0.34821429
vt 0.46723790 0.34821429
vt 0.46723790 0.34821429
vt 0.46723790 0.34821429
vt 0.46723790 0.34821429
vt 0.46723790 0.34821429
vt 0.46723790 0.34821429
vt 0.46723790 0.34821429
vt 0.46723790 0.34821429
vt 0.46723790 0.34821429
vt 0.46723790 0.34821429
vt 0.46723790 0.34821429
vt 0.46723790 0.34821429
vt 0.46723790 0.34821429
vt 0.46723790 0.34821429
vt 0.46723790 0.34821429
vt 0.46723790 0.34821429
vt 0.46723790 0.34821429
vt 0.46723790 0.34821429
vt 0.46723790 0.34821429
vt 0.46723790 0.34821429
vt 0.46723790 0.34821429
vt 0.46723790 0.34821429
vt 0.46723790 0.34821429
vt 0.46723790 0.34821429
vt 0.46723790 0.34821429
vt 0.46723790 0.34821429
vt 0.46723790 0.34821429
vt 0.46723790 0.34821429
vt 0.46723790 0.34821429
vt 0.46723790 0.34821429
vt 0.46723790 0.34821429
vt 0.46723790 0.34821429
vt 0.46723790 0.34821429
vt 0.46723790 0.34821429
vt 0.46723790 0.34821429
vt 0.46723790 0.34821429
vt 0.46723790 0.34821429
vt 0.46723790 0.34821429
vt 0.46723790 0.34821429
vt 0.46723790 0.34821429
vt 0.46723790 0.34821429
vt 0.46723790 0.34821429
vt 0.46723790 0.34821429
vt 0.46723790 0.34821429
vt 0.46723790 0.34821429
vt 0.46723790 0.34821429
vt 0.46723790 0.34821429
vt 0.46723790 0.34821429
vt 0.46723790 0.34821429
vt 0.46723790 0.34821429
vt 0.46723790 0.34821429
vt 0.46723790 0.34821429
vt 0.46723790 0.34821429
vt 0.46723790 0.34821429
vt 0.46723790 0.34821429
vt 0.46723790 0.34821429
vt 0.46723790 0.34821429
vt 0.46723790 0.34821429
vt 0.46723790 0.34821429
vt 0.46723790 0.34821429
vt 0.46723790 0.34821429
vt 0.46723790 0.34821429
vt 0.46723790 0.34821429
vt 0.46723790 0.34821429
vt 0.46723790 0.34821429
vt 0.46723790 0.34821429
vt 0.46723790 0.34821429
vt 0.46723790 0.34821429
vt 0.46723790 0.34821429
vt 0.46723790 0.34821429
vt 0.46723790 0.34821429
vt 0.46723790 0.34821429
vt 0.46723790 0.34821429
vt 0.46723790 0.34821429
vt 0.46723790 0.34821429
vt 0.46723790 0.34821429
vt 0.46723790 0.34821429
vt 0.46723790 0.34821429
vt 0.46723790 0.34821429
vt 0.46723790 0.34821429
vt 0.46723790 0.34821429
vt 0.46723790 0.34821429
vt 0.46723790 0.34821429
vt 0.46723790 0.34821429
vt 0.46723790 0.34821429
vt 0.46723790 0.34821429
vt 0.46723790 0.34821429
vt 0.46723790 0.34821429
vt 0.46723790 0.34821429
vt 0.46723790 0.34821429
vt 0.46723790 0.34821429
vt 0.46723790 0.34821429
vt 0.46723790 0.34821429
vt 0.46723790 0.34821429
vt 0.46723790 0.34821429
vt 0.46723790 0.34821429
vt 0.46723790 0.34821429
vt 0.46723790 0.34821429
vt 0.46723790 0.34821429
vt 0.46723790 0.34821429
vt 0.46723790 0.34821429
vt 0.46723790 0.34821429
vt 0.46723790 0.34821429
vt 0.46723790 0.34821429
vt 0.46723790 0.34821429
vt 0.46723790 0.34821429
vt 0.46723790 0.34821429
vt 0.46723790 0.34821429
vt 0.46723790 0.34821429
vt 0.46723790 0.34821429
vt 0.46723790 0.34821429
vt 0.46723790 0.34821429
vt 0.46723790 0.34821429
vt 0.46723790 0.34821429
vt 0.46723790 0.34821429
vt 0.46723790 0.34821429
vt 0.46723790 0.34821429
vt 0.46723790 0.34821429
vt 0.46723790 0.34821429
vt 0.46723790 0.34821429
vt 0.46723790 0.34821429
vt 0.46723790 0.34821429
vt 0.46723790 0.34821429
vt 0.46723790 0.34821429
vt 0.46723790 0.34821429
vt 0.46723790 0.34821429
vt 0.46723790 0.34821429
vt 0.46723790 0.34821429
vt 0.46723790 0.34821429
vt 0.46723790 0.34821429
vt 0.46723790 0.34821429
vt 0.46723790 0.34821429
vt 0.46723790 0.34821429
vt 0.46723790 0.34821429
vt 0.46723790 0.34821429
vt 0.46723790 0.34821429
vt 0.46723790 0.34821429
vt 0.46723790 0.34821429
vt 0.46723790 0.34821429
vt 0.46723790 0.34821429
vt 0.46723790 0.34821429
vt 0.46723790 0.34821429
vt 0.46723790 0.34821429
vt 0.46723790 0.34821429
vt 0.46723790 0.34821429
vt 0.46723790 0.34821429
vt 0.46723790 0.34821429
vt 0.46723790 0.34821429
vt 0.46723790 0.34821429
vt 0.46723790 0.34821429
vt 0.46723790 0.34821429
vt 0.46723790 0.34821429
vt 0.46723790 0.34821429
vt 0.46723790 0.34821429
vt 0.46723790 0.34821429
vt 0.46723790 0.34821429
vt 0.46723790 0.34821429
vt 0.46723790 0.34821429
vt 0.46723790 0.34821429
vt 0.46723790 0.34821429
vt 0.46723790 0.34821429
vt 0.46723790 0.34821429
vt 0.46723790 0.34821429
vt 0.46723790 0.34821429
vt 0.46723790 0.34821429
vt 0.46723790 0.34821429
vt 0.46723790 0.34821429
vt 0.46723790 0.34821429
vt 0.46723790 0.34821429
vt 0.46723790 0.34821429
vt 0.46723790 0.34821429
vt 0.46723790 0.34821429
vt 0.46723790 0.34821429
vt 0.46723790 0.34821429
vt 0.46723790 0.34821429
vt 0.46723790 0.34821429
vt 0.46723790 0.34821429
vt 0.46723790 0.34821429
vt 0.46723790 0.34821429
vt 0.46723790 0.34821429
vt 0.46723790 0.34821429
vt 0.46723790 0.34821429
vt 0.46723790 0.34821429
vt 0.46723790 0.34821429
vt 0.46723790 0.34821429
vt 0.46723790 0.34821429
vt 0.46723790 0.34821429
vt 0.46723790 0.34821429
vt 0.46723790 0.34821429
vt 0.46723790 0.34821429
vt 0.46723790 0.34821429
vt 0.46723790 0.34821429
vt 0.46723790 0.34821429
vt 0.46723790 0.34821429
vt 0.46723790 0.34821429
vt 0.46723790 0.34821429
vt 0.46723790 0.34821429
vt 0.46723790 0.34821429
vt 0.46723790 0.34821429
vt 0.46723790 0.34821429
vt 0.46723790 0.34821429
vt 0.46723790 0.34821429
vt 0.46723790 0.34821429
vt 0.46723790 0.34821429
vt 0.46723790 0.34821429
vt 0.46723790 0.34821429
vt 0.46723790 0.34821429
vt 0.46723790 0.34821429
vt 0.46723790 0.34821429
vt 0.46723790 0.34821429
vt 0.46723790 0.34821429
vt 0.46723790 0.34821429
vt 0.46723790 0.34821429
vt 0.46723790 0.34821429
vt 0.46723790 0.34821429
vt 0.46723790 0.34821429
vt 0.46723790 0.34821429
vt 0.46723790 0.34821429
vt 0.46723790 0.34821429
vt 0.46723790 0.34821429
vt 0.46723790 0.34821429
vt 0.46723790 0.34821429
vt 0.46723790 0.34821429
vt 0.46723790 0.34821429
vt 0.46723790 0.34821429
vt 0.46723790 0.34821429
vt 0.46723790 0.34821429
vt 0.46723790 0.34821429
vt 0.46723790 0.34821429
vt 0.46723790 0.34821429
vt 0.46723790 0.34821429
vt 0.46723790 0.34821429
vt 0.46723790 0.34821429
vt 0.46723790 0.34821429
vt 0.46723790 0.34821429
vt 0.46723790 0.34821429
vt 0.46723790 0.34821429
vt 0.46723790 0.34821429
vt 0.46723790 0.34821429
vt 0.46723790 0.34821429
vt 0.46723790 0.34821429
vt 0.46723790 0.34821429
vt 0.46723790 0.34821429
vt 0.46723790 0.34821429
vt 0.46723790 0.34821429
vt 0.46723790 0.34821429
vt 0.46723790 0.34821429
vt 0.46723790 0.34821429
vt 0.46723790 0.34821429
vt 0.46723790 0.34821429
vt 0.46723790 0.34821429
vt 0.46723790 0.34821429
vt 0.46723790 0.34821429
vt 0.46723790 0.34821429
vt 0.46723790 0.34821429
vt 0.46723790 0.34821429
vt 0.46723790 0.34821429
vt 0.46723790 0.34821429
vt 0.46723790 0.34821429
vt 0.46723790 0.34821429
vt 0.46723790 0.34821429
vt 0.46723790 0.34821429
vt 0.46723790 0.34821429
vt 0.46723790 0.34821429
vt 0.46723790 0.34821429
vt 0.46723790 0.34821429
vt 0.46723790 0.34821429
vt 0.46723790 0.34821429
vt 0.46723790 0.34821429
vt 0.46723790 0.34821429
vt 0.46723790 0.34821429
vt 0.46723790 0.34821429
vt 0.46723790 0.34821429
vt 0.46723790 0.34821429
vt 0.46723790 0.34821429
vt 0.46723790 0.34821429
vt 0.46723790 0.34821429
vt 0.46723790 0.34821429
vt 0.46723790 0.34821429
vt 0.46723790 0.34821429
vt 0.46723790 0.34821429
vt 0.46723790 0.34821429
vt 0.46723790 0.34821429
vt 0.46723790 0.34821429
vt 0.46723790 0.34821429
vt 0.46723790 0.34821429
vt 0.46723790 0.34821429
vt 0.46723790 0.34821429
vt 0.46723790 0.34821429
vt 0.46723790 0.34821429
vt 0.46723790 0.34821429
vt 0.46723790 0.34821429
vt 0.46723790 0.34821429
vt 0.46723790 0.34821429
vt 0.46723790 0.34821429
vt 0.46723790 0.34821429
vt 0.46723790 0.34821429
vt 0.46723790 0.34821429
vt 0.46723790 0.34821429
vt 0.46723790 0.34821429
vt 0.46723790 0.34821429
vt 0.46723790 0.34821429
vt 0.46723790 0.34821429
vt 0.46723790 0.34821429
vt 0.46723790 0.34821429
vt 0.46723790 0.34821429
vt 0.46723790 0.34821429
vt 0.46723790 0.34821429
vt 0.46723790 0.34821429
vt 0.46723790 0.34821429
vt 0.46723790 0.34821429
vt 0.46723790 0.34821429
vt 0.46723790 0.34821429
vt 0.46723790 0.34821429
vt 0.46723790 0.34821429
vt 0.46723790 0.34821429
vt 0.46723790 0.34821429
vt 0.46723790 0.34821429
vt 0.46723790 0.34821429
vt 0.46723790 0.34821429
vt 0.46723790 0.34821429
vt 0.46723790 0.34821429
vt 0.46723790 0.34821429
vt 0.46723790 0.34821429
vt 0.46723790 0.34821429
vt 0.46723790 0.34821429
vt 0.46723790 0.34821429
vt 0.46723790 0.34821429
vt 0.46723790 0.34821429
vt 0.46723790 0.34821429
vt 0.46723790 0.34821429
vt 0.46723790 0.34821429
vt 0.46723790 0.34821429
vt 0.46723790 0.34821429
vt 0.46723790 0.34821429
vt 0.46723790 0.34821429
vt 0.46723790 0.34821429
vt 0.46723790 0.34821429
vt 0.46723790 0.34821429
vt 0.46723790 0.34821429
vt 0.46723790 0.34821429
vt 0.46723790 0.34821429
vt 0.46723790 0.34821429
vt 0.46723790 0.34821429
vt 0.46723790 0.34821429
vt 0.46723790 0.34821429
vt 0.46723790 0.34821429
vt 0.46723790 0.34821429
vt 0.46723790 0.34821429
vt 0.46723790 0.34821429
vt 0.46723790 0.34821429
vt 0.46723790 0.34821429
vt 0.46723790 0.34821429
vt 0.46723790 0.34821429
vt 0.46723790 0.34821429
vt 0.46723790 0.34821429
vt 0.46723790 0.34821429
vt 0.46723790 0.34821429
vt 0.46723790 0.34821429
vt 0.46723790 0.34821429
vt 0.46723790 0.34821429
vt 0.46723790 0.34821429
vt 0.46723790 0.34821429
vt 0.46723790 0.34821429
vt 0.46723790 0.34821429
vt 0.46723790 0.34821429
vt 0.46723790 0.34821429
vt 0.46723790 0.34821429
vt 0.46723790 0.34821429
vt 0.46723790 0.34821429
vt 0.46723790 0.34821429
vt 0.46723790 0.34821429
vt 0.46723790 0.34821429
vt 0.46723790 0.34821429
vt 0.46723790 0.34821429
vt 0.46723790 0.34821429
vt 0.46723790 0.34821429
vt 0.46723790 0.34821429
vt 0.46723790 0.34821429
vt 0.46723790 0.34821429
vt 0.46723790 0.34821429
vt 0.46723790 0.34821429
vt 0.46723790 0.34821429
vt 0.46723790 0.34821429
vt 0.46723790 0.34821429
vt 0.46723790 0.34821429
vt 0.46723790 0.34821429
vt 0.46723790 0.34821429
vt 0.46723790 0.34821429
vt 0.46723790 0.34821429
vt 0.46723790 0.34821429
vt 0.46723790 0.34821429
vt 0.46723790 0.34821429
vt 0.46723790 0.34821429
vt 0.46723790 0.34821429
vt 0.46723790 0.34821429
vt 0.46723790 0.34821429
vt 0.46723790 0.34821429
vt 0.46723790 0.34821429
vt 0.46723790 0.34821429
vt 0.46723790 0.34821429
vt 0.46723790 0.34821429
vt 0.46723790 0.34821429
vt 0.46723790 0.34821429
vt 0.46723790 0.34821429
vt 0.46723790 0.34821429
vt 0.46723790 0.34821429
vt 0.46723790 0.34821429
vt 0.46723790 0.34821429
vt 0.46723790 0.34821429
vt 0.46723790 0.34821429
vt 0.46723790 0.34821429
vt 0.46723790 0.34821429
vt 0.46723790 0.34821429
vt 0.46723790 0.34821429
vt 0.46723790 0.34821429
vt 0.46723790 0.34821429
vt 0.46723790 0.34821429
vt 0.46723790 0.34821429
vt 0.46723790 0.34821429
vt 0.46723790 0.34821429
vt 0.46723790 0.34821429
vt 0.46723790 0.34821429
vt 0.46723790 0.34821429
vt 0.46723790 0.34821429
vt 0.46723790 0.34821429
vt 0.46723790 0.34821429
vt 0.46723790 0.34821429
vt 0.46723790 0.34821429
vt 0.46723790 0.34821429
vt 0.46723790 0.34821429
vt 0.46723790 0.34821429
vt 0.46723790 0.34821429
vt 0.46723790 0.34821429
vt 0.46723790 0.34821429
vt 0.46723790 0.34821429
vt 0.46723790 0.34821429
vt 0.46723790 0.34821429
vt 0.46723790 0.34821429
vt 0.46723790 0.34821429
vt 0.46723790 0.34821429
vt 0.46723790 0.34821429
vt 0.46723790 0.34821429
vt 0.46723790 0.34821429
vt 0.46723790 0.34821429
vt 0.46723790 0.34821429
vt 0.46723790 0.34821429
vt 0.46723790 0.34821429
vt 0.46723790 0.34821429
vt 0.46723790 0.34821429
vt 0.46723790 0.34821429
vt 0.46723790 0.34821429
vt 0.46723790 0.34821429
vt 0.46723790 0.34821429
vt 0.46723790 0.34821429
vt 0.46723790 0.34821429
vt 0.46723790 0.34821429
vt 0.46723790 0.34821429
vt 0.46723790 0.34821429
vt 0.46723790 0.34821429
vt 0.46723790 0.34821429
vt 0.46723790 0.34821429
vt 0.46723790 0.34821429
vt 0.46723790 0.34821429
vt 0.46723790 0.34821429
vt 0.46723790 0.34821429
vt 0.46723790 0.34821429
vt 0.46723790 0.34821429
vt 0.46723790 0.34821429
vt 0.46723790 0.34821429
vt 0.46723790 0.34821429
vt 0.46723790 0.34821429
vt 0.46723790 0.34821429
vt 0.46723790 0.34821429
vt 0.46723790 0.34821429
vt 0.46723790 0.34821429
vt 0.46723790 0.34821429
vt 0.46723790 0.34821429
vt 0.46723790 0.34821429
vt 0.46723790 0.34821429
vt 0.46723790 0.34821429
vt 0.46723790 0.34821429
vt 0.46723790 0.34821429
vt 0.46723790 0.34821429
vt 0.46723790 0.34821429
vt 0.46723790 0.34821429
vt 0.46723790 0.34821429
vt 0.46723790 0.34821429
vt 0.46723790 0.34821429
vt 0.46723790 0.34821429
vt 0.46723790 0.34821429
vt 0.46723790 0.34821429
vt 0.46723790 0.34821429
vt 0.46723790 0.34821429
vt 0.46723790 0.34821429
vt 0.46723790 0.34821429
vt 0.46723790 0.34821429
vt 0.46723790 0.34821429
vt 0.46723790 0.34821429
vt 0.46723790 0.34821429
vt 0.46723790 0.34821429
vt 0.46723790 0.34821429
vt 0.46723790 0.34821429
vt 0.46723790 0.34821429
vt 0.46723790 0.34821429
vt 0.46723790 0.34821429
vt 0.46723790 0.34821429
vt 0.46723790 0.34821429
vt 0.46723790 0.34821429
vt 0.46723790 0.34821429
vt 0.46723790 0.34821429
vt 0.46723790 0.34821429
vt 0.46723790 0.34821429
vt 0.46723790 0.34821429
vt 0.46723790 0.34821429
vt 0.46723790 0.34821429
vt 0.46723790 0.34821429
vt 0.46723790 0.34821429
vt 0.46723790 0.34821429
vt 0.46723790 0.34821429
vt 0.46723790 0.34821429
vt 0.46723790 0.34821429
vt 0.46723790 0.34821429
vt 0.46723790 0.34821429
vt 0.46723790 0.34821429
vt 0.46723790 0.34821429
vt 0.46723790 0.34821429
vt 0.46723790 0.34821429
vt 0.46723790 0.34821429
vt 0.46723790 0.34821429
vt 0.46723790 0.34821429
vt 0.46723790 0.34821429
vt 0.46723790 0.34821429
vt 0.46723790 0.34821429
vt 0.46723790 0.34821429
vt 0.46723790 0.34821429
vt 0.46723790 0.34821429
vt 0.46723790 0.34821429
vt 0.46723790 0.34821429
vt 0.46723790 0.34821429
vt 0.46723790 0.34821429
vt 0.46723790 0.34821429
vt 0.46723790 0.34821429
vt 0.46723790 0.34821429
vt 0.46723790 0.34821429
vt 0.46723790 0.34821429
vt 0.46723790 0.34821429
vt 0.46723790 0.34821429
vt 0.46723790 0.34821429
vt 0.46723790 0.34821429
vt 0.46723790 0.34821429
vt 0.46723790 0.34821429
vt 0.46723790 0.34821429
vt 0.46723790 0.34821429
vt 0.46723790 0.34821429
vt 0.46723790 0.34821429
vt 0.46723790 0.34821429
vt 0.46723790 0.34821429
vt 0.46723790 0.34821429
vt 0.46723790 0.34821429
vt 0.46723790 0.34821429
vt 0.46723790 0.34821429
vt 0.46723790 0.34821429
vt 0.46723790 0.34821429
vt 0.46723790 0.34821429
vt 0.46723790 0.34821429
vt 0.46723790 0.34821429
vt 0.46723790 0.34821429
vt 0.46723790 0.34821429
vt 0.46723790 0.34821429
vt 0.46723790 0.34821429
vt 0.46723790 0.34821429
vt 0.46723790 0.34821429
vt 0.46723790 0.34821429
vt 0.46723790 0.34821429
vt 0.46723790 0.34821429
vt 0.46723790 0.34821429
vt 0.46723790 0.34821429
vt 0.46723790 0.34821429
vt 0.46723790 0.34821429
vt 0.46723790 0.34821429
vt 0.46723790 0.34821429
vt 0.46723790 0.34821429
vt 0.46723790 0.34821429
vt 0.46723790 0.34821429
vt 0.46723790 0.34821429
vt 0.46723790 0.34821429
vt 0.46723790 0.34821429
vt 0.46723790 0.34821429
vt 0.46723790 0.34821429
vt 0.46723790 0.34821429
vt 0.46723790 0.34821429
vt 0.46723790 0.34821429
vt 0.46723790 0.34821429
vt 0.46723790 0.34821429
vt 0.46723790 0.34821429
vt 0.46723790 0.34821429
vt 0.46723790 0.34821429
vt 0.46723790 0.34821429
vt 0.46723790 0.34821429
vt 0.46723790 0.34821429
vt 0.46723790 0.34821429
vt 0.46723790 0.34821429
vt 0.46723790 0.34821429
vt 0.46723790 0.34821429
vt 0.46723790 0.34821429
vt 0.46723790 0.34821429
vt 0.46723790 0.34821429
vt 0.46723790 0.34821429
vt 0.46723790 0.34821429
vt 0.46723790 0.34821429
vt 0.46723790 0.34821429
vt 0.46723790 0.34821429
vt 0.46723790 0.34821429
vt 0.46723790 0.34821429
vt 0.46723790 0.34821429
vt 0.46723790 0.34821429
vt 0.46723790 0.34821429
vt 0.46723790 0.34821429
vt 0.46723790 0.34821429
vt 0.46723790 0.34821429
vt 0.46723790 0.34821429
vt 0.46723790 0.34821429
vt 0.46723790 0.34821429
vt 0.46723790 0.34821429
vt 0.46723790 0.34821429
vt 0.46723790 0.34821429
vt 0.46723790 0.34821429
vt 0.46723790 0.34821429
vt 0.46723790 0.34821429
vt 0.46723790 0.34821429
vt 0.46723790 0.34821429
vt 0.46723790 0.34821429
vt 0.46723790 0.34821429
vt 0.46723790 0.34821429
vt 0.46723790 0.34821429
vt 0.46723790 0.34821429
vt 0.46723790 0.34821429
vt 0.46723790 0.34821429
vt 0.46723790 0.34821429
vt 0.46723790 0.34821429
vt 0.46723790 0.34821429
vt 0.46723790 0.34821429
vt 0.46723790 0.34821429
vt 0.46723790 0.34821429
vt 0.46723790 0.34821429
vt 0.46723790 0.34821429
vt 0.46723790 0.34821429
vt 0.46723790 0.34821429
vt 0.46723790 0.34821429
vt 0.46723790 0.34821429
vt 0.46723790 0.34821429
vt 0.46723790 0.34821429
vt 0.46723790 0.34821429
vt 0.46723790 0.34821429
vt 0.46723790 0.34821429
vt 0.46723790 0.34821429
vt 0.46723790 0.34821429
vt 0.46723790 0.34821429
vt 0.46723790 0.34821429
vt 0.46723790 0.34821429
vt 0.46723790 0.34821429
vt 0.46723790 0.34821429
vt 0.46723790 0.34821429
vt 0.46723790 0.34821429
vt 0.46723790 0.34821429
vt 0.46723790 0.34821429
vt 0.46723790 0.34821429
vt 0.46723790 0.34821429
vt 0.46723790 0.34821429
vt 0.46723790 0.34821429
vt 0.46723790 0.34821429
vt 0.46723790 0.34821429
vt 0.46723790 0.34821429
vt 0.46723790 0.34821429
vt 0.46723790 0.34821429
vt 0.46723790 0.34821429
vt 0.46723790 0.34821429
vt 0.46723790 0.34821429
vt 0.46723790 0.34821429
vt 0.46723790 0.34821429
vt 0.46723790 0.34821429
vt 0.46723790 0.34821429
vt 0.46723790 0.34821429
vt 0.46723790 0.34821429
vt 0.46723790 0.34821429
vt 0.46723790 0.34821429
vt 0.46723790 0.34821429
vt 0.46723790 0.34821429
vt 0.46723790 0.34821429
vt 0.46723790 0.34821429
vt 0.46723790 0.34821429
vt 0.46723790 0.34821429
vt 0.46723790 0.34821429
vt 0.46723790 0.34821429
vt 0.46723790 0.34821429
vt 0.46723790 0.34821429
vt 0.46723790 0.34821429
vt 0.46723790 0.34821429
vt 0.46723790 0.34821429
vt 0.46723790 0.34821429
vt 0.46723790 0.34821429
vt 0.46723790 0.34821429
vt 0.46723790 0.34821429
vt 0.46723790 0.34821429
vt 0.46723790 0.34821429
vt 0.46723790 0.34821429
vt 0.46723790 0.34821429
vt 0.46723790 0.34821429
vt 0.46723790 0.34821429
vt 0.46723790 0.34821429
vt 0.46723790 0.34821429
vt 0.46723790 0.34821429
vt 0.46723790 0.34821429
vt 0.46723790 0.34821429
vt 0.46723790 0.34821429
vt 0.46723790 0.34821429
vt 0.46723790 0.34821429
vt 0.46723790 0.34821429
vt 0.46723790 0.34821429
vt 0.46723790 0.34821429
vt 0.46723790 0.34821429
vt 0.46723790 0.34821429
vt 0.46723790 0.34821429
vt 0.46723790 0.34821429
vt 0.46723790 0.34821429
vt 0.46723790 0.34821429
vt 0.46723790 0.34821429
vt 0.46723790 0.34821429
vt 0.46723790 0.34821429
vt 0.46723790 0.34821429
vt 0.46723790 0.34821429
vt 0.46723790 0.34821429
vt 0.46723790 0.34821429
vt 0.46723790 0.34821429
vt 0.46723790 0.34821429
vt 0.46723790 0.34821429
vt 0.46723790 0.34821429
vt 0.46723790 0.34821429
vt 0.46723790 0.34821429
vt 0.46723790 0.34821429
vt 0.46723790 0.34821429
vt 0.46723790 0.34821429
vt 0.46723790 0.34821429
vt 0.46723790 0.34821429
vt 0.46723790 0.34821429
vt 0.46723790 0.34821429
vt 0.46723790 0.34821429
vt 0.46723790 0.34821429
vt 0.46723790 0.34821429
vt 0.46723790 0.34821429
vt 0.46723790 0.34821429
vt 0.46723790 0.34821429
vt 0.46723790 0.34821429
vt 0.46723790 0.34821429
vt 0.46723790 0.34821429
vt 0.46723790 0.34821429
vt 0.46723790 0.34821429
vt 0.46723790 0.34821429
vt 0.46723790 0.34821429
vt 0.46723790 0.34821429
vt 0.46723790 0.34821429
vt 0.46723790 0.34821429
vt 0.46723790 0.34821429
vt 0.46723790 0.34821429
vt 0.46723790 0.34821429
vt 0.46723790 0.34821429
vt 0.46723790 0.34821429
vt 0.46723790 0.34821429
vt 0.46723790 0.34821429
vt 0.46723790 0.34821429
vt 0.46723790 0.34821429
vt 0.46723790 0.34821429
vt 0.46723790 0.34821429
vt 0.46723790 0.34821429
vt 0.46723790 0.34821429
vt 0.46723790 0.34821429
vt 0.46723790 0.34821429
vt 0.46723790 0.34821429
vt 0.46723790 0.34821429
vt 0.46723790 0.34821429
vt 0.46723790 0.34821429
vt 0.46723790 0.34821429
vt 0.46723790 0.34821429
vt 0.46723790 0.34821429
vt 0.46723790 0.34821429
vt 0.46723790 0.34821429
vt 0.46723790 0.34821429
vt 0.46723790 0.34821429
vt 0.46723790 0.34821429
vt 0.46723790 0.34821429
vt 0.46723790 0.34821429
vt 0.46723790 0.34821429
vt 0.46723790 0.34821429
vt 0.46723790 0.34821429
vt 0.46723790 0.34821429
vt 0.46723790 0.34821429
vt 0.46723790 0.34821429
vt 0.46723790 0.34821429
vt 0.46723790 0.34821429
vt 0.46723790 0.34821429
vt 0.46723790 0.34821429
vt 0.46723790 0.34821429
vt 0.46723790 0.34821429
vt 0.46723790 0.34821429
vt 0.46723790 0.34821429
vt 0.46723790 0.34821429
vt 0.46723790 0.34821429
vt 0.46723790 0.34821429
vt 0.46723790 0.34821429
vt 0.46723790 0.34821429
vt 0.46723790 0.34821429
vt 0.46723790 0.34821429
vt 0.46723790 0.34821429
vt 0.46723790 0.34821429
vt 0.46723790 0.34821429
vt 0.46723790 0.34821429
vt 0.46723790 0.34821429
vt 0.46723790 0.34821429
vt 0.46723790 0.34821429
vt 0.46723790 0.34821429
vt 0.46723790 0.34821429
vt 0.46723790 0.34821429
vt 0.46723790 0.34821429
vt 0.46723790 0.34821429
vt 0.46723790 0.34821429
vt 0.46723790 0.34821429
vt 0.46723790 0.34821429
vt 0.46723790 0.34821429
vt 0.46723790 0.34821429
vt 0.46723790 0.34821429
vt 0.46723790 0.34821429
vt 0.46723790 0.34821429
vt 0.46723790 0.34821429
vt 0.46723790 0.34821429
vt 0.46723790 0.34821429
vt 0.46723790 0.34821429
vt 0.46723790 0.34821429
vt 0.46723790 0.34821429
vt 0.46723790 0.34821429
vt 0.46723790 0.34821429
vt 0.46723790 0.34821429
vt 0.46723790 0.34821429
vt 0.46723790 0.34821429
vt 0.46723790 0.34821429
vt 0.46723790 0.34821429
vt 0.46723790 0.34821429
vt 0.46723790 0.34821429
vt 0.46723790 0.34821429
vt 0.46723790 0.34821429
vt 0.46723790 0.34821429
vt 0.46723790 0.34821429
vt 0.46723790 0.34821429
vt 0.46723790 0.34821429
vt 0.46723790 0.34821429
vt 0.46723790 0.34821429
vt 0.46723790 0.34821429
vt 0.46723790 0.34821429
vt 0.46723790 0.34821429
vt 0.46723790 0.34821429
vt 0.46723790 0.34821429
vt 0.46723790 0.34821429
vt 0.46723790 0.34821429
vt 0.46723790 0.34821429
vt 0.46723790 0.34821429
vt 0.46723790 0.34821429
vt 0.46723790 0.34821429
vt 0.46723790 0.34821429
vt 0.46723790 0.34821429
vt 0.46723790 0.34821429
vt 0.46723790 0.34821429
vt 0.46723790 0.34821429
vt 0.46723790 0.34821429
vt 0.46723790 0.34821429
vt 0.46723790 0.34821429
vt 0.46723790 0.34821429
vt 0.46723790 0.34821429
vt 0.46723790 0.34821429
vt 0.46723790 0.34821429
vt 0.46723790 0.34821429
vt 0.46723790 0.34821429
vt 0.46723790 0.34821429
vt 0.46723790 0.34821429
vt 0.46723790 0.34821429
vt 0.46723790 0.34821429
vt 0.46723790 0.34821429
vt 0.46723790 0.34821429
vt 0.46723790 0.34821429
vt 0.46723790 0.34821429
vt 0.46723790 0.34821429
vt 0.46723790 0.34821429
vt 0.46723790 0.34821429
vt 0.46723790 0.34821429
vt 0.46723790 0.34821429
vt 0.46723790 0.34821429
vt 0.46723790 0.34821429
vt 0.46723790 0.34821429
vt 0.46723790 0.34821429
vt 0.46723790 0.34821429
vt 0.46723790 0.34821429
vt 0.46723790 0.34821429
vt 0.46723790 0.34821429
vt 0.46723790 0.34821429
vt 0.46723790 0.34821429
vt 0.46723790 0.34821429
vt 0.46723790 0.34821429
vt 0.46723790 0.34821429
vt 0.46723790 0.34821429
vt 0.46723790 0.34821429
vt 0.46723790 0.34821429
vt 0.46723790 0.34821429
vt 0.46723790 0.34821429
vt 0.46723790 0.34821429
vt 0.46723790 0.34821429
vt 0.46723790 0.34821429
vt 0.46723790 0.34821429
vt 0.46723790 0.34821429
vt 0.46723790 0.34821429
vt 0.46723790 0.34821429
vt 0.46723790 0.34821429
vt 0.46723790 0.34821429
vt 0.46723790 0.34821429
vt 0.46723790 0.34821429
vt 0.46723790 0.34821429
vt 0.46723790 0.34821429
vt 0.46723790 0.34821429
vt 0.46723790 0.34821429
vt 0.46723790 0.34821429
vt 0.46723790 0.34821429
vt 0.46723790 0.34821429
vt 0.46723790 0.34821429
vt 0.46723790 0.34821429
vt 0.27368952 0.34821429
vt 0.27368952 0.34821429
vt 0.27368952 0.34821429
vt 0.27368952 0.34821429
vt 0.27368952 0.34821429
vt 0.27368952 0.34821429
vt 0.27368952 0.34821429
vt 0.27368952 0.34821429
vt 0.27368952 0.34821429
vt 0.27368952 0.34821429
vt 0.27368952 0.34821429
vt 0.27368952 0.34821429
vt 0.27368952 0.34821429
vt 0.27368952 0.34821429
vt 0.27368952 0.34821429
vt 0.27368952 0.34821429
vt 0.27368952 0.34821429
vt 0.27368952 0.34821429
vt 0.27368952 0.34821429
vt 0.27368952 0.34821429
vt 0.27368952 0.34821429
vt 0.27368952 0.34821429
vt 0.27368952 0.34821429
vt 0.27368952 0.34821429
vt 0.27368952 0.34821429
vt 0.27368952 0.34821429
vt 0.27368952 0.34821429
vt 0.27368952 0.34821429
vt 0.27368952 0.34821429
vt 0.27368952 0.34821429
vt 0.27368952 0.34821429
vt 0.27368952 0.34821429
vt 0.27368952 0.34821429
vt 0.27368952 0.34821429
vt 0.27368952 0.34821429
vt 0.27368952 0.34821429
vt 0.27368952 0.34821429
vt 0.27368952 0.34821429
vt 0.27368952 0.34821429
vt 0.27368952 0.34821429
vt 0.27368952 0.34821429
vt 0.27368952 0.34821429
vt 0.27368952 0.34821429
vt 0.27368952 0.34821429
vt 0.27368952 0.34821429
vt 0.27368952 0.34821429
vt 0.27368952 0.34821429
vt 0.27368952 0.34821429
vt 0.27368952 0.34821429
vt 0.27368952 0.34821429
vt 0.27368952 0.34821429
vt 0.27368952 0.34821429
vt 0.27368952 0.34821429
vt 0.27368952 0.34821429
vt 0.27368952 0.34821429
vt 0.27368952 0.34821429
vt 0.27368952 0.34821429
vt 0.27368952 0.34821429
vt 0.27368952 0.34821429
vt 0.27368952 0.34821429
vt 0.27368952 0.34821429
vt 0.27368952 0.34821429
vt 0.27368952 0.34821429
vt 0.27368952 0.34821429
vt 0.27368952 0.34821429
vt 0.27368952 0.34821429
vt 0.27368952 0.34821429
vt 0.27368952 0.34821429
vt 0.27368952 0.34821429
vt 0.27368952 0.34821429
vt 0.27368952 0.34821429
vt 0.27368952 0.34821429
vt 0.08014113 0.34821429
vt 0.08014113 0.34821429
vt 0.08014113 0.34821429
vt 0.08014113 0.34821429
vt 0.08014113 0.34821429
vt 0.08014113 0.34821429
vt 0.08014113 0.34821429
vt 0.08014113 0.34821429
vt 0.08014113 0.34821429
vt 0.08014113 0.34821429
vt 0.08014113 0.34821429
vt 0.08014113 0.34821429
vt 0.08014113 0.34821429
vt 0.08014113 0.34821429
vt 0.08014113 0.34821429
vt 0.08014113 0.34821429
vt 0.08014113 0.34821429
vt 0.08014113 0.34821429
vt 0.08014113 0.34821429
vt 0.08014113 0.34821429
vt 0.08014113 0.34821429
vt 0.08014113 0.34821429
vt 0.08014113 0.34821429
vt 0.08014113 0.34821429
vt 0.08014113 0.34821429
vt 0.08014113 0.34821429
vt 0.08014113 0.34821429
vt 0.08014113 0.34821429
vt 0.08014113 0.34821429
vt 0.08014113 0.34821429
vt 0.08014113 0.34821429
vt 0.08014113 0.34821429
vt 0.08014113 0.34821429
vt 0.08014113 0.34821429
vt 0.08014113 0.34821429
vt 0.08014113 0.34821429
vt 0.08014113 0.34821429
vt 0.08014113 0.34821429
vt 0.08014113 0.34821429
vt 0.08014113 0.34821429
vt 0.08014113 0.34821429
vt 0.08014113 0.34821429
vt 0.08014113 0.34821429
vt 0.08014113 0.34821429
vt 0.08014113 0.34821429
vt 0.08014113 0.34821429
vt 0.08014113 0.34821429
vt 0.08014113 0.34821429
vt 0.08014113 0.34821429
vt 0.08014113 0.34821429
vt 0.08014113 0.34821429
vt 0.08014113 0.34821429
vt 0.08014113 0.34821429
vt 0.08014113 0.34821429
vt 0.08014113 0.34821429
vt 0.08014113 0.34821429
vt 0.08014113 0.34821429
vt 0.08014113 0.34821429
vt 0.08014113 0.34821429
vt 0.08014113 0.34821429
vt 0.08014113 0.34821429
vt 0.08014113 0.34821429
vt 0.08014113 0.34821429
vt 0.08014113 0.34821429
vt 0.08014113 0.34821429
vt 0.08014113 0.34821429
vt 0.08014113 0.34821429
vt 0.08014113 0.34821429
vt 0.08014113 0.34821429
vt 0.08014113 0.34821429
vt 0.08014113 0.34821429
vt 0.08014113 0.34821429
vt 0.08014113 0.34821429
vt 0.08014113 0.34821429
vt 0.08014113 0.34821429
vt 0.08014113 0.34821429
vt 0.08014113 0.34821429
vt 0.08014113 0.34821429
vt 0.08014113 0.34821429
vt 0.08014113 0.34821429
vt 0.08014113 0.34821429
vt 0.08014113 0.34821429
vt 0.08014113 0.34821429
vt 0.08014113 0.34821429
vt 0.08014113 0.34821429
vt 0.08014113 0.34821429
vt 0.08014113 0.34821429
vt 0.08014113 0.34821429
vt 0.08014113 0.34821429
vt 0.08014113 0.34821429
vt 0.08014113 0.34821429
vt 0.08014113 0.34821429
vt 0.08014113 0.34821429
vt 0.08014113 0.34821429
vt 0.08014113 0.34821429
vt 0.08014113 0.34821429
f 1/1 2/2 3/3
f 3/3 2/2 4/4
f 3/3 4/4 5/5
f 6/6 7/7 8/8
f 3/3 9/9 1/1
f 1/1 9/9 6/6
f 1/1 6/6 10/10
f 10/10 6/6 8/8
f 11/11 12/12 13/13
f 13/13 12/12 14/14
f 15/15 16/16 17/17
f 17/17 16/16 11/11
f 18/18 16/16 19/19
f 19/19 16/16 20/20
f 21/21 22/22 23/23
f 23/23 22/22 24/24
f 25/25 26/26 27/27
f 27/27 26/26 21/21
f 28/28 29/29 30/30
f 30/30 29/29 31/31
f 32/32 33/33 34/34
f 34/34 33/33 28/28
f 35/35 36/36 37/37
f 37/37 36/36 38/38
f 39/39 36/36 40/40
f 40/40 36/36 41/41
f 42/42 43/43 44/44
f 44/44 43/43 39/39
f 45/45 46/46 47/47
f 48/48 47/47 49/49
f 49/49 47/47 50/50
f 48/48 51/51 47/47
f 47/47 51/51 52/52
f 47/47 52/52 45/45
f 53/53 54/54 55/55
f 55/55 54/54 56/56
f 55/55 56/56 57/57
f 57/57 58/58 55/55
f 55/55 58/58 59/59
f 55/55 59/59 60/60
f 61/61 62/62 63/63
f 64/64 65/65 66/66
f 64/64 67/67 61/61
f 61/61 67/67 68/68
f 61/61 68/68 62/62
f 69/69 70/70 71/71
f 71/71 70/70 72/72
f 73/73 74/74 75/75
f 75/75 74/74 76/76
f 75/75 76/76 77/77
f 66/66 78/78 64/64
f 64/64 78/78 79/79
f 64/64 79/79 67/67
f 63/63 80/80 61/61
f 61/61 80/80 81/81
f 61/61 81/81 71/71
f 71/71 81/81 82/82
f 71/71 82/82 69/69
f 72/72 83/83 71/71
f 71/71 83/83 84/84
f 71/71 84/84 75/75
f 75/75 84/84 85/85
f 75/75 85/85 73/73
f 77/77 86/86 75/75
f 75/75 86/86 87/87
f 75/75 87/87 64/64
f 64/64 87/87 88/88
f 64/64 88/88 65/65
f 89/89 90/90 91/91
f 91/91 90/90 92/92
f 93/93 94/94 95/95
f 95/95 94/94 96/96
f 97/97 98/98 99/99
f 99/99 98/98 100/100
f 101/101 102/102 103/103
f 103/103 102/102 104/104
f 105/105 106/106 107/107
f 108/108 109/109 110/110
f 105/105 107/107 111/111
f 106/106 112/112 107/107
f 107/107 112/112 113/113
f 107/107 113/113 114/114
f 109/109 115/115 110/110
f 110/110 115/115 116/116
f 110/110 116/116 117/117
f 111/111 107/107 118/118
f 118/118 107/107 119/119
f 118/118 119/119 110/110
f 110/110 119/119 120/120
f 110/110 120/120 108/108
f 121/121 122/122 123/123
f 123/123 122/122 124/124
f 125/125 126/126 127/127
f 127/127 126/126 128/128
f 127/127 128/128 129/129
f 129/129 130/130 127/127
f 127/127 130/130 131/131
f 127/127 131/131 132/132
f 121/121 133/133 122/122
f 122/122 133/133 134/134
f 122/122 134/134 135/135
f 132/132 136/136 127/127
f 127/127 136/136 137/137
f 127/127 137/137 122/122
f 122/122 137/137 138/138
f 139/139 140/140 141/141
f 125/125 127/127 142/142
f 142/142 127/127 143/143
f 142/142 143/143 144/144
f 134/134 145/145 135/135
f 135/135 145/145 146/146
f 135/135 146/146 147/147
f 147/147 146/146 148/148
f 147/147 148/148 149/149
f 150/150 151/151 124/124
f 124/124 151/151 152/152
f 124/124 152/152 153/153
f 138/138 154/154 122/122
f 122/122 154/154 155/155
f 122/122 155/155 124/124
f 124/124 155/155 156/156
f 124/124 156/156 150/150
f 144/144 143/143 141/141
f 141/141 143/143 157/157
f 141/141 157/157 139/139
f 158/158 159/159 160/160
f 161/161 162/162 163/163
f 163/163 162/162 164/164
f 163/163 164/164 165/165
f 165/165 164/164 166/166
f 165/165 166/166 167/167
f 167/167 166/166 160/160
f 167/167 160/160 168/168
f 168/168 160/160 159/159
f 169/169 170/170 171/171
f 171/171 170/170 162/162
f 171/171 162/162 172/172
f 172/172 162/162 161/161
f 158/158 160/160 173/173
f 173/173 160/160 174/174
f 173/173 174/174 175/175
f 176/176 177/177 178/178
f 178/178 177/177 179/179
f 178/178 179/179 180/180
f 177/177 181/181 179/179
f 179/179 181/181 182/182
f 179/179 182/182 183/183
f 183/183 182/182 184/184
f 184/184 185/185 183/183
f 183/183 185/185 186/186
f 183/183 186/186 187/187
f 188/188 189/189 178/178
f 178/178 189/189 190/190
f 178/178 190/190 176/176
f 187/187 191/191 183/183
f 183/183 191/191 192/192
f 183/183 192/192 193/193
f 193/193 192/192 194/194
f 195/195 196/196 197/197
f 198/198 199/199 197/197
f 197/197 199/199 200/200
f 197/197 200/200 195/195
f 198/198 201/201 199/199
f 199/199 201/201 202/202
f 199/199 202/202 203/203
f 203/203 204/204 199/199
f 199/199 204/204 205/205
f 199/199 205/205 206/206
f 207/207 208/208 209/209
f 209/209 208/208 210/210
f 211/211 212/212 213/213
f 214/214 215/215 213/213
f 213/213 215/215 216/216
f 213/213 216/216 211/211
f 217/217 218/218 211/211
f 211/211 218/218 219/219
f 211/211 219/219 220/220
f 220/220 221/221 211/211
f 211/211 221/221 222/222
f 211/211 222/222 212/212
f 223/223 224/224 225/225
f 225/225 224/224 226/226
f 227/227 228/228 229/229
f 230/230 231/231 229/229
f 232/232 233/233 153/153
f 153/153 233/233 234/234
f 153/153 234/234 124/124
f 232/232 153/153 235/235
f 235/235 153/153 236/236
f 235/235 236/236 237/237
f 228/228 238/238 235/235
f 239/239 228/228 240/240
f 240/240 228/228 235/235
f 240/240 235/235 241/241
f 241/241 235/235 237/237
f 239/239 242/242 228/228
f 228/228 242/242 243/243
f 228/228 243/243 229/229
f 229/229 243/243 244/244
f 230/230 229/229 245/245
f 246/246 247/247 229/229
f 229/229 247/247 248/248
f 229/229 248/248 227/227
f 249/249 250/250 251/251
f 251/251 250/250 252/252
f 251/251 252/252 253/253
f 253/253 252/252 247/247
f 253/253 247/247 254/254
f 254/254 247/247 246/246
f 255/255 256/256 249/249
f 249/249 256/256 257/257
f 249/249 257/257 250/250
f 258/258 104/104 102/102
f 249/249 259/259 255/255
f 255/255 259/259 260/260
f 255/255 260/260 261/261
f 261/261 260/260 102/102
f 102/102 260/260 262/262
f 102/102 262/262 258/258
f 244/244 263/263 229/229
f 229/229 263/263 264/264
f 229/229 264/264 245/245
f 245/245 264/264 265/265
f 245/245 265/265 266/266
f 266/266 265/265 267/267
f 267/267 268/268 266/266
f 266/266 268/268 269/269
f 266/266 269/269 270/270
f 270/270 269/269 271/271
f 272/272 273/273 274/274
f 274/274 273/273 92/92
f 274/274 92/92 90/90
f 275/275 276/276 277/277
f 277/277 278/278 275/275
f 275/275 278/278 279/279
f 275/275 279/279 280/280
f 280/280 279/279 281/281
f 280/280 281/281 282/282
f 282/282 283/283 280/280
f 280/280 283/283 284/284
f 280/280 284/284 275/275
f 275/275 284/284 285/285
f 275/275 285/285 272/272
f 272/272 285/285 286/286
f 272/272 286/286 273/273
f 287/287 288/288 289/289
f 290/290 287/287 291/291
f 291/291 287/287 289/289
f 291/291 289/289 292/292
f 290/290 293/293 287/287
f 287/287 293/293 294/294
f 287/287 294/294 275/275
f 275/275 294/294 295/295
f 275/275 295/295 276/276
f 296/296 297/297 287/287
f 287/287 297/297 298/298
f 287/287 298/298 299/299
f 299/299 300/300 287/287
f 287/287 300/300 301/301
f 287/287 301/301 288/288
f 103/103 104/104 296/296
f 296/296 104/104 258/258
f 258/258 302/302 296/296
f 296/296 302/302 303/303
f 296/296 303/303 297/297
f 304/304 305/305 306/306
f 306/306 305/305 307/307
f 306/306 307/307 308/308
f 308/308 307/307 309/309
f 308/308 310/310 306/306
f 306/306 310/310 311/311
f 306/306 311/311 312/312
f 312/312 313/313 306/306
f 306/306 313/313 314/314
f 306/306 314/314 315/315
f 306/306 316/316 304/304
f 304/304 316/316 317/317
f 304/304 317/317 318/318
f 318/318 317/317 96/96
f 318/318 96/96 94/94
f 102/102 101/101 261/261
f 261/261 101/101 319/319
f 261/261 319/319 320/320
f 320/320 319/319 321/321
f 322/322 323/323 324/324
f 323/323 325/325 324/324
f 324/324 325/325 326/326
f 324/324 326/326 319/319
f 319/319 326/326 327/327
f 319/319 327/327 321/321
f 328/328 329/329 330/330
f 331/331 332/332 306/306
f 315/315 333/333 306/306
f 306/306 333/333 334/334
f 306/306 334/334 331/331
f 332/332 328/328 306/306
f 306/306 328/328 330/330
f 306/306 330/330 324/324
f 324/324 330/330 335/335
f 324/324 335/335 322/322
f 336/336 337/337 338/338
f 166/166 339/339 160/160
f 160/160 339/339 340/340
f 341/341 342/342 343/343
f 338/338 337/337 344/344
f 343/343 340/340 341/341
f 341/341 340/340 339/339
f 341/341 339/339 345/345
f 345/345 339/339 344/344
f 345/345 344/344 346/346
f 346/346 344/344 337/337
f 347/347 348/348 338/338
f 338/338 348/348 349/349
f 338/338 349/349 336/336
f 350/350 351/351 352/352
f 352/352 351/351 353/353
f 352/352 353/353 347/347
f 347/347 353/353 354/354
f 347/347 354/354 348/348
f 355/355 356/356 357/357
f 357/357 356/356 358/358
f 358/358 359/359 357/357
f 357/357 359/359 360/360
f 357/357 360/360 361/361
f 361/361 360/360 362/362
f 355/355 357/357 160/160
f 160/160 357/357 363/363
f 160/160 363/363 174/174
f 360/360 364/364 362/362
f 362/362 364/364 365/365
f 362/362 365/365 366/366
f 366/366 365/365 367/367
f 365/365 368/368 367/367
f 367/367 368/368 369/369
f 367/367 369/369 370/370
f 371/371 372/372 373/373
f 371/371 373/373 374/374
f 373/373 375/375 374/374
f 374/374 375/375 376/376
f 374/374 376/376 370/370
f 370/370 376/376 377/377
f 370/370 377/377 367/367
f 99/99 100/100 378/378
f 378/378 100/100 373/373
f 378/378 373/373 379/379
f 379/379 373/373 372/372
f 110/110 117/117 380/380
f 110/110 380/380 381/381
f 381/381 380/380 382/382
f 381/381 382/382 383/383
f 383/383 382/382 384/384
f 383/383 384/384 385/385
f 385/385 384/384 386/386
f 385/385 386/386 387/387
f 387/387 386/386 388/388
f 388/388 386/386 389/389
f 388/388 389/389 390/390
f 389/389 391/391 390/390
f 390/390 391/391 392/392
f 390/390 392/392 393/393
f 393/393 392/392 394/394
f 392/392 395/395 394/394
f 394/394 395/395 396/396
f 394/394 396/396 397/397
f 397/397 396/396 398/398
f 396/396 399/399 398/398
f 398/398 399/399 100/100
f 398/398 100/100 98/98
f 400/400 401/401 402/402
f 98/98 97/97 403/403
f 403/403 97/97 404/404
f 404/404 405/405 403/403
f 403/403 405/405 406/406
f 403/403 406/406 407/407
f 407/407 406/406 408/408
f 407/407 408/408 409/409
f 408/408 410/410 409/409
f 409/409 410/410 411/411
f 409/409 411/411 412/412
f 412/412 411/411 413/413
f 412/412 413/413 414/414
f 414/414 413/413 415/415
f 414/414 415/415 416/416
f 416/416 415/415 417/417
f 416/416 417/417 418/418
f 417/417 419/419 418/418
f 418/418 419/419 420/420
f 418/418 420/420 421/421
f 421/421 420/420 400/400
f 421/421 400/400 422/422
f 422/422 400/400 402/402
f 422/422 402/402 423/423
f 423/423 402/402 424/424
f 423/423 424/424 193/193
f 193/193 424/424 183/183
f 425/425 426/426 427/427
f 428/428 429/429 430/430
f 431/431 432/432 433/433
f 433/433 432/432 428/428
f 433/433 428/428 434/434
f 428/428 430/430 434/434
f 434/434 430/430 179/179
f 434/434 179/179 183/183
f 427/427 426/426 435/435
f 435/435 426/426 436/436
f 435/435 436/436 437/437
f 438/438 439/439 436/436
f 436/436 439/439 440/440
f 436/436 440/440 437/437
f 428/428 441/441 429/429
f 429/429 441/441 442/442
f 429/429 442/442 438/438
f 438/438 442/442 443/443
f 438/438 443/443 439/439
f 444/444 445/445 446/446
f 446/446 445/445 447/447
f 446/446 447/447 448/448
f 448/448 447/447 449/449
f 449/449 447/447 450/450
f 449/449 450/450 451/451
f 452/452 453/453 450/450
f 450/450 453/453 454/454
f 450/450 454/454 451/451
f 455/455 456/456 457/457
f 457/457 456/456 458/458
f 457/457 458/458 452/452
f 452/452 458/458 459/459
f 452/452 459/459 453/453
f 457/457 460/460 455/455
f 455/455 460/460 93/93
f 455/455 93/93 95/95
f 95/95 96/96 461/461
f 462/462 463/463 461/461
f 461/461 463/463 464/464
f 461/461 464/464 95/95
f 465/465 466/466 462/462
f 462/462 466/466 467/467
f 462/462 467/467 463/463
f 468/468 469/469 465/465
f 465/465 469/469 470/470
f 465/465 470/470 466/466
f 471/471 22/22 18/18
f 472/472 473/473 18/18
f 18/18 473/473 474/474
f 18/18 474/474 471/471
f 471/471 474/474 475/475
f 471/471 475/475 468/468
f 468/468 475/475 476/476
f 468/468 476/476 469/469
f 101/101 477/477 319/319
f 319/319 477/477 478/478
f 319/319 478/478 324/324
f 324/324 478/478 479/479
f 324/324 479/479 306/306
f 306/306 479/479 480/480
f 306/306 480/480 316/316
f 316/316 480/480 481/481
f 316/316 481/481 317/317
f 317/317 481/481 482/482
f 317/317 482/482 96/96
f 96/96 482/482 461/461
f 477/477 483/483 478/478
f 478/478 483/483 484/484
f 478/478 484/484 479/479
f 479/479 484/484 485/485
f 479/479 485/485 480/480
f 480/480 485/485 486/486
f 480/480 486/486 481/481
f 481/481 486/486 487/487
f 481/481 487/487 482/482
f 482/482 487/487 488/488
f 482/482 488/488 461/461
f 461/461 488/488 462/462
f 483/483 489/489 484/484
f 484/484 489/489 490/490
f 484/484 490/490 485/485
f 485/485 490/490 491/491
f 485/485 491/491 486/486
f 486/486 491/491 492/492
f 486/486 492/492 487/487
f 487/487 492/492 493/493
f 487/487 493/493 488/488
f 488/488 493/493 494/494
f 488/488 494/494 462/462
f 462/462 494/494 465/465
f 489/489 495/495 490/490
f 490/490 495/495 496/496
f 490/490 496/496 491/491
f 491/491 496/496 497/497
f 491/491 497/497 492/492
f 492/492 497/497 498/498
f 492/492 498/498 493/493
f 493/493 498/498 499/499
f 493/493 499/499 494/494
f 494/494 499/499 500/500
f 494/494 500/500 465/465
f 465/465 500/500 468/468
f 495/495 501/501 496/496
f 496/496 501/501 502/502
f 496/496 502/502 497/497
f 497/497 502/502 503/503
f 497/497 503/503 498/498
f 498/498 503/503 504/504
f 498/498 504/504 499/499
f 499/499 504/504 505/505
f 499/499 505/505 500/500
f 500/500 505/505 506/506
f 500/500 506/506 468/468
f 468/468 506/506 471/471
f 501/501 26/26 502/502
f 502/502 26/26 25/25
f 502/502 25/25 503/503
f 503/503 25/25 27/27
f 503/503 27/27 504/504
f 504/504 27/27 21/21
f 504/504 21/21 505/505
f 505/505 21/21 23/23
f 505/505 23/23 506/506
f 506/506 23/23 24/24
f 506/506 24/24 471/471
f 471/471 24/24 22/22
f 91/91 507/507 89/89
f 89/89 507/507 508/508
f 508/508 507/507 509/509
f 509/509 507/507 510/510
f 509/509 510/510 511/511
f 511/511 510/510 512/512
f 512/512 510/510 513/513
f 512/512 513/513 514/514
f 514/514 513/513 515/515
f 515/515 513/513 516/516
f 515/515 516/516 517/517
f 517/517 516/516 518/518
f 518/518 516/516 519/519
f 518/518 519/519 520/520
f 520/520 519/519 521/521
f 521/521 519/519 522/522
f 521/521 522/522 523/523
f 101/101 103/103 524/524
f 101/101 524/524 477/477
f 477/477 524/524 525/525
f 477/477 525/525 483/483
f 483/483 525/525 526/526
f 483/483 526/526 489/489
f 489/489 526/526 527/527
f 489/489 527/527 495/495
f 495/495 527/527 528/528
f 495/495 528/528 501/501
f 501/501 528/528 29/29
f 501/501 29/29 26/26
f 38/38 33/33 529/529
f 530/530 531/531 38/38
f 530/530 38/38 532/532
f 532/532 38/38 529/529
f 532/532 529/529 533/533
f 533/533 529/529 534/534
f 533/533 534/534 535/535
f 536/536 537/537 534/534
f 534/534 537/537 538/538
f 534/534 538/538 535/535
f 539/539 540/540 541/541
f 541/541 540/540 542/542
f 541/541 542/542 536/536
f 536/536 542/542 543/543
f 536/536 543/543 537/537
f 541/541 544/544 539/539
f 539/539 544/544 90/90
f 539/539 90/90 89/89
f 90/90 544/544 274/274
f 274/274 544/544 545/545
f 274/274 545/545 272/272
f 272/272 545/545 546/546
f 272/272 546/546 275/275
f 275/275 546/546 547/547
f 275/275 547/547 287/287
f 287/287 547/547 548/548
f 287/287 548/548 296/296
f 296/296 548/548 549/549
f 296/296 549/549 103/103
f 103/103 549/549 524/524
f 544/544 541/541 545/545
f 545/545 541/541 550/550
f 545/545 550/550 546/546
f 546/546 550/550 551/551
f 546/546 551/551 547/547
f 547/547 551/551 552/552
f 547/547 552/552 548/548
f 548/548 552/552 553/553
f 548/548 553/553 549/549
f 549/549 553/553 554/554
f 549/549 554/554 524/524
f 524/524 554/554 525/525
f 541/541 536/536 550/550
f 550/550 536/536 555/555
f 550/550 555/555 551/551
f 551/551 555/555 556/556
f 551/551 556/556 552/552
f 552/552 556/556 557/557
f 552/552 557/557 553/553
f 553/553 557/557 558/558
f 553/553 558/558 554/554
f 554/554 558/558 559/559
f 554/554 559/559 525/525
f 525/525 559/559 526/526
f 536/536 534/534 555/555
f 555/555 534/534 560/560
f 555/555 560/560 556/556
f 556/556 560/560 561/561
f 556/556 561/561 557/557
f 557/557 561/561 562/562
f 557/557 562/562 558/558
f 558/558 562/562 563/563
f 558/558 563/563 559/559
f 559/559 563/563 564/564
f 559/559 564/564 526/526
f 526/526 564/564 527/527
f 534/534 529/529 560/560
f 560/560 529/529 565/565
f 560/560 565/565 561/561
f 561/561 565/565 566/566
f 561/561 566/566 562/562
f 562/562 566/566 567/567
f 562/562 567/567 563/563
f 563/563 567/567 568/568
f 563/563 568/568 564/564
f 564/564 568/568 569/569
f 564/564 569/569 527/527
f 527/527 569/569 528/528
f 529/529 33/33 565/565
f 565/565 33/33 32/32
f 565/565 32/32 566/566
f 566/566 32/32 34/34
f 566/566 34/34 567/567
f 567/567 34/34 28/28
f 567/567 28/28 568/568
f 568/568 28/28 30/30
f 568/568 30/30 569/569
f 569/569 30/30 31/31
f 569/569 31/31 528/528
f 528/528 31/31 29/29
f 570/570 571/571 572/572
f 573/573 574/574 572/572
f 572/572 574/574 575/575
f 572/572 575/575 570/570
f 573/573 576/576 574/574
f 574/574 576/576 577/577
f 574/574 577/577 578/578
f 579/579 580/580 581/581
f 581/581 580/580 578/578
f 581/581 578/578 582/582
f 582/582 578/578 577/577
f 583/583 584/584 585/585
f 585/585 584/584 586/586
f 587/587 588/588 589/589
f 589/589 588/588 590/590
f 588/588 591/591 590/590
f 590/590 591/591 592/592
f 590/590 592/592 593/593
f 592/592 594/594 593/593
f 593/593 594/594 595/595
f 593/593 595/595 596/596
f 596/596 595/595 597/597
f 596/596 597/597 598/598
f 598/598 597/597 599/599
f 600/600 601/601 602/602
f 602/602 601/601 603/603
f 604/604 605/605 606/606
f 606/606 605/605 580/580
f 606/606 580/580 579/579
f 606/606 607/607 604/604
f 604/604 607/607 608/608
f 604/604 608/608 609/609
f 609/609 608/608 610/610
f 609/609 610/610 611/611
f 611/611 610/610 612/612
f 611/611 612/612 613/613
f 614/614 615/615 616/616
f 612/612 617/617 613/613
f 613/613 617/617 618/618
f 613/613 618/618 616/616
f 616/616 618/618 619/619
f 616/616 619/619 614/614
f 587/587 589/589 620/620
f 621/621 622/622 623/623
f 623/623 622/622 624/624
f 623/623 624/624 625/625
f 624/624 626/626 625/625
f 625/625 626/626 627/627
f 625/625 627/627 628/628
f 628/628 627/627 629/629
f 628/628 629/629 630/630
f 630/630 629/629 631/631
f 630/630 631/631 632/632
f 631/631 633/633 632/632
f 632/632 633/633 634/634
f 632/632 634/634 620/620
f 620/620 634/634 635/635
f 620/620 635/635 587/587
f 636/636 637/637 638/638
f 639/639 640/640 638/638
f 638/638 640/640 641/641
f 638/638 641/641 636/636
f 642/642 643/643 639/639
f 639/639 643/643 644/644
f 639/639 644/644 640/640
f 645/645 646/646 642/642
f 642/642 646/646 647/647
f 642/642 647/647 643/643
f 648/648 649/649 645/645
f 645/645 649/649 650/650
f 645/645 650/650 646/646
f 622/622 651/651 624/624
f 624/624 651/651 652/652
f 624/624 652/652 648/648
f 648/648 652/652 653/653
f 648/648 653/653 649/649
f 654/654 587/587 635/635
f 635/635 634/634 655/655
f 655/655 634/634 633/633
f 633/633 631/631 656/656
f 656/656 631/631 629/629
f 629/629 627/627 657/657
f 657/657 627/627 626/626
f 135/135 147/147 637/637
f 637/637 147/147 658/658
f 637/637 658/658 638/638
f 638/638 658/658 659/659
f 638/638 659/659 639/639
f 639/639 659/659 660/660
f 639/639 660/660 642/642
f 642/642 660/660 661/661
f 642/642 661/661 645/645
f 645/645 661/661 657/657
f 645/645 657/657 648/648
f 648/648 657/657 626/626
f 648/648 626/626 624/624
f 635/635 655/655 654/654
f 654/654 655/655 662/662
f 654/654 662/662 663/663
f 663/663 662/662 664/664
f 663/663 664/664 665/665
f 665/665 664/664 666/666
f 665/665 666/666 667/667
f 667/667 666/666 668/668
f 667/667 668/668 669/669
f 669/669 668/668 148/148
f 669/669 148/148 146/146
f 633/633 656/656 655/655
f 655/655 656/656 670/670
f 655/655 670/670 662/662
f 662/662 670/670 671/671
f 662/662 671/671 664/664
f 664/664 671/671 672/672
f 664/664 672/672 666/666
f 666/666 672/672 673/673
f 666/666 673/673 668/668
f 668/668 673/673 149/149
f 668/668 149/149 148/148
f 629/629 657/657 656/656
f 656/656 657/657 661/661
f 656/656 661/661 670/670
f 670/670 661/661 660/660
f 670/670 660/660 671/671
f 671/671 660/660 659/659
f 671/671 659/659 672/672
f 672/672 659/659 658/658
f 672/672 658/658 673/673
f 673/673 658/658 147/147
f 673/673 147/147 149/149
f 591/591 588/588 674/674
f 595/595 594/594 675/675
f 676/676 677/677 678/678
f 679/679 680/680 681/681
f 599/599 597/597 682/682
f 682/682 597/597 683/683
f 682/682 683/683 684/684
f 685/685 686/686 687/687
f 687/687 686/686 688/688
f 687/687 688/688 683/683
f 683/683 688/688 689/689
f 683/683 689/689 684/684
f 680/680 690/690 681/681
f 681/681 690/690 691/691
f 681/681 691/691 687/687
f 687/687 691/691 692/692
f 687/687 692/692 685/685
f 678/678 677/677 681/681
f 681/681 677/677 693/693
f 681/681 693/693 679/679
f 676/676 678/678 694/694
f 694/694 678/678 695/695
f 694/694 695/695 696/696
f 123/123 697/697 121/121
f 121/121 697/697 698/698
f 121/121 698/698 695/695
f 695/695 698/698 699/699
f 695/695 699/699 696/696
f 133/133 121/121 700/700
f 700/700 121/121 695/695
f 700/700 695/695 701/701
f 701/701 695/695 678/678
f 701/701 678/678 702/702
f 702/702 678/678 681/681
f 702/702 681/681 703/703
f 703/703 681/681 687/687
f 703/703 687/687 675/675
f 675/675 687/687 683/683
f 675/675 683/683 595/595
f 595/595 683/683 597/597
f 134/134 133/133 704/704
f 704/704 133/133 700/700
f 704/704 700/700 705/705
f 705/705 700/700 701/701
f 705/705 701/701 706/706
f 706/706 701/701 702/702
f 706/706 702/702 707/707
f 707/707 702/702 703/703
f 707/707 703/703 708/708
f 708/708 703/703 675/675
f 708/708 675/675 592/592
f 592/592 675/675 594/594
f 145/145 134/134 709/709
f 709/709 134/134 704/704
f 709/709 704/704 710/710
f 710/710 704/704 705/705
f 710/710 705/705 711/711
f 711/711 705/705 706/706
f 711/711 706/706 712/712
f 712/712 706/706 707/707
f 712/712 707/707 674/674
f 674/674 707/707 708/708
f 674/674 708/708 591/591
f 591/591 708/708 592/592
f 146/146 145/145 669/669
f 669/669 145/145 709/709
f 669/669 709/709 667/667
f 667/667 709/709 710/710
f 667/667 710/710 665/665
f 665/665 710/710 711/711
f 665/665 711/711 663/663
f 663/663 711/711 712/712
f 663/663 712/712 654/654
f 654/654 712/712 674/674
f 654/654 674/674 587/587
f 587/587 674/674 588/588
f 713/713 714/714 715/715
f 697/697 123/123 124/124
f 716/716 699/699 717/717
f 717/717 699/699 698/698
f 717/717 698/698 718/718
f 718/718 698/698 697/697
f 718/718 697/697 234/234
f 234/234 697/697 124/124
f 717/717 719/719 716/716
f 716/716 719/719 720/720
f 716/716 720/720 721/721
f 721/721 720/720 722/722
f 721/721 722/722 723/723
f 723/723 722/722 724/724
f 723/723 724/724 725/725
f 725/725 724/724 726/726
f 725/725 726/726 727/727
f 727/727 726/726 728/728
f 726/726 729/729 728/728
f 728/728 729/729 730/730
f 728/728 730/730 731/731
f 731/731 730/730 732/732
f 731/731 732/732 733/733
f 733/733 732/732 734/734
f 733/733 734/734 735/735
f 734/734 736/736 735/735
f 735/735 736/736 737/737
f 735/735 737/737 738/738
f 738/738 737/737 739/739
f 739/739 737/737 714/714
f 714/714 737/737 740/740
f 714/714 740/740 715/715
f 207/207 209/209 741/741
f 741/741 209/209 742/742
f 741/741 742/742 743/743
f 743/743 742/742 744/744
f 743/743 744/744 715/715
f 715/715 744/744 745/745
f 715/715 745/745 713/713
f 270/270 271/271 746/746
f 747/747 748/748 746/746
f 746/746 748/748 749/749
f 746/746 749/749 270/270
f 747/747 750/750 748/748
f 748/748 750/750 751/751
f 748/748 751/751 752/752
f 752/752 751/751 753/753
f 754/754 755/755 753/753
f 753/753 755/755 756/756
f 753/753 756/756 752/752
f 754/754 757/757 755/755
f 755/755 757/757 758/758
f 755/755 758/758 759/759
f 760/760 761/761 762/762
f 760/760 762/762 763/763
f 764/764 762/762 765/765
f 765/765 762/762 761/761
f 765/765 761/761 766/766
f 766/766 761/761 767/767
f 766/766 767/767 768/768
f 768/768 769/769 766/766
f 766/766 769/769 770/770
f 766/766 770/770 771/771
f 759/759 763/763 755/755
f 755/755 763/763 762/762
f 755/755 762/762 772/772
f 772/772 762/762 773/773
f 764/764 774/774 762/762
f 762/762 774/774 775/775
f 762/762 775/775 773/773
f 773/773 775/775 776/776
f 773/773 776/776 777/777
f 777/777 776/776 778/778
f 778/778 776/776 779/779
f 778/778 779/779 780/780
f 780/780 779/779 781/781
f 780/780 781/781 782/782
f 223/223 225/225 783/783
f 783/783 225/225 784/784
f 783/783 784/784 785/785
f 785/785 784/784 786/786
f 786/786 787/787 785/785
f 785/785 787/787 788/788
f 785/785 788/788 789/789
f 789/789 788/788 790/790
f 789/789 790/790 782/782
f 782/782 790/790 791/791
f 782/782 791/791 780/780
f 771/771 792/792 766/766
f 766/766 792/792 793/793
f 766/766 793/793 794/794
f 129/129 128/128 795/795
f 129/129 795/795 794/794
f 794/794 795/795 796/796
f 794/794 796/796 766/766
f 582/582 577/577 797/797
f 573/573 572/572 798/798
f 795/795 128/128 126/126
f 795/795 126/126 796/796
f 796/796 126/126 799/799
f 796/796 799/799 800/800
f 800/800 799/799 801/801
f 801/801 799/799 802/802
f 801/801 802/802 803/803
f 804/804 805/805 806/806
f 806/806 805/805 807/807
f 806/806 807/807 802/802
f 802/802 807/807 808/808
f 802/802 808/808 803/803
f 804/804 806/806 809/809
f 809/809 806/806 810/810
f 809/809 810/810 811/811
f 811/811 810/810 812/812
f 812/812 810/810 798/798
f 812/812 798/798 813/813
f 813/813 798/798 814/814
f 814/814 798/798 572/572
f 814/814 572/572 571/571
f 576/576 573/573 815/815
f 815/815 573/573 798/798
f 815/815 798/798 816/816
f 816/816 798/798 810/810
f 816/816 810/810 817/817
f 817/817 810/810 806/806
f 817/817 806/806 818/818
f 818/818 806/806 802/802
f 818/818 802/802 819/819
f 819/819 802/802 799/799
f 819/819 799/799 125/125
f 125/125 799/799 126/126
f 577/577 576/576 797/797
f 797/797 576/576 815/815
f 797/797 815/815 820/820
f 820/820 815/815 816/816
f 820/820 816/816 821/821
f 821/821 816/816 817/817
f 821/821 817/817 822/822
f 822/822 817/817 818/818
f 822/822 818/818 823/823
f 823/823 818/818 819/819
f 823/823 819/819 142/142
f 142/142 819/819 125/125
f 581/581 582/582 824/824
f 824/824 582/582 797/797
f 824/824 797/797 825/825
f 825/825 797/797 820/820
f 825/825 820/820 826/826
f 826/826 820/820 821/821
f 826/826 821/821 827/827
f 827/827 821/821 822/822
f 827/827 822/822 828/828
f 828/828 822/822 823/823
f 828/828 823/823 144/144
f 144/144 823/823 142/142
f 579/579 581/581 829/829
f 829/829 581/581 824/824
f 829/829 824/824 830/830
f 830/830 824/824 825/825
f 830/830 825/825 831/831
f 831/831 825/825 826/826
f 831/831 826/826 832/832
f 832/832 826/826 827/827
f 832/832 827/827 833/833
f 833/833 827/827 828/828
f 833/833 828/828 141/141
f 141/141 828/828 144/144
f 606/606 579/579 829/829
f 834/834 835/835 836/836
f 835/835 834/834 837/837
f 837/837 834/834 838/838
f 837/837 838/838 839/839
f 839/839 838/838 840/840
f 840/840 838/838 841/841
f 840/840 841/841 842/842
f 843/843 844/844 845/845
f 845/845 844/844 846/846
f 845/845 846/846 841/841
f 841/841 846/846 847/847
f 841/841 847/847 842/842
f 848/848 849/849 850/850
f 850/850 849/849 851/851
f 850/850 851/851 845/845
f 845/845 851/851 852/852
f 845/845 852/852 843/843
f 157/157 143/143 853/853
f 853/853 143/143 848/848
f 618/618 834/834 619/619
f 619/619 834/834 836/836
f 619/619 836/836 614/614
f 854/854 617/617 612/612
f 612/612 610/610 855/855
f 855/855 610/610 608/608
f 608/608 607/607 856/856
f 856/856 607/607 606/606
f 848/848 850/850 853/853
f 853/853 850/850 845/845
f 853/853 845/845 857/857
f 857/857 845/845 841/841
f 857/857 841/841 858/858
f 858/858 841/841 838/838
f 858/858 838/838 859/859
f 859/859 838/838 834/834
f 859/859 834/834 854/854
f 854/854 834/834 618/618
f 854/854 618/618 617/617
f 612/612 855/855 854/854
f 854/854 855/855 860/860
f 854/854 860/860 859/859
f 859/859 860/860 861/861
f 859/859 861/861 858/858
f 858/858 861/861 862/862
f 858/858 862/862 857/857
f 857/857 862/862 863/863
f 857/857 863/863 853/853
f 853/853 863/863 139/139
f 853/853 139/139 157/157
f 608/608 856/856 855/855
f 855/855 856/856 864/864
f 855/855 864/864 860/860
f 860/860 864/864 865/865
f 860/860 865/865 861/861
f 861/861 865/865 866/866
f 861/861 866/866 862/862
f 862/862 866/866 867/867
f 862/862 867/867 863/863
f 863/863 867/867 140/140
f 863/863 140/140 139/139
f 606/606 829/829 856/856
f 856/856 829/829 830/830
f 856/856 830/830 864/864
f 864/864 830/830 831/831
f 864/864 831/831 865/865
f 865/865 831/831 832/832
f 865/865 832/832 866/866
f 866/866 832/832 833/833
f 866/866 833/833 867/867
f 867/867 833/833 141/141
f 867/867 141/141 140/140
f 169/169 171/171 868/868
f 169/169 868/868 869/869
f 869/869 868/868 870/870
f 869/869 870/870 871/871
f 871/871 870/870 872/872
f 871/871 872/872 873/873
f 873/873 872/872 874/874
f 873/873 874/874 875/875
f 875/875 874/874 876/876
f 875/875 876/876 877/877
f 877/877 876/876 622/622
f 877/877 622/622 621/621
f 878/878 636/636 879/879
f 641/641 640/640 880/880
f 868/868 171/171 172/172
f 870/870 868/868 881/881
f 872/872 870/870 882/882
f 874/874 872/872 883/883
f 876/876 874/874 884/884
f 622/622 876/876 885/885
f 622/622 885/885 651/651
f 651/651 885/885 886/886
f 651/651 886/886 652/652
f 652/652 886/886 887/887
f 887/887 886/886 888/888
f 887/887 888/888 649/649
f 649/649 888/888 650/650
f 650/650 888/888 889/889
f 650/650 889/889 646/646
f 646/646 889/889 890/890
f 646/646 890/890 647/647
f 647/647 890/890 891/891
f 647/647 891/891 643/643
f 868/868 172/172 881/881
f 881/881 172/172 161/161
f 881/881 161/161 892/892
f 892/892 161/161 163/163
f 892/892 163/163 893/893
f 893/893 163/163 165/165
f 893/893 165/165 894/894
f 894/894 165/165 167/167
f 894/894 167/167 895/895
f 895/895 167/167 168/168
f 895/895 168/168 896/896
f 896/896 168/168 159/159
f 896/896 159/159 897/897
f 870/870 881/881 882/882
f 882/882 881/881 892/892
f 882/882 892/892 898/898
f 898/898 892/892 893/893
f 898/898 893/893 899/899
f 899/899 893/893 894/894
f 899/899 894/894 900/900
f 900/900 894/894 895/895
f 900/900 895/895 901/901
f 901/901 895/895 896/896
f 901/901 896/896 902/902
f 902/902 896/896 897/897
f 902/902 897/897 903/903
f 872/872 882/882 883/883
f 883/883 882/882 898/898
f 883/883 898/898 904/904
f 904/904 898/898 899/899
f 904/904 899/899 905/905
f 905/905 899/899 900/900
f 905/905 900/900 906/906
f 906/906 900/900 901/901
f 906/906 901/901 907/907
f 907/907 901/901 902/902
f 907/907 902/902 908/908
f 908/908 902/902 903/903
f 908/908 903/903 909/909
f 874/874 883/883 884/884
f 884/884 883/883 904/904
f 884/884 904/904 910/910
f 910/910 904/904 905/905
f 910/910 905/905 911/911
f 911/911 905/905 906/906
f 911/911 906/906 912/912
f 912/912 906/906 907/907
f 912/912 907/907 913/913
f 913/913 907/907 908/908
f 913/913 908/908 914/914
f 914/914 908/908 909/909
f 914/914 909/909 915/915
f 876/876 884/884 885/885
f 885/885 884/884 910/910
f 885/885 910/910 886/886
f 886/886 910/910 911/911
f 886/886 911/911 888/888
f 888/888 911/911 912/912
f 888/888 912/912 889/889
f 889/889 912/912 913/913
f 889/889 913/913 890/890
f 890/890 913/913 914/914
f 890/890 914/914 891/891
f 891/891 914/914 915/915
f 891/891 915/915 880/880
f 880/880 640/640 891/891
f 891/891 640/640 916/916
f 891/891 916/916 643/643
f 636/636 641/641 879/879
f 879/879 641/641 880/880
f 879/879 880/880 917/917
f 917/917 880/880 915/915
f 917/917 915/915 918/918
f 918/918 915/915 909/909
f 918/918 909/909 919/919
f 919/919 909/909 903/903
f 919/919 903/903 920/920
f 920/920 903/903 897/897
f 920/920 897/897 158/158
f 158/158 897/897 159/159
f 135/135 878/878 921/921
f 921/921 878/878 879/879
f 921/921 879/879 922/922
f 922/922 879/879 917/917
f 922/922 917/917 923/923
f 923/923 917/917 918/918
f 923/923 918/918 924/924
f 924/924 918/918 919/919
f 924/924 919/919 925/925
f 925/925 919/919 920/920
f 925/925 920/920 173/173
f 173/173 920/920 158/158
f 122/122 135/135 921/921
f 122/122 921/921 926/926
f 926/926 921/921 922/922
f 926/926 922/922 927/927
f 927/927 922/922 923/923
f 927/927 923/923 928/928
f 928/928 923/923 924/924
f 928/928 924/924 929/929
f 929/929 924/924 925/925
f 929/929 925/925 930/930
f 930/930 925/925 173/173
f 930/930 173/173 175/175
f 615/615 614/614 931/931
f 615/615 931/931 932/932
f 932/932 931/931 933/933
f 932/932 933/933 934/934
f 934/934 933/933 935/935
f 934/934 935/935 936/936
f 936/936 935/935 937/937
f 936/936 937/937 938/938
f 938/938 937/937 939/939
f 938/938 939/939 940/940
f 940/940 939/939 190/190
f 940/940 190/190 189/189
f 941/941 843/843 942/942
f 943/943 848/848 944/944
f 848/848 143/143 944/944
f 944/944 143/143 945/945
f 944/944 945/945 946/946
f 946/946 945/945 947/947
f 946/946 947/947 948/948
f 948/948 947/947 949/949
f 948/948 949/949 950/950
f 950/950 949/949 951/951
f 950/950 951/951 952/952
f 952/952 951/951 953/953
f 952/952 953/953 191/191
f 191/191 953/953 192/192
f 954/954 852/852 851/851
f 851/851 943/943 954/954
f 954/954 943/943 944/944
f 954/954 944/944 955/955
f 955/955 944/944 946/946
f 955/955 946/946 956/956
f 956/956 946/946 948/948
f 956/956 948/948 957/957
f 957/957 948/948 950/950
f 957/957 950/950 958/958
f 958/958 950/950 952/952
f 958/958 952/952 187/187
f 187/187 952/952 191/191
f 843/843 852/852 942/942
f 942/942 852/852 954/954
f 942/942 954/954 959/959
f 959/959 954/954 955/955
f 959/959 955/955 960/960
f 960/960 955/955 956/956
f 960/960 956/956 961/961
f 961/961 956/956 957/957
f 961/961 957/957 962/962
f 962/962 957/957 958/958
f 962/962 958/958 186/186
f 186/186 958/958 187/187
f 846/846 941/941 963/963
f 963/963 941/941 942/942
f 963/963 942/942 964/964
f 964/964 942/942 959/959
f 964/964 959/959 965/965
f 965/965 959/959 960/960
f 965/965 960/960 966/966
f 966/966 960/960 961/961
f 966/966 961/961 967/967
f 967/967 961/961 962/962
f 967/967 962/962 185/185
f 185/185 962/962 186/186
f 185/185 184/184 967/967
f 967/967 184/184 968/968
f 967/967 968/968 966/966
f 966/966 968/968 969/969
f 966/966 969/969 965/965
f 965/965 969/969 970/970
f 965/965 970/970 964/964
f 964/964 970/970 971/971
f 964/964 971/971 963/963
f 963/963 971/971 972/972
f 963/963 972/972 846/846
f 840/840 973/973 972/972
f 972/972 973/973 847/847
f 972/972 847/847 846/846
f 974/974 975/975 976/976
f 976/976 975/975 977/977
f 976/976 977/977 978/978
f 978/978 977/977 979/979
f 978/978 979/979 980/980
f 980/980 979/979 981/981
f 980/980 981/981 982/982
f 982/982 981/981 983/983
f 982/982 983/983 181/181
f 181/181 983/983 182/182
f 984/984 974/974 985/985
f 985/985 974/974 976/976
f 985/985 976/976 986/986
f 986/986 976/976 978/978
f 986/986 978/978 987/987
f 987/987 978/978 980/980
f 987/987 980/980 988/988
f 988/988 980/980 982/982
f 988/988 982/982 177/177
f 177/177 982/982 181/181
f 184/184 182/182 968/968
f 968/968 182/182 983/983
f 968/968 983/983 969/969
f 969/969 983/983 981/981
f 969/969 981/981 970/970
f 970/970 981/981 979/979
f 970/970 979/979 971/971
f 971/971 979/979 977/977
f 971/971 977/977 972/972
f 972/972 977/977 975/975
f 972/972 975/975 840/840
f 840/840 975/975 974/974
f 840/840 974/974 839/839
f 839/839 974/974 984/984
f 839/839 984/984 837/837
f 837/837 984/984 835/835
f 836/836 835/835 989/989
f 989/989 835/835 984/984
f 989/989 984/984 990/990
f 990/990 984/984 985/985
f 990/990 985/985 991/991
f 991/991 985/985 986/986
f 991/991 986/986 992/992
f 992/992 986/986 987/987
f 992/992 987/987 993/993
f 993/993 987/987 988/988
f 993/993 988/988 176/176
f 176/176 988/988 177/177
f 614/614 836/836 931/931
f 931/931 836/836 989/989
f 931/931 989/989 933/933
f 933/933 989/989 990/990
f 933/933 990/990 935/935
f 935/935 990/990 991/991
f 935/935 991/991 937/937
f 937/937 991/991 992/992
f 937/937 992/992 939/939
f 939/939 992/992 993/993
f 939/939 993/993 190/190
f 190/190 993/993 176/176
f 194/194 192/192 953/953
f 194/194 953/953 994/994
f 994/994 953/953 951/951
f 994/994 951/951 995/995
f 995/995 951/951 949/949
f 995/995 949/949 996/996
f 996/996 949/949 947/947
f 996/996 947/947 997/997
f 997/997 947/947 945/945
f 997/997 945/945 998/998
f 998/998 945/945 143/143
f 998/998 143/143 127/127
f 999/999 1000/1000 1001/1001
f 1002/1002 1003/1003 1004/1004
f 1004/1004 1003/1003 1005/1005
f 1004/1004 1005/1005 1006/1006
f 1007/1007 75/75 1006/1006
f 1006/1006 75/75 64/64
f 1006/1006 64/64 1004/1004
f 1004/1004 64/64 1008/1008
f 1009/1009 1010/1010 1011/1011
f 1004/1004 1012/1012 1002/1002
f 1002/1002 1012/1012 1013/1013
f 1002/1002 1013/1013 1010/1010
f 1010/1010 1013/1013 1014/1014
f 1010/1010 1014/1014 1011/1011
f 1009/1009 1011/1011 1015/1015
f 1015/1015 1011/1011 1016/1016
f 1015/1015 1016/1016 1017/1017
f 1018/1018 1019/1019 1020/1020
f 1019/1019 1021/1021 1020/1020
f 1020/1020 1021/1021 1022/1022
f 1020/1020 1022/1022 1023/1023
f 1023/1023 1022/1022 1015/1015
f 1023/1023 1015/1015 1024/1024
f 1024/1024 1015/1015 1017/1017
f 1018/1018 1020/1020 1025/1025
f 1025/1025 1020/1020 1026/1026
f 1025/1025 1026/1026 1027/1027
f 1027/1027 1028/1028 1025/1025
f 1025/1025 1028/1028 1029/1029
f 1025/1025 1029/1029 1030/1030
f 1030/1030 1029/1029 1031/1031
f 1032/1032 1033/1033 1034/1034
f 1032/1032 1034/1034 1035/1035
f 1031/1031 1029/1029 1036/1036
f 1036/1036 1029/1029 1037/1037
f 1036/1036 1037/1037 1034/1034
f 1034/1034 1037/1037 1038/1038
f 1034/1034 1038/1038 1035/1035
f 1033/1033 1039/1039 1040/1040
f 1040/1040 1041/1041 1033/1033
f 1033/1033 1041/1041 1042/1042
f 1033/1033 1042/1042 1034/1034
f 1001/1001 1000/1000 1043/1043
f 1039/1039 1033/1033 1000/1000
f 1000/1000 1033/1033 1044/1044
f 1000/1000 1044/1044 1043/1043
f 97/97 99/99 404/404
f 404/404 99/99 378/378
f 404/404 378/378 1045/1045
f 1045/1045 378/378 1001/1001
f 1001/1001 378/378 1046/1046
f 1001/1001 1046/1046 999/999
f 1047/1047 1048/1048 1049/1049
f 1050/1050 1051/1051 1052/1052
f 1050/1050 1052/1052 1049/1049
f 1049/1049 1052/1052 1053/1053
f 1049/1049 1053/1053 1047/1047
f 1054/1054 1055/1055 1056/1056
f 1054/1054 1056/1056 1057/1057
f 1056/1056 1058/1058 1057/1057
f 1057/1057 1058/1058 1059/1059
f 1057/1057 1059/1059 1050/1050
f 1050/1050 1059/1059 1060/1060
f 1050/1050 1060/1060 1051/1051
f 1055/1055 1054/1054 1061/1061
f 1061/1061 1054/1054 1062/1062
f 1061/1061 1062/1062 1063/1063
f 1063/1063 1062/1062 1064/1064
f 1064/1064 1062/1062 1065/1065
f 1064/1064 1065/1065 1066/1066
f 1067/1067 1068/1068 1069/1069
f 1069/1069 1068/1068 1070/1070
f 1069/1069 1070/1070 1065/1065
f 1065/1065 1070/1070 1071/1071
f 1065/1065 1071/1071 1066/1066
f 1072/1072 1073/1073 1074/1074
f 1074/1074 1073/1073 1075/1075
f 1074/1074 1075/1075 1076/1076
f 1076/1076 1075/1075 1077/1077
f 1078/1078 1079/1079 1080/1080
f 1080/1080 1081/1081 1078/1078
f 1078/1078 1081/1081 1082/1082
f 1078/1078 1082/1082 1075/1075
f 1075/1075 1082/1082 1083/1083
f 1075/1075 1083/1083 1077/1077
f 1084/1084 1085/1085 1079/1079
f 1079/1079 1085/1085 1086/1086
f 1079/1079 1086/1086 1080/1080
f 1048/1048 1087/1087 1049/1049
f 1049/1049 1087/1087 1088/1088
f 1049/1049 1088/1088 1089/1089
f 1089/1089 1088/1088 1090/1090
f 1089/1089 1090/1090 1091/1091
f 1091/1091 1092/1092 1089/1089
f 1089/1089 1092/1092 1093/1093
f 1089/1089 1093/1093 1084/1084
f 1084/1084 1093/1093 1094/1094
f 1084/1084 1094/1094 1085/1085
f 1072/1072 1095/1095 1073/1073
f 1073/1073 1095/1095 1096/1096
f 1073/1073 1096/1096 1097/1097
f 1097/1097 1096/1096 1098/1098
f 1097/1097 1098/1098 1099/1099
f 1099/1099 1098/1098 1100/1100
f 1099/1099 1100/1100 1101/1101
f 1101/1101 1100/1100 1102/1102
f 1101/1101 1102/1102 1103/1103
f 1103/1103 1102/1102 1104/1104
f 1103/1103 1104/1104 1105/1105
f 1105/1105 1104/1104 1106/1106
f 1105/1105 1106/1106 1107/1107
f 1107/1107 1106/1106 1108/1108
f 1107/1107 1108/1108 1109/1109
f 1109/1109 1108/1108 1110/1110
f 1109/1109 1110/1110 1111/1111
f 1111/1111 1110/1110 1112/1112
f 1111/1111 1112/1112 1113/1113
f 1113/1113 1112/1112 1114/1114
f 1113/1113 1114/1114 1115/1115
f 1115/1115 1114/1114 1116/1116
f 1115/1115 1116/1116 1117/1117
f 1117/1117 1116/1116 1118/1118
f 1117/1117 1118/1118 1069/1069
f 1069/1069 1118/1118 1119/1119
f 1069/1069 1119/1119 1067/1067
f 1120/1120 1121/1121 1122/1122
f 1122/1122 1121/1121 1123/1123
f 1122/1122 1123/1123 1124/1124
f 1124/1124 1123/1123 1125/1125
f 1124/1124 1125/1125 1126/1126
f 1126/1126 1125/1125 1127/1127
f 1126/1126 1127/1127 1128/1128
f 1128/1128 1127/1127 1129/1129
f 1128/1128 1129/1129 1130/1130
f 1130/1130 1129/1129 1131/1131
f 1130/1130 1131/1131 1132/1132
f 1132/1132 1131/1131 1133/1133
f 1132/1132 1133/1133 1134/1134
f 1134/1134 1133/1133 1135/1135
f 1134/1134 1135/1135 1136/1136
f 1136/1136 1135/1135 1137/1137
f 1136/1136 1137/1137 1138/1138
f 1138/1138 1137/1137 1139/1139
f 1138/1138 1139/1139 1140/1140
f 1140/1140 1139/1139 1141/1141
f 1140/1140 1141/1141 1142/1142
f 1142/1142 1141/1141 1143/1143
f 1142/1142 1143/1143 1144/1144
f 1144/1144 1143/1143 1145/1145
f 1144/1144 1145/1145 1146/1146
f 1146/1146 1145/1145 1147/1147
f 1146/1146 1147/1147 1148/1148
f 1148/1148 1147/1147 1149/1149
f 1148/1148 1149/1149 1150/1150
f 1150/1150 1149/1149 1151/1151
f 1150/1150 1151/1151 1152/1152
f 1152/1152 1151/1151 1153/1153
f 1152/1152 1153/1153 1154/1154
f 1154/1154 1153/1153 1155/1155
f 1154/1154 1155/1155 1156/1156
f 1156/1156 1155/1155 1157/1157
f 1156/1156 1157/1157 1158/1158
f 1158/1158 1157/1157 1159/1159
f 1158/1158 1159/1159 1160/1160
f 1160/1160 1159/1159 1161/1161
f 1160/1160 1161/1161 1162/1162
f 1162/1162 1161/1161 1163/1163
f 1162/1162 1163/1163 1164/1164
f 1164/1164 1163/1163 1165/1165
f 1164/1164 1165/1165 1166/1166
f 1166/1166 1165/1165 1167/1167
f 1166/1166 1167/1167 1120/1120
f 1120/1120 1167/1167 1121/1121
f 1168/1168 1169/1169 1170/1170
f 1170/1170 1169/1169 1171/1171
f 1170/1170 1171/1171 1172/1172
f 1172/1172 1171/1171 1173/1173
f 1172/1172 1173/1173 1174/1174
f 1174/1174 1173/1173 1175/1175
f 1174/1174 1175/1175 1176/1176
f 1176/1176 1175/1175 1177/1177
f 1176/1176 1177/1177 1178/1178
f 1178/1178 1177/1177 1179/1179
f 1178/1178 1179/1179 1180/1180
f 1180/1180 1179/1179 1181/1181
f 1180/1180 1181/1181 1182/1182
f 1182/1182 1181/1181 1183/1183
f 1182/1182 1183/1183 1184/1184
f 1184/1184 1183/1183 1185/1185
f 1184/1184 1185/1185 1186/1186
f 1186/1186 1185/1185 1187/1187
f 1186/1186 1187/1187 1188/1188
f 1188/1188 1187/1187 1189/1189
f 1188/1188 1189/1189 1190/1190
f 1190/1190 1189/1189 1191/1191
f 1190/1190 1191/1191 1192/1192
f 1192/1192 1191/1191 1193/1193
f 1192/1192 1193/1193 1194/1194
f 1194/1194 1193/1193 1195/1195
f 1194/1194 1195/1195 1196/1196
f 1196/1196 1195/1195 1197/1197
f 1196/1196 1197/1197 1198/1198
f 1198/1198 1197/1197 1199/1199
f 1198/1198 1199/1199 1200/1200
f 1200/1200 1199/1199 1201/1201
f 1200/1200 1201/1201 1202/1202
f 1202/1202 1201/1201 1203/1203
f 1202/1202 1203/1203 1204/1204
f 1204/1204 1203/1203 1205/1205
f 1204/1204 1205/1205 1206/1206
f 1206/1206 1205/1205 1207/1207
f 1206/1206 1207/1207 1208/1208
f 1208/1208 1207/1207 1209/1209
f 1208/1208 1209/1209 1210/1210
f 1210/1210 1209/1209 1211/1211
f 1210/1210 1211/1211 1212/1212
f 1212/1212 1211/1211 1213/1213
f 1212/1212 1213/1213 1214/1214
f 1214/1214 1213/1213 1215/1215
f 1214/1214 1215/1215 1168/1168
f 1168/1168 1215/1215 1169/1169
f 1216/1216 1217/1217 1218/1218
f 1218/1218 1217/1217 1219/1219
f 1220/1220 1221/1221 1218/1218
f 1222/1222 1223/1223 1224/1224
f 1225/1225 1226/1226 1227/1227
f 1227/1227 1226/1226 1228/1228
f 1227/1227 1228/1228 1229/1229
f 1221/1221 1230/1230 1218/1218
f 1218/1218 1230/1230 1231/1231
f 1218/1218 1231/1231 1216/1216
f 1219/1219 1217/1217 1224/1224
f 1224/1224 1217/1217 1232/1232
f 1224/1224 1232/1232 1222/1222
f 1233/1233 1234/1234 1235/1235
f 1235/1235 1234/1234 1236/1236
f 1223/1223 1237/1237 1224/1224
f 1224/1224 1237/1237 1234/1234
f 1224/1224 1234/1234 1238/1238
f 1238/1238 1234/1234 1233/1233
f 1225/1225 1227/1227 1218/1218
f 1218/1218 1227/1227 1239/1239
f 1218/1218 1239/1239 1220/1220
f 1240/1240 1241/1241 1242/1242
f 1242/1242 1241/1241 1243/1243
f 1242/1242 1243/1243 1244/1244
f 1245/1245 1246/1246 1247/1247
f 1248/1248 1249/1249 1250/1250
f 1251/1251 1252/1252 1253/1253
f 1253/1253 1252/1252 1254/1254
f 1253/1253 1254/1254 1255/1255
f 1255/1255 1254/1254 1256/1256
f 1257/1257 1258/1258 1259/1259
f 1259/1259 1258/1258 1260/1260
f 1245/1245 1247/1247 1261/1261
f 1261/1261 1247/1247 1262/1262
f 1261/1261 1262/1262 1263/1263
f 1264/1264 1250/1250 1265/1265
f 1256/1256 1266/1266 1255/1255
f 1255/1255 1266/1266 1267/1267
f 1255/1255 1267/1267 1260/1260
f 1260/1260 1267/1267 1268/1268
f 1260/1260 1268/1268 1259/1259
f 1249/1249 1269/1269 1250/1250
f 1250/1250 1269/1269 1270/1270
f 1250/1250 1270/1270 1265/1265
f 1263/1263 1271/1271 1261/1261
f 1261/1261 1271/1271 1272/1272
f 1261/1261 1272/1272 1273/1273
f 1273/1273 1272/1272 1258/1258
f 1273/1273 1258/1258 1274/1274
f 1274/1274 1258/1258 1257/1257
f 1275/1275 1276/1276 1277/1277
f 1278/1278 1279/1279 1253/1253
f 1253/1253 1279/1279 1280/1280
f 1253/1253 1280/1280 1251/1251
f 1251/1251 1280/1280 1281/1281
f 1251/1251 1281/1281 1282/1282
f 1265/1265 1283/1283 1264/1264
f 1264/1264 1283/1283 1251/1251
f 1264/1264 1251/1251 1284/1284
f 1284/1284 1251/1251 1282/1282
f 1285/1285 1286/1286 1287/1287
f 1287/1287 1286/1286 1272/1272
f 1287/1287 1272/1272 1288/1288
f 1288/1288 1272/1272 1271/1271
f 1285/1285 1289/1289 1286/1286
f 1286/1286 1289/1289 1290/1290
f 1286/1286 1290/1290 1291/1291
f 1291/1291 1290/1290 1292/1292
f 1291/1291 1292/1292 1276/1276
f 1276/1276 1292/1292 1293/1293
f 1276/1276 1293/1293 1277/1277
f 1277/1277 1294/1294 1275/1275
f 1275/1275 1294/1294 1295/1295
f 1275/1275 1295/1295 1296/1296
f 1297/1297 1298/1298 1253/1253
f 1298/1298 1299/1299 1253/1253
f 1253/1253 1299/1299 1300/1300
f 1253/1253 1300/1300 1278/1278
f 1301/1301 1302/1302 1296/1296
f 1296/1296 1302/1302 1303/1303
f 1296/1296 1303/1303 1275/1275
f 1275/1275 1303/1303 1304/1304
f 1275/1275 1304/1304 1305/1305
f 1306/1306 1307/1307 1245/1245
f 1245/1245 1307/1307 1308/1308
f 1245/1245 1308/1308 1246/1246
f 1296/1296 1309/1309 1301/1301
f 1301/1301 1309/1309 1310/1310
f 1301/1301 1310/1310 1311/1311
f 1311/1311 1312/1312 1301/1301
f 1301/1301 1312/1312 1313/1313
f 1301/1301 1313/1313 1314/1314
f 1315/1315 1316/1316 1317/1317
f 1317/1317 1316/1316 1318/1318
f 1317/1317 1318/1318 1319/1319
f 1319/1319 1318/1318 1320/1320
f 1319/1319 1320/1320 1321/1321
f 1321/1321 1320/1320 1322/1322
f 1321/1321 1322/1322 1323/1323
f 1305/1305 1324/1324 1275/1275
f 1275/1275 1324/1324 1325/1325
f 1275/1275 1325/1325 1317/1317
f 1317/1317 1325/1325 1326/1326
f 1317/1317 1326/1326 1315/1315
f 1248/1248 1250/1250 1327/1327
f 1327/1327 1250/1250 1328/1328
f 1327/1327 1328/1328 1329/1329
f 1330/1330 1331/1331 1332/1332
f 1332/1332 1331/1331 1321/1321
f 1332/1332 1321/1321 1333/1333
f 1253/1253 1334/1334 1297/1297
f 1297/1297 1334/1334 1331/1331
f 1297/1297 1331/1331 1335/1335
f 1335/1335 1331/1331 1330/1330
f 1306/1306 1336/1336 1307/1307
f 1307/1307 1336/1336 1337/1337
f 1307/1307 1337/1337 1338/1338
f 1323/1323 1339/1339 1340/1340
f 1340/1340 1339/1339 1341/1341
f 1323/1323 1340/1340 1321/1321
f 1321/1321 1340/1340 1342/1342
f 1321/1321 1342/1342 1333/1333
f 1343/1343 1344/1344 1345/1345
f 1345/1345 1344/1344 1346/1346
f 1313/1313 1347/1347 1314/1314
f 1314/1314 1347/1347 1307/1307
f 1314/1314 1307/1307 1348/1348
f 1348/1348 1307/1307 1338/1338
f 1348/1348 1338/1338 1349/1349
f 1349/1349 1338/1338 1327/1327
f 1349/1349 1327/1327 1345/1345
f 1345/1345 1327/1327 1329/1329
f 1345/1345 1329/1329 1343/1343
f 1341/1341 1350/1350 1340/1340
f 1340/1340 1350/1350 1351/1351
f 1340/1340 1351/1351 1352/1352
f 1352/1352 1351/1351 1353/1353
f 1352/1352 1353/1353 1346/1346
f 1346/1346 1353/1353 1354/1354
f 1346/1346 1354/1354 1345/1345
f 1355/1355 1356/1356 1357/1357
f 1357/1357 1356/1356 1358/1358
f 1357/1357 1358/1358 1359/1359
f 1360/1360 1361/1361 1362/1362
f 1362/1362 1361/1361 1363/1363
f 1364/1364 1365/1365 1366/1366
f 1366/1366 1365/1365 1367/1367
f 1366/1366 1367/1367 1368/1368
f 1369/1369 1370/1370 1371/1371
f 1371/1371 1370/1370 1372/1372
f 1373/1373 1374/1374 1375/1375
f 1375/1375 1374/1374 1376/1376
f 1377/1377 1378/1378 1379/1379
f 1379/1379 1378/1378 1380/1380
f 1381/1381 1382/1382 1383/1383
f 1383/1383 1382/1382 1384/1384
f 1385/1385 1386/1386 1387/1387
f 1387/1387 1386/1386 1388/1388
f 1389/1389 1390/1390 1391/1391
f 1391/1391 1390/1390 1392/1392
f 1393/1393 1394/1394 1395/1395
f 1395/1395 1394/1394 1396/1396
f 1397/1397 1398/1398 1399/1399
f 1399/1399 1398/1398 1400/1400
f 1401/1401 1402/1402 1403/1403
f 1403/1403 1402/1402 1404/1404
f 1405/1405 1406/1406 1407/1407
f 1407/1407 1406/1406 1408/1408
f 1409/1409 1410/1410 1411/1411
f 1411/1411 1410/1410 1412/1412
f 1413/1413 1414/1414 1415/1415
f 1415/1415 1414/1414 1416/1416
f 1415/1415 1416/1416 1417/1417
f 1418/1418 1419/1419 1420/1420
f 1420/1420 1419/1419 1421/1421
f 1422/1422 1423/1423 1424/1424
f 1424/1424 1423/1423 1425/1425
f 1426/1426 1427/1427 1428/1428
f 1428/1428 1427/1427 1429/1429
f 1430/1430 1431/1431 1432/1432
f 1432/1432 1431/1431 1433/1433
f 1434/1434 1435/1435 1436/1436
f 1436/1436 1435/1435 1437/1437
f 1438/1438 1439/1439 1440/1440
f 1441/1441 1442/1442 1443/1443
f 1444/1444 1445/1445 1446/1446
f 1446/1446 1445/1445 1436/1436
f 1446/1446 1436/1436 1447/1447
f 1447/1447 1436/1436 1437/1437
f 1441/1441 1448/1448 1449/1449
f 1449/1449 1450/1450 1441/1441
f 1441/1441 1450/1450 1451/1451
f 1441/1441 1451/1451 1436/1436
f 1436/1436 1451/1451 1452/1452
f 1436/1436 1452/1452 1434/1434
f 1443/1443 1453/1453 1441/1441
f 1441/1441 1453/1453 1454/1454
f 1441/1441 1454/1454 1448/1448
f 1438/1438 1440/1440 1441/1441
f 1441/1441 1440/1440 1455/1455
f 1441/1441 1455/1455 1442/1442
f 1444/1444 1456/1456 1445/1445
f 1445/1445 1456/1456 1457/1457
f 1445/1445 1457/1457 1458/1458
f 1458/1458 1459/1459 1445/1445
f 1445/1445 1459/1459 1460/1460
f 1445/1445 1460/1460 1438/1438
f 1438/1438 1460/1460 1461/1461
f 1438/1438 1461/1461 1439/1439
f 1462/1462 1463/1463 1464/1464
f 1464/1464 1463/1463 1465/1465
f 1464/1464 1465/1465 1466/1466
f 1466/1466 1465/1465 1467/1467
f 1466/1466 1467/1467 1468/1468
f 1468/1468 1467/1467 1469/1469
f 1468/1468 1469/1469 1470/1470
f 1470/1470 1469/1469 1471/1471
f 1470/1470 1471/1471 1472/1472
f 1472/1472 1471/1471 1473/1473
f 1472/1472 1473/1473 1474/1474
f 1474/1474 1473/1473 1475/1475
f 1474/1474 1475/1475 1476/1476
f 1476/1476 1475/1475 1477/1477
f 1476/1476 1477/1477 1478/1478
f 1478/1478 1477/1477 1479/1479
f 1478/1478 1479/1479 1480/1480
f 1480/1480 1479/1479 1481/1481
f 1480/1480 1481/1481 1482/1482
f 1482/1482 1481/1481 1483/1483
f 1482/1482 1483/1483 1484/1484
f 1484/1484 1483/1483 1485/1485
f 1484/1484 1485/1485 1486/1486
f 1486/1486 1485/1485 1487/1487
f 1486/1486 1487/1487 1488/1488
f 1488/1488 1487/1487 1489/1489
f 1488/1488 1489/1489 1490/1490
f 1490/1490 1489/1489 1491/1491
f 1490/1490 1491/1491 1492/1492
f 1492/1492 1491/1491 1493/1493
f 1492/1492 1493/1493 1494/1494
f 1494/1494 1493/1493 1495/1495
f 1494/1494 1495/1495 1496/1496
f 1496/1496 1495/1495 1497/1497
f 1496/1496 1497/1497 1498/1498
f 1498/1498 1497/1497 1499/1499
f 1498/1498 1499/1499 1500/1500
f 1500/1500 1499/1499 1501/1501
f 1500/1500 1501/1501 1502/1502
f 1502/1502 1501/1501 1503/1503
f 1502/1502 1503/1503 1504/1504
f 1504/1504 1503/1503 1505/1505
f 1504/1504 1505/1505 1506/1506
f 1506/1506 1505/1505 1507/1507
f 1506/1506 1507/1507 1508/1508
f 1508/1508 1507/1507 1509/1509
f 1508/1508 1509/1509 1462/1462
f 1462/1462 1509/1509 1463/1463
f 1510/1510 1511/1511 1512/1512
f 1512/1512 1511/1511 1513/1513
f 1514/1514 1515/1515 1516/1516
f 1516/1516 1515/1515 1517/1517
f 1518/1518 1519/1519 1520/1520
f 1520/1520 1519/1519 1521/1521
f 1522/1522 1523/1523 1524/1524
f 1524/1524 1523/1523 1525/1525
f 1526/1526 1527/1527 1528/1528
f 1529/1529 1530/1530 1531/1531
f 1532/1532 1533/1533 1534/1534
f 1535/1535 1536/1536 1537/1537
f 1526/1526 1528/1528 1532/1532
f 1532/1532 1528/1528 1538/1538
f 1532/1532 1538/1538 1539/1539
f 1540/1540 1541/1541 1526/1526
f 1526/1526 1541/1541 1542/1542
f 1526/1526 1542/1542 1527/1527
f 1537/1537 1543/1543 1544/1544
f 1532/1532 1534/1534 1537/1537
f 1537/1537 1534/1534 1545/1545
f 1537/1537 1545/1545 1535/1535
f 1536/1536 1546/1546 1537/1537
f 1537/1537 1546/1546 1547/1547
f 1537/1537 1547/1547 1543/1543
f 1539/1539 1548/1548 1532/1532
f 1532/1532 1548/1548 1549/1549
f 1532/1532 1549/1549 1533/1533
f 1529/1529 1531/1531 1526/1526
f 1526/1526 1531/1531 1550/1550
f 1526/1526 1550/1550 1540/1540
f 1544/1544 1551/1551 1537/1537
f 1537/1537 1551/1551 1552/1552
f 1537/1537 1552/1552 1529/1529
f 1529/1529 1552/1552 1553/1553
f 1529/1529 1553/1553 1530/1530
f 1554/1554 1555/1555 1556/1556
f 1556/1556 1555/1555 1557/1557
f 1556/1556 1557/1557 1558/1558
f 1558/1558 1557/1557 1559/1559
f 1558/1558 1559/1559 1560/1560
f 1560/1560 1559/1559 1561/1561
f 1560/1560 1561/1561 1562/1562
f 1562/1562 1561/1561 1563/1563
f 1562/1562 1563/1563 1564/1564
f 1564/1564 1563/1563 1565/1565
f 1564/1564 1565/1565 1566/1566
f 1566/1566 1565/1565 1567/1567
f 1566/1566 1567/1567 1568/1568
f 1568/1568 1567/1567 1569/1569
f 1568/1568 1569/1569 1570/1570
f 1570/1570 1569/1569 1571/1571
f 1570/1570 1571/1571 1572/1572
f 1572/1572 1571/1571 1573/1573
f 1572/1572 1573/1573 1574/1574
f 1574/1574 1573/1573 1575/1575
f 1574/1574 1575/1575 1576/1576
f 1576/1576 1575/1575 1577/1577
f 1576/1576 1577/1577 1578/1578
f 1578/1578 1577/1577 1579/1579
f 1578/1578 1579/1579 1580/1580
f 1580/1580 1579/1579 1581/1581
f 1580/1580 1581/1581 1582/1582
f 1582/1582 1581/1581 1583/1583
f 1582/1582 1583/1583 1584/1584
f 1584/1584 1583/1583 1585/1585
f 1584/1584 1585/1585 1586/1586
f 1586/1586 1585/1585 1587/1587
f 1586/1586 1587/1587 1588/1588
f 1588/1588 1587/1587 1589/1589
f 1588/1588 1589/1589 1590/1590
f 1590/1590 1589/1589 1591/1591
f 1590/1590 1591/1591 1592/1592
f 1592/1592 1591/1591 1593/1593
f 1592/1592 1593/1593 1594/1594
f 1594/1594 1593/1593 1595/1595
f 1594/1594 1595/1595 1596/1596
f 1596/1596 1595/1595 1597/1597
f 1596/1596 1597/1597 1598/1598
f 1598/1598 1597/1597 1599/1599
f 1598/1598 1599/1599 1600/1600
f 1600/1600 1599/1599 1601/1601
f 1600/1600 1601/1601 1554/1554
f 1554/1554 1601/1601 1555/1555
f 1602/1602 1603/1603 1604/1604
f 1604/1604 1603/1603 1605/1605
f 1606/1606 1607/1607 1608/1608
f 1608/1608 1607/1607 1609/1609
f 1610/1610 1611/1611 1612/1612
f 1612/1612 1611/1611 1613/1613
f 1614/1614 1615/1615 1616/1616
f 1616/1616 1615/1615 1617/1617
f 1618/1618 1619/1619 1620/1620
f 1621/1621 1622/1622 1623/1623
f 1624/1624 1625/1625 1626/1626
f 1621/1621 1623/1623 1618/1618
f 1618/1618 1623/1623 1627/1627
f 1618/1618 1627/1627 1628/1628
f 1629/1629 1630/1630 1631/1631
f 1631/1631 1630/1630 1632/1632
f 1626/1626 1633/1633 1634/1634
f 1618/1618 1620/1620 1626/1626
f 1626/1626 1620/1620 1635/1635
f 1626/1626 1635/1635 1624/1624
f 1625/1625 1636/1636 1626/1626
f 1626/1626 1636/1636 1637/1637
f 1626/1626 1637/1637 1633/1633
f 1628/1628 1638/1638 1618/1618
f 1618/1618 1638/1638 1639/1639
f 1618/1618 1639/1639 1619/1619
f 1632/1632 1640/1640 1631/1631
f 1631/1631 1640/1640 1641/1641
f 1631/1631 1641/1641 1621/1621
f 1621/1621 1641/1641 1642/1642
f 1621/1621 1642/1642 1622/1622
f 1634/1634 1643/1643 1626/1626
f 1626/1626 1643/1643 1644/1644
f 1626/1626 1644/1644 1631/1631
f 1631/1631 1644/1644 1645/1645
f 1631/1631 1645/1645 1629/1629
f 1646/1646 1647/1647 1648/1648
f 1648/1648 1647/1647 1649/1649
f 1648/1648 1649/1649 1650/1650
f 1650/1650 1649/1649 1651/1651
f 1650/1650 1651/1651 1652/1652
f 1652/1652 1651/1651 1653/1653
f 1652/1652 1653/1653 1654/1654
f 1654/1654 1653/1653 1655/1655
f 1654/1654 1655/1655 1656/1656
f 1656/1656 1655/1655 1657/1657
f 1656/1656 1657/1657 1658/1658
f 1658/1658 1657/1657 1659/1659
f 1658/1658 1659/1659 1660/1660
f 1660/1660 1659/1659 1661/1661
f 1660/1660 1661/1661 1662/1662
f 1662/1662 1661/1661 1663/1663
f 1662/1662 1663/1663 1664/1664
f 1664/1664 1663/1663 1665/1665
f 1664/1664 1665/1665 1666/1666
f 1666/1666 1665/1665 1667/1667
f 1666/1666 1667/1667 1668/1668
f 1668/1668 1667/1667 1669/1669
f 1668/1668 1669/1669 1670/1670
f 1670/1670 1669/1669 1671/1671
f 1670/1670 1671/1671 1672/1672
f 1672/1672 1671/1671 1673/1673
f 1672/1672 1673/1673 1674/1674
f 1674/1674 1673/1673 1675/1675
f 1674/1674 1675/1675 1676/1676
f 1676/1676 1675/1675 1677/1677
f 1676/1676 1677/1677 1678/1678
f 1678/1678 1677/1677 1679/1679
f 1678/1678 1679/1679 1680/1680
f 1680/1680 1679/1679 1681/1681
f 1680/1680 1681/1681 1682/1682
f 1682/1682 1681/1681 1683/1683
f 1682/1682 1683/1683 1684/1684
f 1684/1684 1683/1683 1685/1685
f 1684/1684 1685/1685 1686/1686
f 1686/1686 1685/1685 1687/1687
f 1686/1686 1687/1687 1688/1688
f 1688/1688 1687/1687 1689/1689
f 1688/1688 1689/1689 1690/1690
f 1690/1690 1689/1689 1691/1691
f 1690/1690 1691/1691 1692/1692
f 1692/1692 1691/1691 1693/1693
f 1692/1692 1693/1693 1646/1646
f 1646/1646 1693/1693 1647/1647
f 1694/1694 1695/1695 1696/1696
f 1696/1696 1695/1695 1697/1697
f 1698/1698 1699/1699 1700/1700
f 1700/1700 1699/1699 1701/1701
f 1702/1702 1703/1703 1704/1704
f 1704/1704 1703/1703 1705/1705
f 1706/1706 1707/1707 1708/1708
f 1708/1708 1707/1707 1709/1709
f 1710/1710 1711/1711 1712/1712
f 1712/1712 1711/1711 1713/1713
f 1714/1714 1715/1715 1716/1716
f 1716/1716 1715/1715 1717/1717
f 1714/1714 1718/1718 1715/1715
f 1715/1715 1718/1718 1719/1719
f 1715/1715 1719/1719 1711/1711
f 1711/1711 1719/1719 1720/1720
f 1711/1711 1720/1720 1713/1713
f 1721/1721 1722/1722 1723/1723
f 1710/1710 1724/1724 1711/1711
f 1711/1711 1724/1724 1725/1725
f 1711/1711 1725/1725 1726/1726
f 1726/1726 1725/1725 1727/1727
f 1728/1728 1729/1729 1715/1715
f 1715/1715 1729/1729 1730/1730
f 1715/1715 1730/1730 1717/1717
f 1721/1721 1723/1723 1731/1731
f 1727/1727 1732/1732 1726/1726
f 1726/1726 1732/1732 1733/1733
f 1726/1726 1733/1733 1723/1723
f 1723/1723 1733/1733 1734/1734
f 1723/1723 1734/1734 1731/1731
f 1722/1722 1735/1735 1723/1723
f 1723/1723 1735/1735 1736/1736
f 1723/1723 1736/1736 1715/1715
f 1715/1715 1736/1736 1737/1737
f 1715/1715 1737/1737 1728/1728
f 1738/1738 1739/1739 1740/1740
f 1740/1740 1739/1739 1741/1741
f 1740/1740 1741/1741 1742/1742
f 1742/1742 1741/1741 1743/1743
f 1742/1742 1743/1743 1744/1744
f 1744/1744 1743/1743 1745/1745
f 1744/1744 1745/1745 1746/1746
f 1746/1746 1745/1745 1747/1747
f 1746/1746 1747/1747 1748/1748
f 1748/1748 1747/1747 1749/1749
f 1748/1748 1749/1749 1750/1750
f 1750/1750 1749/1749 1751/1751
f 1750/1750 1751/1751 1752/1752
f 1752/1752 1751/1751 1753/1753
f 1752/1752 1753/1753 1754/1754
f 1754/1754 1753/1753 1755/1755
f 1754/1754 1755/1755 1756/1756
f 1756/1756 1755/1755 1757/1757
f 1756/1756 1757/1757 1758/1758
f 1758/1758 1757/1757 1759/1759
f 1758/1758 1759/1759 1760/1760
f 1760/1760 1759/1759 1761/1761
f 1760/1760 1761/1761 1762/1762
f 1762/1762 1761/1761 1763/1763
f 1762/1762 1763/1763 1764/1764
f 1764/1764 1763/1763 1765/1765
f 1764/1764 1765/1765 1766/1766
f 1766/1766 1765/1765 1767/1767
f 1766/1766 1767/1767 1768/1768
f 1768/1768 1767/1767 1769/1769
f 1768/1768 1769/1769 1770/1770
f 1770/1770 1769/1769 1771/1771
f 1770/1770 1771/1771 1772/1772
f 1772/1772 1771/1771 1773/1773
f 1772/1772 1773/1773 1774/1774
f 1774/1774 1773/1773 1775/1775
f 1774/1774 1775/1775 1776/1776
f 1776/1776 1775/1775 1777/1777
f 1776/1776 1777/1777 1778/1778
f 1778/1778 1777/1777 1779/1779
f 1778/1778 1779/1779 1780/1780
f 1780/1780 1779/1779 1781/1781
f 1780/1780 1781/1781 1782/1782
f 1782/1782 1781/1781 1783/1783
f 1782/1782 1783/1783 1784/1784
f 1784/1784 1783/1783 1785/1785
f 1784/1784 1785/1785 1738/1738
f 1738/1738 1785/1785 1739/1739
f 1786/1786 1787/1787 1788/1788
f 1788/1788 1787/1787 1789/1789
f 1790/1790 1791/1791 1792/1792
f 1792/1792 1791/1791 1793/1793
f 1794/1794 1795/1795 1796/1796
f 1796/1796 1795/1795 1797/1797
f 1798/1798 1799/1799 1800/1800
f 1800/1800 1799/1799 1801/1801
f 1802/1802 1803/1803 1804/1804
f 1804/1804 1803/1803 1805/1805
f 1804/1804 1805/1805 1806/1806
f 1806/1806 1805/1805 1807/1807
f 1806/1806 1807/1807 1808/1808
f 1808/1808 1807/1807 1809/1809
f 1808/1808 1809/1809 1810/1810
f 1810/1810 1809/1809 1811/1811
f 1810/1810 1811/1811 1812/1812
f 1812/1812 1811/1811 1813/1813
f 1812/1812 1813/1813 1814/1814
f 1814/1814 1813/1813 1815/1815
f 1814/1814 1815/1815 1816/1816
f 1816/1816 1815/1815 1817/1817
f 1816/1816 1817/1817 1818/1818
f 1818/1818 1817/1817 1819/1819
f 1818/1818 1819/1819 1820/1820
f 1820/1820 1819/1819 1821/1821
f 1820/1820 1821/1821 1822/1822
f 1822/1822 1821/1821 1823/1823
f 1822/1822 1823/1823 1824/1824
f 1824/1824 1823/1823 1825/1825
f 1824/1824 1825/1825 1826/1826
f 1826/1826 1825/1825 1827/1827
f 1826/1826 1827/1827 1828/1828
f 1828/1828 1827/1827 1829/1829
f 1828/1828 1829/1829 1830/1830
f 1830/1830 1829/1829 1831/1831
f 1830/1830 1831/1831 1832/1832
f 1832/1832 1831/1831 1833/1833
f 1832/1832 1833/1833 1834/1834
f 1834/1834 1833/1833 1835/1835
f 1834/1834 1835/1835 1836/1836
f 1836/1836 1835/1835 1837/1837
f 1836/1836 1837/1837 1838/1838
f 1838/1838 1837/1837 1839/1839
f 1838/1838 1839/1839 1840/1840
f 1840/1840 1839/1839 1841/1841
f 1840/1840 1841/1841 1842/1842
f 1842/1842 1841/1841 1843/1843
f 1842/1842 1843/1843 1844/1844
f 1844/1844 1843/1843 1845/1845
f 1844/1844 1845/1845 1846/1846
f 1846/1846 1845/1845 1847/1847
f 1846/1846 1847/1847 1848/1848
f 1848/1848 1847/1847 1849/1849
f 1848/1848 1849/1849 1802/1802
f 1802/1802 1849/1849 1803/1803
f 1850/1850 1851/1851 1852/1852
f 1852/1852 1851/1851 1853/1853
f 1852/1852 1853/1853 1854/1854
f 1850/1850 1855/1855 1851/1851
f 1851/1851 1855/1855 1856/1856
f 1851/1851 1856/1856 1857/1857
f 1857/1857 1856/1856 1858/1858
f 1859/1859 1860/1860 1852/1852
f 1852/1852 1860/1860 1861/1861
f 1856/1856 1862/1862 1858/1858
f 1858/1858 1862/1862 1863/1863
f 1858/1858 1863/1863 1864/1864
f 1854/1854 1865/1865 1852/1852
f 1852/1852 1865/1865 1866/1866
f 1852/1852 1866/1866 1859/1859
f 1861/1861 1867/1867 1852/1852
f 1852/1852 1867/1867 1868/1868
f 1852/1852 1868/1868 1869/1869
f 1869/1869 1868/1868 1870/1870
f 1864/1864 1871/1871 1858/1858
f 1858/1858 1871/1871 1872/1872
f 1858/1858 1872/1872 1873/1873
f 1874/1874 1875/1875 1876/1876
f 1876/1876 1875/1875 1877/1877
f 1876/1876 1877/1877 1878/1878
f 1878/1878 1877/1877 1879/1879
f 1878/1878 1879/1879 1880/1880
f 1880/1880 1879/1879 1881/1881
f 1880/1880 1881/1881 1882/1882
f 1882/1882 1881/1881 1883/1883
f 1882/1882 1883/1883 1884/1884
f 1884/1884 1883/1883 1885/1885
f 1884/1884 1885/1885 1886/1886
f 1886/1886 1885/1885 1887/1887
f 1886/1886 1887/1887 1888/1888
f 1888/1888 1887/1887 1889/1889
f 1888/1888 1889/1889 1890/1890
f 1890/1890 1889/1889 1891/1891
f 1890/1890 1891/1891 1892/1892
f 1892/1892 1891/1891 1893/1893
f 1892/1892 1893/1893 1894/1894
f 1894/1894 1893/1893 1895/1895
f 1894/1894 1895/1895 1896/1896
f 1896/1896 1895/1895 1897/1897
f 1896/1896 1897/1897 1898/1898
f 1898/1898 1897/1897 1899/1899
f 1898/1898 1899/1899 1900/1900
f 1900/1900 1899/1899 1901/1901
f 1900/1900 1901/1901 1902/1902
f 1902/1902 1901/1901 1903/1903
f 1902/1902 1903/1903 1904/1904
f 1904/1904 1903/1903 1905/1905
f 1904/1904 1905/1905 1906/1906
f 1906/1906 1905/1905 1907/1907
f 1906/1906 1907/1907 1908/1908
f 1908/1908 1907/1907 1909/1909
f 1908/1908 1909/1909 1910/1910
f 1910/1910 1909/1909 1911/1911
f 1910/1910 1911/1911 1912/1912
f 1912/1912 1911/1911 1913/1913
f 1912/1912 1913/1913 1914/1914
f 1914/1914 1913/1913 1915/1915
f 1914/1914 1915/1915 1916/1916
f 1916/1916 1915/1915 1917/1917
f 1916/1916 1917/1917 1918/1918
f 1918/1918 1917/1917 1919/1919
f 1918/1918 1919/1919 1920/1920
f 1920/1920 1919/1919 1921/1921
f 1920/1920 1921/1921 1874/1874
f 1874/1874 1921/1921 1875/1875
f 1922/1922 1923/1923 1924/1924
f 1924/1924 1923/1923 1925/1925
f 1924/1924 1925/1925 1926/1926
f 1926/1926 1925/1925 1927/1927
f 1926/1926 1927/1927 1928/1928
f 1928/1928 1927/1927 1929/1929
f 1928/1928 1929/1929 1930/1930
f 1930/1930 1929/1929 1931/1931
f 1930/1930 1931/1931 1932/1932
f 1932/1932 1931/1931 1933/1933
f 1932/1932 1933/1933 1934/1934
f 1934/1934 1933/1933 1935/1935
f 1934/1934 1935/1935 1936/1936
f 1936/1936 1935/1935 1937/1937
f 1936/1936 1937/1937 1938/1938
f 1938/1938 1937/1937 1939/1939
f 1938/1938 1939/1939 1940/1940
f 1940/1940 1939/1939 1941/1941
f 1940/1940 1941/1941 1942/1942
f 1942/1942 1941/1941 1943/1943
f 1942/1942 1943/1943 1944/1944
f 1944/1944 1943/1943 1945/1945
f 1944/1944 1945/1945 1946/1946
f 1946/1946 1945/1945 1947/1947
f 1946/1946 1947/1947 1948/1948
f 1948/1948 1947/1947 1949/1949
f 1948/1948 1949/1949 1950/1950
f 1950/1950 1949/1949 1951/1951
f 1950/1950 1951/1951 1952/1952
f 1952/1952 1951/1951 1953/1953
f 1952/1952 1953/1953 1954/1954
f 1954/1954 1953/1953 1955/1955
f 1954/1954 1955/1955 1956/1956
f 1956/1956 1955/1955 1957/1957
f 1956/1956 1957/1957 1958/1958
f 1958/1958 1957/1957 1959/1959
f 1958/1958 1959/1959 1960/1960
f 1960/1960 1959/1959 1961/1961
f 1960/1960 1961/1961 1962/1962
f 1962/1962 1961/1961 1963/1963
f 1962/1962 1963/1963 1964/1964
f 1964/1964 1963/1963 1965/1965
f 1964/1964 1965/1965 1966/1966
f 1966/1966 1965/1965 1967/1967
f 1966/1966 1967/1967 1968/1968
f 1968/1968 1967/1967 1969/1969
f 1968/1968 1969/1969 1922/1922
f 1922/1922 1969/1969 1923/1923

