# https://github.com/mikedh/trimesh
mtllib material.mtl

o ActorShape0_0-Mesh
usemtl material_0
v -0.00323708 0.00032500 0.00120000
v -0.00100000 0.00295000 0.00120000
v -0.00334038 0.00045962 0.00120000
v -0.00149032 0.00288776 0.00120000
v -0.00347500 0.00056292 0.00120000
v -0.00100000 -0.00295000 0.00120000
v -0.00323708 -0.00032500 0.00120000
v -0.00334038 -0.00045962 0.00120000
v -0.00212499 0.00276704 0.00120000
v -0.00272792 0.00260499 0.00120000
v -0.00363177 0.00062785 0.00120000
v -0.00329010 0.00240404 0.00120000
v -0.00380000 0.00065000 0.00120000
v -0.00380315 0.00216718 0.00120000
v -0.00396823 0.00062785 0.00120000
v -0.00425940 0.00189796 0.00120000
v -0.00412500 0.00056292 0.00120000
v -0.00465203 0.00160039 0.00120000
v -0.00425962 0.00045962 0.00120000
v -0.00497519 0.00127891 0.00120000
v -0.00436292 0.00032500 0.00120000
v -0.00522404 0.00093834 0.00120000
v -0.00442785 0.00016823 0.00120000
v -0.00317215 0.00016823 0.00120000
v -0.00315000 0.00000000 0.00120000
v -0.00317215 -0.00016823 0.00120000
v -0.00380000 -0.00065000 0.00120000
v -0.00339844 -0.00235877 0.00120000
v -0.00363177 -0.00062785 0.00120000
v -0.00284557 -0.00256727 0.00120000
v -0.00347500 -0.00056292 0.00120000
v -0.00225020 -0.00273743 0.00120000
v -0.00162122 -0.00286671 0.00120000
v -0.00539487 0.00058376 0.00120000
v -0.00548513 0.00022045 0.00120000
v -0.00445000 0.00000000 0.00120000
v -0.00549347 -0.00014615 0.00120000
v -0.00442785 -0.00016823 0.00120000
v -0.00541976 -0.00051056 0.00120000
v -0.00436292 -0.00032500 0.00120000
v -0.00526511 -0.00086735 0.00120000
v -0.00425962 -0.00045962 0.00120000
v -0.00503183 -0.00121119 0.00120000
v -0.00412500 -0.00056292 0.00120000
v -0.00472340 -0.00153694 0.00120000
v -0.00396823 -0.00062785 0.00120000
v -0.00434442 -0.00183973 0.00120000
v -0.00390056 -0.00211504 0.00120000
v -0.00334038 0.00045962 0.00510000
v -0.00347500 0.00056292 0.00510000
v -0.00212499 0.00276704 0.00510000
v -0.00317215 0.00016823 0.00510000
v -0.00323708 0.00032500 0.00510000
v -0.00100000 0.00295000 0.00510000
v -0.00149032 0.00288776 0.00510000
v -0.00315000 0.00000000 0.00510000
v -0.00100000 -0.00295000 0.00510000
v -0.00317215 -0.00016823 0.00510000
v -0.00445000 0.00000000 0.00510000
v -0.00548513 0.00022045 0.00510000
v -0.00442785 0.00016823 0.00510000
v -0.00539487 0.00058376 0.00510000
v -0.00436292 0.00032500 0.00510000
v -0.00522404 0.00093834 0.00510000
v -0.00425962 0.00045962 0.00510000
v -0.00497519 0.00127891 0.00510000
v -0.00412500 0.00056292 0.00510000
v -0.00465203 0.00160039 0.00510000
v -0.00396823 0.00062785 0.00510000
v -0.00425940 0.00189796 0.00510000
v -0.00380000 0.00065000 0.00510000
v -0.00380315 0.00216718 0.00510000
v -0.00363177 0.00062785 0.00510000
v -0.00329010 0.00240404 0.00510000
v -0.00272792 0.00260499 0.00510000
v -0.00363177 -0.00062785 0.00510000
v -0.00347500 -0.00056292 0.00510000
v -0.00225020 -0.00273743 0.00510000
v -0.00162122 -0.00286671 0.00510000
v -0.00334038 -0.00045962 0.00510000
v -0.00323708 -0.00032500 0.00510000
v -0.00284557 -0.00256727 0.00510000
v -0.00339844 -0.00235877 0.00510000
v -0.00380000 -0.00065000 0.00510000
v -0.00390056 -0.00211504 0.00510000
v -0.00396823 -0.00062785 0.00510000
v -0.00434442 -0.00183973 0.00510000
v -0.00412500 -0.00056292 0.00510000
v -0.00472340 -0.00153694 0.00510000
v -0.00425962 -0.00045962 0.00510000
v -0.00503183 -0.00121119 0.00510000
v -0.00436292 -0.00032500 0.00510000
v -0.00526511 -0.00086735 0.00510000
v -0.00442785 -0.00016823 0.00510000
v -0.00541976 -0.00051056 0.00510000
v -0.00549347 -0.00014615 0.00510000
v -0.00408094 0.00058615 0.00034269
v -0.00411628 0.00056557 0.00035408
v -0.00411614 0.00196187 0.00035452
v -0.00453448 0.00169781 0.00050000
v -0.00465092 0.00159919 0.00054486
v -0.00412395 0.00056111 0.00035656
v -0.00470816 0.00155071 0.00056692
v -0.00417106 0.00053368 0.00037175
v -0.00425289 0.00046625 0.00039912
v -0.00442358 0.00177826 0.00045945
v -0.00436974 0.00181733 0.00043976
v -0.00421072 0.00191314 0.00038508
v -0.00419376 0.00192335 0.00037925
v -0.00416690 0.00193668 0.00037069
v -0.00425911 0.00045917 0.00040126
v -0.00432110 0.00038853 0.00042262
v -0.00436151 0.00032412 0.00043688
v -0.00437661 0.00030003 0.00044221
v -0.00441651 0.00020594 0.00045653
v -0.00442583 0.00016774 0.00045991
v -0.00444209 0.00010107 0.00046581
v -0.00445000 0.00000000 0.00046870
v -0.00470811 -0.00154979 0.00056705
v -0.00444912 -0.00003375 0.00046837
v -0.00443609 -0.00013374 0.00046362
v -0.00443126 -0.00015497 0.00046187
v -0.00442698 -0.00016795 0.00046032
v -0.00439966 -0.00025081 0.00045045
v -0.00436187 -0.00032446 0.00043699
v -0.00435346 -0.00034086 0.00043399
v -0.00433968 -0.00036227 0.00042913
v -0.00427634 -0.00044227 0.00040713
v -0.00425863 -0.00045855 0.00040114
v -0.00420099 -0.00051158 0.00038165
v -0.00411621 -0.00196276 0.00035430
v -0.00415191 -0.00194576 0.00036547
v -0.00411629 -0.00056624 0.00035404
v -0.00416716 -0.00193699 0.00037063
v -0.00419056 -0.00192355 0.00037854
v -0.00421772 -0.00190794 0.00038772
v -0.00432341 -0.00184722 0.00042343
v -0.00443876 -0.00176783 0.00046493
v -0.00418499 -0.00052372 0.00037634
v -0.00412408 -0.00056142 0.00035657
v -0.00453448 -0.00169781 0.00050000
v -0.00448538 -0.00173575 0.00048170
v -0.00357041 0.00060658 0.00020191
v -0.00363208 0.00062689 0.00021660
v -0.00357043 0.00217282 0.00020181
v -0.00364617 0.00063154 0.00021996
v -0.00357238 0.00217233 0.00020222
v -0.00374802 0.00064792 0.00024598
v -0.00373914 0.00211925 0.00024435
v -0.00376799 0.00064921 0.00025128
v -0.00376239 0.00211185 0.00025022
v -0.00400623 0.00201642 0.00031950
v -0.00398163 0.00202627 0.00031241
v -0.00379995 0.00064824 0.00026009
v -0.00378960 0.00210319 0.00025710
v -0.00387143 0.00064606 0.00027980
v -0.00396815 0.00062745 0.00030804
v -0.00397349 0.00062642 0.00030960
v -0.00313963 -0.00227226 0.00011734
v -0.00329332 -0.00224003 0.00014500
v -0.00347162 -0.00056095 0.00017956
v -0.00330461 -0.00223767 0.00014703
v -0.00347514 -0.00056263 0.00018035
v -0.00338366 -0.00222109 0.00016126
v -0.00357044 -0.00060795 0.00020178
v -0.00357040 -0.00217262 0.00020194
v -0.00357202 -0.00060871 0.00020214
v -0.00297117 -0.00230012 0.00009340
v -0.00338668 -0.00050166 0.00016186
v -0.00334203 -0.00045793 0.00015320
v -0.00330705 -0.00042367 0.00014642
v -0.00324598 -0.00033994 0.00013529
v -0.00323822 -0.00032443 0.00013395
v -0.00319583 -0.00023975 0.00012661
v -0.00317372 -0.00016775 0.00012292
v -0.00316538 -0.00014059 0.00012153
v -0.00315064 -0.00002878 0.00011912
v -0.00315166 -0.00000006 0.00011929
v -0.00297118 0.00230013 0.00009342
v -0.00315433 0.00007491 0.00011972
v -0.00317352 0.00016795 0.00012288
v -0.00317739 0.00018670 0.00012351
v -0.00321497 0.00028327 0.00012988
v -0.00322121 0.00029580 0.00013095
v -0.00323861 0.00032406 0.00013404
v -0.00327525 0.00038358 0.00014055
v -0.00334057 0.00045946 0.00015280
v -0.00334268 0.00046190 0.00015319
v -0.00335673 0.00047540 0.00015593
v -0.00343726 0.00053937 0.00017224
v -0.00347599 0.00056117 0.00018068
v -0.00354845 0.00059935 0.00019668
v -0.00348608 0.00219391 0.00018402
v -0.00339555 0.00221656 0.00016492
v -0.00331439 0.00223686 0.00014780
v -0.00330680 0.00223832 0.00014653
v -0.00308075 0.00228199 0.00010894
v -0.00352705 0.00058991 0.00019180
v -0.00303650 0.00229054 0.00010158
v -0.00409707 -0.00057814 0.00034780
v -0.00400118 -0.00061808 0.00031796
v -0.00398904 -0.00062190 0.00031428
v -0.00396794 -0.00062651 0.00030807
v -0.00388754 -0.00064408 0.00028440
v -0.00397102 -0.00203192 0.00030886
v -0.00379994 -0.00064888 0.00026002
v -0.00391008 -0.00205575 0.00029152
v -0.00378339 -0.00064979 0.00025542
v -0.00378077 -0.00210632 0.00025471
v -0.00376264 -0.00211209 0.00025013
v -0.00361009 -0.00216063 0.00021159
v -0.00367189 -0.00063725 0.00022637
v -0.00358119 -0.00216982 0.00020429
v -0.00363231 -0.00062594 0.00021677
v -0.00262291 -0.00234825 0.00005282
v -0.00262484 -0.00234800 0.00005303
v -0.00238457 0.00237132 0.00003494
v -0.00276012 -0.00233049 0.00006768
v -0.00288600 -0.00231420 0.00008130
v -0.00296418 -0.00230127 0.00009241
v -0.00276117 0.00233096 0.00006718
v -0.00273623 0.00233462 0.00006407
v -0.00276195 0.00233084 0.00006728
v -0.00249010 0.00236246 0.00004145
v -0.00243805 0.00236683 0.00003824
v -0.00187823 -0.00240810 0.00000944
v -0.00203560 -0.00239893 0.00001514
v -0.00211179 0.00239406 0.00001830
v -0.00206847 -0.00239702 0.00001633
v -0.00208401 -0.00239584 0.00001716
v -0.00235039 -0.00237556 0.00003140
v -0.00211891 0.00239363 0.00001857
v -0.00238461 -0.00237213 0.00003409
v -0.00241720 -0.00236886 0.00003665
v -0.00162141 0.00241794 0.00000342
v -0.00153403 -0.00241918 0.00000199
v -0.00170327 0.00241571 0.00000496
v -0.00154068 -0.00241938 0.00000208
v -0.00178259 0.00241229 0.00000697
v -0.00165246 -0.00241565 0.00000451
v -0.00186996 0.00240852 0.00000919
v -0.00208350 0.00239575 0.00001723
v -0.00159165 0.00241875 0.00000287
v -0.00153402 0.00241928 0.00000200
v -0.00151687 0.00241943 0.00000174
v -0.00141605 0.00240985 0.00000051
v -0.00139513 0.00241376 0.00000029
v -0.00138481 0.00241191 0.00000019
v -0.00136671 0.00240431 0.00000001
v -0.00136594 0.00240316 0.00000000
v -0.00137511 0.00240643 0.00000009
v -0.00136832 0.00240583 0.00000003
v -0.00136562 0.00240236 0.00000000
v -0.00136541 0.00240126 0.00000000
v -0.00136540 0.00240095 0.00000000
v -0.00137782 0.00241013 0.00000012
v -0.00137307 0.00240845 0.00000007
v -0.00146672 0.00241876 0.00000109
v -0.00143305 0.00241737 0.00000070
v -0.00141040 0.00241562 0.00000045
v -0.00144970 -0.00241006 0.00000089
v -0.00136540 -0.00240095 -0.00000000
v -0.00136553 -0.00240206 0.00000000
v -0.00136568 -0.00240255 0.00000000
v -0.00136629 -0.00240374 0.00000001
v -0.00136645 -0.00240397 0.00000001
v -0.00136799 -0.00240557 0.00000003
v -0.00136849 -0.00240595 0.00000003
v -0.00137330 -0.00240855 0.00000008
v -0.00137552 -0.00240939 0.00000010
v -0.00140837 -0.00241542 0.00000043
v -0.00472330 -0.00153684 0.00057291
v -0.00472626 -0.00153432 0.00057406
v -0.00487015 0.00016993 0.00063198
v -0.00487796 -0.00138588 0.00063517
v -0.00502190 -0.00122339 0.00069483
v -0.00538582 0.00060560 0.00085047
v -0.00537799 0.00062838 0.00084708
v -0.00532352 0.00075386 0.00082352
v -0.00524199 0.00090807 0.00078838
v -0.00522311 0.00093777 0.00078030
v -0.00514728 0.00105705 0.00074785
v -0.00503995 0.00120110 0.00070242
v -0.00497402 0.00127798 0.00067495
v -0.00492043 0.00134046 0.00065262
v -0.00487067 0.00139348 0.00063219
v -0.00470945 0.00154962 0.00056741
v -0.00503135 -0.00121085 0.00069883
v -0.00514754 -0.00105667 0.00074796
v -0.00525507 -0.00088529 0.00079401
v -0.00549181 0.00016369 0.00089644
v -0.00548341 0.00022019 0.00089280
v -0.00543462 -0.00019246 0.00087163
v -0.00548710 -0.00020538 0.00089440
v -0.00549167 -0.00014601 0.00089639
v -0.00549934 -0.00004661 0.00089971
v -0.00549607 0.00011343 0.00089829
v -0.00541787 -0.00050999 0.00086437
v -0.00539646 -0.00057938 0.00085508
v -0.00538582 -0.00060511 0.00085048
v -0.00544682 -0.00041618 0.00087692
v -0.00545949 -0.00036345 0.00088242
v -0.00526449 -0.00086704 0.00079807
v -0.00533002 -0.00074008 0.00082632
v -0.00539348 0.00058328 0.00085379
v -0.00546845 0.00032089 0.00088630
v -0.00543039 0.00047580 0.00086979
v -0.00453448 -0.00169781 0.00580000
v -0.00442358 -0.00177826 0.00584055
v -0.00404583 -0.00059931 0.00596812
v -0.00436974 -0.00181733 0.00586024
v -0.00421072 -0.00191314 0.00591492
v -0.00419376 -0.00192335 0.00592076
v -0.00416690 -0.00193668 0.00592931
v -0.00404576 -0.00199680 0.00596790
v -0.00417106 -0.00053368 0.00592826
v -0.00461077 -0.00163363 0.00577068
v -0.00412395 -0.00056111 0.00594344
v -0.00408094 -0.00058615 0.00595731
v -0.00425289 -0.00046625 0.00590088
v -0.00425911 -0.00045917 0.00589874
v -0.00432110 -0.00038853 0.00587738
v -0.00436151 -0.00032412 0.00586312
v -0.00437661 -0.00030003 0.00585779
v -0.00441651 -0.00020594 0.00584347
v -0.00442583 -0.00016774 0.00584009
v -0.00444209 -0.00010107 0.00583419
v -0.00445000 0.00000000 0.00583130
v -0.00444912 0.00003375 0.00583162
v -0.00443609 0.00013374 0.00583638
v -0.00461084 0.00163468 0.00577084
v -0.00443126 0.00015497 0.00583813
v -0.00442698 0.00016795 0.00583968
v -0.00439966 0.00025081 0.00584955
v -0.00436187 0.00032446 0.00586301
v -0.00435346 0.00034086 0.00586601
v -0.00433968 0.00036227 0.00587087
v -0.00427634 0.00044227 0.00589287
v -0.00425863 0.00045855 0.00589886
v -0.00420099 0.00051158 0.00591835
v -0.00418499 0.00052372 0.00592366
v -0.00416716 0.00193699 0.00592937
v -0.00419056 0.00192355 0.00592146
v -0.00404584 0.00059948 0.00596814
v -0.00415191 0.00194576 0.00593453
v -0.00421772 0.00190794 0.00591228
v -0.00432341 0.00184722 0.00587657
v -0.00443876 0.00176783 0.00583507
v -0.00412408 0.00056142 0.00594343
v -0.00409707 0.00057814 0.00595220
v -0.00453448 0.00169781 0.00580000
v -0.00448538 0.00173575 0.00581830
v -0.00346954 -0.00055754 0.00612073
v -0.00347599 -0.00056117 0.00611932
v -0.00346929 -0.00219811 0.00611952
v -0.00352705 -0.00058991 0.00610820
v -0.00354845 -0.00059935 0.00610332
v -0.00363208 -0.00062689 0.00608339
v -0.00364617 -0.00063154 0.00608004
v -0.00348608 -0.00219391 0.00611598
v -0.00357238 -0.00217233 0.00609778
v -0.00374802 -0.00064792 0.00605402
v -0.00373914 -0.00211925 0.00605565
v -0.00376799 -0.00064921 0.00604872
v -0.00376239 -0.00211185 0.00604978
v -0.00400623 -0.00201642 0.00598050
v -0.00398163 -0.00202627 0.00598759
v -0.00379995 -0.00064824 0.00603991
v -0.00378960 -0.00210319 0.00604291
v -0.00387143 -0.00064606 0.00602020
v -0.00396815 -0.00062745 0.00599196
v -0.00397349 -0.00062642 0.00599040
v -0.00313963 0.00227226 0.00618266
v -0.00329332 0.00224003 0.00615500
v -0.00338668 0.00050166 0.00613814
v -0.00346940 0.00219884 0.00612006
v -0.00346957 0.00055952 0.00612087
v -0.00338366 0.00222109 0.00613874
v -0.00330461 0.00223767 0.00615297
v -0.00334203 0.00045793 0.00614680
v -0.00291857 0.00230881 0.00621407
v -0.00296418 0.00230127 0.00620759
v -0.00330705 0.00042367 0.00615358
v -0.00324598 0.00033994 0.00616471
v -0.00323822 0.00032443 0.00616605
v -0.00319583 0.00023975 0.00617339
v -0.00317372 0.00016775 0.00617708
v -0.00316538 0.00014059 0.00617847
v -0.00315064 0.00002878 0.00618088
v -0.00315166 0.00000006 0.00618071
v -0.00291846 -0.00230787 0.00621316
v -0.00315433 -0.00007491 0.00618028
v -0.00317352 -0.00016795 0.00617712
v -0.00317739 -0.00018670 0.00617649
v -0.00321497 -0.00028327 0.00617012
v -0.00322121 -0.00029580 0.00616905
v -0.00323861 -0.00032406 0.00616596
v -0.00327525 -0.00038358 0.00615945
v -0.00334057 -0.00045946 0.00614720
v -0.00334268 -0.00046190 0.00614681
v -0.00330680 -0.00223832 0.00615347
v -0.00308075 -0.00228199 0.00619106
v -0.00343726 -0.00053937 0.00612776
v -0.00331439 -0.00223686 0.00615220
v -0.00339555 -0.00221656 0.00613508
v -0.00335673 -0.00047540 0.00614407
v -0.00303650 -0.00229054 0.00619842
v -0.00404572 0.00199634 0.00596776
v -0.00400118 0.00061808 0.00598204
v -0.00398904 0.00062190 0.00598572
v -0.00396794 0.00062651 0.00599193
v -0.00388754 0.00064408 0.00601560
v -0.00397102 0.00203192 0.00599114
v -0.00379994 0.00064888 0.00603998
v -0.00391008 0.00205575 0.00600848
v -0.00378077 0.00210632 0.00604529
v -0.00378339 0.00064979 0.00604458
v -0.00376264 0.00211209 0.00604987
v -0.00361009 0.00216063 0.00608841
v -0.00367189 0.00063725 0.00607363
v -0.00358119 0.00216982 0.00609571
v -0.00363231 0.00062594 0.00608323
v -0.00357202 0.00060871 0.00609786
v -0.00347514 0.00056263 0.00611965
v -0.00347162 0.00056095 0.00612045
v -0.00235039 0.00237556 0.00626860
v -0.00241720 0.00236886 0.00626335
v -0.00276117 -0.00233096 0.00623282
v -0.00276195 -0.00233084 0.00623272
v -0.00262291 0.00234825 0.00624718
v -0.00262484 0.00234800 0.00624697
v -0.00288600 0.00231420 0.00621870
v -0.00276012 0.00233049 0.00623232
v -0.00249010 -0.00236246 0.00625855
v -0.00243805 -0.00236683 0.00626176
v -0.00230031 0.00237937 0.00627128
v -0.00273623 -0.00233462 0.00623593
v -0.00211179 -0.00239406 0.00628170
v -0.00187823 0.00240810 0.00629056
v -0.00203560 0.00239893 0.00628486
v -0.00206847 0.00239702 0.00628367
v -0.00208401 0.00239584 0.00628284
v -0.00211891 -0.00239363 0.00628144
v -0.00230024 -0.00237840 0.00627025
v -0.00208350 -0.00239575 0.00628277
v -0.00186996 -0.00240852 0.00629081
v -0.00165246 0.00241565 0.00629549
v -0.00178259 -0.00241229 0.00629303
v -0.00154068 0.00241938 0.00629792
v -0.00170327 -0.00241571 0.00629504
v -0.00162141 -0.00241794 0.00629658
v -0.00159165 -0.00241875 0.00629713
v -0.00151687 -0.00241943 0.00629826
v -0.00141605 -0.00240985 0.00629949
v -0.00139513 -0.00241376 0.00629971
v -0.00138481 -0.00241191 0.00629981
v -0.00136671 -0.00240431 0.00629999
v -0.00136594 -0.00240316 0.00629999
v -0.00137511 -0.00240643 0.00629991
v -0.00136832 -0.00240583 0.00629997
v -0.00136562 -0.00240236 0.00630000
v -0.00136541 -0.00240126 0.00630000
v -0.00136540 -0.00240095 0.00630000
v -0.00137782 -0.00241013 0.00629988
v -0.00137307 -0.00240845 0.00629993
v -0.00146672 -0.00241876 0.00629891
v -0.00143305 -0.00241737 0.00629930
v -0.00141040 -0.00241562 0.00629955
v -0.00145302 0.00241017 0.00629908
v -0.00136540 0.00240095 0.00630000
v -0.00136553 0.00240206 0.00630000
v -0.00136568 0.00240255 0.00630000
v -0.00136629 0.00240374 0.00629999
v -0.00136645 0.00240397 0.00629999
v -0.00136799 0.00240557 0.00629997
v -0.00136849 0.00240595 0.00629997
v -0.00137330 0.00240855 0.00629993
v -0.00137552 0.00240939 0.00629990
v -0.00140837 0.00241542 0.00629957
v -0.00463137 -0.00001673 0.00576307
v -0.00464534 0.00160616 0.00575766
v -0.00465182 0.00160018 0.00575510
v -0.00481873 0.00144621 0.00568893
v -0.00497352 0.00128084 0.00562538
v -0.00497514 0.00127888 0.00562470
v -0.00506248 0.00117257 0.00558810
v -0.00517824 0.00101105 0.00553894
v -0.00522227 0.00093732 0.00552005
v -0.00527664 0.00084627 0.00549671
v -0.00535783 0.00067770 0.00546165
v -0.00539282 0.00058301 0.00544649
v -0.00542081 0.00050725 0.00543436
v -0.00544955 0.00039837 0.00542190
v -0.00543997 -0.00044203 0.00542605
v -0.00541801 -0.00051001 0.00543557
v -0.00538938 -0.00059865 0.00544799
v -0.00532467 -0.00075143 0.00547598
v -0.00526407 -0.00086682 0.00550211
v -0.00524638 -0.00090050 0.00550973
v -0.00519837 -0.00097984 0.00553033
v -0.00509069 -0.00113566 0.00557618
v -0.00503045 -0.00121014 0.00560147
v -0.00496998 -0.00128493 0.00562685
v -0.00483681 -0.00142814 0.00568160
v -0.00472266 -0.00153623 0.00572720
v -0.00469157 -0.00156567 0.00573963
v -0.00544955 -0.00040438 0.00542190
v -0.00546667 -0.00009207 0.00541446
v -0.00546300 0.00034739 0.00541606
v -0.00548380 0.00022023 0.00540703
v -0.00549859 -0.00006786 0.00540061
v -0.00549158 -0.00014598 0.00540366
v -0.00548444 -0.00022552 0.00540676
v -0.00545510 -0.00038255 0.00541949
v -0.00548947 0.00018557 0.00540457
v -0.00549753 0.00008993 0.00540107
v 0.00132558 -0.00240674 0.00630000
v 0.00132558 0.00240674 0.00630000
v 0.00100272 -0.00244703 0.00630000
v 0.00117904 0.00242649 0.00630000
v 0.00062254 -0.00247971 0.00630000
v 0.00085091 0.00246196 0.00630000
v 0.00042096 -0.00249074 0.00630000
v 0.00051635 0.00248605 0.00630000
v 0.00042096 0.00249074 0.00630000
v 0.00473106 0.00151230 0.00589822
v 0.00473985 0.00152179 0.00580000
v 0.00469707 0.00156075 0.00580000
v -0.00338366 0.00222109 0.00613874
v -0.00330461 0.00223767 0.00615297
v -0.00329416 0.00224230 0.00615207
v -0.00329332 0.00224003 0.00615500
v 0.00320698 0.00216585 0.00623256
v 0.00308039 0.00221819 0.00623301
v 0.00307258 0.00219705 0.00624338
v 0.00388772 0.00195373 0.00615427
v 0.00389235 0.00195174 0.00615352
v 0.00381562 0.00199457 0.00615355
v 0.00466715 0.00152707 0.00600331
v 0.00468571 0.00154806 0.00592941
v 0.00453137 0.00162471 0.00603545
v 0.00450044 0.00170294 0.00592941
v 0.00446327 0.00166594 0.00604984
v 0.00427524 0.00180626 0.00605000
v 0.00433316 0.00174472 0.00607733
v 0.00425915 0.00178252 0.00609109
v 0.00411877 0.00185423 0.00611717
v 0.00406973 0.00193966 0.00605000
v 0.00404736 0.00188498 0.00612864
v 0.00384952 0.00196862 0.00615985
v 0.00359267 0.00210921 0.00615355
v 0.00359299 0.00205873 0.00619362
v 0.00380935 0.00198272 0.00616514
v 0.00328357 0.00214807 0.00622640
v 0.00337256 0.00212237 0.00621697
v 0.00340494 0.00219622 0.00615355
v 0.00337758 0.00212092 0.00621644
v 0.00357132 0.00206498 0.00619592
v 0.00295164 0.00222512 0.00625312
v 0.00278869 0.00232275 0.00623301
v 0.00276776 0.00225888 0.00626367
v 0.00262188 0.00228566 0.00627204
v 0.00248846 0.00241565 0.00623301
v 0.00259519 0.00229056 0.00627358
v 0.00214502 0.00235263 0.00628951
v 0.00221185 0.00234484 0.00628781
v 0.00215164 0.00238002 0.00628296
v 0.00235896 0.00232401 0.00628235
v 0.00245850 0.00230991 0.00627865
v 0.00152356 0.00240808 0.00629898
v 0.00155044 0.00240661 0.00629881
v 0.00152127 0.00250764 0.00628296
v 0.00166160 0.00239906 0.00629785
v 0.00184018 0.00244932 0.00628296
v 0.00182797 0.00238543 0.00629584
v 0.00207716 0.00236054 0.00629124
v 0.00132594 0.00240783 0.00630000
v 0.00132636 0.00240830 0.00630000
v 0.00119527 0.00255488 0.00628296
v 0.00132560 0.00240696 0.00630000
v 0.00132563 0.00240713 0.00630000
v 0.00132577 0.00240754 0.00630000
v 0.00132713 0.00240887 0.00629999
v 0.00132915 0.00240982 0.00629999
v 0.00133126 0.00241046 0.00629998
v 0.00133436 0.00241113 0.00629997
v 0.00133894 0.00241182 0.00629995
v 0.00134572 0.00241249 0.00629993
v 0.00135579 0.00241308 0.00629989
v 0.00137077 0.00241345 0.00629983
v 0.00139309 0.00241341 0.00629973
v 0.00142639 0.00241266 0.00629957
v 0.00147611 0.00241067 0.00629930
v 0.00150514 0.00240908 0.00629911
v 0.00027311 0.00250382 0.00629994
v 0.00027906 0.00250376 0.00629994
v 0.00027658 0.00262547 0.00628296
v 0.00029836 0.00250358 0.00629993
v 0.00052335 0.00261527 0.00628296
v -0.00011497 0.00249931 0.00630000
v 0.00013718 0.00249902 0.00630000
v 0.00016362 0.00250488 0.00629997
v -0.00128438 0.00254317 0.00628296
v -0.00166441 0.00248299 0.00628296
v -0.00154068 0.00241938 0.00629792
v -0.00140837 0.00241542 0.00629957
v -0.00137552 0.00240939 0.00629990
v -0.00137330 0.00240855 0.00629993
v -0.00136849 0.00240595 0.00629997
v -0.00136799 0.00240557 0.00629997
v -0.00136645 0.00240397 0.00629999
v -0.00136629 0.00240374 0.00629999
v -0.00136568 0.00240255 0.00630000
v -0.00126689 0.00241494 0.00630000
v -0.00136553 0.00240206 0.00630000
v -0.00136540 0.00240095 0.00630000
v -0.00206847 0.00239702 0.00628367
v -0.00203560 0.00239893 0.00628486
v -0.00203736 0.00240692 0.00628296
v -0.00187823 0.00240810 0.00629056
v -0.00165246 0.00241565 0.00629549
v -0.00243433 0.00243095 0.00623301
v -0.00241720 0.00236886 0.00626335
v -0.00235039 0.00237556 0.00626860
v -0.00206415 0.00252450 0.00623301
v -0.00230031 0.00237937 0.00627128
v -0.00208401 0.00239584 0.00628284
v -0.00262291 0.00234825 0.00624718
v -0.00263249 0.00237284 0.00623301
v -0.00262484 0.00234800 0.00624697
v -0.00313963 0.00227226 0.00618266
v -0.00296418 0.00230127 0.00620759
v -0.00298652 0.00236370 0.00615355
v -0.00291857 0.00230881 0.00621407
v -0.00288600 0.00231420 0.00621870
v -0.00276012 0.00233049 0.00623232
v -0.00266300 0.00247180 0.00615355
v -0.00376264 0.00211209 0.00604987
v -0.00361009 0.00216063 0.00608841
v -0.00362117 0.00218370 0.00605000
v -0.00358119 0.00216982 0.00609571
v -0.00346940 0.00219884 0.00612006
v -0.00332533 0.00231701 0.00605000
v -0.00392468 0.00208223 0.00592941
v -0.00391008 0.00205575 0.00600848
v -0.00364293 0.00222866 0.00592941
v -0.00378077 0.00210632 0.00604529
v -0.00416716 0.00193699 0.00592937
v -0.00415191 0.00194576 0.00593453
v -0.00404572 0.00199634 0.00596776
v -0.00397102 0.00203192 0.00599114
v -0.00393298 0.00209710 0.00580000
v -0.00419939 0.00193733 0.00580000
v -0.00419056 0.00192355 0.00592146
v -0.00422569 0.00192024 0.00580000
v -0.00453448 0.00169781 0.00580000
v -0.00448538 0.00173575 0.00581830
v -0.00444045 0.00177020 0.00580000
v -0.00443876 0.00176783 0.00583507
v -0.00425880 0.00189711 0.00580000
v -0.00432341 0.00184722 0.00587657
v -0.00421772 0.00190794 0.00591228
v 0.00471372 0.00149358 0.00599229
v 0.00472827 0.00150929 0.00592941
v 0.00451093 0.00171636 0.00580000
v 0.00446807 0.00174781 0.00580000
v 0.00430360 0.00184738 0.00592941
v 0.00431327 0.00186141 0.00580000
v 0.00410468 0.00199681 0.00580000
v 0.00409580 0.00198227 0.00592941
v 0.00404372 0.00203199 0.00580000
v 0.00387751 0.00210823 0.00592941
v 0.00388565 0.00212319 0.00580000
v 0.00365663 0.00224095 0.00580000
v 0.00355910 0.00228616 0.00580000
v 0.00345728 0.00231457 0.00592941
v 0.00364918 0.00222563 0.00592941
v 0.00346417 0.00233015 0.00580000
v 0.00317016 0.00245152 0.00580000
v 0.00316404 0.00243562 0.00592941
v 0.00302085 0.00250504 0.00580000
v 0.00286236 0.00254376 0.00592941
v 0.00286774 0.00255992 0.00580000
v 0.00255730 0.00265599 0.00580000
v 0.00255261 0.00263961 0.00592941
v 0.00243792 0.00268756 0.00580000
v 0.00223517 0.00272356 0.00592941
v 0.00223919 0.00274012 0.00580000
v 0.00191371 0.00281254 0.00580000
v 0.00191033 0.00279584 0.00592941
v 0.00181852 0.00282995 0.00580000
v 0.00157839 0.00285655 0.00592941
v 0.00158114 0.00287336 0.00580000
v 0.00124174 0.00292254 0.00580000
v 0.00123961 0.00290564 0.00592941
v 0.00117191 0.00293009 0.00580000
v 0.00089422 0.00294298 0.00592941
v 0.00086252 0.00259085 0.00628296
v 0.00089575 0.00295995 0.00580000
v 0.00054339 0.00298532 0.00580000
v 0.00054247 0.00296831 0.00592941
v 0.00050777 0.00298679 0.00580000
v 0.00028666 0.00297888 0.00592941
v 0.00028714 0.00299591 0.00580000
v -0.00012097 0.00299927 0.00580000
v -0.00012077 0.00298224 0.00592941
v -0.00016401 0.00299788 0.00580000
v -0.00052757 0.00296911 0.00592941
v -0.00052846 0.00298612 0.00580000
v -0.00093182 0.00293952 0.00592941
v -0.00083329 0.00296381 0.00580000
v -0.00011652 0.00262871 0.00628296
v -0.00050898 0.00261604 0.00628296
v -0.00050217 0.00248681 0.00630000
v -0.00089875 0.00258751 0.00628296
v -0.00088665 0.00245867 0.00630000
v -0.00093341 0.00295648 0.00580000
v -0.00133448 0.00291036 0.00580000
v -0.00133217 0.00289347 0.00592941
v -0.00149000 0.00288573 0.00580000
v -0.00172731 0.00283090 0.00592941
v 0.00218013 0.00249719 0.00623301
v 0.00186411 0.00256751 0.00623301
v 0.00154075 0.00262664 0.00623301
v 0.00121039 0.00267451 0.00623301
v 0.00087333 0.00271095 0.00623301
v 0.00052987 0.00273569 0.00623301
v 0.00028002 0.00274601 0.00623301
v -0.00011797 0.00274929 0.00623301
v -0.00051532 0.00273647 0.00623301
v -0.00091003 0.00270758 0.00623301
v -0.00130068 0.00266265 0.00623301
v -0.00168586 0.00260165 0.00623301
v -0.00173034 0.00284767 0.00580000
v -0.00211968 0.00276825 0.00580000
v -0.00211590 0.00275164 0.00592941
v -0.00212496 0.00276692 0.00580000
v -0.00249684 0.00265537 0.00592941
v 0.00311758 0.00231484 0.00615355
v 0.00282144 0.00242099 0.00615355
v 0.00251698 0.00251520 0.00615355
v 0.00220459 0.00259781 0.00615355
v 0.00188465 0.00266901 0.00615355
v 0.00155748 0.00272884 0.00615355
v 0.00122338 0.00277725 0.00615355
v 0.00088262 0.00281409 0.00615355
v 0.00053547 0.00283909 0.00615355
v 0.00028297 0.00284952 0.00615355
v -0.00011921 0.00285284 0.00615355
v -0.00052076 0.00283988 0.00615355
v -0.00091972 0.00281068 0.00615355
v -0.00131468 0.00276525 0.00615355
v -0.00170429 0.00270355 0.00615355
v -0.00208715 0.00262546 0.00615355
v -0.00246212 0.00253070 0.00615355
v -0.00250141 0.00267178 0.00580000
v -0.00270614 0.00261174 0.00580000
v -0.00270112 0.00259546 0.00592941
v -0.00272776 0.00260452 0.00580000
v -0.00303047 0.00248541 0.00592941
v -0.00301351 0.00243843 0.00605000
v -0.00268641 0.00254773 0.00605000
v -0.00248344 0.00260725 0.00605000
v -0.00210480 0.00270294 0.00605000
v -0.00171842 0.00278175 0.00605000
v -0.00132542 0.00284398 0.00605000
v -0.00092715 0.00288979 0.00605000
v -0.00052494 0.00291923 0.00605000
v -0.00012017 0.00293229 0.00605000
v 0.00028523 0.00292895 0.00605000
v 0.00053977 0.00291843 0.00605000
v 0.00088975 0.00289323 0.00605000
v 0.00123334 0.00285608 0.00605000
v 0.00157032 0.00280725 0.00605000
v 0.00190042 0.00274689 0.00605000
v 0.00222337 0.00267503 0.00605000
v 0.00253886 0.00259159 0.00605000
v 0.00284656 0.00249637 0.00605000
v 0.00314611 0.00238900 0.00605000
v 0.00343708 0.00226889 0.00605000
v 0.00362737 0.00218069 0.00605000
v 0.00385362 0.00206436 0.00605000
v 0.00403882 0.00188866 0.00613001
v -0.00334464 0.00236308 0.00592941
v 0.00446904 0.00166245 0.00604862
v -0.00303626 0.00250144 0.00580000
v -0.00328961 0.00240278 0.00580000
v -0.00335122 0.00237879 0.00580000
v -0.00365035 0.00224400 0.00580000
v -0.00380209 0.00216514 0.00580000
v 0.00013718 0.00249902 0.00000000
v 0.00013718 -0.00249902 0.00000000
v -0.00013353 0.00249907 0.00000000
v -0.00011497 -0.00249931 0.00000000
v -0.00136540 -0.00240095 -0.00000000
v -0.00136540 0.00240095 0.00000000
v -0.00126689 -0.00241494 0.00000000
v -0.00124768 0.00241754 0.00000000
v -0.00087976 0.00245932 0.00000000
v -0.00050818 0.00248649 0.00000000
v -0.00088665 -0.00245867 0.00000000
v -0.00050217 -0.00248681 0.00000000
v -0.00329332 -0.00224003 0.00014500
v -0.00329416 -0.00224230 0.00014793
v -0.00330461 -0.00223767 0.00014703
v 0.00207716 -0.00236054 0.00000876
v 0.00214502 -0.00235263 0.00001049
v 0.00215164 -0.00238002 0.00001704
v 0.00320698 -0.00216585 0.00006744
v 0.00308039 -0.00221819 0.00006699
v 0.00307258 -0.00219705 0.00005662
v 0.00388772 -0.00195373 0.00014573
v 0.00389235 -0.00195174 0.00014648
v 0.00381562 -0.00199457 0.00014645
v 0.00433316 -0.00174472 0.00022267
v 0.00446327 -0.00166594 0.00025016
v 0.00427524 -0.00180626 0.00025000
v 0.00446904 -0.00166245 0.00025138
v 0.00453137 -0.00162471 0.00026455
v 0.00450044 -0.00170294 0.00037059
v 0.00466537 -0.00152835 0.00029627
v 0.00403882 -0.00188866 0.00016999
v 0.00404202 -0.00188728 0.00017050
v 0.00406973 -0.00193966 0.00025000
v 0.00411877 -0.00185423 0.00018282
v 0.00425915 -0.00178252 0.00020891
v 0.00384952 -0.00196862 0.00014015
v 0.00340494 -0.00219622 0.00014645
v 0.00357132 -0.00206498 0.00010408
v 0.00359267 -0.00210921 0.00014645
v 0.00359299 -0.00205873 0.00010638
v 0.00380935 -0.00198272 0.00013486
v 0.00328357 -0.00214807 0.00007360
v 0.00334605 -0.00213003 0.00008022
v 0.00337256 -0.00212237 0.00008303
v 0.00295164 -0.00222512 0.00004688
v 0.00278869 -0.00232275 0.00006699
v 0.00276776 -0.00225888 0.00003633
v 0.00259519 -0.00229056 0.00002642
v 0.00248846 -0.00241565 0.00006699
v 0.00255804 -0.00229582 0.00002504
v 0.00221185 -0.00234484 0.00001219
v 0.00235896 -0.00232401 0.00001765
v 0.00245850 -0.00230991 0.00002135
v 0.00182797 -0.00238543 0.00000416
v 0.00184018 -0.00244932 0.00001704
v 0.00166160 -0.00239906 0.00000215
v 0.00152127 -0.00250764 0.00001704
v 0.00155044 -0.00240661 0.00000119
v 0.00132594 -0.00240783 0.00000000
v 0.00132636 -0.00240830 0.00000000
v 0.00119527 -0.00255488 0.00001704
v 0.00132558 -0.00240674 0.00000000
v 0.00132560 -0.00240696 0.00000000
v 0.00117904 -0.00242649 0.00000000
v 0.00132563 -0.00240713 0.00000000
v 0.00132577 -0.00240754 0.00000000
v 0.00132713 -0.00240887 0.00000000
v 0.00132915 -0.00240982 0.00000001
v 0.00133126 -0.00241046 0.00000002
v 0.00133436 -0.00241113 0.00000003
v 0.00133894 -0.00241182 0.00000005
v 0.00134572 -0.00241249 0.00000007
v 0.00135579 -0.00241308 0.00000011
v 0.00137077 -0.00241345 0.00000017
v 0.00139309 -0.00241341 0.00000027
v 0.00142639 -0.00241266 0.00000043
v 0.00147611 -0.00241067 0.00000070
v 0.00150514 -0.00240908 0.00000089
v 0.00027311 -0.00250382 0.00000006
v 0.00027906 -0.00250376 0.00000006
v 0.00027658 -0.00262547 0.00001704
v 0.00029836 -0.00250358 0.00000007
v 0.00052335 -0.00261527 0.00001704
v 0.00042096 -0.00249074 0.00000000
v 0.00016362 -0.00250488 0.00000003
v -0.00166441 -0.00248299 0.00001704
v -0.00154068 -0.00241938 0.00000208
v -0.00128438 -0.00254317 0.00001704
v -0.00153403 -0.00241918 0.00000199
v -0.00140837 -0.00241542 0.00000043
v -0.00137552 -0.00240939 0.00000010
v -0.00137330 -0.00240855 0.00000008
v -0.00136849 -0.00240595 0.00000003
v -0.00136799 -0.00240557 0.00000003
v -0.00136645 -0.00240397 0.00000001
v -0.00136629 -0.00240374 0.00000001
v -0.00136568 -0.00240255 0.00000000
v -0.00136553 -0.00240206 0.00000000
v -0.00206847 -0.00239702 0.00001633
v -0.00203560 -0.00239893 0.00001514
v -0.00203736 -0.00240692 0.00001704
v -0.00187823 -0.00240810 0.00000944
v -0.00165246 -0.00241565 0.00000451
v -0.00241720 -0.00236886 0.00003665
v -0.00238461 -0.00237213 0.00003409
v -0.00243433 -0.00243095 0.00006699
v -0.00235039 -0.00237556 0.00003140
v -0.00206415 -0.00252450 0.00006699
v -0.00208401 -0.00239584 0.00001716
v -0.00262291 -0.00234825 0.00005282
v -0.00263249 -0.00237284 0.00006699
v -0.00262484 -0.00234800 0.00005303
v -0.00297117 -0.00230012 0.00009340
v -0.00296418 -0.00230127 0.00009241
v -0.00298652 -0.00236370 0.00014645
v -0.00288600 -0.00231420 0.00008130
v -0.00266300 -0.00247180 0.00014645
v -0.00276012 -0.00233049 0.00006768
v -0.00313963 -0.00227226 0.00011734
v -0.00338366 -0.00222109 0.00016126
v -0.00332533 -0.00231701 0.00025000
v -0.00357040 -0.00217262 0.00020194
v -0.00362117 -0.00218370 0.00025000
v -0.00358119 -0.00216982 0.00020429
v -0.00361009 -0.00216063 0.00021159
v -0.00392468 -0.00208223 0.00037059
v -0.00391008 -0.00205575 0.00029152
v -0.00364293 -0.00222866 0.00037059
v -0.00378077 -0.00210632 0.00025471
v -0.00376264 -0.00211209 0.00025013
v -0.00416716 -0.00193699 0.00037063
v -0.00415191 -0.00194576 0.00036547
v -0.00411621 -0.00196276 0.00035430
v -0.00397102 -0.00203192 0.00030886
v -0.00453448 -0.00169781 0.00050000
v -0.00448538 -0.00173575 0.00048170
v -0.00444045 -0.00177020 0.00050000
v -0.00443876 -0.00176783 0.00046493
v -0.00434327 -0.00183809 0.00050000
v -0.00432341 -0.00184722 0.00042343
v -0.00422569 -0.00192024 0.00050000
v 0.00466715 -0.00152707 0.00029669
v 0.00471372 -0.00149358 0.00030771
v 0.00468571 -0.00154806 0.00037059
v 0.00472691 -0.00150782 0.00037120
v 0.00473318 -0.00151458 0.00040137
v 0.00451093 -0.00171636 0.00050000
v 0.00469707 -0.00156075 0.00050000
v 0.00473985 -0.00152179 0.00050000
v 0.00438688 -0.00180739 0.00050000
v 0.00430360 -0.00184738 0.00037059
v 0.00431327 -0.00186141 0.00050000
v 0.00410468 -0.00199681 0.00050000
v 0.00409580 -0.00198227 0.00037059
v 0.00394998 -0.00208608 0.00050000
v 0.00387751 -0.00210823 0.00037059
v 0.00388565 -0.00212319 0.00050000
v 0.00365663 -0.00224095 0.00050000
v 0.00364918 -0.00222563 0.00037059
v 0.00346417 -0.00233015 0.00050000
v 0.00345728 -0.00231457 0.00037059
v 0.00345427 -0.00233424 0.00050000
v 0.00316404 -0.00243562 0.00037059
v 0.00317016 -0.00245152 0.00050000
v 0.00290624 -0.00254612 0.00050000
v 0.00286236 -0.00254376 0.00037059
v 0.00286774 -0.00255992 0.00050000
v 0.00255730 -0.00265599 0.00050000
v 0.00255261 -0.00263961 0.00037059
v 0.00223517 -0.00272356 0.00037059
v 0.00231494 -0.00272008 0.00050000
v 0.00223919 -0.00274012 0.00050000
v 0.00191371 -0.00281254 0.00050000
v 0.00168915 -0.00285361 0.00050000
v 0.00157839 -0.00285655 0.00037059
v 0.00191033 -0.00279584 0.00037059
v 0.00158114 -0.00287336 0.00050000
v 0.00124174 -0.00292254 0.00050000
v 0.00123961 -0.00290564 0.00037059
v 0.00089422 -0.00294298 0.00037059
v 0.00103817 -0.00294455 0.00050000
v 0.00089575 -0.00295995 0.00050000
v 0.00054339 -0.00298532 0.00050000
v 0.00051635 -0.00248605 0.00000000
v 0.00085091 -0.00246196 0.00000000
v 0.00086252 -0.00259085 0.00001704
v 0.00037172 -0.00299242 0.00050000
v 0.00028666 -0.00297888 0.00037059
v 0.00054247 -0.00296831 0.00037059
v 0.00028714 -0.00299591 0.00050000
v -0.00012097 -0.00299927 0.00050000
v -0.00012077 -0.00298224 0.00037059
v -0.00030032 -0.00299348 0.00050000
v -0.00052757 -0.00296911 0.00037059
v -0.00011652 -0.00262871 0.00001704
v -0.00050898 -0.00261604 0.00001704
v -0.00089875 -0.00258751 0.00001704
v -0.00052846 -0.00298612 0.00050000
v -0.00093341 -0.00295648 0.00050000
v -0.00093182 -0.00293952 0.00037059
v -0.00096796 -0.00295251 0.00050000
v -0.00133217 -0.00289347 0.00037059
v -0.00133448 -0.00291036 0.00050000
v -0.00172731 -0.00283090 0.00037059
v -0.00162095 -0.00286499 0.00050000
v 0.00218013 -0.00249719 0.00006699
v 0.00186411 -0.00256751 0.00006699
v 0.00154075 -0.00262664 0.00006699
v 0.00121039 -0.00267451 0.00006699
v 0.00087333 -0.00271095 0.00006699
v 0.00052987 -0.00273569 0.00006699
v 0.00028002 -0.00274601 0.00006699
v -0.00011797 -0.00274929 0.00006699
v -0.00051532 -0.00273647 0.00006699
v -0.00091003 -0.00270758 0.00006699
v -0.00130068 -0.00266265 0.00006699
v -0.00168586 -0.00260165 0.00006699
v -0.00173034 -0.00284767 0.00050000
v -0.00211968 -0.00276825 0.00050000
v -0.00211590 -0.00275164 0.00037059
v -0.00224969 -0.00273540 0.00050000
v -0.00249684 -0.00265537 0.00037059
v 0.00311758 -0.00231484 0.00014645
v 0.00282144 -0.00242099 0.00014645
v 0.00251698 -0.00251520 0.00014645
v 0.00220459 -0.00259781 0.00014645
v 0.00188465 -0.00266901 0.00014645
v 0.00155748 -0.00272884 0.00014645
v 0.00122338 -0.00277725 0.00014645
v 0.00088262 -0.00281409 0.00014645
v 0.00053547 -0.00283909 0.00014645
v 0.00028297 -0.00284952 0.00014645
v -0.00011921 -0.00285284 0.00014645
v -0.00052076 -0.00283988 0.00014645
v -0.00091972 -0.00281068 0.00014645
v -0.00131468 -0.00276525 0.00014645
v -0.00170429 -0.00270355 0.00014645
v -0.00208715 -0.00262546 0.00014645
v -0.00246212 -0.00253070 0.00014645
v -0.00250141 -0.00267178 0.00050000
v -0.00270614 -0.00261174 0.00050000
v -0.00270112 -0.00259546 0.00037059
v -0.00284493 -0.00256537 0.00050000
v -0.00303047 -0.00248541 0.00037059
v 0.00385362 -0.00206436 0.00025000
v 0.00362737 -0.00218069 0.00025000
v 0.00343708 -0.00226889 0.00025000
v 0.00314611 -0.00238900 0.00025000
v 0.00284656 -0.00249637 0.00025000
v 0.00253886 -0.00259159 0.00025000
v 0.00222337 -0.00267503 0.00025000
v 0.00190042 -0.00274689 0.00025000
v 0.00157032 -0.00280725 0.00025000
v 0.00123334 -0.00285608 0.00025000
v 0.00088975 -0.00289323 0.00025000
v 0.00053977 -0.00291843 0.00025000
v 0.00028523 -0.00292895 0.00025000
v -0.00012017 -0.00293229 0.00025000
v -0.00052494 -0.00291923 0.00025000
v -0.00092715 -0.00288979 0.00025000
v -0.00132542 -0.00284398 0.00025000
v -0.00171842 -0.00278175 0.00025000
v -0.00210480 -0.00270294 0.00025000
v -0.00248344 -0.00260725 0.00025000
v -0.00268641 -0.00254773 0.00025000
v -0.00301351 -0.00243843 0.00025000
v -0.00303626 -0.00250144 0.00050000
v -0.00335122 -0.00237879 0.00050000
v -0.00334464 -0.00236308 0.00037059
v -0.00339797 -0.00235773 0.00050000
v -0.00421772 -0.00190794 0.00038772
v -0.00419056 -0.00192355 0.00037854
v -0.00419939 -0.00193733 0.00050000
v -0.00393298 -0.00209710 0.00050000
v -0.00390011 -0.00211419 0.00050000
v -0.00365035 -0.00224400 0.00050000
v 0.00196337 -0.00280234 0.00580000
v 0.00168910 -0.00285335 0.00580000
v -0.00548947 0.00018557 0.00540457
v -0.00548380 0.00022023 0.00540703
v -0.00548513 0.00022045 0.00510000
v -0.00544682 -0.00041618 0.00087692
v -0.00541787 -0.00050999 0.00086437
v -0.00541976 -0.00051056 0.00120000
v -0.00472626 -0.00153432 0.00057406
v -0.00472330 -0.00153684 0.00057291
v -0.00472340 -0.00153694 0.00120000
v 0.00452898 -0.00170217 0.00288947
v 0.00449108 -0.00173178 0.00297259
v 0.00482654 -0.00143844 0.00050103
v 0.00482654 -0.00143844 0.00261032
v 0.00478376 -0.00148035 0.00050027
v 0.00477567 -0.00148753 0.00263830
v 0.00475953 -0.00150322 0.00050012
v 0.00475946 -0.00150317 0.00264721
v 0.00474853 -0.00151372 0.00265322
v 0.00467491 -0.00158043 0.00270827
v 0.00464556 -0.00160597 0.00273526
v 0.00464073 -0.00161004 0.00274069
v 0.00458546 -0.00165656 0.00280282
v 0.00453741 -0.00169543 0.00287521
v 0.00453418 -0.00169804 0.00288008
v 0.00447354 -0.00174520 0.00303218
v 0.00446500 -0.00175173 0.00306118
v 0.00445968 -0.00175576 0.00308822
v 0.00445028 -0.00176284 0.00318104
v 0.00445111 -0.00176221 0.00319995
v 0.00438681 -0.00180731 0.00580000
v 0.00445450 -0.00175967 0.00327633
v 0.00447216 -0.00174629 0.00336823
v 0.00447217 -0.00174628 0.00336833
v 0.00449719 -0.00172706 0.00344314
v 0.00453728 -0.00169556 0.00352490
v 0.00453865 -0.00169448 0.00352769
v 0.00458020 -0.00166089 0.00359026
v 0.00464055 -0.00161024 0.00365947
v 0.00464259 -0.00160853 0.00366182
v 0.00470247 -0.00155591 0.00371427
v 0.00454131 -0.00169236 0.00580000
v 0.00473985 -0.00152179 0.00580000
v 0.00475936 -0.00150308 0.00375195
v 0.00475953 -0.00150322 0.00579988
v -0.00470811 -0.00154979 0.00056705
v -0.00434442 -0.00183973 0.00120000
v -0.00503183 -0.00121119 0.00120000
v -0.00503135 -0.00121085 0.00069883
v -0.00502190 -0.00122339 0.00069483
v -0.00487796 -0.00138588 0.00063517
v -0.00526511 -0.00086735 0.00120000
v -0.00526449 -0.00086704 0.00079807
v -0.00525507 -0.00088529 0.00079401
v -0.00514754 -0.00105667 0.00074796
v -0.00539646 -0.00057938 0.00085508
v -0.00538582 -0.00060511 0.00085048
v -0.00533002 -0.00074008 0.00082632
v -0.00549347 -0.00014615 0.00120000
v -0.00549167 -0.00014601 0.00089639
v -0.00548710 -0.00020538 0.00089440
v -0.00545949 -0.00036345 0.00088242
v -0.00548341 0.00022019 0.00089280
v -0.00549181 0.00016369 0.00089644
v -0.00548513 0.00022045 0.00120000
v -0.00549607 0.00011343 0.00089829
v -0.00549934 -0.00004661 0.00089971
v -0.00538582 0.00060560 0.00085047
v -0.00539348 0.00058328 0.00085379
v -0.00539487 0.00058376 0.00120000
v -0.00543039 0.00047580 0.00086979
v -0.00546845 0.00032089 0.00088630
v -0.00522311 0.00093777 0.00078030
v -0.00524199 0.00090807 0.00078838
v -0.00522404 0.00093834 0.00120000
v -0.00532352 0.00075386 0.00082352
v -0.00537799 0.00062838 0.00084708
v -0.00514728 0.00105705 0.00074785
v -0.00497519 0.00127891 0.00120000
v -0.00503995 0.00120110 0.00070242
v -0.00470945 0.00154962 0.00056741
v -0.00465203 0.00160039 0.00120000
v -0.00470816 0.00155071 0.00056692
v -0.00465092 0.00159919 0.00054486
v -0.00487067 0.00139348 0.00063219
v -0.00492043 0.00134046 0.00065262
v -0.00497402 0.00127798 0.00067495
v -0.00453448 0.00169781 0.00050000
v -0.00425940 0.00189796 0.00120000
v -0.00442568 0.00178117 0.00050000
v 0.00454131 0.00169236 0.00050000
v 0.00447217 0.00174628 0.00303167
v 0.00449719 0.00172706 0.00295686
v 0.00453728 0.00169556 0.00287510
v 0.00453865 0.00169448 0.00287231
v 0.00458020 0.00166089 0.00280974
v 0.00464055 0.00161024 0.00274053
v 0.00464259 0.00160853 0.00273818
v 0.00470247 0.00155591 0.00268574
v 0.00477528 0.00148830 0.00263751
v 0.00478152 0.00148250 0.00263337
v 0.00473985 0.00152179 0.00050000
v 0.00478379 0.00148032 0.00050027
v 0.00482654 0.00143844 0.00261032
v 0.00482654 0.00143844 0.00050103
v 0.00446500 0.00175173 0.00333882
v 0.00445968 0.00175576 0.00331178
v 0.00445111 0.00176221 0.00320005
v 0.00445450 0.00175967 0.00312367
v 0.00404373 0.00203200 0.00050000
v 0.00445028 0.00176284 0.00321896
v 0.00447216 0.00174629 0.00303177
v 0.00446761 0.00174720 0.00050000
v 0.00446881 0.00174883 0.00304918
v 0.00432511 0.00185321 0.00050000
v 0.00409097 0.00200516 0.00050000
v 0.00452898 0.00170217 0.00351053
v 0.00449108 0.00173178 0.00342741
v 0.00477567 0.00148753 0.00376171
v 0.00482654 0.00143844 0.00579897
v 0.00482654 0.00143844 0.00378968
v 0.00478376 0.00148035 0.00579973
v 0.00474853 0.00151372 0.00374678
v 0.00467491 0.00158043 0.00369173
v 0.00464556 0.00160597 0.00366475
v 0.00464073 0.00161004 0.00365931
v 0.00458546 0.00165656 0.00359718
v 0.00453741 0.00169543 0.00352478
v 0.00453418 0.00169804 0.00351992
v 0.00446880 0.00174882 0.00335175
v 0.00447354 0.00174520 0.00336782
v -0.00481873 0.00144621 0.00568893
v -0.00465182 0.00160018 0.00575510
v -0.00465203 0.00160039 0.00510000
v -0.00464534 0.00160616 0.00575766
v -0.00425940 0.00189796 0.00510000
v -0.00461084 0.00163468 0.00577084
v -0.00522404 0.00093834 0.00510000
v -0.00522227 0.00093732 0.00552005
v -0.00517824 0.00101105 0.00553894
v -0.00497519 0.00127891 0.00510000
v -0.00506248 0.00117257 0.00558810
v -0.00497514 0.00127888 0.00562470
v -0.00497352 0.00128084 0.00562538
v -0.00539487 0.00058376 0.00510000
v -0.00539282 0.00058301 0.00544649
v -0.00535783 0.00067770 0.00546165
v -0.00527664 0.00084627 0.00549671
v -0.00546300 0.00034739 0.00541606
v -0.00544955 0.00039837 0.00542190
v -0.00542081 0.00050725 0.00543436
v -0.00549347 -0.00014615 0.00510000
v -0.00549158 -0.00014598 0.00540366
v -0.00549859 -0.00006786 0.00540061
v -0.00549753 0.00008993 0.00540107
v -0.00538938 -0.00059865 0.00544799
v -0.00541801 -0.00051001 0.00543557
v -0.00541976 -0.00051056 0.00510000
v -0.00543997 -0.00044203 0.00542605
v -0.00544955 -0.00040438 0.00542190
v -0.00545510 -0.00038255 0.00541949
v -0.00548444 -0.00022552 0.00540676
v -0.00532467 -0.00075143 0.00547598
v -0.00526511 -0.00086735 0.00510000
v -0.00526407 -0.00086682 0.00550211
v -0.00503045 -0.00121014 0.00560147
v -0.00509069 -0.00113566 0.00557618
v -0.00503183 -0.00121119 0.00510000
v -0.00519837 -0.00097984 0.00553033
v -0.00524638 -0.00090050 0.00550973
v -0.00496998 -0.00128493 0.00562685
v -0.00472340 -0.00153694 0.00510000
v -0.00483681 -0.00142814 0.00568160
v -0.00434442 -0.00183973 0.00510000
v -0.00442568 -0.00178117 0.00580000
v -0.00453448 -0.00169781 0.00580000
v -0.00461077 -0.00163363 0.00577068
v -0.00469157 -0.00156567 0.00573963
v -0.00472266 -0.00153623 0.00572720
v 0.00477528 -0.00148830 0.00376249
v 0.00478152 -0.00148250 0.00376663
v 0.00478379 -0.00148032 0.00579973
v 0.00482654 -0.00143844 0.00378968
v 0.00482654 -0.00143844 0.00579897
v -0.00100000 -0.00295000 0.00510000
v -0.00096795 -0.00295242 0.00580000
v -0.00131419 -0.00291310 0.00580000
v -0.00100000 -0.00295000 0.00120000
v -0.00162122 -0.00286671 0.00120000
v -0.00162122 -0.00286671 0.00510000
v -0.00162102 -0.00286541 0.00580000
v -0.00169850 -0.00285336 0.00580000
v -0.00224996 -0.00273652 0.00580000
v -0.00225020 -0.00273743 0.00510000
v -0.00219644 -0.00275039 0.00580000
v -0.00186311 -0.00282263 0.00580000
v -0.00252203 -0.00266600 0.00580000
v -0.00283945 -0.00256929 0.00580000
v -0.00284557 -0.00256727 0.00510000
v -0.00284552 -0.00256714 0.00580000
v -0.00314833 -0.00245988 0.00580000
v -0.00339844 -0.00235877 0.00510000
v -0.00339801 -0.00235772 0.00580000
v -0.00344824 -0.00233717 0.00580000
v -0.00389980 -0.00211365 0.00580000
v -0.00390056 -0.00211504 0.00510000
v -0.00377192 -0.00218336 0.00580000
v -0.00353377 -0.00229885 0.00580000
v -0.00400035 -0.00205884 0.00580000
v -0.00421842 -0.00192499 0.00580000
v -0.00434340 -0.00183826 0.00580000
v -0.00380315 0.00216718 0.00510000
v -0.00329010 0.00240404 0.00510000
v -0.00272792 0.00260499 0.00510000
v -0.00212499 0.00276704 0.00510000
v -0.00149032 0.00288776 0.00510000
v -0.00149001 0.00288577 0.00050000
v -0.00149032 0.00288776 0.00120000
v -0.00131419 0.00291310 0.00050000
v -0.00100000 0.00295000 0.00120000
v -0.00092615 0.00295716 0.00050000
v -0.00083330 0.00296395 0.00050000
v -0.00100000 0.00295000 0.00510000
v -0.00212475 0.00276593 0.00050000
v -0.00212499 0.00276704 0.00120000
v -0.00186311 0.00282263 0.00050000
v -0.00169850 0.00285336 0.00050000
v -0.00272743 0.00260342 0.00050000
v -0.00272792 0.00260499 0.00120000
v -0.00252203 0.00266600 0.00050000
v -0.00219644 0.00275039 0.00050000
v -0.00283945 0.00256929 0.00050000
v -0.00314833 0.00245988 0.00050000
v -0.00329010 0.00240404 0.00120000
v -0.00328934 0.00240218 0.00050000
v -0.00344824 0.00233717 0.00050000
v -0.00380279 0.00216653 0.00050000
v -0.00380315 0.00216718 0.00120000
v -0.00377192 0.00218336 0.00050000
v -0.00353377 0.00229885 0.00050000
v -0.00400035 0.00205884 0.00050000
v -0.00421842 0.00192499 0.00050000
v -0.00425874 0.00189701 0.00050000
v -0.00390056 -0.00211504 0.00120000
v -0.00339844 -0.00235877 0.00120000
v -0.00284557 -0.00256727 0.00120000
v -0.00225020 -0.00273743 0.00120000
v 0.00383914 0.00214822 0.00050000
v 0.00367406 0.00223245 0.00050000
v 0.00355854 0.00228492 0.00050000
v 0.00335944 0.00237534 0.00050000
v 0.00303033 0.00250358 0.00050000
v 0.00302140 0.00250655 0.00050000
v 0.00268730 0.00261752 0.00050000
v 0.00243783 0.00268735 0.00050000
v 0.00145780 0.00289270 0.00050000
v 0.00117179 0.00292934 0.00050000
v 0.00233131 0.00271716 0.00050000
v 0.00196337 0.00280234 0.00050000
v 0.00181839 0.00282931 0.00050000
v 0.00158449 0.00287281 0.00050000
v 0.00050770 0.00298533 0.00050000
v 0.00065519 0.00297864 0.00050000
v 0.00105577 0.00294421 0.00050000
v -0.00053479 0.00298579 0.00050000
v -0.00016402 0.00299823 0.00050000
v -0.00014050 0.00299902 0.00050000
v 0.00025629 0.00299674 0.00050000
v -0.00092615 -0.00295716 0.00580000
v -0.00053479 -0.00298579 0.00580000
v -0.00030032 -0.00299366 0.00580000
v -0.00014050 -0.00299902 0.00580000
v 0.00025629 -0.00299674 0.00580000
v 0.00037167 -0.00299150 0.00580000
v 0.00065519 -0.00297864 0.00580000
v 0.00158449 -0.00287281 0.00580000
v 0.00145780 -0.00289270 0.00580000
v 0.00105577 -0.00294421 0.00580000
v 0.00103830 -0.00294571 0.00580000
v 0.00231517 -0.00272090 0.00580000
v 0.00233131 -0.00271716 0.00580000
v 0.00268730 -0.00261752 0.00580000
v 0.00290586 -0.00254492 0.00580000
v 0.00303033 -0.00250358 0.00580000
v 0.00335944 -0.00237534 0.00580000
v 0.00345352 -0.00233261 0.00580000
v 0.00367406 -0.00223245 0.00580000
v 0.00383914 -0.00214822 0.00580000
v 0.00394963 -0.00208545 0.00580000
v 0.00409097 -0.00200516 0.00580000
v 0.00432511 -0.00185321 0.00580000
v 0.00013718 -0.00249902 0.00630000
v -0.00013353 -0.00249907 0.00630000
v -0.00136540 -0.00240095 0.00630000
v -0.00124768 -0.00241754 0.00630000
v -0.00087976 -0.00245932 0.00630000
v -0.00050818 -0.00248649 0.00630000
v 0.00132558 0.00240674 -0.00000000
v 0.00100272 0.00244703 0.00000000
v 0.00062254 0.00247971 0.00000000
v 0.00042096 0.00249074 0.00000000
v 0.00588630 -0.00100000 0.00561844
v 0.00588630 -0.00100000 0.00068156
v 0.00612664 -0.00100000 0.00077271
v 0.00695731 -0.00100000 0.00134780
v 0.00719067 -0.00100000 0.00175013
v 0.00600346 -0.00100000 0.00557440
v 0.00736122 -0.00100000 0.00218284
v 0.00746511 -0.00100000 0.00263620
v 0.00750000 -0.00100000 0.00310000
v 0.00750000 -0.00100000 0.00320000
v 0.00746511 -0.00100000 0.00366380
v 0.00736122 -0.00100000 0.00411716
v 0.00666637 -0.00100000 0.00098492
v 0.00719067 -0.00100000 0.00454987
v 0.00695731 -0.00100000 0.00495220
v 0.00666637 -0.00100000 0.00531508
v 0.00612664 0.00100000 0.00077271
v 0.00588630 0.00100000 0.00068156
v 0.00588630 0.00100000 0.00561844
v 0.00746511 0.00100000 0.00366380
v 0.00750000 0.00100000 0.00320000
v 0.00600346 0.00100000 0.00557440
v 0.00666637 0.00100000 0.00531508
v 0.00695731 0.00100000 0.00495220
v 0.00719067 0.00100000 0.00454987
v 0.00736122 0.00100000 0.00411716
v 0.00750000 0.00100000 0.00310000
v 0.00746511 0.00100000 0.00263620
v 0.00736122 0.00100000 0.00218284
v 0.00719067 0.00100000 0.00175013
v 0.00695731 0.00100000 0.00134780
v 0.00666637 0.00100000 0.00098492
v 0.00750000 -0.00100000 0.00320000
v 0.00750000 -0.00100000 0.00310000
v 0.00750000 0.00100000 0.00320000
v 0.00750000 0.00100000 0.00310000
v 0.00666637 0.00100000 0.00531508
v 0.00666637 -0.00100000 0.00531508
v 0.00695731 -0.00100000 0.00495220
v 0.00695731 0.00100000 0.00495220
v 0.00719067 -0.00100000 0.00454987
v 0.00719067 0.00100000 0.00454987
v 0.00736122 -0.00100000 0.00411716
v 0.00736122 0.00100000 0.00411716
v 0.00746511 -0.00100000 0.00366380
v 0.00746511 0.00100000 0.00366380
v 0.00746511 -0.00100000 0.00263620
v 0.00746511 0.00100000 0.00263620
v 0.00736122 -0.00100000 0.00218284
v 0.00736122 0.00100000 0.00218284
v 0.00719067 -0.00100000 0.00175013
v 0.00719067 0.00100000 0.00175013
v 0.00695731 -0.00100000 0.00134780
v 0.00695731 0.00100000 0.00134780
v 0.00666637 -0.00100000 0.00098492
v 0.00666637 0.00100000 0.00098492
v 0.00482397 -0.00143996 0.00047389
v 0.00481767 -0.00144316 0.00044699
v 0.00477777 -0.00147265 0.00040226
v 0.00477093 -0.00146492 0.00036095
v 0.00478268 -0.00145960 0.00037616
v 0.00479403 -0.00145437 0.00039387
v 0.00479870 -0.00145218 0.00040290
v 0.00480770 -0.00144797 0.00042032
v 0.00472291 -0.00148633 0.00031001
v 0.00473827 -0.00147955 0.00032422
v 0.00476236 -0.00146881 0.00034984
v 0.00294058 0.00222740 0.00004613
v 0.00293152 0.00222909 0.00004559
v 0.00294563 0.00226836 0.00006699
v 0.00132563 0.00240716 0.00000000
v -0.00186996 0.00240852 0.00000919
v -0.00208350 0.00239575 0.00001723
v -0.00179170 0.00245899 0.00001704
v -0.00303650 0.00229054 0.00010158
v -0.00308075 0.00228199 0.00010894
v -0.00309621 0.00232301 0.00014645
v -0.00330680 0.00223832 0.00014653
v -0.00376239 0.00211185 0.00025022
v -0.00374129 0.00212378 0.00025000
v -0.00373914 0.00211925 0.00024435
v -0.00442358 0.00177826 0.00045945
v -0.00436974 0.00181733 0.00043976
v -0.00421072 0.00191314 0.00038508
v -0.00419376 0.00192335 0.00037925
v -0.00416690 0.00193668 0.00037069
v -0.00399182 0.00204409 0.00037059
v -0.00411614 0.00196187 0.00035452
v -0.00400623 0.00201642 0.00031950
v -0.00376413 0.00216821 0.00037059
v -0.00378960 0.00210319 0.00025710
v -0.00398163 0.00202627 0.00031241
v -0.00357238 0.00217233 0.00020222
v -0.00350591 0.00223793 0.00025000
v -0.00357043 0.00217282 0.00020181
v -0.00348608 0.00219391 0.00018402
v -0.00342132 0.00227583 0.00025000
v -0.00339555 0.00221656 0.00016492
v -0.00331439 0.00223686 0.00014780
v -0.00312449 0.00239727 0.00025000
v -0.00297118 0.00230013 0.00009342
v -0.00279371 0.00243017 0.00014645
v -0.00276195 0.00233084 0.00006728
v -0.00243805 0.00236683 0.00003824
v -0.00249010 0.00236246 0.00004145
v -0.00245430 0.00242535 0.00006699
v -0.00273623 0.00233462 0.00006407
v -0.00276116 0.00233143 0.00006753
v -0.00276117 0.00233096 0.00006718
v -0.00213865 0.00250716 0.00006699
v -0.00211179 0.00239406 0.00001830
v -0.00211891 0.00239363 0.00001857
v -0.00238457 0.00237132 0.00003494
v -0.00163387 0.00248845 0.00001704
v -0.00170327 0.00241571 0.00000496
v -0.00178259 0.00241229 0.00000697
v -0.00136541 0.00240126 0.00000000
v -0.00136562 0.00240236 0.00000000
v -0.00136594 0.00240316 0.00000000
v -0.00136671 0.00240431 0.00000001
v -0.00136832 0.00240583 0.00000003
v -0.00126489 0.00254580 0.00001704
v -0.00137307 0.00240845 0.00000007
v -0.00137782 0.00241013 0.00000012
v -0.00138481 0.00241191 0.00000019
v -0.00139513 0.00241376 0.00000029
v -0.00141040 0.00241562 0.00000045
v -0.00153402 0.00241928 0.00000200
v -0.00159165 0.00241875 0.00000287
v -0.00162141 0.00241794 0.00000342
v -0.00143305 0.00241737 0.00000070
v -0.00146672 0.00241876 0.00000109
v -0.00151687 0.00241943 0.00000174
v 0.00024687 0.00262627 0.00001704
v 0.00016906 0.00250516 0.00000003
v -0.00013534 0.00262847 0.00001704
v 0.00034176 0.00250162 0.00000005
v 0.00027906 0.00250290 0.00000004
v 0.00024374 0.00250363 0.00000004
v 0.00138586 0.00241290 0.00000024
v 0.00134591 0.00241251 0.00000007
v 0.00140284 0.00252621 0.00001704
v 0.00133017 0.00241016 0.00000002
v 0.00101645 0.00257571 0.00001704
v 0.00132923 0.00240984 0.00000001
v 0.00132695 0.00240876 0.00000000
v 0.00132675 0.00240862 0.00000000
v 0.00132606 0.00240798 0.00000000
v 0.00132597 0.00240787 0.00000000
v 0.00132571 0.00240740 0.00000000
v 0.00152448 0.00250711 0.00001704
v 0.00150824 0.00240761 0.00000105
v 0.00140902 0.00241313 0.00000034
v 0.00188775 0.00243955 0.00001704
v 0.00223965 0.00235809 0.00001704
v 0.00223539 0.00234023 0.00001365
v 0.00205368 0.00236311 0.00000823
v 0.00187549 0.00237944 0.00000547
v 0.00166062 0.00239913 0.00000214
v 0.00261427 0.00237843 0.00006699
v 0.00258772 0.00229113 0.00002638
v 0.00255804 0.00229578 0.00002506
v 0.00226948 0.00247493 0.00006699
v 0.00243427 0.00231518 0.00001957
v 0.00236134 0.00232437 0.00001740
v 0.00266174 0.00227953 0.00002967
v 0.00298071 0.00236579 0.00014645
v 0.00330264 0.00224035 0.00014645
v 0.00321017 0.00216663 0.00006699
v 0.00347026 0.00209645 0.00009239
v 0.00334605 0.00212997 0.00008026
v 0.00326549 0.00215171 0.00007239
v 0.00358903 0.00205825 0.00010662
v 0.00360966 0.00210093 0.00014645
v 0.00372055 0.00201596 0.00012238
v 0.00377039 0.00201892 0.00014645
v 0.00376076 0.00200058 0.00012814
v 0.00396068 0.00192413 0.00015682
v 0.00389066 0.00195091 0.00014678
v 0.00380769 0.00208907 0.00025000
v 0.00406535 0.00187879 0.00017373
v 0.00404211 0.00188885 0.00016998
v 0.00405621 0.00194790 0.00025000
v 0.00402494 0.00189629 0.00016720
v 0.00446468 0.00166680 0.00025003
v 0.00445185 0.00167533 0.00024714
v 0.00428691 0.00179819 0.00025000
v 0.00427244 0.00177731 0.00021092
v 0.00426408 0.00178206 0.00020923
v 0.00453069 0.00167904 0.00037059
v 0.00431539 0.00183922 0.00037059
v 0.00466544 0.00152991 0.00029596
v 0.00462821 0.00155793 0.00028690
v 0.00450150 0.00164229 0.00025833
v -0.00352668 0.00228335 0.00037059
v -0.00314227 0.00244395 0.00037059
v -0.00344140 0.00232157 0.00037059
v -0.00283413 0.00255310 0.00037059
v -0.00251741 0.00264961 0.00037059
v -0.00219250 0.00273382 0.00037059
v -0.00185983 0.00280591 0.00037059
v -0.00131193 0.00289621 0.00037059
v -0.00169553 0.00283659 0.00037059
v -0.00092457 0.00294020 0.00037059
v -0.00053388 0.00296877 0.00037059
v -0.00051507 0.00261572 0.00001704
v -0.00089177 0.00258817 0.00001704
v -0.00014027 0.00298198 0.00037059
v 0.00065408 0.00296164 0.00037059
v 0.00025586 0.00297971 0.00037059
v 0.00063099 0.00260884 0.00001704
v 0.00105396 0.00292727 0.00037059
v 0.00145527 0.00287585 0.00037059
v 0.00195990 0.00278566 0.00037059
v 0.00158173 0.00285600 0.00037059
v -0.00181494 0.00257732 0.00006699
v -0.00165490 0.00260719 0.00006699
v -0.00128094 0.00266532 0.00006699
v -0.00090296 0.00270824 0.00006699
v -0.00052148 0.00273614 0.00006699
v -0.00013702 0.00274904 0.00006699
v 0.00024993 0.00274682 0.00006699
v 0.00063886 0.00272917 0.00006699
v 0.00102924 0.00269562 0.00006699
v 0.00142073 0.00264547 0.00006699
v 0.00154401 0.00262611 0.00006699
v 0.00191236 0.00255760 0.00006699
v 0.00232710 0.00270065 0.00037059
v 0.00268232 0.00260123 0.00037059
v -0.00248235 0.00252504 0.00014645
v -0.00216258 0.00260791 0.00014645
v -0.00183489 0.00267893 0.00014645
v -0.00167296 0.00270916 0.00014645
v -0.00129471 0.00276795 0.00014645
v -0.00091256 0.00281135 0.00014645
v -0.00052699 0.00283955 0.00014645
v -0.00013846 0.00285259 0.00014645
v 0.00025257 0.00285034 0.00014645
v 0.00064562 0.00283250 0.00014645
v 0.00104023 0.00279859 0.00014645
v 0.00143608 0.00274787 0.00014645
v 0.00156077 0.00272830 0.00014645
v 0.00193349 0.00265898 0.00014645
v 0.00229509 0.00257527 0.00014645
v 0.00264452 0.00247747 0.00014645
v 0.00302456 0.00248755 0.00037059
v 0.00366657 0.00221715 0.00037059
v 0.00335283 0.00235963 0.00037059
v -0.00281853 0.00250565 0.00025000
v -0.00250388 0.00260152 0.00025000
v -0.00218095 0.00268522 0.00025000
v -0.00185021 0.00275690 0.00025000
v -0.00168682 0.00278740 0.00025000
v -0.00130528 0.00284671 0.00025000
v -0.00091994 0.00289046 0.00025000
v -0.00053122 0.00291889 0.00025000
v -0.00013957 0.00293204 0.00025000
v 0.00025459 0.00292978 0.00025000
v 0.00065081 0.00291179 0.00025000
v 0.00104866 0.00287760 0.00025000
v 0.00144786 0.00282645 0.00025000
v 0.00157364 0.00280671 0.00025000
v 0.00194970 0.00273676 0.00025000
v 0.00231474 0.00265226 0.00025000
v 0.00266773 0.00255346 0.00025000
v 0.00300764 0.00244055 0.00025000
v 0.00333346 0.00231360 0.00025000
v 0.00364461 0.00217229 0.00025000
v 0.00408213 0.00199060 0.00037059
v 0.00383114 0.00213318 0.00037059
v 0.00471372 0.00149358 0.00030771
v 0.00472827 0.00150929 0.00037059
v 0.00473106 0.00151230 0.00040178
v 0.00481036 0.00144103 0.00040343
v 0.00481032 0.00144101 0.00040326
v 0.00477780 0.00147262 0.00040226
v 0.00479331 0.00142806 0.00032801
v 0.00476139 0.00145433 0.00031987
v 0.00480147 0.00143578 0.00036231
v 0.00480335 0.00143720 0.00037067
v 0.00482639 0.00143857 0.00049662
v 0.00482327 0.00144033 0.00046986
v 0.00481696 0.00144211 0.00043650
v 0.00480147 -0.00143578 0.00593769
v 0.00479331 -0.00142806 0.00597199
v 0.00476139 -0.00145433 0.00598013
v 0.00482327 -0.00144033 0.00583014
v 0.00481696 -0.00144211 0.00586350
v 0.00477780 -0.00147262 0.00589774
v 0.00482639 -0.00143857 0.00580338
v 0.00481036 -0.00144103 0.00589657
v 0.00481032 -0.00144101 0.00589674
v 0.00480335 -0.00143720 0.00592933
v 0.00472691 -0.00150782 0.00592880
v 0.00473318 -0.00151458 0.00589863
v 0.00472536 -0.00148400 0.00598932
v 0.00471372 -0.00149358 0.00599229
v 0.00453069 -0.00167904 0.00592941
v -0.00186996 -0.00240852 0.00629081
v -0.00208350 -0.00239575 0.00628277
v -0.00179170 -0.00245899 0.00628296
v -0.00276195 -0.00233084 0.00623272
v -0.00276116 -0.00233143 0.00623247
v -0.00276117 -0.00233096 0.00623282
v -0.00303650 -0.00229054 0.00619842
v -0.00308075 -0.00228199 0.00619106
v -0.00309621 -0.00232301 0.00615355
v -0.00330680 -0.00223832 0.00615347
v -0.00376239 -0.00211185 0.00604978
v -0.00374129 -0.00212378 0.00605000
v -0.00373914 -0.00211925 0.00605565
v -0.00442358 -0.00177826 0.00584055
v 0.00152356 -0.00240676 0.00629884
v 0.00150824 -0.00240761 0.00629895
v 0.00152448 -0.00250711 0.00628296
v 0.00132563 -0.00240716 0.00630000
v 0.00138586 -0.00241290 0.00629976
v 0.00134591 -0.00241251 0.00629993
v 0.00140284 -0.00252621 0.00628296
v 0.00133017 -0.00241016 0.00629998
v 0.00101645 -0.00257571 0.00628296
v 0.00132923 -0.00240984 0.00629999
v 0.00132695 -0.00240876 0.00629999
v 0.00132675 -0.00240862 0.00630000
v 0.00132606 -0.00240798 0.00630000
v 0.00132597 -0.00240787 0.00630000
v 0.00132571 -0.00240740 0.00630000
v 0.00140902 -0.00241313 0.00629966
v 0.00188775 -0.00243955 0.00628296
v 0.00223965 -0.00235809 0.00628296
v 0.00223539 -0.00234023 0.00628635
v 0.00205368 -0.00236311 0.00629177
v 0.00187549 -0.00237944 0.00629453
v 0.00166062 -0.00239913 0.00629786
v 0.00266174 -0.00227953 0.00627033
v 0.00261427 -0.00237843 0.00623301
v 0.00293152 -0.00222909 0.00625441
v 0.00294563 -0.00226836 0.00623301
v 0.00294058 -0.00222740 0.00625387
v 0.00262189 -0.00228578 0.00627210
v 0.00258772 -0.00229113 0.00627362
v 0.00226948 -0.00247493 0.00623301
v 0.00243427 -0.00231518 0.00628043
v 0.00236134 -0.00232437 0.00628260
v 0.00298071 -0.00236579 0.00615355
v 0.00330264 -0.00224035 0.00615355
v 0.00321017 -0.00216663 0.00623301
v 0.00347026 -0.00209645 0.00620760
v 0.00337761 -0.00212145 0.00621666
v 0.00326549 -0.00215171 0.00622761
v 0.00358903 -0.00205825 0.00619338
v 0.00360966 -0.00210093 0.00615355
v 0.00372055 -0.00201596 0.00617763
v 0.00377039 -0.00201892 0.00615355
v 0.00376076 -0.00200058 0.00617186
v 0.00404745 -0.00188654 0.00612916
v 0.00402494 -0.00189629 0.00613280
v 0.00405621 -0.00194790 0.00605000
v 0.00396068 -0.00192413 0.00614318
v 0.00380769 -0.00208907 0.00605000
v 0.00389066 -0.00195091 0.00615322
v 0.00445185 -0.00167533 0.00605286
v 0.00427244 -0.00177731 0.00608908
v 0.00428691 -0.00179819 0.00605000
v 0.00426408 -0.00178206 0.00609077
v 0.00406535 -0.00187879 0.00612627
v 0.00450150 -0.00164229 0.00604167
v 0.00446468 -0.00166680 0.00604997
v 0.00431539 -0.00183922 0.00592941
v 0.00462821 -0.00155793 0.00601310
v -0.00436974 -0.00181733 0.00586024
v -0.00421072 -0.00191314 0.00591492
v -0.00419376 -0.00192335 0.00592076
v -0.00398163 -0.00202627 0.00598759
v -0.00400623 -0.00201642 0.00598050
v -0.00399182 -0.00204409 0.00592941
v -0.00404576 -0.00199680 0.00596790
v -0.00416690 -0.00193668 0.00592931
v -0.00378960 -0.00210319 0.00604291
v -0.00376413 -0.00216821 0.00592941
v -0.00357238 -0.00217233 0.00609778
v -0.00350591 -0.00223793 0.00605000
v -0.00348608 -0.00219391 0.00611598
v -0.00346929 -0.00219811 0.00611952
v -0.00342132 -0.00227583 0.00605000
v -0.00339555 -0.00221656 0.00613508
v -0.00331439 -0.00223686 0.00615220
v -0.00312449 -0.00239727 0.00605000
v -0.00291846 -0.00230787 0.00621316
v -0.00279371 -0.00243017 0.00615355
v -0.00273623 -0.00233462 0.00623593
v -0.00245430 -0.00242535 0.00623301
v -0.00249010 -0.00236246 0.00625855
v -0.00211179 -0.00239406 0.00628170
v -0.00211891 -0.00239363 0.00628144
v -0.00213865 -0.00250716 0.00623301
v -0.00230024 -0.00237840 0.00627025
v -0.00243805 -0.00236683 0.00626176
v -0.00159165 -0.00241875 0.00629713
v -0.00162141 -0.00241794 0.00629658
v -0.00163387 -0.00248845 0.00628296
v -0.00170327 -0.00241571 0.00629504
v -0.00178259 -0.00241229 0.00629303
v -0.00136541 -0.00240126 0.00630000
v -0.00136562 -0.00240236 0.00630000
v -0.00136594 -0.00240316 0.00629999
v -0.00136671 -0.00240431 0.00629999
v -0.00136832 -0.00240583 0.00629997
v -0.00126489 -0.00254580 0.00628296
v -0.00137307 -0.00240845 0.00629993
v -0.00137782 -0.00241013 0.00629988
v -0.00138481 -0.00241191 0.00629981
v -0.00139513 -0.00241376 0.00629971
v -0.00141040 -0.00241562 0.00629955
v -0.00143305 -0.00241737 0.00629930
v -0.00146672 -0.00241876 0.00629891
v -0.00151687 -0.00241943 0.00629826
v 0.00024687 -0.00262627 0.00628296
v 0.00016906 -0.00250516 0.00629997
v -0.00013534 -0.00262847 0.00628296
v 0.00034176 -0.00250162 0.00629995
v 0.00027906 -0.00250290 0.00629995
v 0.00024374 -0.00250363 0.00629996
v -0.00352668 -0.00228335 0.00592941
v -0.00344140 -0.00232157 0.00592941
v -0.00314227 -0.00244395 0.00592941
v -0.00283413 -0.00255310 0.00592941
v -0.00251741 -0.00264961 0.00592941
v -0.00219250 -0.00273382 0.00592941
v -0.00185983 -0.00280591 0.00592941
v -0.00169553 -0.00283659 0.00592941
v -0.00131193 -0.00289621 0.00592941
v -0.00092457 -0.00294020 0.00592941
v -0.00014027 -0.00298198 0.00592941
v -0.00053388 -0.00296877 0.00592941
v -0.00051507 -0.00261572 0.00628296
v -0.00089177 -0.00258817 0.00628296
v 0.00025586 -0.00297971 0.00592941
v 0.00065408 -0.00296164 0.00592941
v 0.00105396 -0.00292727 0.00592941
v 0.00063099 -0.00260884 0.00628296
v 0.00145527 -0.00287585 0.00592941
v 0.00158173 -0.00285600 0.00592941
v 0.00195990 -0.00278566 0.00592941
v -0.00181494 -0.00257732 0.00623301
v -0.00165490 -0.00260719 0.00623301
v -0.00128094 -0.00266532 0.00623301
v -0.00090296 -0.00270824 0.00623301
v -0.00052148 -0.00273614 0.00623301
v -0.00013702 -0.00274904 0.00623301
v 0.00024993 -0.00274682 0.00623301
v 0.00063886 -0.00272917 0.00623301
v 0.00102924 -0.00269562 0.00623301
v 0.00142073 -0.00264547 0.00623301
v 0.00154401 -0.00262611 0.00623301
v 0.00191236 -0.00255760 0.00623301
v 0.00232710 -0.00270065 0.00592941
v 0.00302456 -0.00248755 0.00592941
v 0.00268232 -0.00260123 0.00592941
v -0.00248235 -0.00252504 0.00615355
v -0.00216258 -0.00260791 0.00615355
v -0.00183489 -0.00267893 0.00615355
v -0.00167296 -0.00270916 0.00615355
v -0.00129471 -0.00276795 0.00615355
v -0.00091256 -0.00281135 0.00615355
v -0.00052699 -0.00283955 0.00615355
v -0.00013846 -0.00285259 0.00615355
v 0.00025257 -0.00285034 0.00615355
v 0.00064562 -0.00283250 0.00615355
v 0.00104023 -0.00279859 0.00615355
v 0.00143608 -0.00274787 0.00615355
v 0.00156077 -0.00272830 0.00615355
v 0.00193349 -0.00265898 0.00615355
v 0.00229509 -0.00257527 0.00615355
v 0.00264452 -0.00247747 0.00615355
v 0.00335283 -0.00235963 0.00592941
v 0.00366657 -0.00221715 0.00592941
v -0.00281853 -0.00250565 0.00605000
v -0.00250388 -0.00260152 0.00605000
v -0.00218095 -0.00268522 0.00605000
v -0.00185021 -0.00275690 0.00605000
v -0.00168682 -0.00278740 0.00605000
v -0.00130528 -0.00284671 0.00605000
v -0.00091994 -0.00289046 0.00605000
v -0.00053122 -0.00291889 0.00605000
v -0.00013957 -0.00293204 0.00605000
v 0.00025459 -0.00292978 0.00605000
v 0.00065081 -0.00291179 0.00605000
v 0.00104866 -0.00287760 0.00605000
v 0.00144786 -0.00282645 0.00605000
v 0.00157364 -0.00280671 0.00605000
v 0.00194970 -0.00273676 0.00605000
v 0.00231474 -0.00265226 0.00605000
v 0.00266773 -0.00255346 0.00605000
v 0.00300764 -0.00244055 0.00605000
v 0.00333346 -0.00231360 0.00605000
v 0.00364461 -0.00217229 0.00605000
v 0.00383114 -0.00213318 0.00592941
v 0.00408213 -0.00199060 0.00592941
v 0.00482397 0.00143996 0.00582612
v 0.00481767 0.00144316 0.00585301
v 0.00477777 0.00147265 0.00589774
v 0.00477093 0.00146492 0.00593905
v 0.00478268 0.00145960 0.00592384
v 0.00479403 0.00145437 0.00590613
v 0.00479870 0.00145218 0.00589709
v 0.00480770 0.00144797 0.00587968
v 0.00472291 0.00148633 0.00598999
v 0.00473827 0.00147955 0.00597578
v 0.00476236 0.00146881 0.00595016
v 0.00508024 0.00123384 0.00584580
v 0.00481038 0.00141837 0.00596719
v 0.00486466 0.00137620 0.00595304
v 0.00491305 0.00134218 0.00593951
v 0.00500533 0.00127729 0.00591371
v 0.00507121 0.00123796 0.00589411
v 0.00507220 0.00123783 0.00589062
v 0.00508331 0.00123074 0.00589051
v 0.00514839 0.00119190 0.00587116
v 0.00520626 0.00116404 0.00585298
v 0.00534260 0.00110257 0.00580956
v 0.00537504 0.00108982 0.00579897
v 0.00531540 0.00111910 0.00579897
v 0.00498627 0.00129069 0.00591904
v 0.00486346 0.00137713 0.00595335
v 0.00472537 0.00148442 0.00598935
v 0.00475516 0.00146127 0.00598158
v 0.00505590 0.00125496 0.00579897
v 0.00508334 0.00123301 0.00579897
v 0.00529544 0.00112110 0.00582495
v 0.00537504 0.00108982 0.00050103
v 0.00531540 0.00111910 0.00050103
v 0.00531312 0.00111457 0.00258758
v 0.00542413 0.00107366 0.00263863
v 0.00559410 0.00102954 0.00057582
v 0.00537400 0.00109020 0.00261057
v 0.00557713 0.00103221 0.00056978
v 0.00542684 0.00107210 0.00051829
v 0.00545910 0.00106212 0.00265820
v 0.00548429 0.00105487 0.00267577
v 0.00555957 0.00103604 0.00274044
v 0.00556038 0.00103584 0.00274114
v 0.00559406 0.00102919 0.00278122
v 0.00573040 0.00100812 0.00062430
v 0.00563124 0.00102185 0.00282545
v 0.00566119 0.00101722 0.00287602
v 0.00568372 0.00101374 0.00291405
v 0.00572258 0.00100896 0.00301319
v 0.00572662 0.00100855 0.00303203
v 0.00574441 0.00100673 0.00311495
v 0.00574831 0.00100636 0.00320008
v 0.00574949 0.00100625 0.00322584
v 0.00573705 0.00100744 0.00332910
v 0.00572567 0.00100871 0.00336759
v 0.00570478 0.00101102 0.00343821
v 0.00566249 0.00101683 0.00352479
v 0.00565965 0.00101722 0.00353059
v 0.00560122 0.00102734 0.00361385
v 0.00583710 0.00100081 0.00563669
v 0.00559398 0.00102876 0.00362246
v 0.00559325 0.00102891 0.00362333
v 0.00559436 0.00103075 0.00572394
v 0.00568062 0.00101417 0.00569361
v 0.00555824 0.00103677 0.00365824
v 0.00552190 0.00104494 0.00369447
v 0.00543319 0.00107007 0.00375811
v 0.00542471 0.00107305 0.00376234
v 0.00534526 0.00110097 0.00380195
v 0.00552645 0.00104381 0.00574781
v 0.00531317 0.00111465 0.00381228
v 0.00505402 0.00125265 0.00384763
v 0.00496607 0.00131544 0.00383605
v 0.00493224 0.00134403 0.00382621
v 0.00487199 0.00139493 0.00380870
v 0.00526791 0.00113394 0.00382683
v 0.00525167 0.00114087 0.00383206
v 0.00515576 0.00118992 0.00384760
v 0.00509998 0.00122367 0.00384849
v 0.00506480 0.00124495 0.00384905
v 0.00505590 0.00125496 0.00050103
v 0.00507944 0.00123549 0.00255032
v 0.00508334 0.00123301 0.00050103
v 0.00509996 0.00122342 0.00255114
v 0.00517231 0.00118083 0.00255404
v 0.00526585 0.00113433 0.00257152
v 0.00526822 0.00113327 0.00257218
v 0.00528409 0.00112619 0.00257661
v 0.00491245 0.00135912 0.00257765
v 0.00493202 0.00134368 0.00257326
v 0.00500377 0.00128709 0.00255716
v 0.00505409 0.00125278 0.00255262
v 0.00534587 0.00110208 0.00049162
v 0.00508319 0.00123308 0.00049341
v 0.00531677 0.00111430 0.00048223
v 0.00522507 0.00115285 0.00045263
v 0.00499756 0.00129993 0.00045448
v 0.00507934 0.00123405 0.00044726
v 0.00517954 0.00117547 0.00043842
v 0.00497764 0.00130169 0.00042565
v 0.00496267 0.00130708 0.00039614
v 0.00490123 0.00134324 0.00035694
v 0.00509989 0.00121966 0.00041445
v 0.00503466 0.00125585 0.00039481
v 0.00502346 0.00126319 0.00039163
v 0.00495170 0.00131018 0.00037126
v 0.00493275 0.00132260 0.00036589
v 0.00491081 0.00133697 0.00035966
v 0.00508024 -0.00123384 0.00045420
v 0.00500533 -0.00127729 0.00038629
v 0.00507121 -0.00123796 0.00040589
v 0.00507220 -0.00123783 0.00040938
v 0.00508331 -0.00123074 0.00040949
v 0.00514839 -0.00119190 0.00042884
v 0.00520626 -0.00116404 0.00044702
v 0.00531683 -0.00111269 0.00048203
v 0.00537504 -0.00108982 0.00050103
v 0.00531540 -0.00111910 0.00050103
v 0.00498627 -0.00129069 0.00038096
v 0.00491305 -0.00134218 0.00036049
v 0.00481038 -0.00141837 0.00033281
v 0.00486346 -0.00137713 0.00034665
v 0.00486466 -0.00137620 0.00034696
v 0.00475516 -0.00146127 0.00031842
v 0.00505590 -0.00125496 0.00050103
v 0.00508334 -0.00123301 0.00050103
v 0.00529544 -0.00112110 0.00047505
v 0.00537504 -0.00108982 0.00579897
v 0.00531540 -0.00111910 0.00579897
v 0.00531312 -0.00111457 0.00381242
v 0.00542413 -0.00107366 0.00376137
v 0.00559410 -0.00102954 0.00572418
v 0.00537400 -0.00109020 0.00378943
v 0.00557713 -0.00103221 0.00573022
v 0.00542684 -0.00107210 0.00578171
v 0.00545910 -0.00106212 0.00374180
v 0.00548429 -0.00105487 0.00372423
v 0.00555957 -0.00103604 0.00365956
v 0.00556038 -0.00103584 0.00365886
v 0.00559406 -0.00102919 0.00361878
v 0.00573040 -0.00100812 0.00567570
v 0.00563124 -0.00102185 0.00357455
v 0.00566119 -0.00101722 0.00352398
v 0.00568372 -0.00101374 0.00348595
v 0.00572258 -0.00100896 0.00338681
v 0.00572662 -0.00100855 0.00336797
v 0.00574441 -0.00100673 0.00328506
v 0.00574831 -0.00100636 0.00319992
v 0.00574949 -0.00100625 0.00317416
v 0.00573705 -0.00100744 0.00307090
v 0.00572567 -0.00100871 0.00303241
v 0.00570478 -0.00101102 0.00296179
v 0.00566249 -0.00101683 0.00287521
v 0.00565965 -0.00101722 0.00286941
v 0.00560122 -0.00102734 0.00278615
v 0.00583710 -0.00100081 0.00066331
v 0.00559398 -0.00102876 0.00277754
v 0.00559325 -0.00102891 0.00277667
v 0.00559436 -0.00103075 0.00057606
v 0.00568062 -0.00101417 0.00060639
v 0.00555824 -0.00103677 0.00274176
v 0.00552190 -0.00104494 0.00270553
v 0.00543319 -0.00107007 0.00264189
v 0.00542471 -0.00107305 0.00263766
v 0.00534526 -0.00110097 0.00259805
v 0.00552645 -0.00104381 0.00055219
v 0.00531317 -0.00111465 0.00258772
v 0.00505402 -0.00125265 0.00255237
v 0.00496607 -0.00131544 0.00256395
v 0.00493224 -0.00134403 0.00257378
v 0.00487199 -0.00139493 0.00259130
v 0.00526791 -0.00113394 0.00257317
v 0.00525167 -0.00114087 0.00256794
v 0.00515576 -0.00118992 0.00255240
v 0.00509998 -0.00122367 0.00255151
v 0.00506480 -0.00124495 0.00255095
v 0.00505590 -0.00125496 0.00579897
v 0.00507944 -0.00123549 0.00384967
v 0.00508334 -0.00123301 0.00579897
v 0.00509996 -0.00122342 0.00384885
v 0.00517231 -0.00118083 0.00384597
v 0.00526585 -0.00113433 0.00382849
v 0.00526822 -0.00113327 0.00382782
v 0.00528409 -0.00112619 0.00382339
v 0.00491245 -0.00135912 0.00382235
v 0.00493202 -0.00134368 0.00382674
v 0.00500377 -0.00128709 0.00384284
v 0.00505409 -0.00125278 0.00384738
v 0.00534587 -0.00110208 0.00580838
v 0.00522507 -0.00115285 0.00584737
v 0.00517954 -0.00117547 0.00586157
v 0.00507934 -0.00123405 0.00585274
v 0.00508319 -0.00123308 0.00580658
v 0.00534257 -0.00110347 0.00580945
v 0.00499756 -0.00129993 0.00584552
v 0.00497764 -0.00130169 0.00587435
v 0.00496267 -0.00130708 0.00590386
v 0.00490123 -0.00134324 0.00594306
v 0.00509989 -0.00121966 0.00588555
v 0.00503466 -0.00125585 0.00590518
v 0.00502346 -0.00126319 0.00590836
v 0.00495170 -0.00131018 0.00592873
v 0.00493275 -0.00132260 0.00593412
v 0.00491081 -0.00133697 0.00594034
v -0.00100000 -0.00295000 0.00510000
v -0.00100000 0.00295000 0.00510000
v -0.00100000 -0.00295000 0.00120000
v -0.00100000 0.00295000 0.00120000
v 0.00568062 -0.00101417 0.00060639
v 0.00542684 0.00107210 0.00051829
v 0.00557713 0.00103221 0.00056978
v 0.00588630 0.00100000 0.00068156
v 0.00612664 0.00100000 0.00077271
v 0.00612664 -0.00100000 0.00077271
v 0.00666637 0.00100000 0.00098492
v 0.00666637 -0.00100000 0.00098492
v 0.00559410 0.00102954 0.00057582
v 0.00573040 0.00100812 0.00062430
v 0.00583710 -0.00100081 0.00066331
v 0.00588630 -0.00100000 0.00068156
v 0.00537504 0.00108982 0.00050103
v 0.00552645 -0.00104381 0.00055219
v 0.00534587 0.00110208 0.00049162
v 0.00531677 0.00111430 0.00048223
v 0.00559436 -0.00103075 0.00057606
v 0.00471372 0.00149358 0.00030771
v 0.00476139 0.00145433 0.00031987
v 0.00514839 -0.00119190 0.00042884
v 0.00479331 0.00142806 0.00032801
v 0.00490123 0.00134324 0.00035694
v 0.00491081 0.00133697 0.00035966
v 0.00493275 0.00132260 0.00036589
v 0.00495170 0.00131018 0.00037126
v 0.00529544 -0.00112110 0.00047505
v 0.00503466 0.00125585 0.00039481
v 0.00509989 0.00121966 0.00041445
v 0.00537504 -0.00108982 0.00050103
v 0.00531683 -0.00111269 0.00048203
v 0.00522507 0.00115285 0.00045263
v 0.00517954 0.00117547 0.00043842
v 0.00502346 0.00126319 0.00039163
v 0.00520626 -0.00116404 0.00044702
v 0.00466544 0.00152991 0.00029596
v 0.00508331 -0.00123074 0.00040949
v 0.00507121 -0.00123796 0.00040589
v 0.00500533 -0.00127729 0.00038629
v 0.00498627 -0.00129069 0.00038096
v 0.00491305 -0.00134218 0.00036049
v 0.00486466 -0.00137620 0.00034696
v 0.00486346 -0.00137713 0.00034665
v 0.00481038 -0.00141837 0.00033281
v 0.00475516 -0.00146127 0.00031842
v 0.00472291 -0.00148633 0.00031001
v 0.00471372 -0.00149358 0.00030771
v 0.00446327 -0.00166594 0.00025016
v 0.00404211 0.00188885 0.00016998
v 0.00406535 0.00187879 0.00017373
v 0.00426408 0.00178206 0.00020923
v 0.00427244 0.00177731 0.00021092
v 0.00445185 0.00167533 0.00024714
v 0.00466715 -0.00152707 0.00029669
v 0.00466537 -0.00152835 0.00029627
v 0.00462821 0.00155793 0.00028690
v 0.00446468 0.00166680 0.00025003
v 0.00450150 0.00164229 0.00025833
v 0.00446904 -0.00166245 0.00025138
v 0.00453137 -0.00162471 0.00026455
v 0.00433316 -0.00174472 0.00022267
v 0.00425915 -0.00178252 0.00020891
v 0.00411877 -0.00185423 0.00018282
v 0.00358903 0.00205825 0.00010662
v 0.00372055 0.00201596 0.00012238
v 0.00334605 -0.00213003 0.00008022
v 0.00376076 0.00200058 0.00012814
v 0.00389066 0.00195091 0.00014678
v 0.00396068 0.00192413 0.00015682
v 0.00402494 0.00189629 0.00016720
v 0.00337256 -0.00212237 0.00008303
v 0.00384952 -0.00196862 0.00014015
v 0.00380935 -0.00198272 0.00013486
v 0.00388772 -0.00195373 0.00014573
v 0.00404202 -0.00188728 0.00017050
v 0.00403882 -0.00188866 0.00016999
v 0.00389235 -0.00195174 0.00014648
v 0.00359299 -0.00205873 0.00010638
v 0.00357132 -0.00206498 0.00010408
v 0.00258772 0.00229113 0.00002638
v 0.00266174 0.00227953 0.00002967
v 0.00320698 -0.00216585 0.00006744
v 0.00293152 0.00222909 0.00004559
v 0.00294058 0.00222740 0.00004613
v 0.00321017 0.00216663 0.00006699
v 0.00326549 0.00215171 0.00007239
v 0.00328357 -0.00214807 0.00007360
v 0.00334605 0.00212997 0.00008026
v 0.00347026 0.00209645 0.00009239
v 0.00295164 -0.00222512 0.00004688
v 0.00276776 -0.00225888 0.00003633
v 0.00255804 0.00229578 0.00002506
v 0.00307258 -0.00219705 0.00005662
v 0.00147611 -0.00241067 0.00000070
v 0.00142639 -0.00241266 0.00000043
v 0.00187549 0.00237944 0.00000547
v 0.00138586 0.00241290 0.00000024
v 0.00135572 0.00240982 0.00000011
v 0.00132923 0.00240984 0.00000001
v 0.00133017 0.00241016 0.00000002
v 0.00134591 0.00241251 0.00000007
v 0.00166062 0.00239913 0.00000214
v 0.00139309 -0.00241341 0.00000027
v 0.00150824 0.00240761 0.00000105
v 0.00137077 -0.00241345 0.00000017
v 0.00135579 -0.00241308 0.00000011
v 0.00134572 -0.00241249 0.00000007
v 0.00133894 -0.00241182 0.00000005
v 0.00133436 -0.00241113 0.00000003
v 0.00133126 -0.00241046 0.00000002
v 0.00132842 -0.00240860 0.00000001
v 0.00132915 -0.00240982 0.00000001
v 0.00140902 0.00241313 0.00000034
v 0.00245850 -0.00230991 0.00002135
v 0.00235896 -0.00232401 0.00001765
v 0.00223539 0.00234023 0.00001365
v 0.00259519 -0.00229056 0.00002642
v 0.00255804 -0.00229582 0.00002504
v 0.00243427 0.00231518 0.00001957
v 0.00236134 0.00232437 0.00001740
v 0.00221185 -0.00234484 0.00001219
v 0.00214502 -0.00235263 0.00001049
v 0.00207716 -0.00236054 0.00000876
v 0.00182797 -0.00238543 0.00000416
v 0.00166160 -0.00239906 0.00000215
v 0.00205368 0.00236311 0.00000823
v 0.00155044 -0.00240661 0.00000119
v 0.00150514 -0.00240908 0.00000089
v 0.00016906 0.00250516 0.00000003
v 0.00024374 0.00250363 0.00000004
v 0.00016362 -0.00250488 0.00000003
v 0.00034176 0.00250162 0.00000005
v 0.00029836 -0.00250358 0.00000007
v 0.00027906 0.00250290 0.00000004
v 0.00027906 -0.00250376 0.00000006
v 0.00027311 -0.00250382 0.00000006
v 0.00133226 0.00240928 0.00629998
v 0.00568062 0.00101417 0.00569361
v 0.00542684 -0.00107210 0.00578171
v 0.00557713 -0.00103221 0.00573022
v 0.00559410 -0.00102954 0.00572418
v 0.00573040 -0.00100812 0.00567570
v 0.00583710 0.00100081 0.00563669
v 0.00588630 -0.00100000 0.00561844
v 0.00588630 0.00100000 0.00561844
v 0.00600346 0.00100000 0.00557440
v 0.00537504 -0.00108982 0.00579897
v 0.00552645 0.00104381 0.00574781
v 0.00534587 -0.00110208 0.00580838
v 0.00534257 -0.00110347 0.00580945
v 0.00559436 0.00103075 0.00572394
v 0.00600346 -0.00100000 0.00557440
v 0.00666637 -0.00100000 0.00531508
v 0.00666637 0.00100000 0.00531508
v 0.00479331 -0.00142806 0.00597199
v 0.00490123 -0.00134324 0.00594306
v 0.00514839 0.00119190 0.00587116
v 0.00476139 -0.00145433 0.00598013
v 0.00491081 -0.00133697 0.00594034
v 0.00493275 -0.00132260 0.00593412
v 0.00495170 -0.00131018 0.00592873
v 0.00529544 0.00112110 0.00582495
v 0.00503466 -0.00125585 0.00590518
v 0.00509989 -0.00121966 0.00588555
v 0.00537504 0.00108982 0.00579897
v 0.00534260 0.00110257 0.00580956
v 0.00522507 -0.00115285 0.00584737
v 0.00517954 -0.00117547 0.00586157
v 0.00502346 -0.00126319 0.00590836
v 0.00520626 0.00116404 0.00585298
v 0.00472536 -0.00148400 0.00598932
v 0.00508331 0.00123074 0.00589051
v 0.00507121 0.00123796 0.00589411
v 0.00500533 0.00127729 0.00591371
v 0.00498627 0.00129069 0.00591904
v 0.00491305 0.00134218 0.00593951
v 0.00486466 0.00137620 0.00595304
v 0.00486346 0.00137713 0.00595335
v 0.00481038 0.00141837 0.00596719
v 0.00427244 -0.00177731 0.00608908
v 0.00472291 0.00148633 0.00598999
v 0.00426408 -0.00178206 0.00609077
v 0.00406535 -0.00187879 0.00612627
v 0.00445185 -0.00167533 0.00605286
v 0.00446468 -0.00166680 0.00604997
v 0.00450150 -0.00164229 0.00604167
v 0.00475516 0.00146127 0.00598158
v 0.00472537 0.00148442 0.00598935
v 0.00471372 -0.00149358 0.00599229
v 0.00462821 -0.00155793 0.00601310
v 0.00404745 -0.00188654 0.00612916
v 0.00471372 0.00149358 0.00599229
v 0.00466715 0.00152707 0.00600331
v 0.00453137 0.00162471 0.00603545
v 0.00446904 0.00166245 0.00604862
v 0.00446327 0.00166594 0.00604984
v 0.00433316 0.00174472 0.00607733
v 0.00425915 0.00178252 0.00609109
v 0.00411877 0.00185423 0.00611717
v 0.00347026 -0.00209645 0.00620760
v 0.00358903 -0.00205825 0.00619338
v 0.00337758 0.00212092 0.00621644
v 0.00372055 -0.00201596 0.00617763
v 0.00376076 -0.00200058 0.00617186
v 0.00389066 -0.00195091 0.00615322
v 0.00396068 -0.00192413 0.00614318
v 0.00402494 -0.00189629 0.00613280
v 0.00384952 0.00196862 0.00615985
v 0.00380935 0.00198272 0.00616514
v 0.00388772 0.00195373 0.00615427
v 0.00404736 0.00188498 0.00612864
v 0.00403882 0.00188866 0.00613001
v 0.00389235 0.00195174 0.00615352
v 0.00359299 0.00205873 0.00619362
v 0.00357132 0.00206498 0.00619592
v 0.00307258 0.00219705 0.00624338
v 0.00293152 -0.00222909 0.00625441
v 0.00320698 0.00216585 0.00623256
v 0.00294058 -0.00222740 0.00625387
v 0.00337256 0.00212237 0.00621697
v 0.00326549 -0.00215171 0.00622761
v 0.00337761 -0.00212145 0.00621666
v 0.00321017 -0.00216663 0.00623301
v 0.00328357 0.00214807 0.00622640
v 0.00262189 -0.00228578 0.00627210
v 0.00266174 -0.00227953 0.00627033
v 0.00276776 0.00225888 0.00626367
v 0.00295164 0.00222512 0.00625312
v 0.00245850 0.00230991 0.00627865
v 0.00223539 -0.00234023 0.00628635
v 0.00236134 -0.00232437 0.00628260
v 0.00243427 -0.00231518 0.00628043
v 0.00258772 -0.00229113 0.00627362
v 0.00259519 0.00229056 0.00627358
v 0.00262188 0.00228566 0.00627204
v 0.00166062 -0.00239913 0.00629786
v 0.00187549 -0.00237944 0.00629453
v 0.00205368 -0.00236311 0.00629177
v 0.00214502 0.00235263 0.00628951
v 0.00152356 -0.00240676 0.00629884
v 0.00221185 0.00234484 0.00628781
v 0.00235896 0.00232401 0.00628235
v 0.00207716 0.00236054 0.00629124
v 0.00182797 0.00238543 0.00629584
v 0.00166160 0.00239906 0.00629785
v 0.00150514 0.00240908 0.00629911
v 0.00132923 -0.00240984 0.00629999
v 0.00133017 -0.00241016 0.00629998
v 0.00134591 -0.00241251 0.00629993
v 0.00138586 -0.00241290 0.00629976
v 0.00155044 0.00240661 0.00629881
v 0.00152356 0.00240808 0.00629898
v 0.00150824 -0.00240761 0.00629895
v 0.00140902 -0.00241313 0.00629966
v 0.00147611 0.00241067 0.00629930
v 0.00142639 0.00241266 0.00629957
v 0.00139309 0.00241341 0.00629973
v 0.00137077 0.00241345 0.00629983
v 0.00135579 0.00241308 0.00629989
v 0.00133126 0.00241046 0.00629998
v 0.00132915 0.00240982 0.00629999
v 0.00134572 0.00241249 0.00629993
v 0.00133894 0.00241182 0.00629995
v 0.00133436 0.00241113 0.00629997
v 0.00016906 -0.00250516 0.00629997
v 0.00024374 -0.00250363 0.00629996
v 0.00016362 0.00250488 0.00629997
v 0.00034176 -0.00250162 0.00629995
v 0.00029836 0.00250358 0.00629993
v 0.00027906 -0.00250290 0.00629995
v 0.00027906 0.00250376 0.00629994
v 0.00027311 0.00250382 0.00629994
v 0.00528409 -0.00112619 0.00382339
v 0.00526822 -0.00113327 0.00382782
v 0.00534526 0.00110097 0.00380195
v 0.00556038 0.00103584 0.00274114
v 0.00555957 0.00103604 0.00274044
v 0.00555824 -0.00103677 0.00274176
v 0.00477567 0.00148753 0.00376171
v 0.00491245 -0.00135912 0.00382235
v 0.00482654 -0.00143844 0.00378968
v 0.00478152 -0.00148250 0.00376663
v 0.00477528 -0.00148830 0.00376249
v 0.00474853 0.00151372 0.00374678
v 0.00475936 -0.00150308 0.00375195
v 0.00467491 0.00158043 0.00369173
v 0.00470247 -0.00155591 0.00371427
v 0.00464073 0.00161004 0.00365931
v 0.00464556 0.00160597 0.00366475
v 0.00464259 -0.00160853 0.00366182
v 0.00464055 -0.00161024 0.00365947
v 0.00458546 0.00165656 0.00359718
v 0.00458020 -0.00166089 0.00359026
v 0.00453741 0.00169543 0.00352478
v 0.00447217 -0.00174628 0.00336833
v 0.00447216 -0.00174629 0.00336823
v 0.00453418 0.00169804 0.00351992
v 0.00452898 0.00170217 0.00351053
v 0.00453865 -0.00169448 0.00352769
v 0.00453728 -0.00169556 0.00352490
v 0.00449719 -0.00172706 0.00344314
v 0.00445028 0.00176284 0.00321896
v 0.00445968 0.00175576 0.00331178
v 0.00445111 -0.00176221 0.00319995
v 0.00446500 0.00175173 0.00333882
v 0.00446880 0.00174882 0.00335175
v 0.00445450 -0.00175967 0.00327633
v 0.00447354 0.00174520 0.00336782
v 0.00449108 0.00173178 0.00342741
v 0.00446881 0.00174883 0.00304918
v 0.00445028 -0.00176284 0.00318104
v 0.00445450 0.00175967 0.00312367
v 0.00445111 0.00176221 0.00320005
v 0.00445968 -0.00175576 0.00308822
v 0.00446500 -0.00175173 0.00306118
v 0.00447216 0.00174629 0.00303177
v 0.00447354 -0.00174520 0.00303218
v 0.00449108 -0.00173178 0.00297259
v 0.00449719 0.00172706 0.00295686
v 0.00453418 -0.00169804 0.00288008
v 0.00453728 0.00169556 0.00287510
v 0.00453741 -0.00169543 0.00287521
v 0.00453865 0.00169448 0.00287231
v 0.00452898 -0.00170217 0.00288947
v 0.00447217 0.00174628 0.00303167
v 0.00458020 0.00166089 0.00280974
v 0.00458546 -0.00165656 0.00280282
v 0.00464055 0.00161024 0.00274053
v 0.00464073 -0.00161004 0.00274069
v 0.00464556 -0.00160597 0.00273526
v 0.00467491 -0.00158043 0.00270827
v 0.00474853 -0.00151372 0.00265322
v 0.00475946 -0.00150317 0.00264721
v 0.00464259 0.00160853 0.00273818
v 0.00493224 -0.00134403 0.00257378
v 0.00493202 0.00134368 0.00257326
v 0.00487199 -0.00139493 0.00259130
v 0.00491245 0.00135912 0.00257765
v 0.00482654 0.00143844 0.00261032
v 0.00477567 -0.00148753 0.00263830
v 0.00482654 -0.00143844 0.00261032
v 0.00478152 0.00148250 0.00263337
v 0.00477528 0.00148830 0.00263751
v 0.00470247 0.00155591 0.00268574
v 0.00496607 -0.00131544 0.00256395
v 0.00505402 -0.00125265 0.00255237
v 0.00506480 -0.00124495 0.00255095
v 0.00509996 0.00122342 0.00255114
v 0.00507944 0.00123549 0.00255032
v 0.00505409 0.00125278 0.00255262
v 0.00500377 0.00128709 0.00255716
v 0.00525167 -0.00114087 0.00256794
v 0.00526791 -0.00113394 0.00257317
v 0.00526822 0.00113327 0.00257218
v 0.00509998 -0.00122367 0.00255151
v 0.00515576 -0.00118992 0.00255240
v 0.00517231 0.00118083 0.00255404
v 0.00526585 0.00113433 0.00257152
v 0.00531317 -0.00111465 0.00258772
v 0.00534526 -0.00110097 0.00259805
v 0.00528409 0.00112619 0.00257661
v 0.00531312 0.00111457 0.00258758
v 0.00552190 -0.00104494 0.00270553
v 0.00548429 0.00105487 0.00267577
v 0.00545910 0.00106212 0.00265820
v 0.00542471 -0.00107305 0.00263766
v 0.00542413 0.00107366 0.00263863
v 0.00537400 0.00109020 0.00261057
v 0.00543319 -0.00107007 0.00264189
v 0.00563124 0.00102185 0.00282545
v 0.00559325 -0.00102891 0.00277667
v 0.00559398 -0.00102876 0.00277754
v 0.00559406 0.00102919 0.00278122
v 0.00560122 -0.00102734 0.00278615
v 0.00565965 -0.00101722 0.00286941
v 0.00566119 0.00101722 0.00287602
v 0.00566249 -0.00101683 0.00287521
v 0.00568372 0.00101374 0.00291405
v 0.00570478 -0.00101102 0.00296179
v 0.00572258 0.00100896 0.00301319
v 0.00572662 0.00100855 0.00303203
v 0.00572567 -0.00100871 0.00303241
v 0.00573705 -0.00100744 0.00307090
v 0.00574441 0.00100673 0.00311495
v 0.00574831 0.00100636 0.00320008
v 0.00574949 -0.00100625 0.00317416
v 0.00574831 -0.00100636 0.00319992
v 0.00574949 0.00100625 0.00322584
v 0.00573705 0.00100744 0.00332910
v 0.00574441 -0.00100673 0.00328506
v 0.00572662 -0.00100855 0.00336797
v 0.00572567 0.00100871 0.00336759
v 0.00570478 0.00101102 0.00343821
v 0.00572258 -0.00100896 0.00338681
v 0.00568372 -0.00101374 0.00348595
v 0.00566249 0.00101683 0.00352479
v 0.00566119 -0.00101722 0.00352398
v 0.00565965 0.00101722 0.00353059
v 0.00563124 -0.00102185 0.00357455
v 0.00560122 0.00102734 0.00361385
v 0.00559398 0.00102876 0.00362246
v 0.00559406 -0.00102919 0.00361878
v 0.00555824 0.00103677 0.00365824
v 0.00559325 0.00102891 0.00362333
v 0.00543319 0.00107007 0.00375811
v 0.00555957 -0.00103604 0.00365956
v 0.00542471 0.00107305 0.00376234
v 0.00548429 -0.00105487 0.00372423
v 0.00556038 -0.00103584 0.00365886
v 0.00552190 0.00104494 0.00369447
v 0.00531312 -0.00111457 0.00381242
v 0.00545910 -0.00106212 0.00374180
v 0.00542413 -0.00107366 0.00376137
v 0.00537400 -0.00109020 0.00378943
v 0.00525167 0.00114087 0.00383206
v 0.00526791 0.00113394 0.00382683
v 0.00531317 0.00111465 0.00381228
v 0.00526585 -0.00113433 0.00382849
v 0.00517231 -0.00118083 0.00384597
v 0.00515576 0.00118992 0.00384760
v 0.00509996 -0.00122342 0.00384885
v 0.00509998 0.00122367 0.00384849
v 0.00482654 0.00143844 0.00378968
v 0.00487199 0.00139493 0.00380870
v 0.00493202 -0.00134368 0.00382674
v 0.00493224 0.00134403 0.00382621
v 0.00496607 0.00131544 0.00383605
v 0.00505402 0.00125265 0.00384763
v 0.00506480 0.00124495 0.00384905
v 0.00500377 -0.00128709 0.00384284
v 0.00505409 -0.00125278 0.00384738
v 0.00507944 -0.00123549 0.00384967
v -0.00443126 0.00015497 0.00583813
v -0.00443609 0.00013374 0.00583638
v -0.00442785 0.00016823 0.00510000
v -0.00445000 0.00000000 0.00510000
v -0.00436292 0.00032500 0.00510000
v -0.00439966 0.00025081 0.00584955
v -0.00442698 0.00016795 0.00583968
v -0.00425962 0.00045962 0.00510000
v -0.00425863 0.00045855 0.00589886
v -0.00427634 0.00044227 0.00589287
v -0.00433968 0.00036227 0.00587087
v -0.00435346 0.00034086 0.00586601
v -0.00436187 0.00032446 0.00586301
v -0.00420099 0.00051158 0.00591835
v -0.00412500 0.00056292 0.00510000
v -0.00418499 0.00052372 0.00592366
v -0.00400118 0.00061808 0.00598204
v -0.00396823 0.00062785 0.00510000
v -0.00398904 0.00062190 0.00598572
v -0.00396794 0.00062651 0.00599193
v -0.00404584 0.00059948 0.00596814
v -0.00409707 0.00057814 0.00595220
v -0.00412408 0.00056142 0.00594343
v -0.00388754 0.00064408 0.00601560
v -0.00380000 0.00065000 0.00510000
v -0.00379994 0.00064888 0.00603998
v -0.00378339 0.00064979 0.00604458
v -0.00363177 0.00062785 0.00510000
v -0.00367189 0.00063725 0.00607363
v -0.00347500 0.00056292 0.00510000
v -0.00357202 0.00060871 0.00609786
v -0.00363231 0.00062594 0.00608323
v -0.00338668 0.00050166 0.00613814
v -0.00346957 0.00055952 0.00612087
v -0.00334038 0.00045962 0.00510000
v -0.00347162 0.00056095 0.00612045
v -0.00347514 0.00056263 0.00611965
v -0.00323822 0.00032443 0.00616605
v -0.00324598 0.00033994 0.00616471
v -0.00323708 0.00032500 0.00510000
v -0.00330705 0.00042367 0.00615358
v -0.00334203 0.00045793 0.00614680
v -0.00319583 0.00023975 0.00617339
v -0.00317215 0.00016823 0.00510000
v -0.00317372 0.00016775 0.00617708
v -0.00316538 0.00014059 0.00617847
v -0.00315000 0.00000000 0.00510000
v -0.00315064 0.00002878 0.00618088
v -0.00317215 -0.00016823 0.00510000
v -0.00315433 -0.00007491 0.00618028
v -0.00315166 0.00000006 0.00618071
v -0.00321497 -0.00028327 0.00617012
v -0.00322121 -0.00029580 0.00616905
v -0.00323708 -0.00032500 0.00510000
v -0.00317739 -0.00018670 0.00617649
v -0.00317352 -0.00016795 0.00617712
v -0.00334268 -0.00046190 0.00614681
v -0.00334057 -0.00045946 0.00614720
v -0.00334038 -0.00045962 0.00510000
v -0.00327525 -0.00038358 0.00615945
v -0.00323861 -0.00032406 0.00616596
v -0.00347500 -0.00056292 0.00510000
v -0.00347599 -0.00056117 0.00611932
v -0.00346954 -0.00055754 0.00612073
v -0.00343726 -0.00053937 0.00612776
v -0.00335673 -0.00047540 0.00614407
v -0.00363177 -0.00062785 0.00510000
v -0.00354845 -0.00059935 0.00610332
v -0.00352705 -0.00058991 0.00610820
v -0.00374802 -0.00064792 0.00605402
v -0.00376799 -0.00064921 0.00604872
v -0.00380000 -0.00065000 0.00510000
v -0.00364617 -0.00063154 0.00608004
v -0.00363208 -0.00062689 0.00608339
v -0.00396823 -0.00062785 0.00510000
v -0.00387143 -0.00064606 0.00602020
v -0.00379995 -0.00064824 0.00603991
v -0.00404583 -0.00059931 0.00596812
v -0.00397349 -0.00062642 0.00599040
v -0.00396815 -0.00062745 0.00599196
v -0.00425962 -0.00045962 0.00510000
v -0.00425911 -0.00045917 0.00589874
v -0.00412500 -0.00056292 0.00510000
v -0.00425289 -0.00046625 0.00590088
v -0.00417106 -0.00053368 0.00592826
v -0.00412395 -0.00056111 0.00594344
v -0.00408094 -0.00058615 0.00595731
v -0.00442785 -0.00016823 0.00510000
v -0.00442583 -0.00016774 0.00584009
v -0.00436292 -0.00032500 0.00510000
v -0.00441651 -0.00020594 0.00584347
v -0.00437661 -0.00030003 0.00585779
v -0.00436151 -0.00032412 0.00586312
v -0.00432110 -0.00038853 0.00587738
v -0.00444912 0.00003375 0.00583162
v -0.00445000 0.00000000 0.00583130
v -0.00444209 -0.00010107 0.00583419
v -0.00443126 -0.00015497 0.00046187
v -0.00443609 -0.00013374 0.00046362
v -0.00442785 -0.00016823 0.00120000
v -0.00445000 0.00000000 0.00120000
v -0.00436292 -0.00032500 0.00120000
v -0.00439966 -0.00025081 0.00045045
v -0.00442698 -0.00016795 0.00046032
v -0.00425962 -0.00045962 0.00120000
v -0.00425863 -0.00045855 0.00040114
v -0.00427634 -0.00044227 0.00040713
v -0.00433968 -0.00036227 0.00042913
v -0.00435346 -0.00034086 0.00043399
v -0.00436187 -0.00032446 0.00043699
v -0.00420099 -0.00051158 0.00038165
v -0.00412500 -0.00056292 0.00120000
v -0.00418499 -0.00052372 0.00037634
v -0.00400118 -0.00061808 0.00031796
v -0.00396823 -0.00062785 0.00120000
v -0.00398904 -0.00062190 0.00031428
v -0.00396794 -0.00062651 0.00030807
v -0.00409707 -0.00057814 0.00034780
v -0.00411629 -0.00056624 0.00035404
v -0.00412408 -0.00056142 0.00035657
v -0.00388754 -0.00064408 0.00028440
v -0.00380000 -0.00065000 0.00120000
v -0.00379994 -0.00064888 0.00026002
v -0.00378339 -0.00064979 0.00025542
v -0.00363177 -0.00062785 0.00120000
v -0.00367189 -0.00063725 0.00022637
v -0.00347514 -0.00056263 0.00018035
v -0.00357044 -0.00060795 0.00020178
v -0.00347500 -0.00056292 0.00120000
v -0.00357202 -0.00060871 0.00020214
v -0.00363231 -0.00062594 0.00021677
v -0.00347162 -0.00056095 0.00017956
v -0.00334038 -0.00045962 0.00120000
v -0.00338668 -0.00050166 0.00016186
v -0.00323822 -0.00032443 0.00013395
v -0.00324598 -0.00033994 0.00013529
v -0.00323708 -0.00032500 0.00120000
v -0.00330705 -0.00042367 0.00014642
v -0.00334203 -0.00045793 0.00015320
v -0.00319583 -0.00023975 0.00012661
v -0.00317215 -0.00016823 0.00120000
v -0.00317372 -0.00016775 0.00012292
v -0.00316538 -0.00014059 0.00012153
v -0.00315000 0.00000000 0.00120000
v -0.00315064 -0.00002878 0.00011912
v -0.00317215 0.00016823 0.00120000
v -0.00315433 0.00007491 0.00011972
v -0.00315166 -0.00000006 0.00011929
v -0.00321497 0.00028327 0.00012988
v -0.00322121 0.00029580 0.00013095
v -0.00323708 0.00032500 0.00120000
v -0.00317739 0.00018670 0.00012351
v -0.00317352 0.00016795 0.00012288
v -0.00334268 0.00046190 0.00015319
v -0.00334057 0.00045946 0.00015280
v -0.00334038 0.00045962 0.00120000
v -0.00327525 0.00038358 0.00014055
v -0.00323861 0.00032406 0.00013404
v -0.00347500 0.00056292 0.00120000
v -0.00343726 0.00053937 0.00017224
v -0.00335673 0.00047540 0.00015593
v -0.00354845 0.00059935 0.00019668
v -0.00352705 0.00058991 0.00019180
v -0.00347599 0.00056117 0.00018068
v -0.00374802 0.00064792 0.00024598
v -0.00363177 0.00062785 0.00120000
v -0.00376799 0.00064921 0.00025128
v -0.00380000 0.00065000 0.00120000
v -0.00364617 0.00063154 0.00021996
v -0.00363208 0.00062689 0.00021660
v -0.00357041 0.00060658 0.00020191
v -0.00396823 0.00062785 0.00120000
v -0.00387143 0.00064606 0.00027980
v -0.00379995 0.00064824 0.00026009
v -0.00408094 0.00058615 0.00034269
v -0.00411628 0.00056557 0.00035408
v -0.00412500 0.00056292 0.00120000
v -0.00397349 0.00062642 0.00030960
v -0.00396815 0.00062745 0.00030804
v -0.00425962 0.00045962 0.00120000
v -0.00425911 0.00045917 0.00040126
v -0.00425289 0.00046625 0.00039912
v -0.00417106 0.00053368 0.00037175
v -0.00412395 0.00056111 0.00035656
v -0.00442785 0.00016823 0.00120000
v -0.00442583 0.00016774 0.00045991
v -0.00436292 0.00032500 0.00120000
v -0.00441651 0.00020594 0.00045653
v -0.00437661 0.00030003 0.00044221
v -0.00436151 0.00032412 0.00043688
v -0.00432110 0.00038853 0.00042262
v -0.00444912 -0.00003375 0.00046837
v -0.00445000 0.00000000 0.00046870
v -0.00444209 0.00010107 0.00046581
f 1 2 3
f 3 2 4
f 3 4 5
f 6 7 8
f 4 9 5
f 5 9 10
f 5 10 11
f 11 10 12
f 11 12 13
f 13 12 14
f 13 14 15
f 15 14 16
f 15 16 17
f 17 16 18
f 17 18 19
f 19 18 20
f 19 20 21
f 21 20 22
f 21 22 23
f 1 24 2
f 2 24 25
f 2 25 6
f 6 25 26
f 6 26 7
f 27 28 29
f 29 28 30
f 29 30 31
f 31 30 32
f 31 32 8
f 8 32 33
f 8 33 6
f 22 34 23
f 23 34 35
f 23 35 36
f 36 35 37
f 36 37 38
f 38 37 39
f 38 39 40
f 40 39 41
f 40 41 42
f 42 41 43
f 42 43 44
f 44 43 45
f 44 45 46
f 46 45 47
f 46 47 27
f 27 47 48
f 27 48 28
f 49 50 51
f 52 53 54
f 54 53 49
f 54 49 55
f 55 49 51
f 52 54 56
f 56 54 57
f 56 57 58
f 59 60 61
f 61 60 62
f 61 62 63
f 63 62 64
f 63 64 65
f 65 64 66
f 65 66 67
f 67 66 68
f 67 68 69
f 69 68 70
f 69 70 71
f 71 70 72
f 71 72 73
f 73 72 74
f 73 74 50
f 50 74 75
f 50 75 51
f 76 77 78
f 78 77 79
f 79 77 80
f 79 80 57
f 57 80 81
f 57 81 58
f 78 82 76
f 76 82 83
f 76 83 84
f 84 83 85
f 84 85 86
f 86 85 87
f 86 87 88
f 88 87 89
f 88 89 90
f 90 89 91
f 90 91 92
f 92 91 93
f 92 93 94
f 94 93 95
f 94 95 59
f 59 95 96
f 59 96 60
f 97 98 99
f 100 98 101
f 101 98 102
f 101 102 103
f 103 102 104
f 103 104 105
f 100 106 98
f 98 106 107
f 98 107 108
f 108 109 98
f 98 109 110
f 98 110 99
f 105 111 103
f 103 111 112
f 103 112 113
f 113 114 103
f 103 114 115
f 103 115 116
f 116 117 103
f 103 117 118
f 103 118 119
f 119 118 120
f 119 120 121
f 121 122 119
f 119 122 123
f 119 123 124
f 124 125 119
f 119 125 126
f 119 126 127
f 127 128 119
f 119 128 129
f 119 129 130
f 131 132 133
f 133 132 134
f 133 134 135
f 135 136 133
f 133 136 137
f 133 137 138
f 130 139 119
f 119 139 140
f 119 140 141
f 141 140 133
f 141 133 142
f 142 133 138
f 143 144 145
f 145 144 146
f 145 146 147
f 147 146 148
f 147 148 149
f 149 148 150
f 149 150 151
f 152 153 154
f 154 153 150
f 150 153 155
f 150 155 151
f 154 156 152
f 152 156 157
f 152 157 99
f 99 157 158
f 99 158 97
f 159 160 161
f 161 160 162
f 161 162 163
f 163 162 164
f 163 164 165
f 165 164 166
f 165 166 167
f 159 161 168
f 168 161 169
f 168 169 170
f 170 171 168
f 168 171 172
f 168 172 173
f 173 174 168
f 168 174 175
f 168 175 176
f 177 178 179
f 178 180 179
f 179 180 181
f 179 181 182
f 182 183 179
f 179 183 184
f 179 184 185
f 185 186 179
f 179 186 187
f 179 187 188
f 188 189 179
f 179 189 190
f 179 190 191
f 143 145 192
f 192 145 193
f 192 193 194
f 194 195 192
f 192 195 196
f 192 196 197
f 191 198 179
f 179 198 192
f 179 192 199
f 199 192 197
f 133 200 131
f 131 200 201
f 131 201 202
f 202 203 131
f 131 203 204
f 131 204 205
f 205 204 206
f 205 206 207
f 207 206 208
f 207 208 209
f 209 208 210
f 210 208 211
f 211 208 212
f 211 212 213
f 213 212 166
f 166 212 214
f 166 214 167
f 215 216 217
f 216 218 217
f 217 218 219
f 217 219 220
f 221 222 220
f 176 177 168
f 168 177 179
f 168 179 220
f 220 179 223
f 220 223 221
f 222 224 220
f 220 224 225
f 220 225 217
f 226 227 228
f 228 227 229
f 229 230 228
f 228 230 231
f 228 231 232
f 232 231 233
f 232 233 217
f 217 233 234
f 217 234 215
f 235 236 237
f 237 236 238
f 237 238 239
f 239 238 240
f 239 240 241
f 241 240 226
f 241 226 242
f 242 226 228
f 235 243 236
f 236 243 244
f 236 244 245
f 246 247 248
f 249 250 251
f 249 251 252
f 250 253 251
f 251 253 254
f 251 254 255
f 248 256 251
f 251 256 257
f 251 257 252
f 258 259 246
f 246 259 260
f 246 260 247
f 245 258 236
f 236 258 246
f 236 246 261
f 248 251 246
f 246 251 255
f 246 255 261
f 261 255 262
f 261 262 263
f 263 264 261
f 261 264 265
f 261 265 266
f 266 267 261
f 261 267 268
f 261 268 269
f 269 270 261
f 261 270 271
f 261 271 236
f 272 273 274
f 274 273 275
f 274 275 276
f 277 278 274
f 274 278 279
f 274 279 280
f 280 281 274
f 274 281 282
f 274 282 283
f 283 284 274
f 274 284 285
f 274 285 286
f 119 272 103
f 103 272 274
f 103 274 287
f 287 274 286
f 276 288 274
f 274 288 289
f 274 289 290
f 291 292 293
f 293 294 295
f 295 296 293
f 293 296 297
f 293 297 291
f 298 293 299
f 299 293 300
f 298 301 293
f 293 301 302
f 293 302 294
f 290 303 274
f 274 303 304
f 274 304 277
f 277 304 300
f 277 300 305
f 305 300 293
f 292 306 293
f 293 306 307
f 293 307 305
f 308 309 310
f 310 309 311
f 310 311 312
f 312 313 310
f 310 313 314
f 310 314 315
f 316 317 318
f 318 317 308
f 318 308 319
f 319 308 310
f 316 320 317
f 317 320 321
f 317 321 322
f 322 323 317
f 317 323 324
f 317 324 325
f 325 326 317
f 317 326 327
f 317 327 328
f 329 330 331
f 331 330 332
f 332 333 331
f 331 333 334
f 331 334 335
f 335 336 331
f 331 336 337
f 331 337 338
f 338 339 331
f 331 339 340
f 331 340 341
f 342 343 344
f 342 344 345
f 343 346 344
f 344 346 347
f 344 347 348
f 341 349 331
f 331 349 350
f 331 350 351
f 351 350 344
f 351 344 352
f 352 344 348
f 353 354 355
f 355 354 356
f 355 356 357
f 357 358 355
f 355 358 359
f 355 359 360
f 360 359 361
f 361 359 362
f 361 362 363
f 363 362 364
f 363 364 365
f 366 367 368
f 368 367 364
f 364 367 369
f 364 369 365
f 368 370 366
f 366 370 371
f 366 371 315
f 315 371 372
f 315 372 310
f 373 374 375
f 376 377 378
f 378 377 375
f 378 375 379
f 379 375 374
f 380 381 375
f 375 381 382
f 375 382 373
f 380 383 381
f 381 383 384
f 381 384 385
f 385 386 381
f 381 386 387
f 381 387 388
f 389 390 391
f 390 392 391
f 391 392 393
f 391 393 394
f 394 395 391
f 391 395 396
f 391 396 397
f 397 398 391
f 391 398 399
f 391 399 400
f 401 402 403
f 401 403 404
f 353 355 403
f 403 355 405
f 403 405 404
f 400 406 391
f 391 406 403
f 391 403 407
f 407 403 402
f 345 344 408
f 408 344 409
f 408 409 410
f 410 411 408
f 408 411 412
f 408 412 413
f 413 412 414
f 413 414 415
f 415 414 416
f 416 414 417
f 416 417 418
f 418 417 419
f 419 417 420
f 419 420 421
f 421 420 376
f 376 420 422
f 376 422 423
f 423 424 376
f 376 424 425
f 376 425 377
f 426 427 428
f 428 427 429
f 429 427 430
f 429 430 431
f 388 389 381
f 381 389 391
f 381 391 432
f 432 391 429
f 432 429 433
f 433 429 431
f 434 435 436
f 426 428 436
f 436 428 437
f 436 437 434
f 438 439 440
f 440 441 438
f 438 441 442
f 438 442 443
f 443 442 436
f 443 436 444
f 444 436 435
f 438 445 439
f 439 445 446
f 439 446 447
f 447 446 448
f 447 448 449
f 449 448 450
f 450 451 449
f 449 451 452
f 449 452 453
f 454 455 456
f 457 458 459
f 457 459 460
f 458 461 459
f 459 461 462
f 459 462 463
f 456 464 459
f 459 464 465
f 459 465 460
f 466 467 454
f 454 467 468
f 454 468 455
f 453 466 449
f 449 466 454
f 449 454 469
f 456 459 454
f 454 459 463
f 454 463 469
f 469 463 470
f 469 470 471
f 471 472 469
f 469 472 473
f 469 473 474
f 474 475 469
f 469 475 476
f 469 476 477
f 477 478 469
f 469 478 479
f 469 479 449
f 480 331 481
f 481 482 480
f 480 482 483
f 480 483 484
f 484 485 480
f 480 485 486
f 480 486 487
f 487 488 480
f 480 488 489
f 480 489 490
f 490 491 480
f 480 491 492
f 480 492 493
f 494 495 480
f 480 495 496
f 496 497 480
f 480 497 498
f 480 498 499
f 499 500 480
f 480 500 501
f 480 501 502
f 502 503 480
f 480 503 504
f 480 504 505
f 505 506 480
f 480 506 317
f 480 317 331
f 331 317 328
f 331 328 329
f 494 480 507
f 507 480 493
f 507 493 508
f 508 493 509
f 508 509 510
f 508 511 512
f 512 513 508
f 508 513 514
f 508 514 507
f 510 515 508
f 508 515 516
f 508 516 511
f 517 518 519
f 519 518 520
f 519 520 521
f 521 520 522
f 521 522 523
f 523 522 524
f 523 524 525
f 526 527 528
f 529 530 531
f 531 530 532
f 533 534 535
f 536 537 538
f 539 540 541
f 541 540 542
f 543 544 545
f 545 544 546
f 546 544 547
f 547 544 548
f 547 548 549
f 536 538 550
f 551 552 538
f 538 552 553
f 538 553 550
f 554 555 556
f 556 555 557
f 556 557 551
f 551 557 558
f 551 558 552
f 535 534 559
f 559 534 560
f 559 560 561
f 561 560 562
f 562 560 563
f 562 563 564
f 565 566 567
f 567 566 568
f 567 568 563
f 563 568 569
f 563 569 564
f 570 571 572
f 572 571 573
f 572 573 574
f 574 573 575
f 574 575 567
f 567 575 576
f 567 576 565
f 577 578 579
f 518 580 520
f 520 580 581
f 520 581 582
f 578 583 579
f 579 583 584
f 579 584 585
f 585 586 579
f 579 586 587
f 579 587 588
f 588 589 579
f 579 589 590
f 579 590 572
f 572 590 591
f 572 591 592
f 592 593 572
f 572 593 594
f 572 594 570
f 595 596 597
f 597 596 598
f 597 598 599
f 599 598 525
f 600 601 597
f 597 601 602
f 597 602 595
f 603 604 605
f 605 606 603
f 603 606 607
f 603 607 608
f 608 609 603
f 603 609 610
f 603 610 611
f 612 613 614
f 614 613 615
f 614 615 616
f 617 618 619
f 619 618 620
f 619 620 604
f 604 620 621
f 604 621 605
f 622 623 624
f 622 624 625
f 625 624 626
f 625 626 627
f 623 622 628
f 628 622 629
f 628 629 630
f 631 632 633
f 633 632 634
f 633 634 635
f 635 636 637
f 638 639 640
f 640 639 641
f 642 529 643
f 643 529 531
f 643 531 633
f 633 531 532
f 633 532 631
f 644 645 646
f 646 645 647
f 647 638 646
f 646 638 640
f 646 640 643
f 643 640 641
f 643 641 642
f 644 648 649
f 649 650 644
f 644 650 651
f 644 651 645
f 644 652 648
f 648 652 653
f 648 653 654
f 654 653 655
f 656 657 658
f 658 657 659
f 658 659 660
f 660 659 661
f 660 661 655
f 655 661 662
f 655 662 654
f 539 663 540
f 540 663 664
f 540 664 526
f 526 528 540
f 540 528 665
f 540 665 542
f 542 665 666
f 542 666 667
f 666 668 667
f 667 668 669
f 667 669 670
f 670 669 671
f 670 671 672
f 672 671 673
f 672 673 674
f 675 676 674
f 674 676 677
f 674 677 672
f 675 678 676
f 676 678 679
f 676 679 680
f 680 679 681
f 680 681 682
f 681 683 682
f 682 683 684
f 682 684 685
f 685 684 686
f 685 686 687
f 686 688 687
f 687 688 689
f 687 689 690
f 690 689 691
f 690 691 692
f 691 693 692
f 692 693 694
f 692 694 695
f 695 694 696
f 695 696 697
f 525 524 599
f 599 524 522
f 599 522 698
f 698 522 520
f 698 520 579
f 579 520 582
f 579 582 577
f 696 699 697
f 697 699 700
f 697 700 701
f 701 700 702
f 701 702 703
f 702 704 703
f 703 704 705
f 703 705 706
f 706 705 707
f 706 707 708
f 708 707 709
f 708 709 710
f 710 709 711
f 597 712 600
f 600 712 713
f 600 713 714
f 714 713 715
f 714 715 716
f 716 715 603
f 716 603 614
f 614 603 611
f 614 611 612
f 711 717 710
f 710 717 718
f 710 718 719
f 719 718 720
f 719 720 721
f 563 722 567
f 567 722 723
f 567 723 574
f 574 723 724
f 574 724 572
f 572 724 725
f 572 725 579
f 579 725 726
f 579 726 698
f 698 726 727
f 698 727 599
f 599 727 728
f 599 728 597
f 597 728 729
f 597 729 712
f 712 729 730
f 712 730 713
f 713 730 731
f 713 731 715
f 715 731 732
f 715 732 603
f 603 732 733
f 603 733 604
f 604 733 625
f 604 625 619
f 619 625 627
f 619 627 617
f 720 734 721
f 721 734 735
f 721 735 736
f 736 735 737
f 736 737 738
f 554 556 533
f 533 556 739
f 533 739 534
f 534 739 740
f 534 740 560
f 560 740 741
f 560 741 563
f 563 741 742
f 563 742 722
f 722 742 743
f 722 743 723
f 723 743 744
f 723 744 724
f 724 744 745
f 724 745 725
f 725 745 746
f 725 746 726
f 726 746 747
f 726 747 727
f 727 747 748
f 727 748 728
f 728 748 749
f 728 749 729
f 729 749 750
f 729 750 730
f 730 750 751
f 730 751 731
f 731 751 752
f 731 752 732
f 732 752 753
f 732 753 733
f 733 753 754
f 733 754 625
f 625 754 755
f 625 755 622
f 622 755 637
f 622 637 629
f 629 637 636
f 629 636 630
f 737 756 738
f 738 756 757
f 738 757 758
f 758 757 759
f 758 759 760
f 761 637 762
f 762 637 755
f 762 755 763
f 763 755 754
f 763 754 764
f 764 754 753
f 764 753 765
f 765 753 752
f 765 752 766
f 766 752 751
f 766 751 767
f 767 751 750
f 767 750 768
f 768 750 749
f 768 749 769
f 769 749 748
f 769 748 770
f 770 748 747
f 770 747 771
f 771 747 746
f 771 746 772
f 772 746 745
f 772 745 773
f 773 745 744
f 773 744 774
f 774 744 743
f 774 743 775
f 775 743 742
f 775 742 776
f 776 742 741
f 776 741 777
f 777 741 740
f 777 740 778
f 778 740 739
f 778 739 779
f 779 739 556
f 779 556 780
f 780 556 551
f 780 551 781
f 781 551 538
f 781 538 782
f 782 538 537
f 782 537 548
f 548 537 783
f 548 783 549
f 784 761 760
f 760 761 762
f 760 762 758
f 758 762 763
f 758 763 738
f 738 763 764
f 738 764 736
f 736 764 765
f 736 765 721
f 721 765 766
f 721 766 719
f 719 766 767
f 719 767 710
f 710 767 768
f 710 768 708
f 708 768 769
f 708 769 706
f 706 769 770
f 706 770 703
f 703 770 771
f 703 771 701
f 701 771 772
f 701 772 697
f 697 772 773
f 697 773 695
f 695 773 774
f 695 774 692
f 692 774 775
f 692 775 690
f 690 775 776
f 690 776 687
f 687 776 777
f 687 777 685
f 685 777 778
f 685 778 682
f 682 778 779
f 682 779 680
f 680 779 780
f 680 780 676
f 676 780 781
f 676 781 677
f 677 781 782
f 677 782 672
f 672 782 548
f 672 548 670
f 670 548 544
f 670 544 667
f 667 544 543
f 667 543 542
f 542 543 785
f 542 785 541
f 759 786 760
f 760 786 787
f 760 787 784
f 784 787 788
f 784 788 789
f 635 637 633
f 633 637 761
f 633 761 643
f 643 761 784
f 643 784 646
f 646 784 789
f 646 789 644
f 644 789 790
f 644 790 652
f 791 792 793
f 793 792 794
f 795 796 797
f 797 796 798
f 798 799 797
f 797 799 800
f 797 800 801
f 801 800 793
f 801 793 802
f 802 793 794
f 803 804 805
f 806 807 808
f 809 810 811
f 812 813 814
f 815 816 817
f 818 819 820
f 820 819 821
f 822 823 824
f 824 823 825
f 824 825 817
f 817 825 826
f 817 826 815
f 812 814 827
f 828 829 830
f 830 829 831
f 830 831 814
f 814 831 832
f 814 832 827
f 833 834 828
f 828 834 835
f 828 835 829
f 811 810 836
f 836 810 837
f 836 837 838
f 838 837 839
f 839 837 840
f 839 840 841
f 807 842 808
f 808 842 843
f 808 843 840
f 840 843 844
f 840 844 841
f 806 808 845
f 845 808 846
f 845 846 847
f 847 846 848
f 847 848 849
f 850 851 852
f 853 854 855
f 855 854 856
f 855 856 857
f 851 858 852
f 852 858 859
f 852 859 860
f 860 861 852
f 852 861 862
f 852 862 863
f 863 864 852
f 852 864 865
f 852 865 848
f 848 865 866
f 848 866 867
f 867 868 848
f 848 868 869
f 848 869 849
f 870 871 872
f 872 871 873
f 872 873 874
f 874 873 875
f 794 792 872
f 872 792 876
f 872 876 870
f 877 878 879
f 879 878 880
f 880 881 879
f 879 881 882
f 879 882 883
f 883 884 879
f 879 884 885
f 879 885 886
f 887 888 797
f 797 888 889
f 797 889 795
f 890 891 892
f 892 891 893
f 892 893 877
f 877 893 894
f 877 894 878
f 895 896 897
f 897 896 898
f 897 898 899
f 899 898 900
f 895 897 901
f 901 897 902
f 901 902 903
f 904 905 906
f 906 905 907
f 906 907 908
f 908 907 909
f 804 803 906
f 906 803 910
f 906 910 904
f 911 912 913
f 913 912 914
f 913 914 915
f 915 914 916
f 917 918 919
f 919 918 920
f 919 920 921
f 917 922 923
f 923 924 917
f 917 924 925
f 917 925 918
f 926 927 928
f 928 927 929
f 928 929 930
f 930 929 931
f 930 931 932
f 933 934 935
f 935 934 936
f 935 936 937
f 938 935 939
f 939 935 937
f 939 937 940
f 941 942 938
f 938 942 820
f 938 820 935
f 935 820 821
f 935 821 933
f 941 943 942
f 942 943 944
f 942 944 945
f 945 944 946
f 945 946 947
f 946 948 947
f 947 948 949
f 947 949 950
f 950 949 951
f 950 951 952
f 952 951 953
f 952 953 954
f 953 955 954
f 954 955 956
f 954 956 957
f 956 958 957
f 957 958 959
f 957 959 960
f 960 959 961
f 959 962 961
f 961 962 963
f 961 963 964
f 965 966 964
f 964 966 967
f 964 967 961
f 965 968 966
f 966 968 969
f 966 969 970
f 970 969 971
f 969 972 971
f 971 972 973
f 971 973 974
f 875 975 874
f 874 975 976
f 874 976 977
f 977 976 855
f 977 855 852
f 852 855 857
f 852 857 850
f 978 979 974
f 974 979 980
f 974 980 971
f 978 981 979
f 979 981 982
f 979 982 983
f 983 982 984
f 983 984 985
f 872 986 794
f 794 986 987
f 794 987 802
f 802 987 988
f 802 988 801
f 801 988 879
f 801 879 797
f 797 879 886
f 797 886 887
f 984 989 985
f 985 989 990
f 985 990 991
f 991 990 992
f 991 992 993
f 993 992 994
f 993 994 995
f 995 994 996
f 840 997 808
f 808 997 998
f 808 998 846
f 846 998 999
f 846 999 848
f 848 999 1000
f 848 1000 852
f 852 1000 1001
f 852 1001 977
f 977 1001 1002
f 977 1002 874
f 874 1002 1003
f 874 1003 872
f 872 1003 1004
f 872 1004 986
f 986 1004 1005
f 986 1005 987
f 987 1005 1006
f 987 1006 988
f 988 1006 1007
f 988 1007 879
f 879 1007 1008
f 879 1008 877
f 877 1008 899
f 877 899 892
f 892 899 900
f 892 900 890
f 996 1009 995
f 995 1009 1010
f 995 1010 1011
f 1011 1010 1012
f 1011 1012 1013
f 833 828 809
f 809 828 1014
f 809 1014 810
f 810 1014 1015
f 810 1015 837
f 837 1015 1016
f 837 1016 840
f 840 1016 1017
f 840 1017 997
f 997 1017 1018
f 997 1018 998
f 998 1018 1019
f 998 1019 999
f 999 1019 1020
f 999 1020 1000
f 1000 1020 1021
f 1000 1021 1001
f 1001 1021 1022
f 1001 1022 1002
f 1002 1022 1023
f 1002 1023 1003
f 1003 1023 1024
f 1003 1024 1004
f 1004 1024 1025
f 1004 1025 1005
f 1005 1025 1026
f 1005 1026 1006
f 1006 1026 1027
f 1006 1027 1007
f 1007 1027 1028
f 1007 1028 1008
f 1008 1028 1029
f 1008 1029 899
f 899 1029 1030
f 899 1030 897
f 897 1030 908
f 897 908 902
f 902 908 909
f 902 909 903
f 1012 1031 1013
f 1013 1031 1032
f 1013 1032 1033
f 1033 1032 1034
f 1033 1034 1035
f 822 824 813
f 813 824 1036
f 813 1036 814
f 814 1036 1037
f 814 1037 830
f 830 1037 1038
f 830 1038 828
f 828 1038 1039
f 828 1039 1014
f 1014 1039 1040
f 1014 1040 1015
f 1015 1040 1041
f 1015 1041 1016
f 1016 1041 1042
f 1016 1042 1017
f 1017 1042 1043
f 1017 1043 1018
f 1018 1043 1044
f 1018 1044 1019
f 1019 1044 1045
f 1019 1045 1020
f 1020 1045 1046
f 1020 1046 1021
f 1021 1046 1047
f 1021 1047 1022
f 1022 1047 1048
f 1022 1048 1023
f 1023 1048 1049
f 1023 1049 1024
f 1024 1049 1050
f 1024 1050 1025
f 1025 1050 1051
f 1025 1051 1026
f 1026 1051 1052
f 1026 1052 1027
f 1027 1052 1053
f 1027 1053 1028
f 1028 1053 1054
f 1028 1054 1029
f 1029 1054 1055
f 1029 1055 1030
f 1030 1055 1056
f 1030 1056 908
f 908 1056 1057
f 908 1057 906
f 906 1057 912
f 906 912 804
f 804 912 911
f 804 911 805
f 1034 1058 1035
f 1035 1058 1059
f 1035 1059 1060
f 1060 1059 1061
f 1060 1061 919
f 818 820 816
f 816 820 942
f 816 942 817
f 817 942 945
f 817 945 824
f 824 945 947
f 824 947 1036
f 1036 947 950
f 1036 950 1037
f 1037 950 952
f 1037 952 1038
f 1038 952 954
f 1038 954 1039
f 1039 954 957
f 1039 957 1040
f 1040 957 960
f 1040 960 1041
f 1041 960 961
f 1041 961 1042
f 1042 961 967
f 1042 967 1043
f 1043 967 966
f 1043 966 1044
f 1044 966 970
f 1044 970 1045
f 1045 970 971
f 1045 971 1046
f 1046 971 980
f 1046 980 1047
f 1047 980 979
f 1047 979 1048
f 1048 979 983
f 1048 983 1049
f 1049 983 985
f 1049 985 1050
f 1050 985 991
f 1050 991 1051
f 1051 991 993
f 1051 993 1052
f 1052 993 995
f 1052 995 1053
f 1053 995 1011
f 1053 1011 1054
f 1054 1011 1013
f 1054 1013 1055
f 1055 1013 1033
f 1055 1033 1056
f 1056 1033 1035
f 1056 1035 1057
f 1057 1035 1060
f 1057 1060 912
f 912 1060 919
f 912 919 914
f 914 919 921
f 914 921 916
f 931 1062 932
f 932 1062 1063
f 932 1063 1064
f 1064 1063 922
f 1064 922 1065
f 1065 922 917
f 1065 917 1066
f 1066 917 919
f 1066 919 1067
f 1067 919 1061
f 1068 1069 965
f 1070 1071 1072
f 1073 1074 1075
f 1076 1077 1078
f 1079 1080 941
f 1081 1082 1083
f 1083 1082 1084
f 1083 1084 1085
f 1085 1084 1086
f 1085 1086 940
f 940 1086 1087
f 940 1087 939
f 1088 941 1087
f 1087 941 938
f 1087 938 939
f 1088 1089 941
f 941 1089 1090
f 941 1090 1091
f 1091 1092 941
f 941 1092 1093
f 941 1093 1079
f 1080 1094 941
f 941 1094 1095
f 941 1095 1096
f 1097 1098 1099
f 1099 1098 1100
f 1099 1100 1101
f 1101 1102 1099
f 1099 1102 1103
f 1099 1103 1104
f 1104 1105 1099
f 1099 1105 1106
f 1099 1106 1107
f 1107 1108 1099
f 1099 1108 1109
f 1099 1109 1110
f 1110 1109 1111
f 1111 1109 1112
f 1111 1112 1113
f 1077 1114 1078
f 1078 1114 926
f 1078 926 1115
f 1116 1117 1118
f 1116 1118 1078
f 1078 1118 1119
f 1078 1119 1076
f 1120 1121 1122
f 1120 1122 1116
f 1116 1122 1123
f 1116 1123 1117
f 1074 1124 1075
f 1075 1124 1125
f 1075 1125 1120
f 1120 1125 1126
f 1120 1126 1121
f 1127 1128 1129
f 1127 1129 1075
f 1075 1129 1130
f 1075 1130 1073
f 1131 1132 1133
f 1133 1132 1134
f 1133 1134 1127
f 1127 1134 1135
f 1127 1135 1128
f 1136 1137 1138
f 1138 1137 1139
f 1138 1139 1133
f 1133 1139 1140
f 1133 1140 1131
f 1141 1142 1143
f 1143 1142 1144
f 1143 1144 1138
f 1138 1144 1145
f 1138 1145 1136
f 1141 1143 1146
f 1146 1143 1147
f 1146 1147 1148
f 1149 1150 1151
f 1151 1150 1152
f 1149 1153 1150
f 1150 1153 1154
f 1150 1154 1147
f 1147 1154 1155
f 1147 1155 1148
f 1152 1150 1156
f 1156 1150 1157
f 1156 1157 1158
f 1159 1160 1161
f 1161 1162 1159
f 1159 1162 1163
f 1159 1163 1164
f 1164 1165 1159
f 1159 1165 1166
f 1159 1166 1167
f 1167 1168 1159
f 1159 1168 1169
f 1159 1169 1170
f 1170 1169 1171
f 1171 1169 1172
f 1171 1172 1173
f 1174 1175 671
f 1176 1177 1178
f 1176 1178 1179
f 1160 1159 1180
f 1180 1159 1181
f 1180 1181 1182
f 1182 1181 1183
f 1182 1183 1177
f 1177 1183 1184
f 1177 1184 1178
f 1185 1186 666
f 1187 665 528
f 1188 1189 1190
f 1190 1189 1187
f 1190 1187 527
f 527 1187 528
f 665 1187 666
f 666 1187 1191
f 666 1191 1192
f 1192 1193 666
f 666 1193 1194
f 666 1194 1195
f 1195 1196 666
f 666 1196 1197
f 666 1197 1185
f 671 669 1174
f 1174 669 668
f 1174 668 1198
f 1198 668 666
f 1198 666 1199
f 1199 666 1186
f 1200 1201 1202
f 1202 1201 1203
f 1202 1203 1204
f 1204 1203 1205
f 1204 1205 656
f 1206 1207 1208
f 1206 1208 1209
f 1208 1210 1209
f 1209 1210 1211
f 1209 1211 1202
f 1202 1211 1212
f 1202 1212 1200
f 1213 1214 1215
f 1213 1215 1206
f 1206 1215 1216
f 1206 1216 1207
f 1071 1217 1072
f 1072 1217 1218
f 1072 1218 1213
f 1213 1218 1219
f 1213 1219 1214
f 1220 1221 1222
f 1220 1222 1072
f 1072 1222 1223
f 1072 1223 1070
f 1224 1225 1226
f 1226 1225 1227
f 1227 1228 1226
f 1226 1228 1229
f 1226 1229 1220
f 1220 1229 1230
f 1220 1230 1221
f 1224 1226 1231
f 1231 1226 1232
f 1231 1232 1233
f 1234 1235 1236
f 1236 1235 1237
f 1236 1237 1232
f 1232 1237 1238
f 1232 1238 1233
f 1234 1236 1239
f 1239 1236 1240
f 1239 1240 1241
f 1242 1243 1244
f 1244 1245 1242
f 1242 1245 1246
f 1242 1246 1240
f 1240 1246 1247
f 1240 1247 1241
f 1112 1248 1113
f 1113 1248 1249
f 1113 1249 1250
f 1250 1249 1251
f 1250 1251 1252
f 1253 1254 1255
f 992 1256 994
f 994 1256 1257
f 1253 1255 1258
f 1258 1255 1259
f 1258 1259 1260
f 1261 1262 1263
f 1263 1262 1258
f 1263 1258 1264
f 1264 1258 1260
f 1261 1265 1262
f 1262 1265 1266
f 1262 1266 1267
f 1266 1268 1267
f 1267 1268 1269
f 1267 1269 1270
f 1270 1269 1271
f 1270 1271 1272
f 1273 1274 1275
f 1275 1274 1270
f 1275 1270 1276
f 1276 1270 1272
f 1273 1277 1274
f 1274 1277 1278
f 1274 1278 1242
f 1242 1278 1279
f 1242 1279 1243
f 656 658 1204
f 1204 658 660
f 1204 660 655
f 790 1280 652
f 652 1280 1204
f 652 1204 653
f 653 1204 655
f 790 789 1280
f 1280 789 788
f 1280 788 1281
f 759 1282 786
f 786 1282 1281
f 786 1281 787
f 787 1281 788
f 737 1283 756
f 756 1283 1282
f 756 1282 757
f 757 1282 759
f 720 1284 734
f 734 1284 1283
f 734 1283 735
f 735 1283 737
f 1285 1286 1287
f 1287 1286 1288
f 1287 1288 1289
f 1289 1288 1290
f 711 1291 717
f 717 1291 1284
f 717 1284 718
f 718 1284 720
f 1292 1293 1294
f 1294 1293 1286
f 1294 1286 1295
f 1295 1286 1285
f 1296 1297 1298
f 1298 1297 1293
f 1298 1293 1299
f 1299 1293 1292
f 1296 1300 1297
f 1297 1300 1301
f 1297 1301 1302
f 1302 1301 1303
f 1302 1303 1304
f 1305 1306 1307
f 1307 1306 1302
f 1307 1302 1308
f 1308 1302 1304
f 1305 1309 1306
f 1306 1309 1310
f 1306 1310 1157
f 1157 1310 1311
f 1157 1311 1158
f 926 928 1115
f 1115 928 930
f 1115 930 932
f 932 1064 1115
f 1115 1064 1065
f 1115 1065 1312
f 1061 1313 1067
f 1067 1313 1312
f 1067 1312 1066
f 1066 1312 1065
f 1034 1314 1058
f 1058 1314 1313
f 1058 1313 1059
f 1059 1313 1061
f 1012 1315 1031
f 1031 1315 1314
f 1031 1314 1032
f 1032 1314 1034
f 1012 1010 1315
f 1315 1010 1009
f 1315 1009 1257
f 1257 1009 996
f 1257 996 994
f 1175 1179 671
f 671 1179 1178
f 671 1178 673
f 673 1178 1316
f 673 1316 674
f 674 1316 1317
f 674 1317 675
f 675 1317 1318
f 675 1318 678
f 678 1318 1319
f 678 1319 679
f 679 1319 1320
f 679 1320 681
f 681 1320 1321
f 681 1321 683
f 683 1321 1322
f 683 1322 684
f 684 1322 1323
f 684 1323 686
f 693 1324 694
f 694 1324 1325
f 694 1325 696
f 686 1323 688
f 688 1323 1326
f 688 1326 689
f 689 1326 1327
f 689 1327 691
f 691 1327 1328
f 691 1328 693
f 693 1328 1329
f 693 1329 1324
f 1330 700 1331
f 1331 700 699
f 696 1325 699
f 699 1325 1332
f 699 1332 1331
f 1288 1291 1290
f 1290 1291 711
f 1290 711 1333
f 1333 711 709
f 1333 709 1334
f 1334 709 707
f 1334 707 1335
f 1335 707 705
f 1335 705 1336
f 1336 705 704
f 1336 704 1330
f 1330 704 702
f 1330 702 700
f 1253 1256 1254
f 1254 1256 992
f 1254 992 1337
f 1337 992 990
f 1337 990 1338
f 1338 990 989
f 1338 989 1339
f 1339 989 984
f 1339 984 1340
f 1340 984 982
f 1340 982 1341
f 1341 982 981
f 1341 981 1342
f 1342 981 978
f 1342 978 1343
f 965 1069 968
f 1069 1344 968
f 968 1344 1345
f 968 1345 969
f 969 1345 1346
f 969 1346 972
f 972 1346 1347
f 972 1347 973
f 973 1347 1343
f 973 1343 974
f 974 1343 978
f 965 964 1068
f 1068 964 963
f 1068 963 1348
f 1348 963 962
f 1348 962 1349
f 1349 962 959
f 1349 959 1350
f 1350 959 958
f 1350 958 1351
f 1351 958 956
f 1351 956 1352
f 1352 956 955
f 1352 955 1353
f 1353 955 953
f 1353 953 1354
f 1354 953 1355
f 953 951 1355
f 1355 951 949
f 1355 949 1356
f 1356 949 948
f 1356 948 1357
f 1357 948 946
f 1357 946 1358
f 1358 946 944
f 1358 944 1359
f 1359 944 943
f 1359 943 1099
f 1099 943 941
f 1099 941 1097
f 1097 941 1096
f 1360 601 1361
f 1361 601 600
f 616 1362 614
f 614 1362 1363
f 1363 1364 614
f 614 1364 1365
f 614 1365 716
f 716 1365 1361
f 716 1361 714
f 714 1361 600
f 1366 853 1367
f 1367 853 855
f 1367 855 1368
f 1368 855 976
f 1368 976 1369
f 1369 976 975
f 1369 975 875
f 1370 1371 1372
f 1373 1374 1375
f 1374 1376 1375
f 1375 1376 1377
f 1375 1377 1378
f 1378 1379 1375
f 1375 1379 1380
f 1375 1380 1381
f 1370 1372 1375
f 1375 1372 1382
f 1375 1382 1373
f 1381 1383 1375
f 1375 1383 1384
f 1375 1384 1385
f 1386 1387 1388
f 1389 1390 1386
f 1388 1391 1386
f 1386 1391 1392
f 1386 1392 1393
f 1393 1394 1386
f 1386 1394 1395
f 1386 1395 1389
f 1390 1396 1386
f 1386 1396 1397
f 1386 1397 1398
f 1398 1399 1386
f 1386 1399 1400
f 1386 1400 1401
f 1402 1403 1404
f 1404 1403 1405
f 1406 1407 1408
f 1406 1408 1409
f 1409 1408 1410
f 1409 1410 1411
f 1411 1410 1412
f 1411 1412 1413
f 1413 1412 1414
f 1413 1414 1415
f 1415 1414 1402
f 1415 1402 1404
f 1405 1403 1416
f 1405 1416 1417
f 1417 1416 1418
f 1417 1418 1419
f 1419 1418 1420
f 1419 1420 1421
f 1421 1420 1422
f 1421 1422 1423
f 1423 1422 1424
f 1423 1424 1425
f 1085 940 937
f 1081 1083 1426
f 1426 1083 1427
f 1428 1429 1430
f 1430 1431 1428
f 1428 1431 1432
f 1428 1432 1083
f 1083 1432 1433
f 1083 1433 1427
f 934 1434 936
f 936 1434 1435
f 1083 1085 1428
f 1428 1085 937
f 1428 937 1429
f 1429 937 936
f 1429 936 1436
f 1436 936 1435
f 1437 1438 1439
f 1440 1366 1367
f 1441 1442 1443
f 1444 1445 1446
f 1446 1445 1447
f 1448 1449 1450
f 1156 1158 1451
f 1451 1158 1452
f 1452 1158 1311
f 1452 1311 1453
f 1453 1311 1310
f 1453 1310 1454
f 1455 1456 1457
f 1457 1456 1458
f 1459 1460 1456
f 1456 1460 1461
f 1456 1461 1458
f 1450 1449 1462
f 1462 1449 1463
f 1462 1463 1464
f 1464 1463 1465
f 1465 1463 1466
f 1465 1466 1467
f 1467 1466 1468
f 1468 1466 1469
f 1468 1469 1447
f 1444 1446 1470
f 1470 1446 1471
f 1470 1471 1472
f 1473 1474 1475
f 1475 1474 1476
f 1475 1476 1477
f 1477 1476 1478
f 1477 1478 1472
f 1479 1480 1481
f 1479 1481 1475
f 1475 1481 1482
f 1475 1482 1473
f 1483 1484 1443
f 1443 1484 1485
f 1443 1485 1441
f 796 1486 798
f 798 1486 1487
f 798 1487 1488
f 1489 1490 1491
f 1491 1490 1492
f 1491 1492 1493
f 1493 1494 1491
f 1491 1494 1495
f 1491 1495 1496
f 1497 1498 1483
f 1483 1498 1499
f 1483 1499 1484
f 1496 1500 1491
f 1491 1500 1501
f 1491 1501 1483
f 1483 1501 1502
f 1483 1502 1497
f 1503 1504 791
f 1503 791 1505
f 1506 1507 1503
f 1503 1507 1508
f 1503 1508 1504
f 1509 1510 1511
f 1511 1510 1512
f 1511 1512 1513
f 1512 1514 1513
f 1513 1514 1515
f 1513 1515 1516
f 1516 1517 1513
f 1513 1517 1518
f 1513 1518 1519
f 1520 1521 1511
f 1511 1521 1522
f 1511 1522 1509
f 1523 1524 1525
f 1525 1526 1523
f 1523 1526 1527
f 1523 1527 1520
f 1520 1527 1528
f 1520 1528 1521
f 1529 1530 1531
f 1529 1531 1532
f 1532 1531 1533
f 1532 1533 1534
f 1439 1438 1529
f 1529 1438 1535
f 1529 1535 1530
f 1536 1537 1538
f 1539 1540 1537
f 1537 1540 1541
f 1537 1541 1538
f 1539 1537 1542
f 1542 1537 1543
f 1542 1543 1544
f 1544 1543 1545
f 1544 1545 1546
f 1547 1548 1549
f 1550 1551 1552
f 1552 1551 1553
f 1552 1553 1547
f 1554 1555 1556
f 1556 1555 1557
f 1556 1557 1558
f 1559 1554 1560
f 1560 1554 1556
f 1560 1556 1552
f 1552 1556 1558
f 1552 1558 1550
f 1561 1562 1559
f 1559 1562 1563
f 1559 1563 1554
f 1454 1310 1455
f 1455 1310 1309
f 1455 1309 1456
f 1456 1309 1305
f 1456 1305 1459
f 1305 1307 1459
f 1459 1307 1308
f 1459 1308 1564
f 1564 1308 1304
f 1303 1565 1304
f 1304 1565 1566
f 1304 1566 1564
f 1303 1301 1565
f 1565 1301 1300
f 1565 1300 1567
f 1567 1300 1296
f 1567 1296 1568
f 1296 1298 1568
f 1568 1298 1299
f 1568 1299 1569
f 1569 1299 1292
f 1569 1292 1570
f 1570 1292 1294
f 1570 1294 1295
f 1285 1571 1295
f 1295 1571 1572
f 1295 1572 1570
f 1285 1287 1571
f 1571 1287 1289
f 1571 1289 1573
f 1573 1289 1290
f 1573 1290 1574
f 791 793 1505
f 1505 793 800
f 1505 800 1575
f 1575 800 799
f 1575 799 1576
f 1576 799 798
f 1576 798 1491
f 1491 798 1488
f 1491 1488 1489
f 1290 1333 1574
f 1574 1333 1334
f 1574 1334 1577
f 1577 1334 1335
f 1577 1335 1336
f 1330 1578 1336
f 1336 1578 1579
f 1336 1579 1577
f 1506 1503 1369
f 1369 1503 1580
f 1369 1580 1368
f 1368 1580 1513
f 1368 1513 1367
f 1367 1513 1519
f 1367 1519 1440
f 1330 1331 1578
f 1578 1331 1332
f 1578 1332 1581
f 1581 1332 1325
f 1581 1325 1582
f 1582 1325 1324
f 1582 1324 1329
f 1328 1583 1329
f 1329 1583 1584
f 1329 1584 1582
f 1480 1479 1442
f 1442 1479 1585
f 1442 1585 1443
f 1443 1585 1586
f 1443 1586 1483
f 1483 1586 1587
f 1483 1587 1491
f 1491 1587 1588
f 1491 1588 1576
f 1576 1588 1589
f 1576 1589 1575
f 1575 1589 1590
f 1575 1590 1505
f 1505 1590 1591
f 1505 1591 1503
f 1503 1591 1592
f 1503 1592 1580
f 1580 1592 1593
f 1580 1593 1513
f 1513 1593 1594
f 1513 1594 1511
f 1511 1594 1595
f 1511 1595 1520
f 1520 1595 1596
f 1520 1596 1523
f 1523 1596 1532
f 1523 1532 1524
f 1524 1532 1534
f 1524 1534 1525
f 1328 1327 1583
f 1583 1327 1326
f 1583 1326 1597
f 1597 1326 1323
f 1597 1323 1598
f 1472 1471 1477
f 1477 1471 1599
f 1477 1599 1475
f 1475 1599 1600
f 1475 1600 1479
f 1479 1600 1601
f 1479 1601 1585
f 1585 1601 1602
f 1585 1602 1586
f 1586 1602 1603
f 1586 1603 1587
f 1587 1603 1604
f 1587 1604 1588
f 1588 1604 1605
f 1588 1605 1589
f 1589 1605 1606
f 1589 1606 1590
f 1590 1606 1607
f 1590 1607 1591
f 1591 1607 1608
f 1591 1608 1592
f 1592 1608 1609
f 1592 1609 1593
f 1593 1609 1610
f 1593 1610 1594
f 1594 1610 1611
f 1594 1611 1595
f 1595 1611 1612
f 1595 1612 1596
f 1596 1612 1613
f 1596 1613 1532
f 1532 1613 1614
f 1532 1614 1529
f 1529 1614 1536
f 1529 1536 1439
f 1439 1536 1538
f 1439 1538 1437
f 1323 1322 1598
f 1598 1322 1321
f 1598 1321 1615
f 1615 1321 1320
f 1615 1320 1319
f 1318 1616 1319
f 1319 1616 1617
f 1319 1617 1615
f 1447 1469 1446
f 1446 1469 1618
f 1446 1618 1471
f 1471 1618 1619
f 1471 1619 1599
f 1599 1619 1620
f 1599 1620 1600
f 1600 1620 1621
f 1600 1621 1601
f 1601 1621 1622
f 1601 1622 1602
f 1602 1622 1623
f 1602 1623 1603
f 1603 1623 1624
f 1603 1624 1604
f 1604 1624 1625
f 1604 1625 1605
f 1605 1625 1626
f 1605 1626 1606
f 1606 1626 1627
f 1606 1627 1607
f 1607 1627 1628
f 1607 1628 1608
f 1608 1628 1629
f 1608 1629 1609
f 1609 1629 1630
f 1609 1630 1610
f 1610 1630 1631
f 1610 1631 1611
f 1611 1631 1632
f 1611 1632 1612
f 1612 1632 1633
f 1612 1633 1613
f 1613 1633 1634
f 1613 1634 1614
f 1614 1634 1635
f 1614 1635 1536
f 1536 1635 1636
f 1536 1636 1537
f 1537 1636 1637
f 1537 1637 1543
f 1543 1637 1549
f 1543 1549 1545
f 1545 1549 1548
f 1545 1548 1546
f 1638 1549 1639
f 1639 1549 1637
f 1639 1637 1616
f 1616 1637 1636
f 1616 1636 1617
f 1617 1636 1635
f 1617 1635 1615
f 1615 1635 1634
f 1615 1634 1598
f 1598 1634 1633
f 1598 1633 1597
f 1597 1633 1632
f 1597 1632 1583
f 1583 1632 1631
f 1583 1631 1584
f 1584 1631 1630
f 1584 1630 1582
f 1582 1630 1629
f 1582 1629 1581
f 1581 1629 1628
f 1581 1628 1578
f 1578 1628 1627
f 1578 1627 1579
f 1579 1627 1626
f 1579 1626 1577
f 1577 1626 1625
f 1577 1625 1574
f 1574 1625 1624
f 1574 1624 1573
f 1573 1624 1623
f 1573 1623 1571
f 1571 1623 1622
f 1571 1622 1572
f 1572 1622 1621
f 1572 1621 1570
f 1570 1621 1620
f 1570 1620 1569
f 1569 1620 1619
f 1569 1619 1568
f 1568 1619 1618
f 1568 1618 1567
f 1567 1618 1469
f 1567 1469 1565
f 1565 1469 1466
f 1565 1466 1566
f 1566 1466 1463
f 1566 1463 1564
f 1564 1463 1449
f 1564 1449 1459
f 1459 1449 1448
f 1459 1448 1460
f 1318 1317 1616
f 1616 1317 1316
f 1616 1316 1639
f 1639 1316 1178
f 1639 1178 1638
f 1638 1178 1184
f 1638 1184 1183
f 1547 1549 1552
f 1552 1549 1638
f 1552 1638 1560
f 1560 1638 1183
f 1560 1183 1559
f 1559 1183 1181
f 1559 1181 1159
f 1640 1561 1641
f 1641 1561 1559
f 1641 1559 1642
f 1642 1559 1159
f 1642 1159 1170
f 1643 1644 1645
f 1646 1647 1648
f 1648 1647 1645
f 1648 1645 1649
f 1649 1645 1644
f 1173 1650 1171
f 1171 1650 1651
f 1171 1651 1645
f 1645 1651 1652
f 1645 1652 1643
f 1170 1171 1642
f 1642 1171 1645
f 1642 1645 1641
f 1641 1645 1647
f 1641 1647 1640
f 1653 1654 1655
f 1656 1657 1658
f 1250 1252 1659
f 1657 1660 1658
f 1658 1660 1661
f 1658 1661 1662
f 1663 1664 1658
f 1662 1653 1658
f 1658 1653 1655
f 1658 1655 1663
f 1663 1655 1665
f 1663 1665 1666
f 1659 1656 1250
f 1250 1656 1658
f 1250 1658 1113
f 1113 1658 1664
f 1113 1664 1111
f 1664 1663 1667
f 1668 1669 1670
f 1671 1672 1673
f 1674 1675 1676
f 1676 1675 1677
f 1678 1679 1680
f 1244 1243 1681
f 1682 1683 1684
f 1685 517 519
f 1686 1687 1688
f 1688 1687 1689
f 1688 1689 1690
f 1689 1691 1690
f 1690 1691 1692
f 1690 1692 1693
f 1693 1694 1690
f 1690 1694 1695
f 1690 1695 1696
f 1684 1683 1688
f 1688 1683 1697
f 1688 1697 1686
f 1698 1699 1700
f 1700 1701 1698
f 1698 1701 1702
f 1698 1702 1684
f 1684 1702 1703
f 1684 1703 1682
f 1704 1705 1706
f 1706 1705 1707
f 1706 1707 1708
f 1704 1709 1705
f 1705 1709 1710
f 1705 1710 1711
f 1711 1710 1712
f 1711 1712 1713
f 1714 1715 1716
f 1717 1718 1715
f 1715 1718 1719
f 1715 1719 1716
f 1717 1715 1720
f 1720 1715 1721
f 1720 1721 1722
f 1722 1721 1723
f 1722 1723 1724
f 1725 1726 1727
f 1727 1726 1728
f 1727 1728 1729
f 1729 1728 1730
f 1731 1732 1733
f 1733 1732 1734
f 1733 1734 1727
f 1727 1734 1735
f 1727 1735 1725
f 1667 1736 1737
f 1667 1737 1738
f 1663 1666 1667
f 1667 1666 1739
f 1667 1739 1736
f 1681 1243 1740
f 1740 1243 1279
f 1740 1279 1741
f 1741 1279 1278
f 1741 1278 1742
f 1743 1744 1745
f 1745 1744 1746
f 1745 1746 1747
f 1743 1745 1748
f 1748 1745 1749
f 1748 1749 1678
f 1680 1679 1750
f 1750 1679 1751
f 1750 1751 1752
f 1752 1751 1753
f 1753 1751 1754
f 1753 1754 1755
f 1755 1754 1756
f 1756 1754 1757
f 1756 1757 1677
f 1674 1676 1758
f 1758 1676 1759
f 1758 1759 1671
f 1673 1672 1760
f 1760 1672 1761
f 1760 1761 1762
f 1763 1764 1765
f 1765 1764 1766
f 1765 1766 1761
f 1761 1766 1767
f 1761 1767 1762
f 1768 1769 1770
f 1770 1769 1771
f 1770 1771 1670
f 1670 1771 1772
f 1670 1772 1668
f 1362 1773 1363
f 1363 1773 1774
f 1363 1774 1775
f 1776 1777 1778
f 1778 1777 1779
f 1778 1779 1780
f 1780 1781 1778
f 1778 1781 1782
f 1778 1782 1783
f 1783 1784 1778
f 1778 1784 1785
f 1778 1785 1770
f 1770 1785 1786
f 1770 1786 1768
f 1787 1788 1360
f 1787 1360 1789
f 1790 1791 1787
f 1787 1791 1792
f 1787 1792 1788
f 1742 1278 1747
f 1747 1278 1277
f 1747 1277 1745
f 1745 1277 1273
f 1745 1273 1749
f 1273 1275 1749
f 1749 1275 1276
f 1749 1276 1793
f 1793 1276 1272
f 1793 1272 1794
f 1794 1272 1271
f 1794 1271 1795
f 1271 1269 1795
f 1795 1269 1268
f 1795 1268 1796
f 1268 1266 1796
f 1796 1266 1265
f 1796 1265 1797
f 1797 1265 1261
f 1797 1261 1798
f 1261 1263 1798
f 1798 1263 1264
f 1798 1264 1799
f 1799 1264 1260
f 1799 1260 1800
f 1800 1260 1259
f 1800 1259 1801
f 1259 1255 1801
f 1801 1255 1254
f 1801 1254 1802
f 1802 1254 1337
f 1802 1337 1338
f 1339 1803 1338
f 1338 1803 1804
f 1338 1804 1802
f 1360 1361 1789
f 1789 1361 1365
f 1789 1365 1805
f 1805 1365 1364
f 1805 1364 1806
f 1806 1364 1363
f 1806 1363 1778
f 1778 1363 1775
f 1778 1775 1776
f 1339 1340 1803
f 1803 1340 1341
f 1803 1341 1807
f 1807 1341 1342
f 1807 1342 1808
f 1342 1343 1808
f 1808 1343 1347
f 1808 1347 1809
f 1790 1787 523
f 523 1787 1810
f 523 1810 521
f 521 1810 1690
f 521 1690 519
f 519 1690 1696
f 519 1696 1685
f 1347 1346 1809
f 1809 1346 1345
f 1809 1345 1811
f 1811 1345 1344
f 1811 1344 1812
f 1812 1344 1069
f 1812 1069 1813
f 1763 1765 1669
f 1669 1765 1814
f 1669 1814 1670
f 1670 1814 1815
f 1670 1815 1770
f 1770 1815 1816
f 1770 1816 1778
f 1778 1816 1817
f 1778 1817 1806
f 1806 1817 1818
f 1806 1818 1805
f 1805 1818 1819
f 1805 1819 1789
f 1789 1819 1820
f 1789 1820 1787
f 1787 1820 1821
f 1787 1821 1810
f 1810 1821 1822
f 1810 1822 1690
f 1690 1822 1823
f 1690 1823 1688
f 1688 1823 1824
f 1688 1824 1684
f 1684 1824 1825
f 1684 1825 1698
f 1698 1825 1711
f 1698 1711 1699
f 1699 1711 1713
f 1699 1713 1700
f 1069 1068 1813
f 1813 1068 1348
f 1813 1348 1826
f 1826 1348 1349
f 1826 1349 1350
f 1351 1827 1350
f 1350 1827 1828
f 1350 1828 1826
f 1671 1759 1672
f 1672 1759 1829
f 1672 1829 1761
f 1761 1829 1830
f 1761 1830 1765
f 1765 1830 1831
f 1765 1831 1814
f 1814 1831 1832
f 1814 1832 1815
f 1815 1832 1833
f 1815 1833 1816
f 1816 1833 1834
f 1816 1834 1817
f 1817 1834 1835
f 1817 1835 1818
f 1818 1835 1836
f 1818 1836 1819
f 1819 1836 1837
f 1819 1837 1820
f 1820 1837 1838
f 1820 1838 1821
f 1821 1838 1839
f 1821 1839 1822
f 1822 1839 1840
f 1822 1840 1823
f 1823 1840 1841
f 1823 1841 1824
f 1824 1841 1842
f 1824 1842 1825
f 1825 1842 1843
f 1825 1843 1711
f 1711 1843 1844
f 1711 1844 1705
f 1705 1844 1714
f 1705 1714 1707
f 1707 1714 1716
f 1707 1716 1708
f 1351 1352 1827
f 1827 1352 1353
f 1827 1353 1845
f 1845 1353 1354
f 1845 1354 1846
f 1677 1757 1676
f 1676 1757 1847
f 1676 1847 1759
f 1759 1847 1848
f 1759 1848 1829
f 1829 1848 1849
f 1829 1849 1830
f 1830 1849 1850
f 1830 1850 1831
f 1831 1850 1851
f 1831 1851 1832
f 1832 1851 1852
f 1832 1852 1833
f 1833 1852 1853
f 1833 1853 1834
f 1834 1853 1854
f 1834 1854 1835
f 1835 1854 1855
f 1835 1855 1836
f 1836 1855 1856
f 1836 1856 1837
f 1837 1856 1857
f 1837 1857 1838
f 1838 1857 1858
f 1838 1858 1839
f 1839 1858 1859
f 1839 1859 1840
f 1840 1859 1860
f 1840 1860 1841
f 1841 1860 1861
f 1841 1861 1842
f 1842 1861 1862
f 1842 1862 1843
f 1843 1862 1863
f 1843 1863 1844
f 1844 1863 1864
f 1844 1864 1714
f 1714 1864 1865
f 1714 1865 1715
f 1715 1865 1866
f 1715 1866 1721
f 1721 1866 1729
f 1721 1729 1723
f 1723 1729 1730
f 1723 1730 1724
f 1354 1355 1846
f 1846 1355 1356
f 1846 1356 1867
f 1867 1356 1357
f 1867 1357 1868
f 1678 1749 1679
f 1679 1749 1793
f 1679 1793 1751
f 1751 1793 1794
f 1751 1794 1754
f 1754 1794 1795
f 1754 1795 1757
f 1757 1795 1796
f 1757 1796 1847
f 1847 1796 1797
f 1847 1797 1848
f 1848 1797 1798
f 1848 1798 1849
f 1849 1798 1799
f 1849 1799 1850
f 1850 1799 1800
f 1850 1800 1851
f 1851 1800 1801
f 1851 1801 1852
f 1852 1801 1802
f 1852 1802 1853
f 1853 1802 1804
f 1853 1804 1854
f 1854 1804 1803
f 1854 1803 1855
f 1855 1803 1807
f 1855 1807 1856
f 1856 1807 1808
f 1856 1808 1857
f 1857 1808 1809
f 1857 1809 1858
f 1858 1809 1811
f 1858 1811 1859
f 1859 1811 1812
f 1859 1812 1860
f 1860 1812 1813
f 1860 1813 1861
f 1861 1813 1826
f 1861 1826 1862
f 1862 1826 1828
f 1862 1828 1863
f 1863 1828 1827
f 1863 1827 1864
f 1864 1827 1845
f 1864 1845 1865
f 1865 1845 1846
f 1865 1846 1866
f 1866 1846 1867
f 1866 1867 1729
f 1729 1867 1868
f 1729 1868 1727
f 1727 1868 1738
f 1727 1738 1733
f 1733 1738 1737
f 1733 1737 1731
f 1111 1664 1110
f 1110 1664 1667
f 1110 1667 1099
f 1099 1667 1738
f 1099 1738 1359
f 1359 1738 1868
f 1359 1868 1358
f 1358 1868 1357
f 1188 1190 1869
f 1869 1190 1870
f 1871 1872 1873
f 1873 1874 1871
f 1871 1874 1875
f 1871 1875 1190
f 1190 1875 1876
f 1190 1876 1870
f 663 1877 664
f 664 1877 1878
f 1190 527 1871
f 1871 527 526
f 1871 526 1872
f 1872 526 664
f 1872 664 1879
f 1879 664 1878
f 1880 1869 1870
f 1881 1879 1878
f 1882 1883 1874
f 1884 1885 1886
f 1886 1885 1887
f 1888 1889 1880
f 1890 1891 1892
f 1870 1876 1893
f 1893 1876 1883
f 1883 1876 1875
f 1883 1875 1874
f 1882 1874 1894
f 1894 1874 1873
f 1894 1873 1881
f 1881 1873 1872
f 1881 1872 1879
f 1877 1895 1878
f 1878 1895 1896
f 1878 1896 1881
f 1893 1884 1870
f 1870 1884 1886
f 1870 1886 1880
f 1880 1886 1887
f 1880 1887 1888
f 1188 1869 1897
f 1897 1869 1880
f 1897 1880 1898
f 1898 1880 1889
f 1898 1889 1892
f 1892 1889 1899
f 1892 1899 1890
f 1900 1901 1902
f 1903 1904 1905
f 1905 1904 1906
f 1905 1906 1902
f 1902 1906 1907
f 1902 1907 1900
f 1903 1908 1904
f 1904 1908 1909
f 1904 1909 1910
f 1910 1911 1904
f 1904 1911 1912
f 1904 1912 1913
f 1913 1912 1387
f 1387 1912 1914
f 1387 1914 1915
f 1915 1916 1387
f 1387 1916 1917
f 1387 1917 1918
f 1918 1919 1387
f 1387 1919 1920
f 1387 1920 1388
f 1388 1920 1921
f 1388 1921 1922
f 1922 1923 1388
f 1388 1923 1924
f 1388 1924 1925
f 1925 1926 1388
f 1388 1926 1927
f 1388 1927 1928
f 1928 1927 1929
f 1930 1931 1929
f 1929 1931 1932
f 1929 1932 1928
f 1930 1933 1931
f 1931 1933 1934
f 1931 1934 1935
f 1935 1936 1931
f 1931 1936 1937
f 1931 1937 1938
f 1938 1937 1939
f 1897 1940 1188
f 1188 1940 1941
f 1941 1942 1188
f 1188 1942 1943
f 1188 1943 1189
f 1944 1892 1939
f 1939 1892 1891
f 1939 1891 1938
f 1944 1945 1892
f 1892 1945 1946
f 1892 1946 1898
f 1898 1946 1947
f 1898 1947 1897
f 1897 1947 1948
f 1897 1948 1940
f 1949 1950 1951
f 1951 1950 1952
f 1951 1952 1901
f 1901 1952 1953
f 1901 1953 1954
f 1954 1955 1901
f 1901 1955 1956
f 1901 1956 1902
f 1173 1172 1957
f 1957 1958 1173
f 1173 1958 1959
f 1173 1959 1949
f 1949 1959 1960
f 1949 1960 1950
f 1901 1900 1961
f 1962 1963 1964
f 1951 1901 1962
f 1962 1901 1961
f 1962 1961 1963
f 1951 1962 1949
f 1949 1962 1650
f 1949 1650 1173
f 1651 1650 1965
f 1965 1650 1962
f 1965 1962 1966
f 1966 1962 1964
f 1966 1964 1967
f 1652 1968 1969
f 1970 1646 1648
f 1971 1972 1968
f 1968 1972 1973
f 1968 1973 1969
f 1969 1973 1974
f 1969 1974 1975
f 1970 1648 1976
f 1976 1648 1649
f 1976 1649 1975
f 1975 1649 1644
f 1975 1644 1969
f 1969 1644 1643
f 1969 1643 1652
f 1652 1651 1968
f 1968 1651 1965
f 1968 1965 1971
f 1971 1965 1966
f 1971 1966 1967
f 1977 1426 1427
f 1978 1979 1980
f 1980 1979 1981
f 1982 1983 1977
f 1984 1985 1986
f 1427 1433 1987
f 1987 1433 1988
f 1988 1433 1432
f 1988 1432 1431
f 1429 1989 1430
f 1430 1989 1990
f 1430 1990 1431
f 1431 1990 1991
f 1431 1991 1988
f 1434 1992 1435
f 1435 1992 1989
f 1435 1989 1436
f 1436 1989 1429
f 1987 1978 1427
f 1427 1978 1980
f 1427 1980 1977
f 1977 1980 1981
f 1977 1981 1982
f 1081 1426 1993
f 1993 1426 1977
f 1993 1977 1994
f 1994 1977 1983
f 1994 1983 1986
f 1986 1983 1995
f 1986 1995 1984
f 1996 1997 1998
f 1999 2000 2001
f 2001 2000 2002
f 2001 2002 1998
f 1998 2002 2003
f 1998 2003 1996
f 1999 2004 2000
f 2000 2004 2005
f 2000 2005 2006
f 2006 2007 2000
f 2000 2007 2008
f 2000 2008 2009
f 2009 2008 1370
f 1370 2008 2010
f 1370 2010 2011
f 2011 2012 1370
f 1370 2012 2013
f 1370 2013 2014
f 2014 2015 1370
f 1370 2015 2016
f 1370 2016 1371
f 1371 2016 2017
f 1371 2017 2018
f 2018 2019 1371
f 1371 2019 2020
f 1371 2020 2021
f 2021 2022 1371
f 1371 2022 2023
f 1371 2023 2024
f 2024 2023 2025
f 2026 2027 2025
f 2025 2027 2028
f 2025 2028 2024
f 2026 2029 2027
f 2027 2029 2030
f 2027 2030 2031
f 2031 2032 2027
f 2027 2032 2033
f 2027 2033 2034
f 2034 2033 2035
f 1993 2036 1081
f 1081 2036 2037
f 2037 2038 1081
f 1081 2038 2039
f 1081 2039 1082
f 2040 1986 2035
f 2035 1986 1985
f 2035 1985 2034
f 2040 2041 1986
f 1986 2041 2042
f 1986 2042 1994
f 1994 2042 2043
f 1994 2043 1993
f 1993 2043 2044
f 1993 2044 2036
f 2045 2046 2047
f 2047 2046 2048
f 2047 2048 1997
f 1997 2048 2049
f 1997 2049 2050
f 2050 2051 1997
f 1997 2051 2052
f 1997 2052 1998
f 1252 1251 2053
f 2053 2054 1252
f 1252 2054 2055
f 1252 2055 2045
f 2045 2055 2056
f 2045 2056 2046
f 1997 1996 2057
f 2058 2059 2060
f 2047 1997 2061
f 2061 1997 2057
f 2061 2057 2062
f 2047 2061 2045
f 2045 2061 1659
f 2045 1659 1252
f 1656 1659 2063
f 2063 1659 2061
f 2063 2061 2060
f 2060 2061 2062
f 2060 2062 2058
f 1657 2064 2065
f 2066 1654 1653
f 2067 2068 2064
f 2064 2068 2069
f 2064 2069 2065
f 2065 2069 2070
f 2065 2070 2071
f 2066 1653 2072
f 2072 1653 1662
f 2072 1662 2071
f 2071 1662 1661
f 2071 1661 2065
f 2065 1661 1660
f 2065 1660 1657
f 1657 1656 2064
f 2064 1656 2063
f 2064 2063 2067
f 2067 2063 2060
f 2067 2060 2059
f 2073 2074 2075
f 2075 2074 2076
f 2077 2078 2079
f 2080 2081 2082
f 2082 2081 2083
f 2082 2083 2084
f 2079 2085 2077
f 2077 2085 2086
f 2077 2086 2087
f 2087 2086 2080
f 2087 2080 2088
f 2088 2080 2082
f 2089 2090 2091
f 2091 2090 2092
f 2078 2077 2089
f 2089 2077 2093
f 2089 2093 2090
f 2094 2095 2096
f 2096 2095 2097
f 2096 2097 2098
f 2098 2099 2096
f 2096 2099 2100
f 2096 2100 2101
f 2102 2103 2104
f 2090 2105 2092
f 2092 2105 2106
f 2092 2106 2107
f 2107 2106 2102
f 2107 2102 2108
f 2108 2102 2104
f 2101 2109 2096
f 2096 2109 2103
f 2096 2103 2110
f 2110 2103 2102
f 2094 2096 2111
f 2111 2096 2112
f 2111 2112 2113
f 2113 2114 2111
f 2111 2114 2115
f 2111 2115 2116
f 2116 2117 2111
f 2111 2117 2118
f 2111 2118 2119
f 2119 2120 2111
f 2111 2120 2121
f 2111 2121 2122
f 2123 2124 2125
f 2125 2126 2123
f 2123 2126 2127
f 2123 2127 2128
f 2122 2129 2111
f 2111 2129 2130
f 2111 2130 2131
f 2128 2132 2123
f 2123 2132 2133
f 2123 2133 2134
f 2134 2133 2131
f 2134 2131 2135
f 2135 2131 2130
f 2123 2136 2124
f 2124 2136 2137
f 2124 2137 2138
f 2139 2140 2141
f 2141 2140 2142
f 2141 2142 2143
f 2143 2144 2141
f 2141 2144 2145
f 2141 2145 2146
f 2147 2148 2145
f 2147 2145 2149
f 2138 2150 2124
f 2124 2150 2151
f 2124 2151 2145
f 2145 2151 2152
f 2145 2152 2149
f 2148 2153 2145
f 2145 2153 2154
f 2145 2154 2146
f 2155 2156 2157
f 2157 2156 2158
f 2157 2158 2159
f 2159 2160 2157
f 2157 2160 2161
f 2157 2161 2162
f 2162 2161 2163
f 2162 2163 2141
f 2141 2163 2164
f 2141 2164 2139
f 2165 2166 2167
f 2155 2157 2167
f 2167 2157 2168
f 2167 2168 2165
f 2169 2170 2171
f 2172 853 2173
f 2173 853 1366
f 2173 1366 1440
f 1440 1519 2173
f 2173 1519 1518
f 2173 1518 1517
f 1517 1516 2173
f 2173 1516 1515
f 2173 1515 2174
f 2174 2175 2173
f 2173 2175 2176
f 2173 2176 2172
f 2171 2170 2177
f 2177 2170 2178
f 2177 2178 2179
f 2178 2180 2179
f 2179 2180 2181
f 2179 2181 2182
f 2182 2183 2179
f 2179 2183 2184
f 2179 2184 2185
f 854 853 2186
f 2187 858 2186
f 2186 858 851
f 2186 851 850
f 850 857 2186
f 2186 857 856
f 2186 856 854
f 2172 2188 853
f 853 2188 2179
f 853 2179 2186
f 2186 2179 2185
f 2186 2185 2187
f 2189 2190 2191
f 2166 2192 2167
f 2167 2192 2193
f 2167 2193 2194
f 2194 2193 2189
f 2194 2189 2195
f 2195 2189 2191
f 2190 2196 2191
f 2191 2196 2197
f 2191 2197 2198
f 2198 2199 2191
f 2191 2199 2200
f 2191 2200 2201
f 2201 2200 2202
f 2201 2202 2171
f 2171 2202 2203
f 2171 2203 2169
f 791 2204 792
f 792 2204 2205
f 792 2205 2206
f 1369 875 2207
f 2207 875 2208
f 2207 2208 2209
f 2209 2208 2210
f 2209 2210 2205
f 2205 2210 2211
f 2205 2211 2206
f 2212 518 517
f 2213 2214 2215
f 2215 2216 2213
f 2213 2216 2217
f 2213 2217 2218
f 2218 2217 2219
f 2218 2219 2220
f 2220 2219 2221
f 2222 2223 2224
f 2224 2223 2225
f 2214 2213 2222
f 2222 2213 2226
f 2222 2226 2223
f 2219 2227 2221
f 2221 2227 2228
f 2221 2228 2229
f 2230 2231 2232
f 2230 2232 2233
f 2231 2234 2232
f 2232 2234 2235
f 2232 2235 2236
f 2237 2238 2239
f 2223 2240 2225
f 2225 2240 2241
f 2225 2241 2242
f 2242 2241 2237
f 2242 2237 2243
f 2243 2237 2239
f 2236 2244 2232
f 2232 2244 2238
f 2232 2238 2245
f 2245 2238 2237
f 2233 2232 2246
f 2246 2232 2247
f 2246 2247 2248
f 2248 2249 2246
f 2246 2249 2250
f 2246 2250 2251
f 2251 2252 2246
f 2246 2252 2253
f 2246 2253 2254
f 2255 2256 2257
f 2257 2256 2258
f 2255 2259 2256
f 2256 2259 2260
f 2256 2260 2261
f 2254 2262 2246
f 2246 2262 2263
f 2246 2263 2264
f 2264 2263 2256
f 2264 2256 2265
f 2265 2256 2261
f 2258 2256 2266
f 2266 2256 2267
f 2266 2267 2268
f 2268 2269 2266
f 2266 2269 2270
f 2266 2270 2271
f 2271 2272 2266
f 2266 2272 2273
f 2266 2273 2274
f 2275 2276 2277
f 2277 2276 2278
f 2277 2278 2279
f 2279 2280 2277
f 2277 2280 2281
f 2277 2281 2282
f 2283 2284 2282
f 2283 2282 2285
f 2274 2286 2266
f 2266 2286 2287
f 2266 2287 2282
f 2282 2287 2288
f 2282 2288 2285
f 2284 2289 2282
f 2282 2289 2290
f 2282 2290 2277
f 2291 2292 2293
f 2293 2292 2294
f 2295 2296 2277
f 2277 2296 2297
f 2277 2297 2275
f 2294 2298 2293
f 2293 2298 2296
f 2293 2296 2299
f 2299 2296 2295
f 2300 2301 2302
f 2302 2301 2292
f 2302 2292 2303
f 2303 2292 2291
f 2304 2305 2306
f 2306 2307 2304
f 2304 2307 2308
f 2304 2308 2309
f 2309 2308 2300
f 2309 2300 2310
f 2310 2300 2302
f 2311 2312 2304
f 2304 2312 2313
f 2304 2313 2305
f 2314 2315 2316
f 2316 2315 2311
f 2316 2311 2317
f 2317 2311 2304
f 2314 2318 2315
f 2315 2318 2319
f 2315 2319 2320
f 1696 1695 1685
f 1685 1695 517
f 2321 1695 1694
f 1694 1693 2321
f 2321 1693 1692
f 2321 1692 2322
f 2322 2323 2321
f 2321 2323 2324
f 2321 2324 2325
f 2320 2326 2315
f 2315 2326 2327
f 2315 2327 2328
f 2328 2327 2321
f 2328 2321 2329
f 2329 2321 2325
f 1695 2321 517
f 517 2321 2330
f 517 2330 2331
f 2331 2332 517
f 517 2332 2333
f 517 2333 2334
f 518 2212 580
f 2212 2335 2336
f 2336 583 2212
f 2212 583 578
f 2212 578 577
f 577 582 2212
f 2212 582 581
f 2212 581 580
f 2334 2337 517
f 517 2337 2338
f 517 2338 2212
f 2212 2338 2339
f 2212 2339 2335
f 1360 2340 601
f 601 2340 2341
f 601 2341 2342
f 523 525 2343
f 2343 525 2344
f 2343 2344 2345
f 2345 2344 2346
f 2345 2346 2341
f 2341 2346 2347
f 2341 2347 2342
f 2348 2349 2350
f 2351 2352 2353
f 2354 2355 2356
f 2356 2357 2354
f 2354 2357 2358
f 2354 2358 2359
f 2359 2358 2360
f 2359 2360 2361
f 2362 2363 2360
f 2360 2363 2364
f 2360 2364 2361
f 2362 2365 2363
f 2363 2365 2366
f 2363 2366 2367
f 2367 2366 2368
f 2367 2368 2369
f 2370 2371 2372
f 2372 2371 2373
f 2368 2374 2369
f 2369 2374 2375
f 2369 2375 2372
f 2372 2375 2376
f 2372 2376 2370
f 2377 2378 2379
f 2378 2380 2379
f 2379 2380 2381
f 2379 2381 2382
f 2382 2381 2383
f 2382 2383 2371
f 2371 2383 2384
f 2371 2384 2373
f 2385 2379 2386
f 2385 2387 2379
f 2379 2387 2388
f 2379 2388 2377
f 2386 2389 2385
f 2385 2389 2390
f 2385 2390 2391
f 2391 2390 2392
f 2391 2392 2393
f 2394 2395 2396
f 2396 2395 2397
f 2396 2397 2398
f 2393 2399 2391
f 2391 2399 2395
f 2391 2395 2400
f 2400 2395 2394
f 2398 2397 2401
f 2401 2397 2402
f 2401 2402 2403
f 2402 2404 2403
f 2403 2404 2405
f 2403 2405 2406
f 2406 2407 2403
f 2403 2407 2408
f 2403 2408 2409
f 2410 2411 2412
f 2412 2411 2413
f 2414 2415 2413
f 2413 2415 2416
f 2413 2416 2412
f 2414 2417 2415
f 2415 2417 2418
f 2415 2418 2408
f 2408 2418 2419
f 2408 2419 2409
f 2410 2420 2411
f 2411 2420 2421
f 2411 2421 2422
f 2423 2424 2422
f 2424 2425 2422
f 2422 2425 2426
f 2422 2426 2411
f 2427 2428 2429
f 2422 2430 2423
f 2423 2430 2431
f 2423 2431 2432
f 2432 2431 2427
f 2432 2427 2433
f 2433 2427 2429
f 2428 2434 2429
f 2429 2434 2435
f 2429 2435 2436
f 2436 2435 2437
f 2353 2352 2438
f 2439 2440 2441
f 2441 2440 2442
f 2441 2442 2435
f 2435 2442 2443
f 2435 2443 2437
f 2439 2441 2352
f 2352 2441 2444
f 2352 2444 2438
f 2445 2446 2447
f 2446 2445 2353
f 2353 2445 2448
f 2353 2448 2351
f 2447 2449 2445
f 2445 2449 2450
f 2445 2450 2451
f 2451 2450 2452
f 2451 2452 2453
f 2453 2452 2454
f 2453 2454 2455
f 2455 2454 2456
f 2454 2457 2456
f 2456 2457 2458
f 2456 2458 2459
f 2459 2458 2460
f 2458 2461 2460
f 2460 2461 2462
f 2460 2462 2463
f 2463 2462 2464
f 2462 2465 2464
f 2464 2465 2466
f 2464 2466 2467
f 2467 2466 2468
f 2466 2469 2468
f 2468 2469 2470
f 2468 2470 2471
f 2471 2470 2472
f 2471 2472 2473
f 2473 2472 2474
f 2473 2474 2475
f 2475 2474 2476
f 2477 2478 2474
f 2474 2478 2479
f 2474 2479 2476
f 2480 2481 2482
f 2482 2481 2483
f 2477 2484 2478
f 2478 2484 2481
f 2478 2481 2485
f 2485 2481 2480
f 2348 2350 2486
f 2483 2487 2482
f 2482 2487 2488
f 2482 2488 2350
f 2350 2488 2489
f 2350 2489 2486
f 2490 2491 2349
f 2349 2491 2492
f 2349 2492 2350
f 2349 2493 2490
f 2490 2493 2494
f 2490 2494 2495
f 2495 2494 2496
f 2495 2496 2497
f 2354 2498 2355
f 2355 2498 2499
f 2355 2499 2500
f 2500 2499 2501
f 2500 2501 2502
f 2502 2503 2500
f 2500 2503 2504
f 2500 2504 2505
f 2505 2504 2506
f 2497 2496 2504
f 2504 2496 2507
f 2504 2507 2506
f 2508 2509 2510
f 2510 2509 2511
f 2512 2513 2510
f 2510 2513 2514
f 2510 2514 2508
f 2515 2516 2517
f 2517 2518 2515
f 2515 2518 2519
f 2515 2519 2512
f 2512 2519 2520
f 2512 2520 2513
f 2516 2515 2521
f 2521 2515 2522
f 2521 2522 2523
f 2524 2525 2526
f 2526 2525 2527
f 2524 2528 2525
f 2525 2528 2529
f 2525 2529 2522
f 2522 2529 2530
f 2522 2530 2523
f 2527 2525 2531
f 2531 2525 2532
f 2531 2532 2533
f 2533 2532 2534
f 2534 2532 2535
f 2534 2535 2536
f 2537 2538 2535
f 2535 2538 2539
f 2535 2539 2536
f 2540 2541 2542
f 2542 2541 2543
f 2542 2543 2537
f 2537 2543 2544
f 2537 2544 2538
f 2545 2546 2547
f 2547 2546 2548
f 2547 2548 2542
f 2542 2548 2549
f 2542 2549 2540
f 2545 2547 2550
f 2550 2547 2551
f 2550 2551 2552
f 2552 2551 2553
f 2553 2551 2554
f 2553 2554 2555
f 2556 2557 2554
f 2554 2557 2558
f 2554 2558 2555
f 2559 2556 2560
f 2560 2556 2561
f 2559 2562 2556
f 2556 2562 2563
f 2556 2563 2557
f 2564 2565 2566
f 2566 2565 2567
f 2566 2567 2561
f 2561 2567 2568
f 2561 2568 2560
f 2569 2570 2566
f 2566 2570 2571
f 2571 2572 2566
f 2566 2572 2573
f 2566 2573 2564
f 2574 2575 2569
f 2569 2575 2576
f 2569 2576 2570
f 2577 2574 2578
f 2578 2574 2579
f 2577 2580 2574
f 2574 2580 2581
f 2574 2581 2575
f 2582 2583 2579
f 2579 2583 2584
f 2579 2584 2578
f 2585 2586 2582
f 2582 2586 2587
f 2582 2587 2583
f 2588 2589 2590
f 2590 2589 2591
f 2591 2592 2590
f 2590 2592 2593
f 2590 2593 2582
f 2582 2593 2594
f 2582 2594 2585
f 2595 2596 2597
f 2597 2596 2598
f 2598 2599 2597
f 2597 2599 2600
f 2597 2600 2588
f 2588 2600 2601
f 2588 2601 2589
f 2509 2602 2511
f 2511 2602 2603
f 2511 2603 2595
f 2595 2603 2604
f 2595 2604 2596
f 2605 2606 2607
f 2607 2606 2608
f 2609 2610 2607
f 2607 2610 2611
f 2607 2611 2605
f 2612 2613 2614
f 2614 2615 2612
f 2612 2615 2616
f 2612 2616 2609
f 2609 2616 2617
f 2609 2617 2610
f 2613 2612 2618
f 2618 2612 2619
f 2618 2619 2620
f 2621 2622 2623
f 2623 2622 2624
f 2621 2625 2622
f 2622 2625 2626
f 2622 2626 2619
f 2619 2626 2627
f 2619 2627 2620
f 2624 2622 2628
f 2628 2622 2629
f 2628 2629 2630
f 2630 2629 2631
f 2631 2629 2632
f 2631 2632 2633
f 2634 2635 2636
f 2636 2635 2637
f 2636 2637 2632
f 2632 2637 2638
f 2632 2638 2633
f 2634 2636 2639
f 2639 2636 2640
f 2639 2640 2641
f 2642 2643 2644
f 2644 2643 2645
f 2644 2645 2640
f 2640 2645 2646
f 2640 2646 2641
f 2642 2644 2647
f 2647 2644 2648
f 2647 2648 2649
f 2649 2648 2650
f 2650 2648 2651
f 2650 2651 2652
f 2653 2654 2651
f 2651 2654 2655
f 2651 2655 2652
f 2656 2653 2657
f 2657 2653 2658
f 2656 2659 2653
f 2653 2659 2660
f 2653 2660 2654
f 2661 2662 2663
f 2663 2662 2664
f 2663 2664 2658
f 2658 2664 2665
f 2658 2665 2657
f 2666 2667 2663
f 2663 2667 2668
f 2663 2668 2661
f 2669 2670 2666
f 2666 2670 2671
f 2666 2671 2667
f 2672 2673 2674
f 2674 2673 2675
f 2672 2676 2673
f 2673 2676 2677
f 2673 2677 2666
f 2666 2677 2678
f 2666 2678 2669
f 2679 2680 2675
f 2675 2680 2681
f 2675 2681 2674
f 2682 2679 2683
f 2683 2679 2684
f 2682 2685 2679
f 2679 2685 2686
f 2679 2686 2680
f 2687 2688 2684
f 2684 2688 2689
f 2689 2690 2684
f 2684 2690 2691
f 2684 2691 2683
f 2692 2693 2694
f 2694 2693 2695
f 2695 2696 2694
f 2694 2696 2697
f 2694 2697 2687
f 2687 2697 2698
f 2687 2698 2688
f 2606 2699 2608
f 2608 2699 2700
f 2608 2700 2692
f 2692 2700 2701
f 2692 2701 2693

