t,orientation_mode,track_body,orientation_body,jaw_mode,rpy_mode,rpy_input_method,master_yaw_axis,master_pitch_axis,master_roll_axis,sigma_x,sigma_y,sigma_z,target_x,target_y,target_z,tip_x,tip_y,tip_z,err_m,ori_err_norm,ins_q,ins_ctrl,ins_lag,jaw_deg,jaw_target,jaw_ctrl,freq_khz,rpy_in_yaw_deg,rpy_in_pitch_deg,rpy_in_roll_deg,rpy_tgt_yaw,rpy_tgt_pitch,rpy_tgt_roll,rpy_q_yaw,rpy_q_pitch,rpy_q_roll,rpy_bias_yaw,rpy_bias_pitch,ctrl_yaw,ctrl_pitch,ctrl_insertion,ctrl_roll,ctrl_wrist_pitch,ctrl_wrist_yaw
106621.278670,split,tool_wrist,tool_tip,follow,blend,local-angle,z,y,z,0.027939,-0.026385,-0.075309,-0.246968,-0.002900,0.382760,-0.250027,-0.000014,0.389509,0.007953,0.008074,0.126091,0.120005,0.006091,-0.006218,0.000000,0.000000,3.733119,0.000000,0.000000,0.000000,0.000000,0.000000,0.000000,0.000230,-0.000119,0.000000,0.000000,0.000000,-0.000099,-0.000093,0.120005,0.000020,0.000005,0.000000
106621.358707,split,tool_wrist,tool_tip,follow,blend,local-angle,z,y,z,0.029848,-0.024527,-0.085466,-0.233678,-0.013454,0.351220,-0.244804,-0.002936,0.390615,0.042266,0.035298,0.125147,0.121023,0.004131,-0.004582,0.000000,0.000000,0.000000,0.000000,0.000000,0.000000,0.000000,0.000000,0.000000,-0.047483,-0.026801,0.060027,0.000000,0.000000,-0.052090,-0.051116,0.121023,0.065380,0.009430,0.040886
106621.438730,split,tool_wrist,tool_tip,follow,blend,local-angle,z,y,z,0.029135,-0.022524,-0.083911,-0.234066,-0.012334,0.351824,-0.240073,-0.007973,0.389103,0.038011,0.018807,0.127226,0.122929,0.004310,-0.004582,0.000000,0.000000,0.000000,0.000000,0.000000,0.000000,0.000000,0.000000,0.000000,-0.089288,-0.071484,0.113784,0.000000,0.000000,-0.092361,-0.087533,0.122929,0.117395,-0.004481,0.147854
106621.518956,split,tool_wrist,tool_tip,follow,blend,local-angle,z,y,z,0.029470,-0.022695,-0.076774,-0.233893,-0.012408,0.355064,-0.237214,-0.010205,0.383836,0.029047,0.002660,0.132910,0.128643,0.004298,-0.004582,0.000000,0.000000,0.000000,0.000000,0.000000,0.000000,0.000000,0.000000,0.000000,-0.109637,-0.087098,0.150439,0.000000,0.000000,-0.110560,-0.084863,0.128643,0.151334,0.003852,0.187747
106621.599217,split,tool_wrist,tool_tip,follow,blend,local-angle,z,y,z,0.030048,-0.023921,-0.067764,-0.233575,-0.013069,0.359061,-0.235736,-0.011133,0.377099,0.018270,0.001086,0.139826,0.135559,0.004296,-0.004582,0.000000,0.000000,0.000000,0.000000,0.000000,0.000000,0.000000,0.000000,0.000000,-0.115555,-0.089729,0.158037,0.000000,0.000000,-0.116408,-0.097525,0.135559,0.158158,0.007966,0.158888
106621.679237,split,tool_wrist,tool_tip,follow,blend,local-angle,z,y,z,0.030220,-0.024674,-0.059606,-0.233476,-0.013500,0.362762,-0.234399,-0.012635,0.370293,0.007636,0.000725,0.146852,0.142584,0.004296,-0.004582,0.000000,0.000000,0.000000,0.000000,0.000000,0.000000,0.000000,0.000000,0.000000,-0.119713,-0.096408,0.158572,0.000000,0.000000,-0.120274,-0.097902,0.142584,0.158648,0.018789,0.148348
106621.759507,split,tool_wrist,tool_tip,follow,blend,local-angle,z,y,z,0.030098,-0.024696,-0.051430,-0.233541,-0.013516,0.366452,-0.233383,-0.013430,0.366278,0.000250,0.001270,0.151018,0.146673,0.004344,-0.004582,0.000000,0.000000,0.000000,0.000000,0.000000,0.000000,0.000000,0.000000,0.000000,-0.123642,-0.099334,0.147660,0.000000,0.000000,-0.124255,-0.101676,0.146673,0.146849,0.024442,0.144000
106621.839835,split,tool_wrist,tool_tip,follow,blend,local-angle,z,y,z,0.029595,-0.024449,-0.042867,-0.233816,-0.013380,0.370318,-0.232597,-0.013572,0.368404,0.002277,0.002817,0.149034,0.144619,0.004407,-0.004582,0.000000,0.000000,0.000000,0.000000,0.000000,0.000000,0.000000,0.000000,0.000000,-0.131495,-0.101882,0.130448,0.000000,0.000000,-0.127378,-0.106492,0.144619,0.129349,0.029754,0.146277
106621.919869,split,tool_wrist,tool_tip,follow,blend,local-angle,z,y,z,0.028564,-0.024604,-0.033524,-0.234376,-0.013459,0.374505,-0.233323,-0.013814,0.371871,0.002858,0.002676,0.145546,0.141087,0.004445,-0.004582,0.000000,0.000000,0.000000,0.000000,0.000000,0.000000,0.000000,0.000000,0.000000,-0.129442,-0.106498,0.117988,0.000000,0.000000,-0.131790,-0.110912,0.141087,0.118361,0.049016,0.156296
106621.999892,split,tool_wrist,tool_tip,follow,blend,local-angle,z,y,z,0.026904,-0.024959,-0.024046,-0.235275,-0.013650,0.378732,-0.235289,-0.014039,0.375730,0.003027,0.002824,0.141523,0.137157,0.004347,-0.004582,0.000000,0.000000,0.000000,0.000000,0.000000,0.000000,0.000000,0.000000,0.000000,-0.117845,-0.111717,0.122727,0.000000,0.000000,-0.126823,-0.113723,0.137157,0.123021,0.092647,0.171795
106622.080147,split,tool_wrist,tool_tip,follow,blend,local-angle,z,y,z,0.024848,-0.026187,-0.015772,-0.236418,-0.014322,0.382517,-0.236496,-0.014541,0.379641,0.002885,0.004849,0.137584,0.133073,0.004494,-0.004582,0.000000,0.000000,0.000000,0.000000,0.000000,0.000000,0.000000,0.000000,0.000000,-0.111743,-0.119485,0.138216,0.000000,0.000000,-0.108487,-0.123188,0.133073,0.142863,0.119178,0.215838
106622.160374,split,tool_wrist,tool_tip,follow,blend,local-angle,z,y,z,0.023219,-0.029204,-0.011514,-0.237322,-0.015980,0.384463,-0.236910,-0.016020,0.382414,0.002091,0.016293,0.134992,0.130608,0.004379,-0.004582,0.000000,0.000000,0.000000,0.000000,0.000000,0.000000,0.000000,0.000000,0.000000,-0.110875,-0.134583,0.234361,0.000000,0.000000,-0.111618,-0.142844,0.130608,0.242959,0.092128,0.292090
106622.240491,split,tool_wrist,tool_tip,follow,blend,local-angle,z,y,z,0.021915,-0.033409,-0.009791,-0.238017,-0.018212,0.385224,-0.237653,-0.018026,0.383310,0.001958,0.058619,0.134318,0.129951,0.004365,-0.004582,0.000000,0.000000,0.000000,0.000000,0.000000,0.000000,0.000000,0.000000,0.000000,-0.105427,-0.152422,0.365602,0.000000,0.000000,-0.105391,-0.159255,0.129951,0.375207,0.042840,0.348335
106622.320924,split,tool_wrist,tool_tip,follow,blend,local-angle,z,y,z,0.020618,-0.038121,-0.008553,-0.238742,-0.020857,0.385791,-0.238306,-0.020151,0.383918,0.002048,0.064550,0.133997,0.129640,0.004356,-0.004582,0.000000,0.000000,0.000000,0.000000,0.000000,0.000000,0.000000,0.000000,0.000000,-0.100413,-0.171024,0.508086,0.000000,0.000000,-0.100125,-0.181541,0.129640,0.517617,-0.003155,0.399997
106622.401184,split,tool_wrist,tool_tip,follow,blend,local-angle,z,y,z,0.018088,-0.042134,-0.006871,-0.240135,-0.023085,0.386551,-0.239619,-0.022991,0.384705,0.001918,0.048872,0.133622,0.129280,0.004341,-0.003927,0.000000,0.000000,0.000000,0.000000,0.000000,0.000000,0.000000,0.000000,0.000000,-0.089810,-0.196051,0.635011,0.000000,0.000000,-0.089054,-0.205558,0.129280,0.642633,0.024348,0.478250
106622.481250,split,tool_wrist,tool_tip,follow,blend,local-angle,z,y,z,0.015698,-0.046563,-0.004833,-0.241459,-0.025530,0.387472,-0.241121,-0.025393,0.385607,0.001901,0.035790,0.133113,0.128785,0.004326,0.007200,0.007068,0.005419,0.000000,0.000000,0.000000,0.000000,0.000000,0.000000,0.000000,-0.077477,-0.217793,0.732231,0.000000,0.000000,-0.076927,-0.228521,0.128785,0.738709,0.114998,0.566148
106622.561425,split,tool_wrist,tool_tip,follow,blend,local-angle,z,y,z,0.013592,-0.051118,-0.002594,-0.242610,-0.028026,0.388472,-0.242371,-0.028206,0.386868,0.001632,0.020969,0.132445,0.128136,0.004306,0.007527,0.007389,0.005419,0.000000,0.000000,0.000000,0.000000,0.000000,0.000000,0.000000,-0.067350,-0.243801,0.842001,0.000000,0.000000,-0.066780,-0.254042,0.128136,0.851197,0.152647,0.656244
106622.641541,split,tool_wrist,tool_tip,follow,blend,local-angle,z,y,z,0.011076,-0.055473,0.000275,-0.243960,-0.030366,0.389735,-0.243904,-0.030279,0.389070,0.000674,0.005881,0.130750,0.126462,0.004283,0.007855,0.007711,0.005832,0.000000,0.000000,0.000000,0.000000,0.000000,0.000000,0.000000,-0.054912,-0.266073,0.882781,0.000000,0.000000,-0.053915,-0.273363,0.126462,0.874953,0.172163,0.709516
106622.721650,split,tool_wrist,tool_tip,follow,blend,local-angle,z,y,z,0.009579,-0.058660,0.003098,-0.244810,-0.032141,0.390998,-0.244732,-0.032116,0.390288,0.000714,0.006837,0.130037,0.125765,0.004267,0.009491,0.009317,0.007344,0.000000,0.000000,0.000000,0.000000,0.000000,0.000000,0.000000,-0.047991,-0.284460,0.761140,0.000000,0.000000,-0.047427,-0.295452,0.125765,0.753077,0.270015,0.705184
106622.801860,split,tool_wrist,tool_tip,follow,blend,local-angle,z,y,z,0.009284,-0.059194,0.005758,-0.244987,-0.032496,0.392227,-0.244969,-0.032975,0.391747,0.000678,0.002587,0.128876,0.124621,0.004249,0.038291,0.037590,0.035943,0.000000,0.000000,0.000000,0.000000,0.000000,0.000000,0.000000,-0.046454,-0.295377,0.747266,0.000000,0.000000,-0.041604,-0.290918,0.124621,0.750149,0.280854,0.694124
106622.882009,split,tool_wrist,tool_tip,follow,blend,local-angle,z,y,z,0.008079,-0.056814,0.010710,-0.245644,-0.031194,0.394442,-0.245364,-0.031573,0.392998,0.001519,0.004146,0.127259,0.122993,0.004254,0.037309,0.036626,0.036355,0.000000,0.000000,0.000000,0.000000,0.000000,0.000000,0.000000,-0.043310,-0.286661,0.741123,0.000000,0.000000,-0.034708,-0.271710,0.122993,0.735908,0.282274,0.684454
106622.962114,split,tool_wrist,tool_tip,follow,blend,local-angle,z,y,z,0.006714,-0.053825,0.018573,-0.246399,-0.029563,0.397948,-0.245676,-0.029873,0.395772,0.002314,0.002625,0.124111,0.119859,0.004240,0.034037,0.033413,0.035161,0.000000,0.000000,0.000000,0.000000,0.000000,0.000000,0.000000,-0.041481,-0.278891,0.712962,0.000000,0.000000,-0.034380,-0.277908,0.119859,0.712395,0.288249,0.674936
106623.042151,split,tool_wrist,tool_tip,follow,blend,local-angle,z,y,z,0.005969,-0.049980,0.028573,-0.246803,-0.027474,0.402390,-0.246255,-0.028206,0.399550,0.002983,0.002545,0.120002,0.115620,0.004362,0.018000,0.017670,0.019648,0.000000,0.000000,0.000000,0.000000,0.000000,0.000000,0.000000,-0.037280,-0.273559,0.707787,0.000000,0.000000,-0.039515,-0.283110,0.115620,0.706707,0.269190,0.674309
106623.122244,split,tool_wrist,tool_tip,follow,blend,local-angle,z,y,z,0.005608,-0.045708,0.038764,-0.247007,-0.025149,0.406957,-0.246943,-0.026291,0.404110,0.003068,0.000402,0.115076,0.110788,0.004266,0.018000,0.017670,0.019648,0.000000,0.000000,0.000000,0.000000,0.000000,0.000000,0.000000,-0.031881,-0.267470,0.691619,0.000000,0.000000,-0.039407,-0.266526,0.110788,0.690919,0.240618,0.660608
106623.202421,split,tool_wrist,tool_tip,follow,blend,local-angle,z,y,z,0.005252,-0.041208,0.047198,-0.247205,-0.022630,0.410842,-0.247484,-0.023636,0.408135,0.002902,0.004003,0.110491,0.106166,0.004311,0.018000,0.017670,0.019648,0.000000,0.000000,0.000000,0.000000,0.000000,0.000000,0.000000,-0.027395,-0.251733,0.674361,0.000000,0.000000,-0.034009,-0.235692,0.106166,0.671604,0.234819,0.645922
106623.282552,split,tool_wrist,tool_tip,follow,blend,local-angle,z,y,z,0.004529,-0.037139,0.053575,-0.247598,-0.020380,0.413732,-0.247971,-0.020869,0.411435,0.002378,0.002673,0.106613,0.102234,0.004365,0.018000,0.017670,0.019648,0.000000,0.000000,0.000000,0.000000,0.000000,0.000000,0.000000,-0.022927,-0.231346,0.614007,0.000000,0.000000,-0.023548,-0.214819,0.102234,0.611912,0.260181,0.618805
106623.362657,split,tool_wrist,tool_tip,follow,blend,local-angle,z,y,z,0.002879,-0.033929,0.058245,-0.248506,-0.018603,0.415849,-0.247818,-0.018823,0.413958,0.002024,0.002921,0.103704,0.099370,0.004326,0.018000,0.017670,0.019648,0.000000,0.000000,0.000000,0.000000,0.000000,0.000000,0.000000,-0.025377,-0.215295,0.609845,0.000000,0.000000,-0.019318,-0.206957,0.099370,0.608953,0.249257,0.602230
106623.442765,split,tool_wrist,tool_tip,follow,blend,local-angle,z,y,z,-0.000088,-0.030848,0.062478,-0.250133,-0.016910,0.417752,-0.249774,-0.017139,0.416109,0.001697,0.001200,0.101224,0.096831,0.004382,0.017346,0.017028,0.018837,0.000000,0.000000,0.000000,0.000000,0.000000,0.000000,0.000000,-0.002714,-0.201513,0.591393,0.000000,0.000000,-0.006470,-0.206689,0.096831,0.590092,0.238040,0.580661
106623.522769,split,tool_wrist,tool_tip,follow,blend,local-angle,z,y,z,-0.004140,-0.026671,0.067646,-0.252345,-0.014630,0.420062,-0.252619,-0.015295,0.418325,0.001880,0.002181,0.098736,0.094399,0.004326,0.014073,0.013815,0.015653,0.000000,0.000000,0.000000,0.000000,0.000000,0.000000,0.000000,0.032038,-0.185020,0.575492,0.000000,0.000000,0.025533,-0.177261,0.094399,0.573616,0.229319,0.570104
106623.602805,split,tool_wrist,tool_tip,follow,blend,local-angle,z,y,z,-0.009663,-0.022284,0.072397,-0.255388,-0.012200,0.422219,-0.255678,-0.012703,0.420575,0.001743,0.001694,0.096234,0.091770,0.004453,0.012764,0.012530,0.014521,0.000000,0.000000,0.000000,0.000000,0.000000,0.000000,0.000000,0.071352,-0.158192,0.571788,0.000000,0.000000,0.074217,-0.138987,0.091770,0.573496,0.216482,0.579820
106623.683005,split,tool_wrist,tool_tip,follow,blend,local-angle,z,y,z,-0.016797,-0.020196,0.073895,-0.259304,-0.011042,0.422904,-0.259316,-0.010876,0.422269,0.000656,0.003924,0.094639,0.090258,0.004377,0.013746,0.013494,0.014521,0.000000,0.000000,0.000000,0.000000,0.000000,0.000000,0.000000,0.119261,-0.138038,0.604435,0.000000,0.000000,0.126409,-0.122506,0.090258,0.608750,0.234579,0.641895
106623.763237,split,tool_wrist,tool_tip,follow,blend,local-angle,z,y,z,-0.023908,-0.020887,0.071898,-0.263226,-0.011414,0.422013,-0.262869,-0.011007,0.422734,0.000902,0.004325,0.094700,0.090405,0.004298,0.014400,0.014136,0.014521,0.000000,0.000000,0.000000,0.000000,0.000000,0.000000,0.000000,0.165020,-0.139604,0.665671,0.000000,0.000000,0.168814,-0.142643,0.090405,0.668214,0.270299,0.744750
106623.843326,split,tool_wrist,tool_tip,follow,blend,local-angle,z,y,z,-0.030623,-0.023186,0.067351,-0.266917,-0.012675,0.419974,-0.266193,-0.012385,0.421565,0.001772,0.002518,0.096641,0.092416,0.004234,0.046146,0.045301,0.043636,0.000000,0.000000,0.000000,0.000000,0.000000,0.000000,0.000000,0.203566,-0.153412,0.633205,0.000000,0.000000,0.208646,-0.172640,0.092416,0.630303,0.318303,0.766200
106623.923397,split,tool_wrist,tool_tip,follow,blend,local-angle,z,y,z,-0.037070,-0.025500,0.061692,-0.270399,-0.013913,0.417489,-0.269425,-0.013820,0.419566,0.002297,0.001618,0.099492,0.095302,0.004200,0.046146,0.045301,0.043636,0.000000,0.000000,0.000000,0.000000,0.000000,0.000000,0.000000,0.236943,-0.165478,0.621280,0.000000,0.000000,0.235704,-0.165263,0.095302,0.623466,0.340845,0.737012
106624.003443,split,tool_wrist,tool_tip,follow,blend,local-angle,z,y,z,-0.040339,-0.027787,0.057429,-0.272279,-0.015209,0.415501,-0.271894,-0.014933,0.417355,0.001914,0.005182,0.102390,0.098204,0.004199,0.046473,0.045622,0.043636,0.000000,0.000000,0.000000,0.000000,0.000000,0.000000,0.000000,0.258946,-0.172912,0.668606,0.000000,0.000000,0.251474,-0.163134,0.098204,0.674053,0.318721,0.740736
106624.083672,split,tool_wrist,tool_tip,follow,blend,local-angle,z,y,z,-0.040464,-0.029965,0.054392,-0.272361,-0.016399,0.414138,-0.271821,-0.015366,0.416883,0.002982,0.026830,0.102897,0.098744,0.004157,0.046473,0.045622,0.043636,0.000000,0.000000,0.000000,0.000000,0.000000,0.000000,0.000000,0.256722,-0.176938,0.715178,0.000000,0.000000,0.255204,-0.191460,0.098744,0.720783,0.257299,0.746807
106624.163738,split,tool_wrist,tool_tip,follow,blend,local-angle,z,y,z,-0.038988,-0.031655,0.052325,-0.271561,-0.017319,0.413221,-0.271074,-0.016682,0.415637,0.002546,0.020550,0.104141,0.099970,0.004176,0.046473,0.045622,0.043636,0.000000,0.000000,0.000000,0.000000,0.000000,0.000000,0.000000,0.244773,-0.189529,0.741325,0.000000,0.000000,0.243484,-0.187805,0.099970,0.737424,0.121400,0.703768
106624.243819,split,tool_wrist,tool_tip,follow,blend,local-angle,z,y,z,-0.037494,-0.033340,0.050440,-0.270723,-0.018263,0.412353,-0.270343,-0.017938,0.414183,0.001897,0.011102,0.105601,0.101434,0.004174,0.046473,0.045622,0.043636,0.000000,0.000000,0.000000,0.000000,0.000000,0.000000,0.000000,0.232734,-0.200650,0.662736,0.000000,0.000000,0.231571,-0.200020,0.101434,0.655636,0.007708,0.642258
106624.323949,split,tool_wrist,tool_tip,follow,blend,local-angle,z,y,z,-0.036040,-0.035251,0.048022,-0.269935,-0.019295,0.411286,-0.269792,-0.018989,0.412115,0.000896,0.004925,0.107665,0.103480,0.004192,0.046473,0.045622,0.043636,0.000000,0.000000,0.000000,0.000000,0.000000,0.000000,0.000000,0.221492,-0.207734,0.599727,0.000000,0.000000,0.220921,-0.205254,0.103480,0.600365,-0.098194,0.631533
106624.404023,split,tool_wrist,tool_tip,follow,blend,local-angle,z,y,z,-0.034433,-0.037474,0.045087,-0.269060,-0.020509,0.409975,-0.269126,-0.020341,0.410725,0.000771,0.003471,0.109139,0.104980,0.004165,0.046473,0.045622,0.043636,0.000000,0.000000,0.000000,0.000000,0.000000,0.000000,0.000000,0.211027,-0.219201,0.580204,0.000000,0.000000,0.206527,-0.234137,0.104980,0.573625,-0.197394,0.650396
106624.484294,split,tool_wrist,tool_tip,follow,blend,local-angle,z,y,z,-0.032342,-0.040082,0.041268,-0.267889,-0.021970,0.408228,-0.267934,-0.021950,0.409459,0.001232,0.003216,0.110474,0.106327,0.004156,0.046473,0.045622,0.043636,0.000000,0.000000,0.000000,0.000000,0.000000,0.000000,0.000000,0.195532,-0.233466,0.490271,0.000000,0.000000,0.197265,-0.242357,0.106327,0.485542,-0.214495,0.712935
106624.564429,split,tool_wrist,tool_tip,follow,blend,local-angle,z,y,z,-0.030314,-0.043278,0.036206,-0.266774,-0.023728,0.405951,-0.266190,-0.023613,0.407544,0.001701,0.005182,0.112387,0.108202,0.004195,-0.003600,0.000000,0.001814,0.000000,0.000000,0.000000,0.000000,0.000000,0.000000,0.000000,0.173341,-0.246452,0.469738,0.000000,0.000000,0.173426,-0.247050,0.108202,0.468506,-0.303021,0.759083
106624.644460,split,tool_wrist,tool_tip,follow,blend,local-angle,z,y,z,-0.028437,-0.045426,0.032014,-0.265750,-0.024902,0.404077,-0.265720,-0.024601,0.405533,0.001487,0.005764,0.114475,0.110311,0.004173,-0.003600,0.000000,0.001814,0.000000,0.000000,0.000000,0.000000,0.000000,0.000000,0.000000,0.164884,-0.251446,0.420866,0.000000,0.000000,0.156937,-0.244188,0.110311,0.414924,-0.308969,0.780310
106624.724466,split,tool_wrist,tool_tip,follow,blend,local-angle,z,y,z,-0.027006,-0.046691,0.029193,-0.264957,-0.025606,0.402798,-0.265441,-0.025102,0.403653,0.001105,0.004278,0.116354,0.112179,0.004179,-0.003600,0.000000,0.001814,0.000000,0.000000,0.000000,0.000000,0.000000,0.000000,0.000000,0.158899,-0.251783,0.341218,0.000000,0.000000,0.151443,-0.249784,0.112179,0.339956,-0.313405,0.768552
106624.804497,split,tool_wrist,tool_tip,follow,blend,local-angle,z,y,z,-0.026326,-0.046607,0.028227,-0.264589,-0.025578,0.402361,-0.264790,-0.025291,0.402649,0.000453,0.000676,0.117264,0.113059,0.004208,-0.003600,0.000000,0.001814,0.000000,0.000000,0.000000,0.000000,0.000000,0.000000,0.000000,0.150755,-0.251407,0.327871,0.000000,0.000000,0.157366,-0.260304,0.113059,0.326102,-0.327530,0.759808
106624.884499,split,tool_wrist,tool_tip,follow,blend,local-angle,z,y,z,-0.025719,-0.045899,0.027922,-0.264249,-0.025181,0.402218,-0.264103,-0.025461,0.402345,0.000340,0.002577,0.117501,0.113255,0.004245,-0.003600,0.000000,0.001814,0.000000,0.000000,0.000000,0.000000,0.000000,0.000000,0.000000,0.143414,-0.252530,0.314096,0.000000,0.000000,0.152622,-0.255255,0.113255,0.312098,-0.310555,0.755180
106624.964536,split,tool_wrist,tool_tip,follow,blend,local-angle,z,y,z,-0.024746,-0.044849,0.027126,-0.263723,-0.024615,0.401868,-0.263268,-0.024949,0.402065,0.000598,0.003513,0.117530,0.113327,0.004204,-0.003600,0.000000,0.001814,0.000000,0.000000,0.000000,0.000000,0.000000,0.000000,0.000000,0.134639,-0.247271,0.285572,0.000000,0.000000,0.132615,-0.237884,0.113327,0.283501,-0.261430,0.727782
106625.044577,split,tool_wrist,tool_tip,follow,blend,local-angle,z,y,z,-0.023318,-0.043257,0.025943,-0.262927,-0.023728,0.401328,-0.263182,-0.023826,0.401637,0.000413,0.012947,0.117662,0.113433,0.004229,-0.003600,0.000000,0.001814,0.000000,0.000000,0.000000,0.000000,0.000000,0.000000,0.000000,0.133206,-0.235616,0.230292,0.000000,0.000000,0.128327,-0.220831,0.113433,0.224749,-0.223523,0.651710
106625.124681,split,tool_wrist,tool_tip,follow,blend,local-angle,z,y,z,-0.021383,-0.040834,0.024428,-0.261902,-0.022433,0.400664,-0.262030,-0.022717,0.401176,0.000599,0.038498,0.117713,0.113450,0.004263,-0.003600,0.000000,0.001814,0.000000,0.000000,0.000000,0.000000,0.000000,0.000000,0.000000,0.121120,-0.224338,0.135514,0.000000,0.000000,0.119994,-0.217263,0.113450,0.129851,-0.166174,0.543115
106625.205030,split,tool_wrist,tool_tip,follow,blend,local-angle,z,y,z,-0.019027,-0.038528,0.022748,-0.260573,-0.021130,0.399895,-0.260899,-0.021304,0.400716,0.000901,0.083693,0.117727,0.113450,0.004277,-0.003600,0.000000,0.001814,0.000000,0.000000,0.000000,0.000000,0.000000,0.000000,0.000000,0.109327,-0.210136,0.049702,0.000000,0.000000,0.108207,-0.204579,0.113450,0.043831,-0.114933,0.418947
106625.285272,split,tool_wrist,tool_tip,follow,blend,local-angle,z,y,z,-0.016706,-0.037565,0.020829,-0.259295,-0.020590,0.399030,-0.259773,-0.020415,0.400398,0.001459,0.114646,0.117742,0.113450,0.004292,0.004582,0.004498,0.002693,0.000000,0.000000,0.000000,0.000000,0.000000,0.000000,0.000000,0.097794,-0.201220,-0.033320,0.000000,0.000000,0.096619,-0.198021,0.113450,-0.038948,-0.091183,0.285131
106625.365305,split,tool_wrist,tool_tip,follow,blend,local-angle,z,y,z,-0.014889,-0.038464,0.019299,-0.258311,-0.021068,0.398365,-0.258654,-0.020266,0.400251,0.002078,0.093292,0.117754,0.113476,0.004279,0.028473,0.027951,0.026235,0.000000,0.000000,0.000000,0.000000,0.000000,0.000000,0.000000,0.086526,-0.199700,-0.110771,0.000000,0.000000,0.085355,-0.200706,0.113476,-0.115908,-0.087667,0.147757
106625.445556,split,tool_wrist,tool_tip,follow,blend,local-angle,z,y,z,-0.013109,-0.039685,0.016997,-0.257315,-0.021751,0.397310,-0.257288,-0.021171,0.399784,0.002541,0.024918,0.118287,0.114022,0.004270,0.028473,0.027951,0.026235,0.000000,0.000000,0.000000,0.000000,0.000000,0.000000,0.000000,0.072583,-0.207654,-0.186612,0.000000,0.000000,0.071233,-0.212314,0.114022,-0.192622,-0.083431,0.009318
106625.525652,split,tool_wrist,tool_tip,follow,blend,local-angle,z,y,z,-0.012116,-0.040746,0.014739,-0.256769,-0.022329,0.396302,-0.256711,-0.022164,0.397252,0.000966,0.004757,0.120925,0.116654,0.004280,0.028473,0.027951,0.026235,0.000000,0.000000,0.000000,0.000000,0.000000,0.000000,0.000000,0.065205,-0.212015,-0.179845,0.000000,0.000000,0.063792,-0.215037,0.116654,-0.175036,-0.050652,0.052908
106625.605822,split,tool_wrist,tool_tip,follow,blend,local-angle,z,y,z,-0.011726,-0.041747,0.013349,-0.256547,-0.022880,0.395665,-0.256052,-0.022812,0.396018,0.000612,0.004242,0.122227,0.117951,0.004279,0.028473,0.027951,0.026235,0.000000,0.000000,0.000000,0.000000,0.000000,0.000000,0.000000,0.058124,-0.215605,-0.153416,0.000000,0.000000,0.057688,-0.213138,0.117951,-0.154891,-0.038291,0.139012
106625.685998,split,tool_wrist,tool_tip,follow,blend,local-angle,z,y,z,-0.011595,-0.042637,0.012662,-0.256477,-0.023378,0.395352,-0.256928,-0.023277,0.395653,0.000552,0.002627,0.122736,0.118459,0.004279,0.028473,0.027951,0.026235,0.000000,0.000000,0.000000,0.000000,0.000000,0.000000,0.000000,0.066282,-0.219005,-0.156084,0.000000,0.000000,0.056149,-0.215304,0.118459,-0.152870,-0.029386,0.184870
106625.766100,split,tool_wrist,tool_tip,follow,blend,local-angle,z,y,z,-0.010865,-0.043365,0.011757,-0.256079,-0.023779,0.394947,-0.256560,-0.023607,0.395228,0.000584,0.003495,0.123199,0.118933,0.004268,0.028473,0.027951,0.026235,0.000000,0.000000,0.000000,0.000000,0.000000,0.000000,0.000000,0.062519,-0.221190,-0.130056,0.000000,0.000000,0.067039,-0.217773,0.118933,-0.126368,-0.029671,0.190799
106625.846346,split,tool_wrist,tool_tip,follow,blend,local-angle,z,y,z,-0.009108,-0.044437,0.009690,-0.255117,-0.024363,0.394024,-0.254712,-0.024051,0.394469,0.000678,0.001182,0.123940,0.119649,0.004294,0.028473,0.027951,0.026235,0.000000,0.000000,0.000000,0.000000,0.000000,0.000000,0.000000,0.044603,-0.223851,-0.068138,0.000000,0.000000,0.054051,-0.227953,0.119649,-0.068382,-0.035294,0.192345
106625.926492,split,tool_wrist,tool_tip,follow,blend,local-angle,z,y,z,-0.007846,-0.045607,0.006214,-0.254415,-0.025011,0.392456,-0.253771,-0.024747,0.393391,0.001166,0.005192,0.125108,0.120875,0.004239,-0.003273,0.000000,0.001737,0.000000,0.000000,0.000000,0.000000,0.000000,0.000000,0.000000,0.035347,-0.227946,-0.060547,0.000000,0.000000,0.034360,-0.236778,0.120875,-0.058458,0.006040,0.187731
106626.006735,split,tool_wrist,tool_tip,follow,blend,local-angle,z,y,z,-0.007164,-0.046744,0.002740,-0.254045,-0.025632,0.390907,-0.254610,-0.025571,0.391999,0.001231,0.005528,0.126683,0.122414,0.004274,-0.003600,0.000000,0.001737,0.000000,0.000000,0.000000,0.000000,0.000000,0.000000,0.000000,0.042648,-0.232276,-0.009092,0.000000,0.000000,0.034538,-0.238394,0.122414,-0.005927,0.070297,0.190120
106626.086770,split,tool_wrist,tool_tip,follow,blend,local-angle,z,y,z,-0.006238,-0.047701,-0.000253,-0.253531,-0.026164,0.389543,-0.254083,-0.026208,0.390534,0.001135,0.002505,0.128233,0.123997,0.004243,0.000655,0.000643,0.001737,0.000000,0.000000,0.000000,0.000000,0.000000,0.000000,0.000000,0.037273,-0.234833,0.019472,0.000000,0.000000,0.039924,-0.229082,0.123997,0.019679,0.109905,0.180639
106626.166927,split,tool_wrist,tool_tip,follow,blend,local-angle,z,y,z,-0.005224,-0.048601,-0.003539,-0.252975,-0.026658,0.388070,-0.252844,-0.026348,0.388933,0.000926,0.001638,0.129785,0.125509,0.004284,0.318765,0.312928,0.305489,0.000000,0.000000,0.000000,0.000000,0.000000,0.000000,0.000000,0.025585,-0.232843,0.015278,0.000000,0.000000,0.035287,-0.223634,0.125509,0.013386,0.114962,0.174313
106626.247147,split,tool_wrist,tool_tip,follow,blend,local-angle,z,y,z,-0.004277,-0.048739,-0.006335,-0.252468,-0.026734,0.386845,-0.251793,-0.026221,0.387483,0.001061,0.001998,0.131146,0.126862,0.004288,0.883314,0.867138,0.854696,0.000000,0.000000,0.000000,0.000000,0.000000,0.000000,0.000000,0.015923,-0.228918,-0.007211,0.000000,0.000000,0.023381,-0.233591,0.126862,-0.008453,0.101410,0.158029
106626.327348,split,tool_wrist,tool_tip,follow,blend,local-angle,z,y,z,-0.003450,-0.048774,-0.008693,-0.252008,-0.026760,0.385767,-0.251399,-0.026727,0.386432,0.000903,0.001951,0.132278,0.128030,0.004253,1.175897,1.154363,1.145992,0.000000,0.000000,0.000000,0.000000,0.000000,0.000000,0.000000,0.012307,-0.231109,-0.014388,0.000000,0.000000,0.009502,-0.242009,0.128030,-0.014108,0.099580,0.145782
106626.407576,split,tool_wrist,tool_tip,follow,blend,local-angle,z,y,z,-0.002788,-0.048309,-0.010088,-0.251635,-0.026506,0.385116,-0.252071,-0.026872,0.385639,0.000773,0.001673,0.133094,0.128825,0.004271,1.466844,1.439982,1.432557,0.000000,0.000000,0.000000,0.000000,0.000000,0.000000,0.000000,0.018097,-0.230741,-0.024661,0.000000,0.000000,0.008527,-0.228622,0.128825,-0.024991,0.102547,0.148165
106626.487898,split,tool_wrist,tool_tip,follow,blend,local-angle,z,y,z,-0.002341,-0.047673,-0.010722,-0.251387,-0.026155,0.384828,-0.252124,-0.026188,0.385051,0.000771,0.002216,0.133513,0.129246,0.004269,1.609863,1.570700,1.568791,0.000000,0.000000,0.000000,0.000000,0.000000,0.000000,0.000000,0.018462,-0.223954,-0.022215,0.000000,0.000000,0.012773,-0.206060,0.129246,-0.022407,0.102486,0.152360
106626.568159,split,tool_wrist,tool_tip,follow,blend,local-angle,z,y,z,-0.002171,-0.047379,-0.010933,-0.251292,-0.025991,0.384731,-0.251716,-0.025453,0.384735,0.000685,0.001731,0.133654,0.129364,0.004290,1.609863,1.570700,1.568791,0.000000,0.000000,0.000000,0.000000,0.000000,0.000000,0.000000,0.014872,-0.217307,-0.027328,0.000000,0.000000,0.020100,-0.213498,0.129364,-0.028201,0.105413,0.154851
106626.648229,split,tool_wrist,tool_tip,follow,blend,local-angle,z,y,z,-0.002159,-0.047391,-0.010982,-0.251285,-0.025996,0.384710,-0.251016,-0.025625,0.384748,0.000459,0.001102,0.133671,0.129374,0.004298,1.609863,1.570700,1.568791,0.000000,0.000000,0.000000,0.000000,0.000000,0.000000,0.000000,0.008802,-0.218766,-0.028675,0.000000,0.000000,0.017141,-0.232977,0.129374,-0.028523,0.106299,0.154408
106626.728448,split,tool_wrist,tool_tip,follow,blend,local-angle,z,y,z,-0.002011,-0.047536,-0.011591,-0.251205,-0.026074,0.384440,-0.250452,-0.026323,0.384723,0.000842,0.003487,0.133845,0.129560,0.004286,1.398444,1.372835,1.378759,0.000000,0.000000,0.000000,0.000000,0.000000,0.000000,0.000000,0.003911,-0.224488,-0.024638,0.000000,0.000000,0.007499,-0.238072,0.129560,-0.024349,0.122944,0.153499
106626.808472,split,tool_wrist,tool_tip,follow,blend,local-angle,z,y,z,-0.001666,-0.047870,-0.013035,-0.251018,-0.026256,0.383798,-0.250992,-0.026776,0.384384,0.000784,0.001718,0.134280,0.130013,0.004269,0.925532,0.908583,0.917341,0.000000,0.000000,0.000000,0.000000,0.000000,0.000000,0.000000,0.008571,-0.227563,-0.026105,0.000000,0.000000,0.000892,-0.224936,0.130013,-0.026359,0.136583,0.154160
106626.888725,split,tool_wrist,tool_tip,follow,blend,local-angle,z,y,z,-0.001139,-0.048373,-0.015333,-0.250726,-0.026534,0.382758,-0.251086,-0.026504,0.383466,0.000795,0.001144,0.135115,0.130843,0.004277,0.487312,0.478388,0.481943,0.000000,0.000000,0.000000,0.000000,0.000000,0.000000,0.000000,0.009303,-0.223613,-0.028875,0.000000,0.000000,0.000296,-0.205207,0.130843,-0.029601,0.153799,0.156676
106626.968970,split,tool_wrist,tool_tip,follow,blend,local-angle,z,y,z,-0.000554,-0.048954,-0.018208,-0.250405,-0.026853,0.381471,-0.251246,-0.026114,0.382163,0.001316,0.002791,0.136302,0.132013,0.004293,0.180328,0.177026,0.178968,0.000000,0.000000,0.000000,0.000000,0.000000,0.000000,0.000000,0.010564,-0.218064,-0.033914,0.000000,0.000000,0.005476,-0.211374,0.132013,-0.034009,0.158764,0.160787
106627.049211,split,tool_wrist,tool_tip,follow,blend,local-angle,z,y,z,-0.000047,-0.049476,-0.021047,-0.250126,-0.027139,0.380198,-0.250665,-0.026432,0.380995,0.001194,0.001374,0.137507,0.133265,0.004247,0.177055,0.173813,0.175613,0.000000,0.000000,0.000000,0.000000,0.000000,0.000000,0.000000,0.005579,-0.218550,-0.039843,0.000000,0.000000,0.006784,-0.233101,0.133265,-0.040704,0.161698,0.162988
106627.129412,split,tool_wrist,tool_tip,follow,blend,local-angle,z,y,z,0.000010,-0.049942,-0.023868,-0.250087,-0.027393,0.378945,-0.250128,-0.027474,0.379871,0.000931,0.002251,0.138830,0.134552,0.004285,0.146619,0.143934,0.146768,0.000000,0.000000,0.000000,0.000000,0.000000,0.000000,0.000000,0.001053,-0.224829,-0.042263,0.000000,0.000000,0.009637,-0.240435,0.134552,-0.042108,0.170975,0.163661
106627.209449,split,tool_wrist,tool_tip,follow,blend,local-angle,z,y,z,-0.001212,-0.050362,-0.026816,-0.250754,-0.027628,0.377595,-0.249873,-0.028066,0.378686,0.001469,0.002563,0.140118,0.135829,0.004292,0.122401,0.120159,0.121914,0.000000,0.000000,0.000000,0.000000,0.000000,0.000000,0.000000,-0.001059,-0.227339,-0.043510,0.000000,0.000000,0.005552,-0.225802,0.135829,-0.043590,0.179287,0.156846
106627.289692,split,tool_wrist,tool_tip,follow,blend,local-angle,z,y,z,-0.003905,-0.051007,-0.030577,-0.252209,-0.027974,0.375928,-0.251744,-0.028139,0.377277,0.001436,0.000565,0.141520,0.137289,0.004239,0.120764,0.118553,0.120364,0.000000,0.000000,0.000000,0.000000,0.000000,0.000000,0.000000,0.014201,-0.225366,-0.046526,0.000000,0.000000,0.010860,-0.208038,0.137289,-0.046663,0.181513,0.151476
106627.369941,split,tool_wrist,tool_tip,follow,blend,local-angle,z,y,z,-0.007650,-0.052585,-0.034853,-0.254277,-0.028840,0.373991,-0.254464,-0.028138,0.375332,0.001525,0.001989,0.143482,0.139188,0.004305,0.119782,0.117589,0.119244,0.000000,0.000000,0.000000,0.000000,0.000000,0.000000,0.000000,0.035784,-0.221837,-0.046628,0.000000,0.000000,0.027166,-0.209913,0.139188,-0.046663,0.183601,0.139172
106627.450103,split,tool_wrist,tool_tip,follow,blend,local-angle,z,y,z,-0.012437,-0.054613,-0.040029,-0.256922,-0.029963,0.371651,-0.257483,-0.028826,0.373402,0.002162,0.002749,0.145653,0.141410,0.004251,0.119128,0.116946,0.118831,0.000000,0.000000,0.000000,0.000000,0.000000,0.000000,0.000000,0.059026,-0.223500,-0.045354,0.000000,0.000000,0.057500,-0.227601,0.141410,-0.045275,0.209700,0.124020
106627.530203,split,tool_wrist,tool_tip,follow,blend,local-angle,z,y,z,-0.017717,-0.055733,-0.046379,-0.259790,-0.030580,0.368839,-0.259395,-0.029730,0.371133,0.002478,0.001683,0.148185,0.143990,0.004212,0.109310,0.107308,0.109299,0.000000,0.000000,0.000000,0.000000,0.000000,0.000000,0.000000,0.072768,-0.226151,-0.054792,0.000000,0.000000,0.081388,-0.238392,0.143990,-0.055385,0.239248,0.102467
106627.610469,split,tool_wrist,tool_tip,follow,blend,local-angle,z,y,z,-0.021665,-0.055850,-0.053728,-0.261983,-0.030648,0.365542,-0.261027,-0.030475,0.368083,0.002720,0.002952,0.151440,0.147134,0.004316,0.090328,0.088674,0.090641,0.000000,0.000000,0.000000,0.000000,0.000000,0.000000,0.000000,0.083382,-0.226264,-0.061072,0.000000,0.000000,0.090571,-0.236003,0.147134,-0.061315,0.261962,0.082280
106627.690767,split,tool_wrist,tool_tip,follow,blend,local-angle,z,y,z,-0.022997,-0.055953,-0.061314,-0.262745,-0.030705,0.362078,-0.261729,-0.030737,0.364979,0.003073,0.002436,0.154572,0.150381,0.004200,0.063164,0.062007,0.063834,0.000000,0.000000,0.000000,0.000000,0.000000,0.000000,0.000000,0.086642,-0.223014,-0.065223,0.000000,0.000000,0.087793,-0.213913,0.150381,-0.065431,0.284239,0.073893
106627.771077,split,tool_wrist,tool_tip,follow,blend,local-angle,z,y,z,-0.022536,-0.055861,-0.068563,-0.262499,-0.030654,0.358848,-0.262103,-0.030156,0.361547,0.002774,0.001833,0.157815,0.153604,0.004229,-0.005891,0.000000,0.001887,0.000000,0.000000,0.000000,0.000000,0.000000,0.000000,0.000000,0.087183,-0.213658,-0.065159,0.000000,0.000000,0.079984,-0.196255,0.153604,-0.064777,0.285107,0.086540
106627.851191,split,tool_wrist,tool_tip,follow,blend,local-angle,z,y,z,-0.021515,-0.056070,-0.073965,-0.261942,-0.030765,0.356413,-0.262472,-0.029724,0.358544,0.002430,0.001269,0.160682,0.156371,0.004319,-0.005891,0.000000,0.001887,0.000000,0.000000,0.000000,0.000000,0.000000,0.000000,0.000000,0.087932,-0.206328,-0.060854,0.000000,0.000000,0.079869,-0.200386,0.156371,-0.060538,0.291602,0.119714
106627.931303,split,tool_wrist,tool_tip,follow,blend,local-angle,z,y,z,-0.020778,-0.056518,-0.077349,-0.261533,-0.031010,0.354866,-0.262300,-0.030187,0.356499,0.001982,0.001233,0.162757,0.158525,0.004237,-0.005891,0.000000,0.001887,0.000000,0.000000,0.000000,0.000000,0.000000,0.000000,0.000000,0.085491,-0.206594,-0.055581,0.000000,0.000000,0.082705,-0.220473,0.158525,-0.055271,0.300135,0.145893
106628.011460,split,tool_wrist,tool_tip,follow,blend,local-angle,z,y,z,-0.020076,-0.057198,-0.079392,-0.261143,-0.031388,0.353930,-0.261001,-0.031449,0.355101,0.001181,0.002695,0.164280,0.159994,0.004293,-0.005891,0.000000,0.001887,0.000000,0.000000,0.000000,0.000000,0.000000,0.000000,0.000000,0.075768,-0.213124,-0.052000,0.000000,0.000000,0.084843,-0.227405,0.159994,-0.051321,0.316863,0.159025
106628.091602,split,tool_wrist,tool_tip,follow,blend,local-angle,z,y,z,-0.018693,-0.057554,-0.081436,-0.260388,-0.031586,0.353016,-0.259329,-0.032119,0.354062,0.001581,0.004117,0.165322,0.161042,0.004282,-0.005891,0.000000,0.001887,0.000000,0.000000,0.000000,0.000000,0.000000,0.000000,0.000000,0.063828,-0.216199,-0.047356,0.000000,0.000000,0.068348,-0.212393,0.161042,-0.046724,0.343198,0.167700
106628.171837,split,tool_wrist,tool_tip,follow,blend,local-angle,z,y,z,-0.016796,-0.057351,-0.083900,-0.259351,-0.031477,0.351914,-0.259121,-0.031608,0.352969,0.001088,0.001558,0.166267,0.162009,0.004263,-0.005891,0.000000,0.001887,0.000000,0.000000,0.000000,0.000000,0.000000,0.000000,0.000000,0.061947,-0.211351,-0.040430,0.000000,0.000000,0.054452,-0.193747,0.162009,-0.040146,0.361970,0.189128
106628.251845,split,tool_wrist,tool_tip,follow,blend,local-angle,z,y,z,-0.014721,-0.056934,-0.086615,-0.258200,-0.031247,0.350681,-0.259108,-0.030765,0.351720,0.001462,0.001948,0.167311,0.163038,0.004277,-0.005891,0.000000,0.001887,0.000000,0.000000,0.000000,0.000000,0.000000,0.000000,0.000000,0.061337,-0.204193,-0.040614,0.000000,0.000000,0.057688,-0.187375,0.163038,-0.041353,0.370947,0.211117
106628.331958,split,tool_wrist,tool_tip,follow,blend,local-angle,z,y,z,-0.012937,-0.056199,-0.088667,-0.257243,-0.030871,0.349763,-0.256884,-0.029973,0.350381,0.001148,0.001255,0.168347,0.164035,0.004315,-0.005891,0.000000,0.001887,0.000000,0.000000,0.000000,0.000000,0.000000,0.000000,0.000000,0.045966,-0.197497,-0.048700,0.000000,0.000000,0.054486,-0.194370,0.164035,-0.049460,0.380753,0.214492
106628.412170,split,tool_wrist,tool_tip,follow,blend,local-angle,z,y,z,-0.011448,-0.055751,-0.088613,-0.256397,-0.030593,0.349773,-0.255554,-0.030018,0.349831,0.001021,0.002493,0.168841,0.164535,0.004307,-0.005891,0.000000,0.001887,0.000000,0.000000,0.000000,0.000000,0.000000,0.000000,0.000000,0.036960,-0.197158,-0.052780,0.000000,0.000000,0.038173,-0.214080,0.164535,-0.052522,0.381747,0.216201
106628.492252,split,tool_wrist,tool_tip,follow,blend,local-angle,z,y,z,-0.009866,-0.056188,-0.087871,-0.255526,-0.030834,0.350107,-0.255208,-0.031292,0.350050,0.000560,0.002034,0.168869,0.164542,0.004326,-0.005891,0.000000,0.001887,0.000000,0.000000,0.000000,0.000000,0.000000,0.000000,0.000000,0.034710,-0.205602,-0.051664,0.000000,0.000000,0.026549,-0.219224,0.164542,-0.051876,0.388364,0.222552
106628.572547,split,tool_wrist,tool_tip,follow,blend,local-angle,z,y,z,-0.009266,-0.056281,-0.087638,-0.255201,-0.030884,0.350210,-0.256296,-0.031690,0.350279,0.001361,0.002783,0.168768,0.164434,0.004333,-0.005891,0.000000,0.001887,0.000000,0.000000,0.000000,0.000000,0.000000,0.000000,0.000000,0.042015,-0.208392,-0.045982,0.000000,0.000000,0.035828,-0.205652,0.164434,-0.045769,0.392742,0.230536
106628.652595,split,tool_wrist,tool_tip,follow,blend,local-angle,z,y,z,-0.008875,-0.056608,-0.086665,-0.254982,-0.031060,0.350637,-0.255239,-0.031509,0.350328,0.000602,0.001171,0.168642,0.164281,0.004359,-0.005564,0.000000,0.001887,0.000000,0.000000,0.000000,0.000000,0.000000,0.000000,0.000000,0.034976,-0.207363,-0.044598,0.000000,0.000000,0.041691,-0.192209,0.164281,-0.044248,0.388148,0.234063
106628.732634,split,tool_wrist,tool_tip,follow,blend,local-angle,z,y,z,-0.007949,-0.058181,-0.080679,-0.254480,-0.031915,0.353287,-0.253693,-0.031811,0.351390,0.002056,0.004178,0.167621,0.163287,0.004329,-0.005564,0.000000,0.001887,0.000000,0.000000,0.000000,0.000000,0.000000,0.000000,0.000000,0.024835,-0.210803,-0.048308,0.000000,0.000000,0.031612,-0.202616,0.163287,-0.048525,0.353889,0.234737
106628.812681,split,tool_wrist,tool_tip,follow,blend,local-angle,z,y,z,-0.005952,-0.060353,-0.067785,-0.253380,-0.033116,0.359092,-0.253369,-0.033331,0.354639,0.004458,0.002657,0.164772,0.160405,0.004352,-0.005564,0.000000,0.001887,0.000000,0.000000,0.000000,0.000000,0.000000,0.000000,0.000000,0.023160,-0.225333,-0.049526,0.000000,0.000000,0.017411,-0.230177,0.160405,-0.048873,0.328792,0.240321
106628.892860,split,tool_wrist,tool_tip,follow,blend,local-angle,z,y,z,-0.003846,-0.061645,-0.050970,-0.252218,-0.033834,0.366668,-0.252692,-0.034846,0.359937,0.006823,0.001220,0.159957,0.155597,0.004340,-0.005564,0.000000,0.001887,0.000000,0.000000,0.000000,0.000000,0.000000,0.000000,0.000000,0.019207,-0.243790,-0.046047,0.000000,0.000000,0.018872,-0.252127,0.155597,-0.046199,0.323637,0.244692
106628.972972,split,tool_wrist,tool_tip,follow,blend,local-angle,z,y,z,-0.002731,-0.061283,-0.034279,-0.251604,-0.033643,0.374149,-0.251704,-0.035370,0.366136,0.008198,0.001615,0.154068,0.149713,0.004331,-0.005564,0.000000,0.001887,0.000000,0.000000,0.000000,0.000000,0.000000,0.000000,0.000000,0.012714,-0.258290,-0.056167,0.000000,0.000000,0.011642,-0.261478,0.149713,-0.057627,0.327007,0.231041
106629.053105,split,tool_wrist,tool_tip,follow,blend,local-angle,z,y,z,-0.002331,-0.059572,-0.020665,-0.251379,-0.032701,0.380328,-0.251445,-0.034697,0.372572,0.008008,0.001193,0.147675,0.143322,0.004325,-0.005564,0.000000,0.001887,0.000000,0.000000,0.000000,0.000000,0.000000,0.000000,0.000000,0.011327,-0.265820,-0.075704,0.000000,0.000000,0.010991,-0.262228,0.143322,-0.076526,0.332700,0.220093
106629.133242,split,tool_wrist,tool_tip,follow,blend,local-angle,z,y,z,-0.002752,-0.057008,-0.008008,-0.251609,-0.031293,0.386019,-0.251703,-0.033087,0.379474,0.006787,0.002763,0.140597,0.136243,0.004325,-0.005564,0.000000,0.001887,0.000000,0.000000,0.000000,0.000000,0.000000,0.000000,0.000000,0.014120,-0.267885,-0.086058,0.000000,0.000000,0.014289,-0.262808,0.136243,-0.087016,0.328782,0.179221
106629.213356,split,tool_wrist,tool_tip,follow,blend,local-angle,z,y,z,-0.003538,-0.053935,0.003567,-0.252039,-0.029608,0.391222,-0.252135,-0.030863,0.386543,0.004844,0.001507,0.133199,0.128833,0.004334,-0.005564,0.000000,0.001887,0.000000,0.000000,0.000000,0.000000,0.000000,0.000000,0.000000,0.018798,-0.265545,-0.109045,0.000000,0.000000,0.019073,-0.258929,0.128833,-0.110247,0.322083,0.132177
106629.293531,split,tool_wrist,tool_tip,follow,blend,local-angle,z,y,z,-0.004712,-0.050825,0.012841,-0.252679,-0.027906,0.395381,-0.252834,-0.028418,0.393036,0.002405,0.000997,0.126311,0.121978,0.004312,-0.005564,0.000000,0.001887,0.000000,0.000000,0.000000,0.000000,0.000000,0.000000,0.000000,0.026473,-0.259581,-0.125039,0.000000,0.000000,0.026133,-0.260052,0.121978,-0.125980,0.306436,0.118637
106629.373645,split,tool_wrist,tool_tip,follow,blend,local-angle,z,y,z,-0.006388,-0.047934,0.020115,-0.253596,-0.026315,0.398663,-0.254224,-0.026948,0.396989,0.001897,0.002630,0.122162,0.117866,0.004286,-0.005564,0.000000,0.001887,0.000000,0.000000,0.000000,0.000000,0.000000,0.000000,0.000000,0.040970,-0.255655,-0.127188,0.000000,0.000000,0.034030,-0.256629,0.117866,-0.127255,0.296231,0.109814
106629.453922,split,tool_wrist,tool_tip,follow,blend,local-angle,z,y,z,-0.008105,-0.045566,0.025371,-0.254551,-0.024998,0.401057,-0.255293,-0.025551,0.399655,0.001680,0.003205,0.119282,0.114955,0.004319,-0.005564,0.000000,0.001887,0.000000,0.000000,0.000000,0.000000,0.000000,0.000000,0.000000,0.052680,-0.248997,-0.128885,0.000000,0.000000,0.049567,-0.238644,0.114955,-0.129741,0.290061,0.095285
106629.534098,split,tool_wrist,tool_tip,follow,blend,local-angle,z,y,z,-0.009233,-0.043641,0.029331,-0.255167,-0.023961,0.402805,-0.255001,-0.024181,0.401606,0.001230,0.001367,0.117045,0.112734,0.004301,-0.005564,0.000000,0.001887,0.000000,0.000000,0.000000,0.000000,0.000000,0.000000,0.000000,0.050772,-0.240670,-0.134236,0.000000,0.000000,0.060795,-0.230153,0.112734,-0.134672,0.282398,0.080408
106629.614260,split,tool_wrist,tool_tip,follow,blend,local-angle,z,y,z,-0.009232,-0.043183,0.030116,-0.255177,-0.023684,0.403205,-0.254506,-0.023562,0.402741,0.000825,0.002401,0.115774,0.111449,0.004323,-0.005564,0.000000,0.001887,0.000000,0.000000,0.000000,0.000000,0.000000,0.000000,0.000000,0.046286,-0.237425,-0.149378,0.000000,0.000000,0.047987,-0.237128,0.111449,-0.149775,0.279310,0.072308
106629.694512,split,tool_wrist,tool_tip,follow,blend,local-angle,z,y,z,-0.008177,-0.042104,0.028919,-0.254599,-0.023094,0.402667,-0.254681,-0.023057,0.402791,0.000153,0.002572,0.115616,0.111323,0.004294,-0.005564,0.000000,0.001887,0.000000,0.000000,0.000000,0.000000,0.000000,0.000000,0.000000,0.048099,-0.232620,-0.147617,0.000000,0.000000,0.037784,-0.232480,0.111323,-0.147406,0.305018,0.062758
106629.774652,split,tool_wrist,tool_tip,follow,blend,local-angle,z,y,z,-0.004756,-0.037727,0.026016,-0.252738,-0.020711,0.401372,-0.253404,-0.020942,0.401833,0.000842,0.004915,0.116034,0.111738,0.004298,-0.005564,0.000000,0.001887,0.000000,0.000000,0.000000,0.000000,0.000000,0.000000,0.000000,0.034650,-0.210046,-0.144723,0.000000,0.000000,0.035521,-0.198365,0.111738,-0.145636,0.359514,0.037635
106629.854662,split,tool_wrist,tool_tip,follow,blend,local-angle,z,y,z,0.002014,-0.030096,0.021362,-0.249017,-0.016514,0.399278,-0.248802,-0.017034,0.400169,0.001054,0.003734,0.116881,0.112553,0.004331,-0.005564,0.000000,0.001887,0.000000,0.000000,0.000000,0.000000,0.000000,0.000000,0.000000,-0.012017,-0.168979,-0.171642,0.000000,0.000000,-0.010767,-0.143841,0.112553,-0.174015,0.398508,-0.009406
106629.934932,split,tool_wrist,tool_tip,follow,blend,local-angle,z,y,z,0.012097,-0.019700,0.016097,-0.243562,-0.010883,0.396934,-0.243836,-0.011193,0.398076,0.001215,0.001712,0.118321,0.114034,0.004294,-0.005891,0.000000,0.001887,0.000000,0.000000,0.000000,0.000000,0.000000,0.000000,0.000000,-0.060416,-0.109178,-0.218258,0.000000,0.000000,-0.068912,-0.081382,0.114034,-0.220405,0.414442,-0.043569
106630.014964,split,tool_wrist,tool_tip,follow,blend,local-angle,z,y,z,0.023778,-0.009314,0.013137,-0.237058,-0.005086,0.395565,-0.237834,-0.005277,0.396492,0.001224,0.004202,0.119954,0.115610,0.004348,-0.005891,0.000000,0.001887,0.000000,0.000000,0.000000,0.000000,0.000000,0.000000,0.000000,-0.117016,-0.050582,-0.250522,0.000000,0.000000,-0.124128,-0.015727,0.115610,-0.252404,0.393038,-0.025210
106630.095265,split,tool_wrist,tool_tip,follow,blend,local-angle,z,y,z,0.035464,-0.000968,0.013555,-0.230624,-0.000484,0.395748,-0.231058,-0.000197,0.396197,0.000688,0.003255,0.121117,0.116815,0.004307,-0.005891,0.000000,0.001887,0.000000,0.000000,0.000000,0.000000,0.000000,0.000000,0.000000,-0.180507,-0.001860,-0.269978,0.000000,0.000000,-0.179329,0.002784,0.116815,-0.272255,0.358031,0.044751
106630.175403,split,tool_wrist,tool_tip,follow,blend,local-angle,z,y,z,0.043753,0.002397,0.012098,-0.226123,0.001380,0.395135,-0.225773,0.001150,0.396191,0.001136,0.003754,0.122204,0.117940,0.004270,-0.005891,0.000000,0.001887,0.000000,0.000000,0.000000,0.000000,0.000000,0.000000,0.000000,-0.229293,0.010791,-0.290698,0.000000,0.000000,-0.225665,0.004226,0.117940,-0.290068,0.355939,0.083013
106630.255634,split,tool_wrist,tool_tip,follow,blend,local-angle,z,y,z,0.048600,0.001069,0.005549,-0.223388,0.000674,0.392196,-0.224436,0.000375,0.394193,0.002275,0.003527,0.124452,0.120185,0.004280,-0.005891,0.000000,0.001887,0.000000,0.000000,0.000000,0.000000,0.000000,0.000000,0.000000,-0.237077,0.003456,-0.286585,0.000000,0.000000,-0.246060,-0.001438,0.120185,-0.286668,0.380575,0.097522
106630.335901,split,tool_wrist,tool_tip,follow,blend,local-angle,z,y,z,0.052263,-0.002177,-0.007550,-0.221371,-0.001115,0.386316,-0.222668,-0.001261,0.390220,0.004117,0.003088,0.128738,0.124595,0.004169,-0.005891,0.000000,0.001887,0.000000,0.000000,0.000000,0.000000,0.000000,0.000000,0.000000,-0.244024,-0.011139,-0.276447,0.000000,0.000000,-0.241372,-0.006889,0.124595,-0.275186,0.447983,0.087505
106630.416153,split,tool_wrist,tool_tip,follow,blend,local-angle,z,y,z,0.055748,-0.002733,-0.023359,-0.219448,-0.001438,0.379180,-0.220395,-0.001364,0.384400,0.005306,0.001028,0.134938,0.130747,0.004219,-0.005891,0.000000,0.001887,0.000000,0.000000,0.000000,0.000000,0.000000,0.000000,0.000000,-0.250726,-0.011420,-0.261192,0.000000,0.000000,-0.246033,0.000733,0.130747,-0.260613,0.479582,0.080663
106630.496201,split,tool_wrist,tool_tip,follow,blend,local-angle,z,y,z,0.059586,0.000360,-0.038060,-0.217357,0.000227,0.372611,-0.218831,0.000298,0.378256,0.005835,0.001615,0.141271,0.137088,0.004212,-0.005891,0.000000,0.001887,0.000000,0.000000,0.000000,0.000000,0.000000,0.000000,0.000000,-0.250649,0.002379,-0.259120,0.000000,0.000000,-0.255452,0.017117,0.137088,-0.259404,0.487141,0.074020
106630.576400,split,tool_wrist,tool_tip,follow,blend,local-angle,z,y,z,0.063382,0.005562,-0.047768,-0.215265,0.003089,0.368194,-0.216987,0.003090,0.372437,0.004579,0.001903,0.147402,0.143201,0.004221,-0.005891,0.000000,0.001887,0.000000,0.000000,0.000000,0.000000,0.000000,0.000000,0.000000,-0.253252,0.023451,-0.264827,0.000000,0.000000,-0.256266,0.029363,0.143201,-0.265690,0.468434,0.081992
106630.656433,split,tool_wrist,tool_tip,follow,blend,local-angle,z,y,z,0.066689,0.010592,-0.052419,-0.213455,0.005834,0.366095,-0.214211,0.005406,0.368615,0.002665,0.000912,0.151880,0.147667,0.004231,-0.005891,0.000000,0.001887,0.000000,0.000000,0.000000,0.000000,0.000000,0.000000,0.000000,-0.265956,0.039686,-0.263151,0.000000,0.000000,-0.258397,0.045188,0.147667,-0.261482,0.454189,0.099826
106630.736482,split,tool_wrist,tool_tip,follow,blend,local-angle,z,y,z,0.068896,0.013821,-0.054846,-0.212221,0.007647,0.364989,-0.211697,0.007296,0.366817,0.001934,0.002915,0.154373,0.150187,0.004192,-0.005891,0.000000,0.001887,0.000000,0.000000,0.000000,0.000000,0.000000,0.000000,0.000000,-0.280055,0.052604,-0.254961,0.000000,0.000000,-0.276687,0.063724,0.150187,-0.254378,0.446252,0.115184
106630.816683,split,tool_wrist,tool_tip,follow,blend,local-angle,z,y,z,0.069684,0.015265,-0.057323,-0.211771,0.008460,0.363864,-0.212810,0.008392,0.364868,0.001446,0.001694,0.156007,0.151765,0.004248,-0.005891,0.000000,0.001887,0.000000,0.000000,0.000000,0.000000,0.000000,0.000000,0.000000,-0.268576,0.059812,-0.248621,0.000000,0.000000,-0.278497,0.071458,0.151765,-0.249083,0.442757,0.126368
106630.896754,split,tool_wrist,tool_tip,follow,blend,local-angle,z,y,z,0.069532,0.016427,-0.060923,-0.211852,0.009092,0.362268,-0.212228,0.009349,0.363625,0.001431,0.001451,0.157418,0.153226,0.004201,-0.005891,0.000000,0.001887,0.000000,0.000000,0.000000,0.000000,0.000000,0.000000,0.000000,-0.270206,0.065976,-0.243512,0.000000,0.000000,-0.261311,0.072372,0.153226,-0.241716,0.440531,0.140260
106630.976856,split,tool_wrist,tool_tip,follow,blend,local-angle,z,y,z,0.069572,0.017662,-0.065197,-0.211842,0.009759,0.360381,-0.211681,0.010052,0.362166,0.001816,0.001328,0.159014,0.154847,0.004175,-0.005891,0.000000,0.001887,0.000000,0.000000,0.000000,0.000000,0.000000,0.000000,0.000000,-0.271170,0.070154,-0.239724,0.000000,0.000000,-0.276135,0.066144,0.154847,-0.240132,0.437520,0.141103
106631.056885,split,tool_wrist,tool_tip,follow,blend,local-angle,z,y,z,0.070614,0.019214,-0.069717,-0.211273,0.010616,0.358315,-0.212524,0.010658,0.360068,0.002154,0.001697,0.160855,0.156703,0.004161,-0.005891,0.000000,0.001887,0.000000,0.000000,0.000000,0.000000,0.000000,0.000000,0.000000,-0.261687,0.073449,-0.234974,0.000000,0.000000,-0.259742,0.065272,0.156703,-0.234071,0.448207,0.143532
106631.136904,split,tool_wrist,tool_tip,follow,blend,local-angle,z,y,z,0.072004,0.021308,-0.073593,-0.210510,0.011767,0.356558,-0.210297,0.011235,0.358496,0.002021,0.002219,0.162997,0.158763,0.004241,-0.005891,0.000000,0.001887,0.000000,0.000000,0.000000,0.000000,0.000000,0.000000,0.000000,-0.273560,0.076301,-0.232868,0.000000,0.000000,-0.265106,0.072101,0.158763,-0.231799,0.453365,0.142447
106631.217344,split,tool_wrist,tool_tip,follow,blend,local-angle,z,y,z,0.073120,0.023061,-0.075690,-0.209884,0.012747,0.355595,-0.210065,0.012052,0.356921,0.001508,0.000759,0.164636,0.160446,0.004198,-0.005891,0.000000,0.001887,0.000000,0.000000,0.000000,0.000000,0.000000,0.000000,0.000000,-0.272197,0.080959,-0.230390,0.000000,0.000000,-0.280674,0.087232,0.160446,-0.231517,0.450533,0.142824
106631.297599,split,tool_wrist,tool_tip,follow,blend,local-angle,z,y,z,0.073224,0.024069,-0.076630,-0.209821,0.013291,0.355172,-0.210788,0.012847,0.355684,0.001181,0.001643,0.165699,0.161510,0.004193,-0.005891,0.000000,0.001887,0.000000,0.000000,0.000000,0.000000,0.000000,0.000000,0.000000,-0.265314,0.085703,-0.228908,0.000000,0.000000,-0.264494,0.101189,0.161510,-0.227792,0.449210,0.148086
106631.377820,split,tool_wrist,tool_tip,follow,blend,local-angle,z,y,z,0.073139,0.024794,-0.076839,-0.209871,0.013703,0.355073,-0.208989,0.013753,0.355715,0.001092,0.002650,0.166229,0.162033,0.004198,-0.005891,0.000000,0.001887,0.000000,0.000000,0.000000,0.000000,0.000000,0.000000,0.000000,-0.276942,0.091437,-0.217820,0.000000,0.000000,-0.273567,0.107864,0.162033,-0.217444,0.443304,0.150188
106631.458191,split,tool_wrist,tool_tip,follow,blend,local-angle,z,y,z,0.073201,0.024915,-0.076801,-0.209837,0.013772,0.355090,-0.210162,0.014419,0.355228,0.000738,0.001774,0.166444,0.162225,0.004220,-0.005891,0.000000,0.001887,0.000000,0.000000,0.000000,0.000000,0.000000,0.000000,0.000000,-0.268539,0.095742,-0.215934,0.000000,0.000000,-0.278554,0.099143,0.162225,-0.216814,0.438876,0.150995
106631.538328,split,tool_wrist,tool_tip,follow,blend,local-angle,z,y,z,0.073041,0.024539,-0.076879,-0.209923,0.013570,0.355055,-0.210865,0.014082,0.354952,0.001077,0.002307,0.166493,0.162273,0.004220,-0.005891,0.000000,0.001887,0.000000,0.000000,0.000000,0.000000,0.000000,0.000000,0.000000,-0.263543,0.093469,-0.216306,0.000000,0.000000,-0.266786,0.077936,0.162273,-0.216616,0.431481,0.155331
106631.618553,split,tool_wrist,tool_tip,follow,blend,local-angle,z,y,z,0.071817,0.020903,-0.075922,-0.210590,0.011586,0.355480,-0.210384,0.011496,0.354970,0.000557,0.001676,0.166382,0.162113,0.004266,-0.005891,0.000000,0.001887,0.000000,0.000000,0.000000,0.000000,0.000000,0.000000,0.000000,-0.266660,0.076324,-0.235897,0.000000,0.000000,-0.257641,0.054299,0.162113,-0.235974,0.434293,0.146957
106631.698570,split,tool_wrist,tool_tip,follow,blend,local-angle,z,y,z,0.067400,0.012486,-0.071673,-0.212961,0.007039,0.357348,-0.211562,0.006830,0.355640,0.002217,0.001813,0.165145,0.160844,0.004294,-0.005891,0.000000,0.001887,0.000000,0.000000,0.000000,0.000000,0.000000,0.000000,0.000000,-0.260240,0.045694,-0.237565,0.000000,0.000000,-0.261398,0.027428,0.160844,-0.237319,0.439782,0.133809
106631.778644,split,tool_wrist,tool_tip,follow,blend,local-angle,z,y,z,0.060862,0.002715,-0.064452,-0.216597,0.001602,0.360620,-0.216234,0.001363,0.357097,0.003549,0.003205,0.162444,0.158104,0.004324,-0.005891,0.000000,0.001887,0.000000,0.000000,0.000000,0.000000,0.000000,0.000000,0.000000,-0.232045,0.009287,-0.219826,0.000000,0.000000,-0.238151,0.000144,0.158104,-0.219428,0.441859,0.125691
106631.858691,split,tool_wrist,tool_tip,follow,blend,local-angle,z,y,z,0.053488,-0.007467,-0.054552,-0.220618,-0.003962,0.365033,-0.219744,-0.004080,0.360419,0.004697,0.002975,0.158481,0.154043,0.004414,-0.005891,0.000000,0.001887,0.000000,0.000000,0.000000,0.000000,0.000000,0.000000,0.000000,-0.213476,-0.028549,-0.209413,0.000000,0.000000,-0.209300,-0.033147,0.154043,-0.208108,0.458222,0.089680
106631.938876,split,tool_wrist,tool_tip,follow,blend,local-angle,z,y,z,0.045981,-0.015001,-0.043596,-0.224769,-0.008151,0.369987,-0.223378,-0.008151,0.365089,0.005092,0.001519,0.153354,0.148986,0.004347,-0.005891,0.000000,0.001887,0.000000,0.000000,0.000000,0.000000,0.000000,0.000000,0.000000,-0.194836,-0.059199,-0.207640,0.000000,0.000000,-0.191970,-0.062335,0.148986,-0.207820,0.462922,0.046230
106632.019154,split,tool_wrist,tool_tip,follow,blend,local-angle,z,y,z,0.038839,-0.019370,-0.032604,-0.228707,-0.010572,0.374940,-0.227993,-0.010582,0.370079,0.004914,0.002336,0.147796,0.143419,0.004354,-0.005891,0.000000,0.001887,0.000000,0.000000,0.000000,0.000000,0.000000,0.000000,0.000000,-0.167806,-0.080125,-0.202079,0.000000,0.000000,-0.170507,-0.081955,0.143419,-0.201786,0.449656,0.026704
106632.099210,split,tool_wrist,tool_tip,follow,blend,local-angle,z,y,z,0.032409,-0.020926,-0.021653,-0.232221,-0.011439,0.379833,-0.231738,-0.011456,0.375530,0.004330,0.001990,0.141923,0.137452,0.004447,-0.005891,0.000000,0.001887,0.000000,0.000000,0.000000,0.000000,0.000000,0.000000,0.000000,-0.145691,-0.090802,-0.206098,0.000000,0.000000,-0.143964,-0.096605,0.137452,-0.206345,0.436162,0.008208
106632.179582,split,tool_wrist,tool_tip,follow,blend,local-angle,z,y,z,0.026936,-0.020044,-0.012384,-0.235224,-0.010971,0.384003,-0.234702,-0.011246,0.380736,0.003320,0.000932,0.136366,0.131886,0.004454,-0.005891,0.000000,0.001887,0.000000,0.000000,0.000000,0.000000,0.000000,0.000000,0.000000,-0.127585,-0.093252,-0.213316,0.000000,0.000000,-0.120011,-0.102793,0.131886,-0.213767,0.419412,-0.010026
106632.259603,split,tool_wrist,tool_tip,follow,blend,local-angle,z,y,z,0.023067,-0.018900,-0.006459,-0.237375,-0.010338,0.386698,-0.236362,-0.010880,0.384769,0.002245,0.001733,0.132144,0.127752,0.004383,-0.005891,0.000000,0.001887,0.000000,0.000000,0.000000,0.000000,0.000000,0.000000,0.000000,-0.117815,-0.093484,-0.221237,0.000000,0.000000,-0.110878,-0.095805,0.127752,-0.221499,0.403764,-0.027773
106632.339815,split,tool_wrist,tool_tip,follow,blend,local-angle,z,y,z,0.020601,-0.017987,-0.002186,-0.238753,-0.009830,0.388649,-0.238126,-0.010278,0.387226,0.001618,0.001214,0.129462,0.124988,0.004464,-0.005891,0.000000,0.001887,0.000000,0.000000,0.000000,0.000000,0.000000,0.000000,0.000000,-0.104917,-0.090380,-0.226716,0.000000,0.000000,-0.108626,-0.076374,0.124988,-0.227557,0.385308,-0.041026
106632.420118,split,tool_wrist,tool_tip,follow,blend,local-angle,z,y,z,0.017862,-0.016995,0.002571,-0.240223,-0.009287,0.390732,-0.240667,-0.009197,0.389258,0.001541,0.003680,0.127114,0.122723,0.004383,-0.005891,0.000000,0.001887,0.000000,0.000000,0.000000,0.000000,0.000000,0.000000,0.000000,-0.084092,-0.082564,-0.229317,0.000000,0.000000,-0.091850,-0.071224,0.122723,-0.229774,0.356100,-0.047452
106632.500172,split,tool_wrist,tool_tip,follow,blend,local-angle,z,y,z,0.014852,-0.017665,0.007805,-0.241905,-0.009635,0.393130,-0.242215,-0.009237,0.391490,0.001716,0.002584,0.124781,0.120298,0.004474,-0.005891,0.000000,0.001887,0.000000,0.000000,0.000000,0.000000,0.000000,0.000000,0.000000,-0.071640,-0.084702,-0.225713,0.000000,0.000000,-0.068845,-0.093623,0.120298,-0.225075,0.337688,-0.054070
106632.580440,split,tool_wrist,tool_tip,follow,blend,local-angle,z,y,z,0.009534,-0.021401,0.013479,-0.244825,-0.011681,0.395697,-0.244081,-0.011576,0.394049,0.001811,0.002353,0.122346,0.117905,0.004432,-0.005891,0.000000,0.001887,0.000000,0.000000,0.000000,0.000000,0.000000,0.000000,0.000000,-0.055819,-0.108652,-0.219899,0.000000,0.000000,-0.047814,-0.133278,0.117905,-0.218542,0.339224,-0.083708
106632.660445,split,tool_wrist,tool_tip,follow,blend,local-angle,z,y,z,0.001121,-0.027637,0.018772,-0.249318,-0.015015,0.398026,-0.248979,-0.015237,0.396823,0.001270,0.003702,0.119901,0.115520,0.004371,-0.005891,0.000000,0.001887,0.000000,0.000000,0.000000,0.000000,0.000000,0.000000,0.000000,-0.009908,-0.146607,-0.209575,0.000000,0.000000,-0.012745,-0.168031,0.115520,-0.208202,0.366900,-0.137324
106632.740520,split,tool_wrist,tool_tip,follow,blend,local-angle,z,y,z,-0.008796,-0.033720,0.023347,-0.254823,-0.018423,0.400115,-0.255011,-0.018804,0.399308,0.000912,0.004807,0.118155,0.113791,0.004358,-0.005891,0.000000,0.001887,0.000000,0.000000,0.000000,0.000000,0.000000,0.000000,0.000000,0.049708,-0.184391,-0.201510,0.000000,0.000000,0.047918,-0.186676,0.113791,-0.202268,0.397025,-0.200811
106632.820738,split,tool_wrist,tool_tip,follow,blend,local-angle,z,y,z,-0.017758,-0.036810,0.027978,-0.259814,-0.020166,0.402216,-0.259528,-0.020731,0.401136,0.001252,0.006312,0.117063,0.112730,0.004328,-0.005891,0.000000,0.001887,0.000000,0.000000,0.000000,0.000000,0.000000,0.000000,0.000000,0.096066,-0.205760,-0.203107,0.000000,0.000000,0.097860,-0.206895,0.112730,-0.204421,0.403398,-0.274614
106632.900873,split,tool_wrist,tool_tip,follow,blend,local-angle,z,y,z,-0.022772,-0.036737,0.032636,-0.262572,-0.020167,0.404265,-0.263013,-0.020469,0.403333,0.001074,0.002639,0.115264,0.110982,0.004273,-0.005891,0.000000,0.001887,0.000000,0.000000,0.000000,0.000000,0.000000,0.000000,0.000000,0.133794,-0.206850,-0.207984,0.000000,0.000000,0.125687,-0.191902,0.110982,-0.208748,0.397334,-0.332760
106632.981057,split,tool_wrist,tool_tip,follow,blend,local-angle,z,y,z,-0.024182,-0.034221,0.036782,-0.263390,-0.018794,0.406155,-0.264216,-0.018699,0.405027,0.001401,0.003235,0.113435,0.109130,0.004299,-0.005891,0.000000,0.001887,0.000000,0.000000,0.000000,0.000000,0.000000,0.000000,0.000000,0.148566,-0.192303,-0.207360,0.000000,0.000000,0.144235,-0.187060,0.109130,-0.207055,0.374619,-0.338968
106633.061155,split,tool_wrist,tool_tip,follow,blend,local-angle,z,y,z,-0.024425,-0.032011,0.040300,-0.263528,-0.017549,0.407769,-0.263919,-0.017640,0.406603,0.001233,0.001060,0.111662,0.107286,0.004365,-0.005891,0.000000,0.001887,0.000000,0.000000,0.000000,0.000000,0.000000,0.000000,0.000000,0.147923,-0.184672,-0.204537,0.000000,0.000000,0.154134,-0.194082,0.107286,-0.203642,0.352165,-0.336438
106633.141314,split,tool_wrist,tool_tip,follow,blend,local-angle,z,y,z,-0.025174,-0.030432,0.042672,-0.263939,-0.016674,0.408847,-0.263688,-0.017184,0.408077,0.000957,0.001829,0.110112,0.105787,0.004321,-0.005891,0.000000,0.001887,0.000000,0.000000,0.000000,0.000000,0.000000,0.000000,0.000000,0.147806,-0.182830,-0.194352,0.000000,0.000000,0.156762,-0.188179,0.105787,-0.193042,0.334535,-0.331326
106633.221461,split,tool_wrist,tool_tip,follow,blend,local-angle,z,y,z,-0.025908,-0.029909,0.043198,-0.264344,-0.016382,0.409092,-0.263763,-0.016777,0.408839,0.000747,0.004018,0.109308,0.104979,0.004328,-0.005564,0.000000,0.001887,0.000000,0.000000,0.000000,0.000000,0.000000,0.000000,0.000000,0.149826,-0.179998,-0.182970,0.000000,0.000000,0.153445,-0.167447,0.104979,-0.181821,0.314947,-0.316066
106633.301481,split,tool_wrist,tool_tip,follow,blend,local-angle,z,y,z,-0.027066,-0.029653,0.040575,-0.264977,-0.016244,0.407927,-0.264996,-0.016236,0.408696,0.000770,0.004052,0.109541,0.105299,0.004248,-0.005564,0.000000,0.001887,0.000000,0.000000,0.000000,0.000000,0.000000,0.000000,0.000000,0.162775,-0.173701,-0.156955,0.000000,0.000000,0.154941,-0.154561,0.105299,-0.154472,0.293278,-0.255795
106633.381534,split,tool_wrist,tool_tip,follow,blend,local-angle,z,y,z,-0.027879,-0.028944,0.034150,-0.265428,-0.015855,0.405058,-0.265652,-0.015260,0.406792,0.001847,0.002799,0.111337,0.107096,0.004250,-0.005564,0.000000,0.001887,0.000000,0.000000,0.000000,0.000000,0.000000,0.000000,0.000000,0.166357,-0.160066,-0.137786,0.000000,0.000000,0.163397,-0.147384,0.107096,-0.136772,0.282125,-0.178419
106633.461715,split,tool_wrist,tool_tip,follow,blend,local-angle,z,y,z,-0.027809,-0.028082,0.023989,-0.265400,-0.015391,0.400624,-0.264892,-0.014561,0.403296,0.002844,0.002731,0.114522,0.110252,0.004287,-0.005564,0.000000,0.001887,0.000000,0.000000,0.000000,0.000000,0.000000,0.000000,0.000000,0.152779,-0.147724,-0.132494,0.000000,0.000000,0.159210,-0.148310,0.110252,-0.132157,0.269083,-0.135606
106633.541826,split,tool_wrist,tool_tip,follow,blend,local-angle,z,y,z,-0.027003,-0.027913,0.011003,-0.264957,-0.015280,0.394668,-0.264051,-0.014638,0.398371,0.003866,0.003856,0.119234,0.114991,0.004265,-0.005564,0.000000,0.001887,0.000000,0.000000,0.000000,0.000000,0.000000,0.000000,0.000000,0.137373,-0.141709,-0.129816,0.000000,0.000000,0.140529,-0.153895,0.114991,-0.129164,0.262168,-0.094748
106633.621957,split,tool_wrist,tool_tip,follow,blend,local-angle,z,y,z,-0.025546,-0.029819,-0.003661,-0.264166,-0.016285,0.388210,-0.263404,-0.015907,0.392573,0.004445,0.003746,0.125022,0.120807,0.004242,-0.005564,0.000000,0.001887,0.000000,0.000000,0.000000,0.000000,0.000000,0.000000,0.000000,0.124121,-0.145878,-0.134872,0.000000,0.000000,0.119799,-0.155877,0.120807,-0.135222,0.268805,-0.054026
106633.701999,split,tool_wrist,tool_tip,follow,blend,local-angle,z,y,z,-0.025403,-0.032957,-0.017472,-0.264064,-0.018020,0.381923,-0.263922,-0.017706,0.386575,0.004664,0.001484,0.131240,0.126955,0.004307,-0.005564,0.000000,0.001887,0.000000,0.000000,0.000000,0.000000,0.000000,0.000000,0.000000,0.122120,-0.153708,-0.131298,0.000000,0.000000,0.116806,-0.154319,0.126955,-0.131083,0.283333,-0.017581
106633.782018,split,tool_wrist,tool_tip,follow,blend,local-angle,z,y,z,-0.025888,-0.035493,-0.031278,-0.264332,-0.019424,0.375741,-0.264042,-0.018940,0.380673,0.004964,0.000676,0.137234,0.133041,0.004220,-0.005564,0.000000,0.001887,0.000000,0.000000,0.000000,0.000000,0.000000,0.000000,0.000000,0.117125,-0.156339,-0.128352,0.000000,0.000000,0.119625,-0.146960,0.133041,-0.127984,0.296945,0.005956
106633.862295,split,tool_wrist,tool_tip,follow,blend,local-angle,z,y,z,-0.025267,-0.036944,-0.043961,-0.264008,-0.020238,0.369985,-0.263060,-0.019512,0.374686,0.004850,0.002635,0.143095,0.138826,0.004292,-0.005564,0.000000,0.001887,0.000000,0.000000,0.000000,0.000000,0.000000,0.000000,0.000000,0.103831,-0.153641,-0.126133,0.000000,0.000000,0.107345,-0.142152,0.138826,-0.125993,0.308589,0.021424
106633.942431,split,tool_wrist,tool_tip,follow,blend,local-angle,z,y,z,-0.023552,-0.037851,-0.055556,-0.263079,-0.020734,0.364776,-0.262472,-0.019752,0.369139,0.004513,0.001582,0.148529,0.144292,0.004262,-0.005564,0.000000,0.001887,0.000000,0.000000,0.000000,0.000000,0.000000,0.000000,0.000000,0.095009,-0.149139,-0.125834,0.000000,0.000000,0.089648,-0.143281,0.144292,-0.125662,0.323078,0.039726
106634.022750,split,tool_wrist,tool_tip,follow,blend,local-angle,z,y,z,-0.021629,-0.038941,-0.066148,-0.262005,-0.021342,0.359946,-0.262289,-0.020358,0.364185,0.004361,0.001181,0.153481,0.149186,0.004312,-0.005564,0.000000,0.001887,0.000000,0.000000,0.000000,0.000000,0.000000,0.000000,0.000000,0.090223,-0.148181,-0.126590,0.000000,0.000000,0.083503,-0.151497,0.149186,-0.126111,0.340317,0.058141
106634.102831,split,tool_wrist,tool_tip,follow,blend,local-angle,z,y,z,-0.020647,-0.038923,-0.074366,-0.261459,-0.021347,0.356252,-0.261652,-0.020725,0.359759,0.003567,0.001180,0.157842,0.153610,0.004251,-0.005564,0.000000,0.001887,0.000000,0.000000,0.000000,0.000000,0.000000,0.000000,0.000000,0.082887,-0.146213,-0.121361,0.000000,0.000000,0.086736,-0.153734,0.153610,-0.120886,0.359550,0.066954
106634.183013,split,tool_wrist,tool_tip,follow,blend,local-angle,z,y,z,-0.020582,-0.038425,-0.078459,-0.261417,-0.021066,0.354351,-0.260242,-0.021014,0.356476,0.002429,0.002587,0.161015,0.156683,0.004340,-0.005564,0.000000,0.001887,0.000000,0.000000,0.000000,0.000000,0.000000,0.000000,0.000000,0.071229,-0.145011,-0.121186,0.000000,0.000000,0.076107,-0.151390,0.156683,-0.121256,0.360755,0.065881
106634.263245,split,tool_wrist,tool_tip,follow,blend,local-angle,z,y,z,-0.020559,-0.038432,-0.078527,-0.261406,-0.021067,0.354305,-0.262051,-0.021416,0.355161,0.001127,0.002233,0.162509,0.158183,0.004329,-0.005564,0.000000,0.001887,0.000000,0.000000,0.000000,0.000000,0.000000,0.000000,0.000000,0.082998,-0.146293,-0.119827,0.000000,0.000000,0.073390,-0.144751,0.158183,-0.119592,0.362841,0.065392
106634.343440,split,tool_wrist,tool_tip,follow,blend,local-angle,z,y,z,-0.020336,-0.038971,-0.073976,-0.261283,-0.021353,0.356269,-0.261414,-0.021748,0.355224,0.001124,0.001595,0.162444,0.158029,0.004409,-0.005564,0.000000,0.001887,0.000000,0.000000,0.000000,0.000000,0.000000,0.000000,0.000000,0.078666,-0.148643,-0.107152,0.000000,0.000000,0.087587,-0.138611,0.158029,-0.105193,0.366244,0.056901
106634.423705,split,tool_wrist,tool_tip,follow,blend,local-angle,z,y,z,-0.020280,-0.039587,-0.063813,-0.261250,-0.021699,0.360843,-0.260800,-0.021957,0.357425,0.003457,0.001411,0.160260,0.155782,0.004463,-0.005564,0.000000,0.001887,0.000000,0.000000,0.000000,0.000000,0.000000,0.000000,0.000000,0.075595,-0.152363,-0.097614,0.000000,0.000000,0.074558,-0.144975,0.155782,-0.097849,0.367272,0.019263
106634.503755,split,tool_wrist,tool_tip,follow,blend,local-angle,z,y,z,-0.020328,-0.039659,-0.048678,-0.261277,-0.021747,0.367677,-0.262174,-0.022237,0.362139,0.005631,0.003692,0.155772,0.151388,0.004364,-0.005564,0.000000,0.001887,0.000000,0.000000,0.000000,0.000000,0.000000,0.000000,0.000000,0.088068,-0.159309,-0.101154,0.000000,0.000000,0.083433,-0.157807,0.151388,-0.101923,0.368080,-0.024831
106634.583799,split,tool_wrist,tool_tip,follow,blend,local-angle,z,y,z,-0.020015,-0.038110,-0.030605,-0.261108,-0.020902,0.375813,-0.261618,-0.022004,0.367857,0.008048,0.002255,0.150065,0.145641,0.004398,-0.005564,0.000000,0.001887,0.000000,0.000000,0.000000,0.000000,0.000000,0.000000,0.000000,0.087684,-0.164370,-0.105723,0.000000,0.000000,0.089085,-0.160101,0.145641,-0.105944,0.355529,-0.056950
106634.663899,split,tool_wrist,tool_tip,follow,blend,local-angle,z,y,z,-0.018883,-0.034430,-0.011511,-0.260485,-0.018876,0.384444,-0.261446,-0.020823,0.374115,0.010554,0.003187,0.143707,0.139276,0.004404,-0.005564,0.000000,0.001887,0.000000,0.000000,0.000000,0.000000,0.000000,0.000000,0.000000,0.090663,-0.163259,-0.106304,0.000000,0.000000,0.090608,-0.153682,0.139276,-0.106391,0.319168,-0.064723
106634.743916,split,tool_wrist,tool_tip,follow,blend,local-angle,z,y,z,-0.017284,-0.028178,0.008373,-0.259613,-0.015471,0.393327,-0.260818,-0.017861,0.380438,0.013164,0.003578,0.136972,0.132530,0.004414,-0.005564,0.000000,0.001887,0.000000,0.000000,0.000000,0.000000,0.000000,0.000000,0.000000,0.090224,-0.147686,-0.103584,0.000000,0.000000,0.089925,-0.137327,0.132530,-0.103211,0.264874,-0.057716
106634.824054,split,tool_wrist,tool_tip,follow,blend,local-angle,z,y,z,-0.015442,-0.020289,0.026243,-0.258608,-0.011181,0.401315,-0.259949,-0.013430,0.386658,0.014888,0.004626,0.130168,0.125704,0.004435,-0.005564,0.000000,0.001887,0.000000,0.000000,0.000000,0.000000,0.000000,0.000000,0.000000,0.087541,-0.117482,-0.101787,0.000000,0.000000,0.086871,-0.102700,0.125704,-0.101695,0.197400,-0.048292
106634.904323,split,tool_wrist,tool_tip,follow,blend,local-angle,z,y,z,-0.014632,-0.012443,0.039773,-0.258145,-0.006797,0.407520,-0.259323,-0.008425,0.392816,0.014840,0.003814,0.123518,0.119028,0.004459,-0.005564,0.000000,0.001887,0.000000,0.000000,0.000000,0.000000,0.000000,0.000000,0.000000,0.086751,-0.078144,-0.101717,0.000000,0.000000,0.087122,-0.057906,0.119028,-0.101695,0.129612,-0.028529
106634.984360,split,tool_wrist,tool_tip,follow,blend,local-angle,z,y,z,-0.015836,-0.006389,0.048327,-0.258794,-0.003471,0.411370,-0.259741,-0.004093,0.400320,0.011108,0.004431,0.115839,0.111355,0.004455,-0.005564,0.000000,0.001887,0.000000,0.000000,0.000000,0.000000,0.000000,0.000000,0.000000,0.097397,-0.040839,-0.088233,0.000000,0.000000,0.098332,-0.028331,0.111355,-0.084069,0.087512,-0.028069
106635.064510,split,tool_wrist,tool_tip,follow,blend,local-angle,z,y,z,-0.018593,-0.002958,0.052427,-0.260274,-0.001601,0.413196,-0.260888,-0.001736,0.407391,0.005839,0.002443,0.108863,0.104383,0.004451,-0.005564,0.000000,0.001887,0.000000,0.000000,0.000000,0.000000,0.000000,0.000000,0.000000,0.117018,-0.018607,-0.029148,0.000000,0.000000,0.118268,-0.010162,0.104383,-0.026603,0.063607,-0.041007
106635.144783,split,tool_wrist,tool_tip,follow,blend,local-angle,z,y,z,-0.020411,-0.001812,0.054773,-0.261311,-0.000929,0.414282,-0.261396,-0.000918,0.412801,0.001483,0.000834,0.103545,0.099121,0.004413,-0.005564,0.000000,0.001887,0.000000,0.000000,0.000000,0.000000,0.000000,0.000000,0.000000,0.129934,-0.010426,-0.022010,0.000000,0.000000,0.130137,-0.008132,0.099121,-0.022738,0.052536,-0.071618
106635.225144,split,tool_wrist,tool_tip,follow,blend,local-angle,z,y,z,-0.021954,-0.002269,0.056651,-0.262168,-0.001176,0.415139,-0.261627,-0.001106,0.414446,0.000883,0.001993,0.101948,0.097540,0.004405,-0.005564,0.000000,0.001887,0.000000,0.000000,0.000000,0.000000,0.000000,0.000000,0.000000,0.135057,-0.012805,-0.025304,0.000000,0.000000,0.137694,-0.017768,0.097540,-0.024972,0.053768,-0.091804
106635.305184,split,tool_wrist,tool_tip,follow,blend,local-angle,z,y,z,-0.023702,-0.003881,0.059012,-0.263122,-0.002053,0.416194,-0.263722,-0.001983,0.415655,0.000809,0.003188,0.101076,0.096708,0.004366,-0.005564,0.000000,0.001887,0.000000,0.000000,0.000000,0.000000,0.000000,0.000000,0.000000,0.161254,-0.023193,-0.018314,0.000000,0.000000,0.153410,-0.031813,0.096708,-0.018086,0.063571,-0.102978
106635.385361,split,tool_wrist,tool_tip,follow,blend,local-angle,z,y,z,-0.025512,-0.005572,0.062422,-0.264100,-0.002972,0.417691,-0.264601,-0.003072,0.416869,0.000968,0.003208,0.100060,0.095655,0.004399,-0.005564,0.000000,0.001887,0.000000,0.000000,0.000000,0.000000,0.000000,0.000000,0.000000,0.173847,-0.036370,-0.019155,0.000000,0.000000,0.178661,-0.041386,0.095655,-0.019319,0.076294,-0.128588
106635.465480,split,tool_wrist,tool_tip,follow,blend,local-angle,z,y,z,-0.026996,-0.006620,0.066580,-0.264942,-0.003570,0.419602,-0.264642,-0.003617,0.418348,0.001291,0.001398,0.098633,0.094261,0.004367,-0.005564,0.000000,0.001887,0.000000,0.000000,0.000000,0.000000,0.000000,0.000000,0.000000,0.177418,-0.043562,-0.020230,0.000000,0.000000,0.186575,-0.042760,0.094261,-0.020421,0.084495,-0.160261
106635.545586,split,tool_wrist,tool_tip,follow,blend,local-angle,z,y,z,-0.027914,-0.007206,0.070941,-0.265440,-0.003890,0.421521,-0.265448,-0.003908,0.420224,0.001297,0.000432,0.096952,0.092582,0.004361,-0.005564,0.000000,0.001887,0.000000,0.000000,0.000000,0.000000,0.000000,0.000000,0.000000,0.191260,-0.048051,-0.020685,0.000000,0.000000,0.184002,-0.046083,0.092582,-0.020813,0.089097,-0.175672
106635.625696,split,tool_wrist,tool_tip,follow,blend,local-angle,z,y,z,-0.028158,-0.007406,0.074279,-0.265584,-0.004004,0.423061,-0.266380,-0.004003,0.422031,0.001301,0.002954,0.095371,0.091015,0.004352,-0.005564,0.000000,0.001887,0.000000,0.000000,0.000000,0.000000,0.000000,0.000000,0.000000,0.207052,-0.050198,-0.016111,0.000000,0.000000,0.203049,-0.047830,0.091015,-0.015947,0.091011,-0.177848
106635.705756,split,tool_wrist,tool_tip,follow,blend,local-angle,z,y,z,-0.028553,-0.006847,0.077563,-0.265786,-0.003711,0.424513,-0.265615,-0.003671,0.423319,0.001207,0.001768,0.093941,0.089590,0.004346,-0.005564,0.000000,0.001887,0.000000,0.000000,0.000000,0.000000,0.000000,0.000000,0.000000,0.200873,-0.046865,-0.015902,0.000000,0.000000,0.210332,-0.042049,0.089590,-0.015698,0.083225,-0.188449
106635.785858,split,tool_wrist,tool_tip,follow,blend,local-angle,z,y,z,-0.029450,-0.005926,0.080266,-0.266285,-0.003205,0.425743,-0.265920,-0.003178,0.424715,0.001091,0.002084,0.092615,0.088253,0.004359,-0.005564,0.000000,0.001887,0.000000,0.000000,0.000000,0.000000,0.000000,0.000000,0.000000,0.208379,-0.041271,-0.017865,0.000000,0.000000,0.210826,-0.041792,0.088253,-0.018188,0.070621,-0.200911
106635.865874,split,tool_wrist,tool_tip,follow,blend,local-angle,z,y,z,-0.030077,-0.005163,0.081546,-0.266637,-0.002774,0.426344,-0.266604,-0.002816,0.425849,0.000498,0.000748,0.091639,0.087309,0.004327,-0.005564,0.000000,0.001887,0.000000,0.000000,0.000000,0.000000,0.000000,0.000000,0.000000,0.220263,-0.037038,-0.026852,0.000000,0.000000,0.211614,-0.040119,0.087309,-0.028151,0.059352,-0.209325
106635.946117,split,tool_wrist,tool_tip,follow,blend,local-angle,z,y,z,-0.030148,-0.005047,0.081605,-0.266679,-0.002708,0.426373,-0.267268,-0.002809,0.426368,0.000597,0.002661,0.091282,0.086966,0.004316,-0.005564,0.000000,0.001887,0.000000,0.000000,0.000000,0.000000,0.000000,0.000000,0.000000,0.230330,-0.037123,-0.032022,0.000000,0.000000,0.226756,-0.040108,0.086966,-0.032118,0.057072,-0.206712
106636.026164,split,tool_wrist,tool_tip,follow,blend,local-angle,z,y,z,-0.030209,-0.004875,0.081650,-0.266708,-0.002617,0.426390,-0.266596,-0.002738,0.426251,0.000216,0.002384,0.091243,0.086922,0.004320,-0.005564,0.000000,0.001887,0.000000,0.000000,0.000000,0.000000,0.000000,0.000000,0.000000,0.221325,-0.036201,-0.047055,0.000000,0.000000,0.231010,-0.036546,0.086922,-0.049782,0.052362,-0.207818
106636.106248,split,tool_wrist,tool_tip,follow,blend,local-angle,z,y,z,-0.031171,-0.003747,0.081856,-0.267204,-0.002032,0.426480,-0.266690,-0.002166,0.426276,0.000569,0.003140,0.091220,0.086913,0.004307,-0.005564,0.000000,0.001887,0.000000,0.000000,0.000000,0.000000,0.000000,0.000000,0.000000,0.222612,-0.028642,-0.105149,0.000000,0.000000,0.228979,-0.017119,0.086913,-0.109017,0.034218,-0.221431
106636.186402,split,tool_wrist,tool_tip,follow,blend,local-angle,z,y,z,-0.033433,-0.000438,0.081984,-0.268475,-0.000187,0.426543,-0.268417,-0.000278,0.426669,0.000165,0.006044,0.091209,0.086916,0.004294,-0.005564,0.000000,0.001887,0.000000,0.000000,0.000000,0.000000,0.000000,0.000000,0.000000,0.246043,-0.003670,-0.170962,0.000000,0.000000,0.240188,0.015832,0.086916,-0.176747,-0.006992,-0.254337
106636.266448,split,tool_wrist,tool_tip,follow,blend,local-angle,z,y,z,-0.037820,0.005658,0.080805,-0.270818,0.003077,0.426041,-0.270824,0.003019,0.426888,0.000849,0.004909,0.091680,0.087473,0.004212,-0.005564,0.000000,0.001887,0.000000,0.000000,0.000000,0.000000,0.000000,0.000000,0.000000,0.277458,0.039700,-0.223032,0.000000,0.000000,0.270866,0.058798,0.087473,-0.225613,-0.072293,-0.300975
106636.346595,split,tool_wrist,tool_tip,follow,blend,local-angle,z,y,z,-0.044001,0.013426,0.076490,-0.274267,0.007417,0.424089,-0.273795,0.007007,0.426250,0.002250,0.003038,0.093409,0.089348,0.004075,-0.005891,0.000000,0.001887,0.000000,0.000000,0.000000,0.000000,0.000000,0.000000,0.000000,0.312083,0.090179,-0.267191,0.000000,0.000000,0.317130,0.108054,0.089348,-0.268940,-0.122676,-0.323206
106636.426780,split,tool_wrist,tool_tip,follow,blend,local-angle,z,y,z,-0.047061,0.015422,0.068595,-0.275970,0.008553,0.420539,-0.274719,0.007753,0.423661,0.003457,0.005366,0.096215,0.092030,0.004197,-0.005891,0.000000,0.001887,0.000000,0.000000,0.000000,0.000000,0.000000,0.000000,0.000000,0.313130,0.096334,-0.315207,0.000000,0.000000,0.315156,0.086546,0.092030,-0.321521,-0.130992,-0.339298
106636.506884,split,tool_wrist,tool_tip,follow,blend,local-angle,z,y,z,-0.048865,0.015123,0.063638,-0.276973,0.008397,0.418289,-0.276215,0.007808,0.420253,0.002186,0.001310,0.099908,0.095795,0.004125,-0.005891,0.000000,0.001887,0.000000,0.000000,0.000000,0.000000,0.000000,0.000000,0.000000,0.317579,0.092749,-0.319928,0.000000,0.000000,0.313721,0.094826,0.095795,-0.320387,-0.105314,-0.354643
106636.586943,split,tool_wrist,tool_tip,follow,blend,local-angle,z,y,z,-0.048576,0.015252,0.064417,-0.276817,0.008451,0.418616,-0.276995,0.008336,0.418930,0.000379,0.003187,0.101452,0.097308,0.004146,-0.005891,0.000000,0.001887,0.000000,0.000000,0.000000,0.000000,0.000000,0.000000,0.000000,0.321415,0.097262,-0.326015,0.000000,0.000000,0.313012,0.118055,0.097308,-0.327895,-0.112025,-0.352041
106636.667061,split,tool_wrist,tool_tip,follow,blend,local-angle,z,y,z,-0.047723,0.015642,0.065566,-0.276345,0.008672,0.419155,-0.276899,0.009066,0.419167,0.000680,0.002925,0.101272,0.097085,0.004187,-0.005891,0.000000,0.001887,0.000000,0.000000,0.000000,0.000000,0.000000,0.000000,0.000000,0.321231,0.106026,-0.356907,0.000000,0.000000,0.320728,0.115355,0.097085,-0.356594,-0.135680,-0.347307
106636.747129,split,tool_wrist,tool_tip,follow,blend,local-angle,z,y,z,-0.047972,0.015519,0.065308,-0.276480,0.008606,0.419040,-0.276120,0.009041,0.418957,0.000571,0.001290,0.101227,0.097042,0.004185,-0.005891,0.000000,0.001887,0.000000,0.000000,0.000000,0.000000,0.000000,0.000000,0.000000,0.311768,0.105796,-0.356639,0.000000,0.000000,0.319580,0.101281,0.097042,-0.356590,-0.139613,-0.353830
106636.827197,split,tool_wrist,tool_tip,follow,blend,local-angle,z,y,z,-0.048255,0.015401,0.064938,-0.276634,0.008540,0.418879,-0.276293,0.008720,0.418984,0.000400,0.001273,0.101221,0.097070,0.004152,-0.005891,0.000000,0.001887,0.000000,0.000000,0.000000,0.000000,0.000000,0.000000,0.000000,0.313799,0.102030,-0.356602,0.000000,0.000000,0.309496,0.086968,0.097070,-0.356378,-0.150102,-0.383184
106636.907476,split,tool_wrist,tool_tip,follow,blend,local-angle,z,y,z,-0.048424,0.015365,0.064592,-0.276728,0.008521,0.418718,-0.277110,0.008447,0.419028,0.000497,0.006610,0.101406,0.097265,0.004141,-0.005891,0.000000,0.001887,0.000000,0.000000,0.000000,0.000000,0.000000,0.000000,0.000000,0.323055,0.098613,-0.352432,0.000000,0.000000,0.319265,0.081438,0.097265,-0.351201,-0.173042,-0.437152
106636.987707,split,tool_wrist,tool_tip,follow,blend,local-angle,z,y,z,-0.048801,0.015150,0.064315,-0.276937,0.008402,0.418592,-0.276696,0.008170,0.418711,0.000355,0.008336,0.101550,0.097409,0.004141,-0.005891,0.000000,0.001887,0.000000,0.000000,0.000000,0.000000,0.000000,0.000000,0.000000,0.317287,0.095207,-0.322780,0.000000,0.000000,0.320205,0.085545,0.097409,-0.318392,-0.245307,-0.512422
106637.067894,split,tool_wrist,tool_tip,follow,blend,local-angle,z,y,z,-0.048836,0.015115,0.064348,-0.276956,0.008383,0.418606,-0.276868,0.008497,0.418765,0.000214,0.017437,0.101583,0.097416,0.004167,-0.005891,0.000000,0.001887,0.000000,0.000000,0.000000,0.000000,0.000000,0.000000,0.000000,0.319404,0.098992,-0.263069,0.000000,0.000000,0.319700,0.091356,0.097416,-0.257413,-0.339964,-0.591199
106637.148044,split,tool_wrist,tool_tip,follow,blend,local-angle,z,y,z,-0.048800,0.015109,0.064469,-0.276940,0.008377,0.418663,-0.276929,0.008347,0.418767,0.000109,0.023430,0.101586,0.097416,0.004170,-0.005891,0.000000,0.001887,0.000000,0.000000,0.000000,0.000000,0.000000,0.000000,0.000000,0.320088,0.097232,-0.169614,0.000000,0.000000,0.319776,0.101777,0.097416,-0.162508,-0.448675,-0.638344
106637.228334,split,tool_wrist,tool_tip,follow,blend,local-angle,z,y,z,-0.048879,0.015028,0.064551,-0.276978,0.008337,0.418696,-0.276933,0.008335,0.418767,0.000084,0.019699,0.101586,0.097416,0.004170,-0.005891,0.000000,0.001887,0.000000,0.000000,0.000000,0.000000,0.000000,0.000000,0.000000,0.320126,0.097094,-0.080030,0.000000,0.000000,0.319776,0.093996,0.097416,-0.073401,-0.555175,-0.638914
106637.308342,split,tool_wrist,tool_tip,follow,blend,local-angle,z,y,z,-0.048918,0.014989,0.064588,-0.277002,0.008313,0.418715,-0.276990,0.008354,0.418788,0.000085,0.006371,0.101586,0.097416,0.004170,-0.005891,0.000000,0.001887,0.000000,0.000000,0.000000,0.000000,0.000000,0.000000,0.000000,0.320839,0.097317,-0.010452,0.000000,0.000000,0.320471,0.098336,0.097416,-0.006138,-0.667383,-0.581311
106637.388598,split,tool_wrist,tool_tip,follow,blend,local-angle,z,y,z,-0.048949,0.014957,0.064618,-0.277019,0.008296,0.418728,-0.276993,0.008363,0.418790,0.000095,0.001800,0.101586,0.097416,0.004170,-0.005891,0.000000,0.001887,0.000000,0.000000,0.000000,0.000000,0.000000,0.000000,0.000000,0.320874,0.097418,0.008938,0.000000,0.000000,0.320618,0.095039,0.097416,0.009224,-0.711309,-0.550006
106637.469051,split,tool_wrist,tool_tip,follow,blend,local-angle,z,y,z,-0.048972,0.014936,0.064634,-0.277031,0.008284,0.418735,-0.277003,0.008230,0.418780,0.000076,0.002290,0.101586,0.097416,0.004170,-0.005891,0.000000,0.001887,0.000000,0.000000,0.000000,0.000000,0.000000,0.000000,0.000000,0.320952,0.095863,0.006059,0.000000,0.000000,0.320681,0.096116,0.097416,0.003963,-0.710610,-0.540473
106637.549165,split,tool_wrist,tool_tip,follow,blend,local-angle,z,y,z,-0.049012,0.014896,0.064671,-0.277053,0.008262,0.418752,-0.277061,0.008229,0.418799,0.000058,0.003433,0.101586,0.097416,0.004170,-0.005891,0.000000,0.001887,0.000000,0.000000,0.000000,0.000000,0.000000,0.000000,0.000000,0.321664,0.095860,-0.028480,0.000000,0.000000,0.322386,0.095219,0.097416,-0.032511,-0.666273,-0.532001
106637.629206,split,tool_wrist,tool_tip,follow,blend,local-angle,z,y,z,-0.049008,0.014898,0.064674,-0.277051,0.008263,0.418754,-0.277045,0.008228,0.418794,0.000054,0.006052,0.101586,0.097416,0.004170,-0.005891,0.000000,0.001887,0.000000,0.000000,0.000000,0.000000,0.000000,0.000000,0.000000,0.321470,0.095844,-0.099277,0.000000,0.000000,0.326270,0.094413,0.097416,-0.105015,-0.566127,-0.530921
106637.709252,split,tool_wrist,tool_tip,follow,blend,local-angle,z,y,z,-0.049008,0.014898,0.064674,-0.277051,0.008263,0.418754,-0.276937,0.008293,0.418765,0.000119,0.011115,0.101585,0.097416,0.004169,-0.005891,0.000000,0.001887,0.000000,0.000000,0.000000,0.000000,0.000000,0.000000,0.000000,0.320165,0.096604,-0.175176,0.000000,0.000000,0.317866,0.095525,0.097416,-0.180923,-0.453566,-0.542703
106637.789460,split,tool_wrist,tool_tip,follow,blend,local-angle,z,y,z,-0.049008,0.014898,0.064674,-0.277051,0.008263,0.418754,-0.277019,0.008230,0.418786,0.000056,0.017677,0.101586,0.097416,0.004169,-0.005891,0.000000,0.001887,0.000000,0.000000,0.000000,0.000000,0.000000,0.000000,0.000000,0.321153,0.095863,-0.259746,0.000000,0.000000,0.320635,0.097574,0.097416,-0.265375,-0.323295,-0.563520
106637.869825,split,tool_wrist,tool_tip,follow,blend,local-angle,z,y,z,-0.049008,0.014898,0.064674,-0.277051,0.008263,0.418754,-0.277010,0.008264,0.418786,0.000052,0.022315,0.101586,0.097416,0.004170,-0.005891,0.000000,0.001887,0.000000,0.000000,0.000000,0.000000,0.000000,0.000000,0.000000,0.321055,0.096264,-0.335685,0.000000,0.000000,0.320635,0.097589,0.097416,-0.341136,-0.195486,-0.593815
106637.950041,split,tool_wrist,tool_tip,follow,blend,local-angle,z,y,z,-0.048969,0.014938,0.064637,-0.277030,0.008285,0.418737,-0.277007,0.008279,0.418786,0.000055,0.020847,0.101586,0.097416,0.004170,-0.005891,0.000000,0.001887,0.000000,0.000000,0.000000,0.000000,0.000000,0.000000,0.000000,0.321018,0.096445,-0.411368,0.000000,0.000000,0.320635,0.097589,0.097416,-0.417443,-0.065890,-0.624493
106638.030092,split,tool_wrist,tool_tip,follow,blend,local-angle,z,y,z,-0.049083,0.014894,0.064480,-0.277092,0.008261,0.418667,-0.277062,0.008275,0.418804,0.000142,0.008487,0.101586,0.097416,0.004169,-0.005891,0.000000,0.001887,0.000000,0.000000,0.000000,0.000000,0.000000,0.000000,0.000000,0.321692,0.096393,-0.503732,0.000000,0.000000,0.321474,0.094745,0.097416,-0.509986,0.050590,-0.638681
106638.110312,split,tool_wrist,tool_tip,follow,blend,local-angle,z,y,z,-0.049407,0.014731,0.064182,-0.277269,0.008172,0.418533,-0.277233,0.008185,0.418659,0.000132,0.002350,0.101768,0.097626,0.004143,-0.005891,0.000000,0.001887,0.000000,0.000000,0.000000,0.000000,0.000000,0.000000,0.000000,0.323052,0.095142,-0.550244,0.000000,0.000000,0.322907,0.092345,0.097626,-0.552572,0.128926,-0.644594
106638.190479,split,tool_wrist,tool_tip,follow,blend,local-angle,z,y,z,-0.050254,0.014314,0.063400,-0.277727,0.007946,0.418187,-0.277671,0.007898,0.418446,0.000269,0.001260,0.102082,0.097946,0.004138,-0.005891,0.000000,0.001887,0.000000,0.000000,0.000000,0.000000,0.000000,0.000000,0.000000,0.327086,0.091464,-0.577017,0.000000,0.000000,0.327815,0.089281,0.097946,-0.578262,0.168336,-0.662210
106638.271049,split,tool_wrist,tool_tip,follow,blend,local-angle,z,y,z,-0.051624,0.013572,0.062458,-0.278472,0.007545,0.417759,-0.278855,0.007574,0.418235,0.000612,0.002734,0.102637,0.098520,0.004119,-0.005891,0.000000,0.001887,0.000000,0.000000,0.000000,0.000000,0.000000,0.000000,0.000000,0.339236,0.087143,-0.596496,0.000000,0.000000,0.336108,0.084391,0.098520,-0.598338,0.191706,-0.683157
106638.351404,split,tool_wrist,tool_tip,follow,blend,local-angle,z,y,z,-0.052730,0.012779,0.062449,-0.279086,0.007106,0.417753,-0.278836,0.007098,0.417844,0.000265,0.000702,0.102959,0.098812,0.004148,-0.005891,0.000000,0.001887,0.000000,0.000000,0.000000,0.000000,0.000000,0.000000,0.000000,0.337540,0.081346,-0.611590,0.000000,0.000000,0.347942,0.077878,0.098812,-0.611369,0.202128,-0.701670
106638.431573,split,tool_wrist,tool_tip,follow,blend,local-angle,z,y,z,-0.053686,0.012304,0.061726,-0.279606,0.006844,0.417441,-0.278855,0.006788,0.417500,0.000756,0.002066,0.103264,0.099131,0.004135,-0.005891,0.000000,0.001887,0.000000,0.000000,0.000000,0.000000,0.000000,0.000000,0.000000,0.336437,0.077520,-0.616220,0.000000,0.000000,0.341605,0.074531,0.099131,-0.616507,0.198723,-0.716476
106638.511818,split,tool_wrist,tool_tip,follow,blend,local-angle,z,y,z,-0.054729,0.011760,0.061060,-0.280195,0.006539,0.417127,-0.280278,0.006515,0.417534,0.000416,0.001808,0.103690,0.099610,0.004083,-0.005891,0.000000,0.001887,0.000000,0.000000,0.000000,0.000000,0.000000,0.000000,0.000000,0.351863,0.074033,-0.618419,0.000000,0.000000,0.341384,0.071998,0.099610,-0.619332,0.195911,-0.727339
106638.592085,split,tool_wrist,tool_tip,follow,blend,local-angle,z,y,z,-0.055834,0.010993,0.060515,-0.280792,0.006128,0.416892,-0.281259,0.006190,0.417405,0.000696,0.002546,0.104129,0.100023,0.004108,-0.005891,0.000000,0.001887,0.000000,0.000000,0.000000,0.000000,0.000000,0.000000,0.000000,0.361780,0.069991,-0.621787,0.000000,0.000000,0.360265,0.066586,0.100023,-0.621949,0.195811,-0.735967
106638.672327,split,tool_wrist,tool_tip,follow,blend,local-angle,z,y,z,-0.056547,0.010113,0.059284,-0.281196,0.005635,0.416333,-0.280792,0.005681,0.416597,0.000484,0.001732,0.104687,0.100541,0.004149,-0.005891,0.000000,0.001887,0.000000,0.000000,0.000000,0.000000,0.000000,0.000000,0.000000,0.353652,0.063817,-0.626132,0.000000,0.000000,0.363674,0.058407,0.100541,-0.625542,0.203452,-0.741317
106638.752437,split,tool_wrist,tool_tip,follow,blend,local-angle,z,y,z,-0.057050,0.008742,0.055806,-0.281470,0.004905,0.414829,-0.280661,0.004798,0.415486,0.001047,0.003410,0.105632,0.101479,0.004157,-0.005891,0.000000,0.001887,0.000000,0.000000,0.000000,0.000000,0.000000,0.000000,0.000000,0.348012,0.053323,-0.624386,0.000000,0.000000,0.356261,0.047817,0.101479,-0.624170,0.221463,-0.735579
106638.832479,split,tool_wrist,tool_tip,follow,blend,local-angle,z,y,z,-0.057009,0.007797,0.048944,-0.281456,0.004358,0.411712,-0.280317,0.004273,0.413256,0.001920,0.004684,0.107589,0.103497,0.004100,-0.005891,0.000000,0.001887,0.000000,0.000000,0.000000,0.000000,0.000000,0.000000,0.000000,0.336211,0.046478,-0.620021,0.000000,0.000000,0.336151,0.049809,0.103497,-0.618453,0.261663,-0.720530
106638.912542,split,tool_wrist,tool_tip,follow,blend,local-angle,z,y,z,-0.055156,0.008641,0.039824,-0.280481,0.004783,0.407703,-0.279513,0.004784,0.409733,0.002249,0.002971,0.110690,0.106636,0.004071,-0.005891,0.000000,0.001887,0.000000,0.000000,0.000000,0.000000,0.000000,0.000000,0.000000,0.315980,0.050337,-0.608346,0.000000,0.000000,0.309481,0.057045,0.106636,-0.606575,0.309273,-0.707856
106638.992684,split,tool_wrist,tool_tip,follow,blend,local-angle,z,y,z,-0.051074,0.012203,0.032172,-0.278255,0.006726,0.404199,-0.278131,0.006482,0.406014,0.001836,0.000760,0.113920,0.109762,0.004170,-0.005891,0.000000,0.001887,0.000000,0.000000,0.000000,0.000000,0.000000,0.000000,0.000000,0.290811,0.065986,-0.575366,0.000000,0.000000,0.279963,0.068612,0.109762,-0.575263,0.320747,-0.680609
106639.072897,split,tool_wrist,tool_tip,follow,blend,local-angle,z,y,z,-0.046086,0.015530,0.026664,-0.275545,0.008577,0.401731,-0.275977,0.008421,0.403076,0.001421,0.000929,0.116297,0.112112,0.004191,-0.005891,0.000000,0.001887,0.000000,0.000000,0.000000,0.000000,0.000000,0.000000,0.000000,0.261843,0.083737,-0.571455,0.000000,0.000000,0.253141,0.095223,0.112112,-0.571488,0.327252,-0.656257
106639.153152,split,tool_wrist,tool_tip,follow,blend,local-angle,z,y,z,-0.042193,0.013654,0.021997,-0.273320,0.007597,0.399570,-0.273794,0.007820,0.400689,0.001236,0.001253,0.118021,0.113792,0.004234,-0.005891,0.000000,0.001887,0.000000,0.000000,0.000000,0.000000,0.000000,0.000000,0.000000,0.235145,0.076437,-0.563064,0.000000,0.000000,0.233611,0.066717,0.113792,-0.560982,0.366304,-0.637136
106639.233336,split,tool_wrist,tool_tip,follow,blend,local-angle,z,y,z,-0.038392,0.007089,0.013542,-0.271252,0.004042,0.395826,-0.271079,0.004302,0.397675,0.001875,0.004593,0.120163,0.115880,0.004295,-0.005891,0.000000,0.001887,0.000000,0.000000,0.000000,0.000000,0.000000,0.000000,0.000000,0.203145,0.041160,-0.550502,0.000000,0.000000,0.207249,0.016719,0.115880,-0.548804,0.427495,-0.624440
106639.313472,split,tool_wrist,tool_tip,follow,blend,local-angle,z,y,z,-0.033202,-0.001511,-0.000143,-0.268381,-0.000728,0.389638,-0.267465,-0.000753,0.393096,0.003578,0.005879,0.123923,0.119680,0.004265,-0.005891,0.000000,0.001887,0.000000,0.000000,0.000000,0.000000,0.000000,0.000000,0.000000,0.161922,-0.006946,-0.546139,0.000000,0.000000,0.161478,-0.027440,0.119680,-0.547285,0.503603,-0.623141
106639.393632,split,tool_wrist,tool_tip,follow,blend,local-angle,z,y,z,-0.027011,-0.009059,-0.019143,-0.264962,-0.004904,0.381062,-0.264521,-0.004767,0.386592,0.005549,0.003121,0.130033,0.125786,0.004276,-0.005891,0.000000,0.001887,0.000000,0.000000,0.000000,0.000000,0.000000,0.000000,0.000000,0.127334,-0.041665,-0.581174,0.000000,0.000000,0.121635,-0.046850,0.125786,-0.584528,0.546905,-0.620916
106639.473810,split,tool_wrist,tool_tip,follow,blend,local-angle,z,y,z,-0.023387,-0.011607,-0.038925,-0.262982,-0.006323,0.372341,-0.262396,-0.006013,0.379378,0.007068,0.002937,0.137007,0.132744,0.004292,-0.005891,0.000000,0.001887,0.000000,0.000000,0.000000,0.000000,0.000000,0.000000,0.000000,0.102396,-0.049543,-0.587868,0.000000,0.000000,0.101832,-0.040230,0.132744,-0.586533,0.581596,-0.571757
106639.554117,split,tool_wrist,tool_tip,follow,blend,local-angle,z,y,z,-0.022977,-0.007739,-0.052410,-0.262729,-0.004218,0.366103,-0.262101,-0.003873,0.372036,0.005976,0.003464,0.144193,0.139883,0.004337,-0.005891,0.000000,0.001887,0.000000,0.000000,0.000000,0.000000,0.000000,0.000000,0.000000,0.094276,-0.030112,-0.589975,0.000000,0.000000,0.094248,-0.017103,0.139883,-0.589425,0.558800,-0.553037
106639.634320,split,tool_wrist,tool_tip,follow,blend,local-angle,z,y,z,-0.024887,-0.001526,-0.057107,-0.263771,-0.000799,0.363958,-0.263530,-0.000692,0.366569,0.002625,0.002978,0.149717,0.145416,0.004320,-0.005891,0.000000,0.001887,0.000000,0.000000,0.000000,0.000000,0.000000,0.000000,0.000000,0.101045,-0.005148,-0.587175,0.000000,0.000000,0.100185,-0.005354,0.145416,-0.586165,0.480523,-0.564128
106639.714335,split,tool_wrist,tool_tip,follow,blend,local-angle,z,y,z,-0.027372,0.003055,-0.056665,-0.265137,0.001723,0.364155,-0.264445,0.001211,0.364576,0.000958,0.001729,0.151798,0.147448,0.004352,-0.005891,0.000000,0.001887,0.000000,0.000000,0.000000,0.000000,0.000000,0.000000,0.000000,0.106252,0.008899,-0.573027,0.000000,0.000000,0.103191,0.025074,0.147448,-0.573465,0.442684,-0.552791
106639.794358,split,tool_wrist,tool_tip,follow,blend,local-angle,z,y,z,-0.028791,0.006146,-0.058899,-0.265931,0.003441,0.363153,-0.266409,0.003553,0.364069,0.001039,0.002026,0.152563,0.148215,0.004354,-0.005891,0.000000,0.001887,0.000000,0.000000,0.000000,0.000000,0.000000,0.000000,0.000000,0.120123,0.025948,-0.569947,0.000000,0.000000,0.110295,0.042301,0.148215,-0.570463,0.444485,-0.539420
106639.874570,split,tool_wrist,tool_tip,follow,blend,local-angle,z,y,z,-0.028261,0.009440,-0.061116,-0.265647,0.005228,0.362159,-0.266123,0.005601,0.363065,0.001089,0.002083,0.153595,0.149261,0.004339,-0.005891,0.000000,0.001887,0.000000,0.000000,0.000000,0.000000,0.000000,0.000000,0.000000,0.117193,0.040611,-0.569225,0.000000,0.000000,0.121996,0.045145,0.149261,-0.567640,0.439682,-0.528565
106639.955331,split,tool_wrist,tool_tip,follow,blend,local-angle,z,y,z,-0.027505,0.013728,-0.062730,-0.265237,0.007537,0.361452,-0.264666,0.007445,0.362067,0.000844,0.001570,0.154510,0.150129,0.004386,-0.005891,0.000000,0.001887,0.000000,0.000000,0.000000,0.000000,0.000000,0.000000,0.000000,0.105915,0.053628,-0.563785,0.000000,0.000000,0.115727,0.047497,0.150129,-0.562532,0.425608,-0.516683
106640.035498,split,tool_wrist,tool_tip,follow,blend,local-angle,z,y,z,-0.027048,0.017858,-0.065234,-0.264976,0.009868,0.360310,-0.263871,0.009180,0.361114,0.001530,0.002718,0.155478,0.151118,0.004363,-0.005891,0.000000,0.001887,0.000000,0.000000,0.000000,0.000000,0.000000,0.000000,0.000000,0.099535,0.065683,-0.561037,0.000000,0.000000,0.101550,0.071537,0.151118,-0.561457,0.416291,-0.512082
106640.115525,split,tool_wrist,tool_tip,follow,blend,local-angle,z,y,z,-0.026839,0.020998,-0.068613,-0.264858,0.011608,0.358787,-0.265015,0.011063,0.360129,0.001457,0.000827,0.156709,0.152380,0.004337,-0.005891,0.000000,0.001887,0.000000,0.000000,0.000000,0.000000,0.000000,0.000000,0.000000,0.106925,0.078490,-0.561260,0.000000,0.000000,0.097917,0.094748,0.152380,-0.562422,0.415479,-0.509332
106640.195659,split,tool_wrist,tool_tip,follow,blend,local-angle,z,y,z,-0.026937,0.023491,-0.073657,-0.264912,0.012981,0.356522,-0.265663,0.013173,0.358514,0.002138,0.002709,0.158558,0.154231,0.004334,-0.005891,0.000000,0.001887,0.000000,0.000000,0.000000,0.000000,0.000000,0.000000,0.000000,0.110245,0.092286,-0.561983,0.000000,0.000000,0.103998,0.106392,0.154231,-0.562065,0.414210,-0.503643
106640.275854,split,tool_wrist,tool_tip,follow,blend,local-angle,z,y,z,-0.027205,0.025802,-0.080638,-0.265054,0.014233,0.353439,-0.264770,0.014592,0.356127,0.002727,0.001304,0.160963,0.156629,0.004348,-0.005891,0.000000,0.001887,0.000000,0.000000,0.000000,0.000000,0.000000,0.000000,0.000000,0.102289,0.100563,-0.565106,0.000000,0.000000,0.109817,0.100054,0.156629,-0.563908,0.416894,-0.501212
106640.356050,split,tool_wrist,tool_tip,follow,blend,local-angle,z,y,z,-0.027643,0.027295,-0.085951,-0.265292,0.015072,0.351033,-0.264183,0.015089,0.353408,0.002621,0.002056,0.163648,0.159317,0.004339,-0.005891,0.000000,0.001887,0.000000,0.000000,0.000000,0.000000,0.000000,0.000000,0.000000,0.096440,0.102107,-0.563365,0.000000,0.000000,0.101610,0.087597,0.159317,-0.562745,0.409717,-0.498709
106640.436148,split,tool_wrist,tool_tip,follow,blend,local-angle,z,y,z,-0.028072,0.027791,-0.089451,-0.265528,0.015342,0.349454,-0.264353,0.014538,0.351052,0.002140,0.002703,0.165943,0.161595,0.004354,-0.005891,0.000000,0.001887,0.000000,0.000000,0.000000,0.000000,0.000000,0.000000,0.000000,0.096055,0.096861,-0.562176,0.000000,0.000000,0.096757,0.094026,0.161595,-0.562801,0.409617,-0.500781
106640.516270,split,tool_wrist,tool_tip,follow,blend,local-angle,z,y,z,-0.028425,0.028501,-0.092156,-0.265727,0.015739,0.348201,-0.265669,0.015046,0.349647,0.001604,0.000287,0.167514,0.163197,0.004326,-0.005891,0.000000,0.001887,0.000000,0.000000,0.000000,0.000000,0.000000,0.000000,0.000000,0.103831,0.099213,-0.557767,0.000000,0.000000,0.095556,0.112912,0.163197,-0.558556,0.416220,-0.492667
106640.596374,split,tool_wrist,tool_tip,follow,blend,local-angle,z,y,z,-0.028242,0.028757,-0.093379,-0.265635,0.015885,0.347630,-0.266374,0.016208,0.348610,0.001269,0.002355,0.168733,0.164398,0.004338,-0.005891,0.000000,0.001887,0.000000,0.000000,0.000000,0.000000,0.000000,0.000000,0.000000,0.107730,0.106050,-0.555039,0.000000,0.000000,0.099011,0.120288,0.164398,-0.555140,0.416764,-0.485626
106640.676621,split,tool_wrist,tool_tip,follow,blend,local-angle,z,y,z,-0.026014,0.028036,-0.092771,-0.264420,0.015494,0.347900,-0.265269,0.016306,0.348059,0.001185,0.000996,0.169174,0.164800,0.004374,-0.005891,0.000000,0.001887,0.000000,0.000000,0.000000,0.000000,0.000000,0.000000,0.000000,0.100143,0.106387,-0.547192,0.000000,0.000000,0.101363,0.100205,0.164800,-0.545517,0.423546,-0.466994
106640.756648,split,tool_wrist,tool_tip,follow,blend,local-angle,z,y,z,-0.020187,0.025643,-0.091439,-0.261311,0.014218,0.348481,-0.261068,0.014576,0.347804,0.000804,0.004562,0.168893,0.164462,0.004428,-0.005891,0.000000,0.001887,0.000000,0.000000,0.000000,0.000000,0.000000,0.000000,0.000000,0.072586,0.095237,-0.528971,0.000000,0.000000,0.078895,0.076540,0.164462,-0.526259,0.449411,-0.431183
106640.836729,split,tool_wrist,tool_tip,follow,blend,local-angle,z,y,z,-0.011616,0.022731,-0.089164,-0.256625,0.012610,0.349487,-0.256256,0.012432,0.348153,0.001396,0.008669,0.168084,0.163637,0.004442,-0.005891,0.000000,0.001887,0.000000,0.000000,0.000000,0.000000,0.000000,0.000000,0.000000,0.041165,0.081625,-0.491517,0.000000,0.000000,0.039629,0.067581,0.163637,-0.487756,0.504260,-0.361757
106640.916874,split,tool_wrist,tool_tip,follow,blend,local-angle,z,y,z,-0.002251,0.020469,-0.085313,-0.251397,0.011344,0.351237,-0.251884,0.011451,0.349083,0.002211,0.009916,0.166963,0.162522,0.004435,-0.005891,0.000000,0.001887,0.000000,0.000000,0.000000,0.000000,0.000000,0.000000,0.000000,0.012475,0.075730,-0.433260,0.000000,0.000000,0.009462,0.064976,0.162522,-0.428727,0.575120,-0.261857
106640.996929,split,tool_wrist,tool_tip,follow,blend,local-angle,z,y,z,0.006987,0.017601,-0.081071,-0.246352,0.009790,0.353133,-0.246384,0.009861,0.350856,0.002278,0.005826,0.165113,0.160652,0.004449,-0.005891,0.000000,0.001887,0.000000,0.000000,0.000000,0.000000,0.000000,0.000000,0.000000,-0.024254,0.066007,-0.373093,0.000000,0.000000,-0.026897,0.055233,0.160652,-0.370927,0.670587,-0.178376
106641.076949,split,tool_wrist,tool_tip,follow,blend,local-angle,z,y,z,0.014110,0.013318,-0.077496,-0.242376,0.007430,0.354756,-0.242030,0.007450,0.353361,0.001438,0.002539,0.162645,0.158179,0.004457,-0.005891,0.000000,0.001887,0.000000,0.000000,0.000000,0.000000,0.000000,0.000000,0.000000,-0.054312,0.050694,-0.367720,0.000000,0.000000,-0.049440,0.055627,0.158179,-0.365988,0.771986,-0.185229
106641.157059,split,tool_wrist,tool_tip,follow,blend,local-angle,z,y,z,0.017670,0.008690,-0.074322,-0.240390,0.004877,0.356191,-0.239408,0.005380,0.354975,0.001642,0.004658,0.161111,0.156686,0.004421,-0.005891,0.000000,0.001887,0.000000,0.000000,0.000000,0.000000,0.000000,0.000000,0.000000,-0.072914,0.036987,-0.342057,0.000000,0.000000,-0.071185,0.034793,0.156686,-0.338861,0.845716,-0.165005
106641.237289,split,tool_wrist,tool_tip,follow,blend,local-angle,z,y,z,0.018299,0.003690,-0.071282,-0.240031,0.002200,0.357527,-0.240076,0.002827,0.356178,0.001488,0.005107,0.159792,0.155370,0.004416,-0.005891,0.000000,0.001887,0.000000,0.000000,0.000000,0.000000,0.000000,0.000000,0.000000,-0.068906,0.019611,-0.293210,0.000000,0.000000,-0.074673,0.007050,0.155370,-0.290304,0.932189,-0.129260
106641.317374,split,tool_wrist,tool_tip,follow,blend,local-angle,z,y,z,0.018220,-0.001772,-0.068180,-0.240074,-0.000803,0.358919,-0.240060,-0.000437,0.357340,0.001620,0.006988,0.158606,0.154150,0.004450,-0.005891,0.000000,0.001887,0.000000,0.000000,0.000000,0.000000,0.000000,0.000000,0.000000,-0.069572,-0.003051,-0.216572,0.000000,0.000000,-0.068463,-0.019996,0.154150,-0.210714,1.027196,-0.075348
106641.397546,split,tool_wrist,tool_tip,follow,blend,local-angle,z,y,z,0.018174,-0.007225,-0.064657,-0.240103,-0.003852,0.360525,-0.239864,-0.003665,0.358816,0.001736,0.008658,0.157195,0.152750,0.004440,-0.005891,0.000000,0.001887,0.000000,0.000000,0.000000,0.000000,0.000000,0.000000,0.000000,-0.071678,-0.025877,-0.126189,0.000000,0.000000,-0.072233,-0.042864,0.152750,-0.119376,1.111943,-0.013408
106641.477616,split,tool_wrist,tool_tip,follow,blend,local-angle,z,y,z,0.018482,-0.012634,-0.060806,-0.239935,-0.006837,0.362262,-0.239845,-0.006387,0.359941,0.002365,0.012185,0.156172,0.151742,0.004427,-0.005891,0.000000,0.001887,0.000000,0.000000,0.000000,0.000000,0.000000,0.000000,0.000000,-0.072392,-0.045447,-0.020828,0.000000,0.000000,-0.073258,-0.056011,0.151742,-0.013196,1.185113,0.070390
106641.557698,split,tool_wrist,tool_tip,follow,blend,local-angle,z,y,z,0.019548,-0.017226,-0.057255,-0.239353,-0.009382,0.363873,-0.239346,-0.009153,0.360764,0.003117,0.020415,0.155543,0.151121,0.004419,-0.005891,0.000000,0.001887,0.000000,0.000000,0.000000,0.000000,0.000000,0.000000,0.000000,-0.076382,-0.065442,0.092911,0.000000,0.000000,-0.077302,-0.070717,0.151121,0.100730,1.233606,0.170883
106641.638192,split,tool_wrist,tool_tip,follow,blend,local-angle,z,y,z,0.021326,-0.021309,-0.053198,-0.238407,-0.011583,0.365656,-0.238580,-0.010901,0.361330,0.004382,0.031086,0.155166,0.150752,0.004413,-0.005564,0.000000,0.001887,0.000000,0.000000,0.000000,0.000000,0.000000,0.000000,0.000000,-0.082177,-0.078176,0.209994,0.000000,0.000000,-0.083145,-0.083708,0.150752,0.217860,1.249216,0.280876
106641.718348,split,tool_wrist,tool_tip,follow,blend,local-angle,z,y,z,0.023068,-0.023675,-0.048240,-0.237452,-0.012926,0.367874,-0.237592,-0.012679,0.361930,0.005950,0.032779,0.154805,0.150397,0.004406,-0.005564,0.000000,0.001887,0.000000,0.000000,0.000000,0.000000,0.000000,0.000000,0.000000,-0.089637,-0.091199,0.323899,0.000000,0.000000,-0.090734,-0.096465,0.150397,0.331727,1.249331,0.390062
106641.798497,split,tool_wrist,tool_tip,follow,blend,local-angle,z,y,z,0.025377,-0.024297,-0.044109,-0.236159,-0.013297,0.369779,-0.236366,-0.013796,0.362604,0.007195,0.026896,0.154358,0.149956,0.004400,-0.005564,0.000000,0.001887,0.000000,0.000000,0.000000,0.000000,0.000000,0.000000,0.000000,-0.098917,-0.099582,0.437252,0.000000,0.000000,-0.100239,-0.101581,0.149956,0.445026,1.249331,0.500100
106641.878599,split,tool_wrist,tool_tip,follow,blend,local-angle,z,y,z,0.028263,-0.023802,-0.042617,-0.234593,-0.013027,0.370472,-0.234789,-0.013925,0.363350,0.007181,0.023512,0.153797,0.149401,0.004394,-0.005564,0.000000,0.001887,0.000000,0.000000,0.000000,0.000000,0.000000,0.000000,0.000000,-0.110871,-0.100926,0.551603,0.000000,0.000000,-0.112430,-0.101581,0.149401,0.559258,1.241818,0.613121
106641.958794,split,tool_wrist,tool_tip,follow,blend,local-angle,z,y,z,0.031918,-0.024033,-0.043113,-0.232555,-0.013146,0.370251,-0.232696,-0.013876,0.364270,0.006027,0.019671,0.153130,0.148739,0.004387,-0.005564,0.000000,0.001887,0.000000,0.000000,0.000000,0.000000,0.000000,0.000000,0.000000,-0.126817,-0.101058,0.660462,0.000000,0.000000,-0.128844,-0.100451,0.148739,0.667969,1.225446,0.722474
106642.038823,split,tool_wrist,tool_tip,follow,blend,local-angle,z,y,z,0.036011,-0.026404,-0.043428,-0.230313,-0.014434,0.370108,-0.230107,-0.014213,0.365588,0.004531,0.013618,0.152218,0.147839,0.004374,-0.005564,0.000000,0.001887,0.000000,0.000000,0.000000,0.000000,0.000000,0.000000,0.000000,-0.146944,-0.104220,0.767113,0.000000,0.000000,-0.148847,-0.110851,0.147839,0.774349,1.200167,0.831909
106642.119017,split,tool_wrist,tool_tip,follow,blend,local-angle,z,y,z,0.038962,-0.030655,-0.043939,-0.228682,-0.016752,0.369882,-0.228372,-0.016807,0.367198,0.002702,0.007230,0.151197,0.146836,0.004356,-0.005564,0.000000,0.001887,0.000000,0.000000,0.000000,0.000000,0.000000,0.000000,0.000000,-0.161453,-0.124262,0.873483,0.000000,0.000000,-0.162815,-0.132730,0.146836,0.880748,1.176183,0.944380
106642.199123,split,tool_wrist,tool_tip,follow,blend,local-angle,z,y,z,0.039316,-0.035470,-0.045007,-0.228463,-0.019385,0.369407,-0.228402,-0.019442,0.368759,0.000654,0.001100,0.150020,0.145682,0.004334,-0.005564,0.000000,0.001887,0.000000,0.000000,0.000000,0.000000,0.000000,0.000000,0.000000,-0.163113,-0.145138,0.980591,0.000000,0.000000,-0.163042,-0.153840,0.145682,0.986373,1.168285,1.056872
106642.279392,split,tool_wrist,tool_tip,follow,blend,local-angle,z,y,z,0.038203,-0.040371,-0.046222,-0.229079,-0.022105,0.368853,-0.228912,-0.022204,0.369218,0.000413,0.001289,0.149919,0.145661,0.004260,-0.005564,0.000000,0.001887,0.000000,0.000000,0.000000,0.000000,0.000000,0.000000,0.000000,-0.159881,-0.166064,1.034756,0.000000,0.000000,-0.157292,-0.167877,0.145661,1.040750,1.171758,1.112157
106642.359562,split,tool_wrist,tool_tip,follow,blend,local-angle,z,y,z,0.037068,-0.045035,-0.046252,-0.229702,-0.024670,0.368836,-0.228966,-0.024192,0.369131,0.000926,0.002892,0.150338,0.146061,0.004278,-0.005564,0.000000,0.001887,0.000000,0.000000,0.000000,0.000000,0.000000,0.000000,0.000000,-0.159376,-0.180522,1.087055,0.000000,0.000000,-0.151750,-0.183910,0.146061,1.089513,1.165924,1.160331
106642.439634,split,tool_wrist,tool_tip,follow,blend,local-angle,z,y,z,0.036031,-0.048727,-0.045467,-0.230274,-0.026712,0.369184,-0.229545,-0.026392,0.369242,0.000798,0.002433,0.150554,0.146251,0.004303,-0.005564,0.000000,0.001887,0.000000,0.000000,0.000000,0.000000,0.000000,0.000000,0.000000,-0.155186,-0.196826,1.139303,0.000000,0.000000,-0.154736,-0.214578,0.146251,1.140084,1.148709,1.208710
106642.519797,split,tool_wrist,tool_tip,follow,blend,local-angle,z,y,z,0.035411,-0.051239,-0.044721,-0.230621,-0.028103,0.369521,-0.230620,-0.028400,0.369531,0.000297,0.002166,0.150524,0.146251,0.004273,-0.005891,0.000000,0.001887,0.000000,0.000000,0.000000,0.000000,0.000000,0.000000,0.000000,-0.147476,-0.212065,1.187953,0.000000,0.000000,-0.156840,-0.221672,0.146251,1.192114,1.125465,1.259074
106642.599969,split,tool_wrist,tool_tip,follow,blend,local-angle,z,y,z,0.036278,-0.052794,-0.043323,-0.230151,-0.028963,0.370148,-0.230778,-0.029397,0.369824,0.000828,0.001899,0.150431,0.146144,0.004285,-0.005891,0.000000,0.001887,0.000000,0.000000,0.000000,0.000000,0.000000,0.000000,0.000000,-0.146614,-0.219788,1.226251,0.000000,0.000000,-0.155479,-0.214909,0.146144,1.228642,1.102936,1.294431
106642.680099,split,tool_wrist,tool_tip,follow,blend,local-angle,z,y,z,0.038372,-0.053862,-0.041396,-0.229022,-0.029541,0.370993,-0.229871,-0.029444,0.370433,0.001022,0.003920,0.149987,0.145720,0.004265,-0.005891,0.000000,0.001887,0.000000,0.000000,0.000000,0.000000,0.000000,0.000000,0.000000,-0.154132,-0.220887,1.238672,0.000000,0.000000,-0.157568,-0.209482,0.145720,1.235983,1.107421,1.309089
106642.760106,split,tool_wrist,tool_tip,follow,blend,local-angle,z,y,z,0.038745,-0.053971,-0.040955,-0.228783,-0.029614,0.371222,-0.228364,-0.029094,0.370918,0.000733,0.009570,0.149677,0.145422,0.004255,-0.005891,0.000000,0.001887,0.000000,0.000000,0.000000,0.000000,0.000000,0.000000,0.000000,-0.166079,-0.218726,1.182663,0.000000,0.000000,-0.164899,-0.214316,0.145422,1.175472,1.133823,1.261737
106642.840256,split,tool_wrist,tool_tip,follow,blend,local-angle,z,y,z,0.038519,-0.053961,-0.040561,-0.228911,-0.029615,0.371373,-0.228800,-0.029565,0.370955,0.000435,0.042189,0.149675,0.145422,0.004253,-0.005891,0.000000,0.001887,0.000000,0.000000,0.000000,0.000000,0.000000,0.000000,0.000000,-0.162839,-0.222330,1.089605,0.000000,0.000000,-0.163343,-0.224887,0.145422,1.081798,1.134656,1.170239
106642.920512,split,tool_wrist,tool_tip,follow,blend,local-angle,z,y,z,0.036870,-0.052101,-0.038146,-0.229764,-0.028638,0.372450,-0.228815,-0.029783,0.371007,0.002073,0.067608,0.149672,0.145422,0.004249,-0.005891,0.000000,0.001887,0.000000,0.000000,0.000000,0.000000,0.000000,0.000000,0.000000,-0.162794,-0.224006,0.972824,0.000000,0.000000,-0.163044,-0.224319,0.145422,0.964914,1.137510,1.060175
106643.000528,split,tool_wrist,tool_tip,follow,blend,local-angle,z,y,z,0.031396,-0.045880,-0.034365,-0.232750,-0.025271,0.374143,-0.229968,-0.029128,0.370671,0.005888,0.089663,0.149673,0.145422,0.004251,-0.005891,0.000000,0.001887,0.000000,0.000000,0.000000,0.000000,0.000000,0.000000,0.000000,-0.153682,-0.218996,0.858793,0.000000,0.000000,-0.153160,-0.212681,0.145422,0.850944,1.129556,0.954018
106643.080793,split,tool_wrist,tool_tip,follow,blend,local-angle,z,y,z,0.025362,-0.037595,-0.031286,-0.236120,-0.020644,0.375566,-0.231529,-0.027144,0.369996,0.009714,0.103249,0.149686,0.145422,0.004264,-0.005891,0.000000,0.001887,0.000000,0.000000,0.000000,0.000000,0.000000,0.000000,0.000000,-0.141151,-0.203842,0.745636,0.000000,0.000000,-0.140641,-0.195832,0.145422,0.737780,1.116137,0.849403
106643.160831,split,tool_wrist,tool_tip,follow,blend,local-angle,z,y,z,0.018144,-0.027936,-0.030309,-0.240091,-0.015333,0.376012,-0.233216,-0.024880,0.369296,0.013547,0.119158,0.149705,0.145422,0.004283,-0.005564,0.000000,0.001887,0.000000,0.000000,0.000000,0.000000,0.000000,0.000000,0.000000,-0.127725,-0.186604,0.631155,0.000000,0.000000,-0.127115,-0.178091,0.145422,0.623354,1.094082,0.744057
106643.241060,split,tool_wrist,tool_tip,follow,blend,local-angle,z,y,z,0.012020,-0.020012,-0.031619,-0.243437,-0.010992,0.375441,-0.234888,-0.022664,0.368671,0.015974,0.131164,0.149724,0.145422,0.004302,-0.005564,0.000000,0.001887,0.000000,0.000000,0.000000,0.000000,0.000000,0.000000,0.000000,-0.114578,-0.169787,0.527949,0.000000,0.000000,-0.113830,-0.160592,0.145422,0.520257,1.063760,0.649862
106643.322138,split,tool_wrist,tool_tip,follow,blend,local-angle,z,y,z,0.006901,-0.015041,-0.035200,-0.246283,-0.008218,0.373824,-0.236923,-0.020108,0.368017,0.016208,0.140108,0.149745,0.145422,0.004323,-0.005564,0.000000,0.001887,0.000000,0.000000,0.000000,0.000000,0.000000,0.000000,0.000000,-0.098771,-0.150457,0.422766,0.000000,0.000000,-0.097789,-0.140362,0.145422,0.415275,1.020701,0.554694
106643.402579,split,tool_wrist,tool_tip,follow,blend,local-angle,z,y,z,0.002938,-0.013280,-0.038038,-0.248436,-0.007234,0.372548,-0.239216,-0.017455,0.367414,0.014692,0.153319,0.149764,0.145422,0.004342,-0.005564,0.000000,0.001887,0.000000,0.000000,0.000000,0.000000,0.000000,0.000000,0.000000,-0.081168,-0.130468,0.327129,0.000000,0.000000,-0.079979,-0.119860,0.145422,0.319963,0.969353,0.467912
106643.482698,split,tool_wrist,tool_tip,follow,blend,local-angle,z,y,z,-0.000369,-0.013726,-0.038337,-0.250276,-0.007476,0.372396,-0.241386,-0.015272,0.366971,0.013009,0.171508,0.149780,0.145422,0.004358,-0.005564,0.000000,0.001887,0.000000,0.000000,0.000000,0.000000,0.000000,0.000000,0.000000,-0.064670,-0.114054,0.250724,0.000000,0.000000,-0.063316,-0.104350,0.145422,0.243920,0.917394,0.396100
106643.562733,split,tool_wrist,tool_tip,follow,blend,local-angle,z,y,z,-0.003212,-0.013873,-0.037450,-0.251842,-0.007563,0.372787,-0.244381,-0.012897,0.366542,0.011096,0.180000,0.149797,0.145422,0.004375,-0.005564,0.000000,0.001887,0.000000,0.000000,0.000000,0.000000,0.000000,0.000000,0.000000,-0.042090,-0.096249,0.162671,0.000000,0.000000,-0.040533,-0.087669,0.145422,0.156512,0.836955,0.313086
106643.643034,split,tool_wrist,tool_tip,follow,blend,local-angle,z,y,z,-0.006678,-0.013554,-0.035154,-0.253709,-0.007392,0.373797,-0.247621,-0.010857,0.366279,0.010276,0.180000,0.149782,0.145354,0.004428,-0.005564,0.000000,0.001887,0.000000,0.000000,0.000000,0.000000,0.000000,0.000000,0.000000,-0.017804,-0.080996,0.085015,0.000000,0.000000,-0.016172,-0.073759,0.145354,0.079761,0.736078,0.241563
106643.723472,split,tool_wrist,tool_tip,follow,blend,local-angle,z,y,z,-0.013035,-0.013023,-0.031322,-0.257109,-0.007099,0.375473,-0.250832,-0.009389,0.366356,0.011304,0.171862,0.149576,0.145145,0.004430,-0.005564,0.000000,0.001887,0.000000,0.000000,0.000000,0.000000,0.000000,0.000000,0.000000,0.006214,-0.070127,0.023811,0.000000,0.000000,0.008038,-0.064816,0.145145,0.019608,0.623865,0.184623
106643.803816,split,tool_wrist,tool_tip,follow,blend,local-angle,z,y,z,-0.020258,-0.013290,-0.025671,-0.261139,-0.007229,0.378021,-0.254446,-0.008542,0.366622,0.013284,0.159110,0.149326,0.144894,0.004430,-0.005564,0.000000,0.001887,0.000000,0.000000,0.000000,0.000000,0.000000,0.000000,0.000000,0.033313,-0.063910,-0.025469,0.000000,0.000000,0.035315,-0.061424,0.144894,-0.028771,0.499579,0.134624
106643.883922,split,tool_wrist,tool_tip,follow,blend,local-angle,z,y,z,-0.026602,-0.014622,-0.018482,-0.264705,-0.007967,0.381308,-0.258375,-0.008389,0.367121,0.015541,0.141455,0.149007,0.144581,0.004425,-0.005564,0.000000,0.001887,0.000000,0.000000,0.000000,0.000000,0.000000,0.000000,0.000000,0.062930,-0.062919,-0.064508,0.000000,0.000000,0.064985,-0.061424,0.144581,-0.066896,0.363535,0.084752
106643.964061,split,tool_wrist,tool_tip,follow,blend,local-angle,z,y,z,-0.031124,-0.016655,-0.011490,-0.267188,-0.009074,0.384440,-0.262022,-0.008363,0.367769,0.017467,0.120437,0.148639,0.144221,0.004416,-0.005564,0.000000,0.001887,0.000000,0.000000,0.000000,0.000000,0.000000,0.000000,0.000000,0.090658,-0.062896,-0.088845,0.000000,0.000000,0.092706,-0.064289,0.144221,-0.090424,0.233587,0.037340
106644.044228,split,tool_wrist,tool_tip,follow,blend,local-angle,z,y,z,-0.033359,-0.018374,-0.006847,-0.268437,-0.010032,0.386557,-0.265578,-0.009148,0.368691,0.018115,0.093820,0.148146,0.143741,0.004403,-0.005564,0.000000,0.001887,0.000000,0.000000,0.000000,0.000000,0.000000,0.000000,0.000000,0.118074,-0.069062,-0.103882,0.000000,0.000000,0.120011,-0.073774,0.143741,-0.104849,0.099711,-0.016965
106644.124314,split,tool_wrist,tool_tip,follow,blend,local-angle,z,y,z,-0.034480,-0.018834,-0.004274,-0.269054,-0.010290,0.387713,-0.268839,-0.010505,0.369962,0.017754,0.063473,0.147415,0.143024,0.004387,-0.005564,0.000000,0.001887,0.000000,0.000000,0.000000,0.000000,0.000000,0.000000,0.000000,0.143857,-0.079771,-0.112967,0.000000,0.000000,0.145553,-0.084945,0.143024,-0.113639,-0.033647,-0.083918
106644.204418,split,tool_wrist,tool_tip,follow,blend,local-angle,z,y,z,-0.034619,-0.018778,-0.004079,-0.269138,-0.010259,0.387815,-0.271008,-0.011492,0.371543,0.016426,0.029014,0.146270,0.141879,0.004383,-0.005564,0.000000,0.001887,0.000000,0.000000,0.000000,0.000000,0.000000,0.000000,0.000000,0.162093,-0.088056,-0.118437,0.000000,0.000000,0.163293,-0.091657,0.141879,-0.119131,-0.151726,-0.146645
106644.284729,split,tool_wrist,tool_tip,follow,blend,local-angle,z,y,z,-0.034317,-0.018988,-0.005020,-0.268974,-0.010372,0.387397,-0.270902,-0.011408,0.376413,0.011200,0.002517,0.141461,0.137028,0.004404,-0.005564,0.000000,0.001887,0.000000,0.000000,0.000000,0.000000,0.000000,0.000000,0.000000,0.167530,-0.090758,-0.123850,0.000000,0.000000,0.166697,-0.091697,0.137028,-0.124767,-0.222741,-0.192451
106644.364884,split,tool_wrist,tool_tip,follow,blend,local-angle,z,y,z,-0.033615,-0.019389,-0.007167,-0.268591,-0.010591,0.386440,-0.269320,-0.010929,0.382067,0.004445,0.004620,0.135603,0.131187,0.004390,-0.005564,0.000000,0.001887,0.000000,0.000000,0.000000,0.000000,0.000000,0.000000,0.000000,0.162366,-0.091192,-0.136593,0.000000,0.000000,0.161494,-0.093392,0.131187,-0.137588,-0.169152,-0.186832
106644.445219,split,tool_wrist,tool_tip,follow,blend,local-angle,z,y,z,-0.031770,-0.020798,-0.011786,-0.267599,-0.011349,0.384399,-0.267472,-0.011289,0.384547,0.000204,0.002959,0.132912,0.128555,0.004359,-0.005564,0.000000,0.001887,0.000000,0.000000,0.000000,0.000000,0.000000,0.000000,0.000000,0.150180,-0.096371,-0.151933,0.000000,0.000000,0.148714,-0.102577,0.128555,-0.152192,-0.084543,-0.189574
106644.525495,split,tool_wrist,tool_tip,follow,blend,local-angle,z,y,z,-0.028121,-0.023141,-0.018394,-0.265646,-0.012614,0.381479,-0.265075,-0.012477,0.382929,0.001564,0.005247,0.134295,0.130059,0.004246,-0.005564,0.000000,0.001887,0.000000,0.000000,0.000000,0.000000,0.000000,0.000000,0.000000,0.128050,-0.105304,-0.153230,0.000000,0.000000,0.122678,-0.108393,0.130059,-0.153382,-0.012628,-0.183061
106644.605792,split,tool_wrist,tool_tip,follow,blend,local-angle,z,y,z,-0.022767,-0.025485,-0.025654,-0.262705,-0.013916,0.378193,-0.262975,-0.013661,0.380289,0.002129,0.003185,0.136784,0.132452,0.004347,-0.005564,0.000000,0.001887,0.000000,0.000000,0.000000,0.000000,0.000000,0.000000,0.000000,0.107954,-0.112965,-0.155349,0.000000,0.000000,0.110550,-0.115706,0.132452,-0.156392,0.053243,-0.159637
106644.685955,split,tool_wrist,tool_tip,follow,blend,local-angle,z,y,z,-0.016519,-0.027259,-0.032170,-0.259205,-0.014918,0.375190,-0.258429,-0.014579,0.377119,0.002106,0.004210,0.139629,0.135367,0.004273,-0.005564,0.000000,0.001887,0.000000,0.000000,0.000000,0.000000,0.000000,0.000000,0.000000,0.068475,-0.117808,-0.161867,0.000000,0.000000,0.067395,-0.120065,0.135367,-0.162430,0.113796,-0.137087
106644.766115,split,tool_wrist,tool_tip,follow,blend,local-angle,z,y,z,-0.008877,-0.028155,-0.038048,-0.255048,-0.015417,0.372565,-0.255390,-0.015185,0.374374,0.001855,0.002611,0.142255,0.137947,0.004320,-0.005564,0.000000,0.001887,0.000000,0.000000,0.000000,0.000000,0.000000,0.000000,0.000000,0.042866,-0.120176,-0.165296,0.000000,0.000000,0.031918,-0.119420,0.137947,-0.165806,0.165171,-0.113305
106644.846317,split,tool_wrist,tool_tip,follow,blend,local-angle,z,y,z,0.000093,-0.026535,-0.042445,-0.250080,-0.014537,0.370561,-0.249590,-0.014271,0.372127,0.001663,0.003103,0.144267,0.139985,0.004293,-0.005564,0.000000,0.001887,0.000000,0.000000,0.000000,0.000000,0.000000,0.000000,0.000000,-0.003217,-0.111132,-0.174498,0.000000,0.000000,-0.007441,-0.105901,0.139985,-0.175755,0.210517,-0.092852
106644.926483,split,tool_wrist,tool_tip,follow,blend,local-angle,z,y,z,0.010420,-0.021501,-0.044933,-0.244432,-0.011798,0.369437,-0.245575,-0.012048,0.370294,0.001451,0.001597,0.145939,0.141573,0.004368,-0.005564,0.000000,0.001887,0.000000,0.000000,0.000000,0.000000,0.000000,0.000000,0.000000,-0.034113,-0.092563,-0.191037,0.000000,0.000000,-0.044079,-0.088871,0.141573,-0.192325,0.226907,-0.061627
106645.006929,split,tool_wrist,tool_tip,follow,blend,local-angle,z,y,z,0.021228,-0.013480,-0.044908,-0.238498,-0.007408,0.369435,-0.238115,-0.008146,0.369779,0.000899,0.004700,0.146615,0.142244,0.004373,-0.005564,0.000000,0.001887,0.000000,0.000000,0.000000,0.000000,0.000000,0.000000,0.000000,-0.091031,-0.062206,-0.213822,0.000000,0.000000,-0.089047,-0.043574,0.142244,-0.215989,0.219962,-0.022816
106645.087074,split,tool_wrist,tool_tip,follow,blend,local-angle,z,y,z,0.032815,-0.004085,-0.042383,-0.232256,-0.002337,0.370525,-0.233177,-0.002819,0.370156,0.001103,0.001402,0.146559,0.142168,0.004391,-0.005564,0.000000,0.001887,0.000000,0.000000,0.000000,0.000000,0.000000,0.000000,0.000000,-0.128855,-0.021518,-0.243654,0.000000,0.000000,-0.134957,-0.001640,0.142168,-0.245380,0.200365,0.028912
106645.167116,split,tool_wrist,tool_tip,follow,blend,local-angle,z,y,z,0.042826,0.003110,-0.038194,-0.226592,0.001748,0.372439,-0.226228,0.001345,0.371812,0.000829,0.004602,0.145980,0.141614,0.004362,-0.005891,0.000000,0.001887,0.000000,0.000000,0.000000,0.000000,0.000000,0.000000,0.000000,-0.183375,0.010326,-0.264981,0.000000,0.000000,-0.181119,0.036379,0.141614,-0.266881,0.186037,0.070575
106645.247146,split,tool_wrist,tool_tip,follow,blend,local-angle,z,y,z,0.050589,0.007161,-0.031140,-0.222292,0.003997,0.375616,-0.222513,0.003806,0.373816,0.001823,0.003294,0.144799,0.140432,0.004358,-0.005891,0.000000,0.001887,0.000000,0.000000,0.000000,0.000000,0.000000,0.000000,0.000000,-0.214495,0.029470,-0.285271,0.000000,0.000000,-0.223698,0.054788,0.140432,-0.286500,0.172457,0.100536
106645.327366,split,tool_wrist,tool_tip,follow,blend,local-angle,z,y,z,0.055060,0.010401,-0.023276,-0.219832,0.005770,0.379144,-0.218796,0.005743,0.377270,0.002141,0.004089,0.142365,0.138033,0.004320,-0.005891,0.000000,0.001887,0.000000,0.000000,0.000000,0.000000,0.000000,0.000000,0.000000,-0.248984,0.045325,-0.303467,0.000000,0.000000,-0.246628,0.067446,0.138033,-0.305271,0.146567,0.130372
106645.407592,split,tool_wrist,tool_tip,follow,blend,local-angle,z,y,z,0.055292,0.012091,-0.020277,-0.219662,0.006710,0.380524,-0.219607,0.007136,0.379475,0.001134,0.001986,0.140103,0.135813,0.004282,-0.005891,0.000000,0.001887,0.000000,0.000000,0.000000,0.000000,0.000000,0.000000,0.000000,-0.247036,0.057355,-0.313731,0.000000,0.000000,-0.256938,0.070746,0.135813,-0.313502,0.135583,0.144498
106645.487909,split,tool_wrist,tool_tip,follow,blend,local-angle,z,y,z,0.052554,0.011359,-0.022719,-0.221134,0.006346,0.379481,-0.220407,0.006882,0.379849,0.000975,0.002281,0.139533,0.135244,0.004289,-0.005891,0.000000,0.001887,0.000000,0.000000,0.000000,0.000000,0.000000,0.000000,0.000000,-0.241507,0.055566,-0.314159,0.000000,0.000000,-0.233055,0.062912,0.135244,-0.313690,0.138541,0.143759
106645.567938,split,tool_wrist,tool_tip,follow,blend,local-angle,z,y,z,0.046083,0.007444,-0.028721,-0.224619,0.004245,0.376823,-0.225039,0.004943,0.377812,0.001281,0.002269,0.140409,0.136083,0.004331,-0.005891,0.000000,0.001887,0.000000,0.000000,0.000000,0.000000,0.000000,0.000000,0.000000,-0.201528,0.039618,-0.309344,0.000000,0.000000,-0.207917,0.030086,0.136083,-0.308002,0.145096,0.129363
106645.648130,split,tool_wrist,tool_tip,follow,blend,local-angle,z,y,z,0.035775,0.000681,-0.036827,-0.230389,0.000467,0.373098,-0.230041,0.000968,0.375056,0.002051,0.002233,0.142132,0.137864,0.004276,-0.005891,0.000000,0.001887,0.000000,0.000000,0.000000,0.000000,0.000000,0.000000,0.000000,-0.158419,0.007659,-0.291591,0.000000,0.000000,-0.148933,-0.012015,0.137864,-0.290356,0.161374,0.105712
106645.728448,split,tool_wrist,tool_tip,follow,blend,local-angle,z,y,z,0.022322,-0.010562,-0.045066,-0.237545,-0.005481,0.369487,-0.237386,-0.004801,0.371574,0.002201,0.004031,0.144734,0.140363,0.004380,-0.005891,0.000000,0.001887,0.000000,0.000000,0.000000,0.000000,0.000000,0.000000,0.000000,-0.097915,-0.037176,-0.257784,0.000000,0.000000,-0.098513,-0.065970,0.140363,-0.255667,0.192784,0.052469
106645.808637,split,tool_wrist,tool_tip,follow,blend,local-angle,z,y,z,0.008866,-0.024049,-0.050311,-0.244985,-0.012913,0.367063,-0.245315,-0.012549,0.369017,0.002015,0.005343,0.147266,0.142991,0.004288,-0.005891,0.000000,0.001887,0.000000,0.000000,0.000000,0.000000,0.000000,0.000000,0.000000,-0.035763,-0.095450,-0.221631,0.000000,0.000000,-0.032496,-0.120238,0.142991,-0.218654,0.236618,-0.008555
106645.888743,split,tool_wrist,tool_tip,follow,blend,local-angle,z,y,z,-0.002455,-0.036015,-0.052295,-0.251342,-0.019632,0.366126,-0.250305,-0.019221,0.367538,0.001800,0.002543,0.149450,0.145102,0.004352,-0.005564,0.000000,0.001887,0.000000,0.000000,0.000000,0.000000,0.000000,0.000000,0.000000,0.002290,-0.144089,-0.193528,0.000000,0.000000,0.011550,-0.161432,0.145102,-0.191564,0.276725,-0.061504
106645.968745,split,tool_wrist,tool_tip,follow,blend,local-angle,z,y,z,-0.011693,-0.044514,-0.053175,-0.256428,-0.024333,0.365729,-0.257065,-0.023690,0.366892,0.001474,0.003751,0.150984,0.146700,0.004289,-0.005564,0.000000,0.001887,0.000000,0.000000,0.000000,0.000000,0.000000,0.000000,0.000000,0.053015,-0.175879,-0.172281,0.000000,0.000000,0.052136,-0.186180,0.146700,-0.171257,0.306371,-0.100916
106646.048793,split,tool_wrist,tool_tip,follow,blend,local-angle,z,y,z,-0.016885,-0.047634,-0.054460,-0.259370,-0.026127,0.365148,-0.258673,-0.025786,0.366018,0.001166,0.000931,0.152316,0.148002,0.004318,-0.005564,0.000000,0.001887,0.000000,0.000000,0.000000,0.000000,0.000000,0.000000,0.000000,0.064633,-0.189736,-0.174252,0.000000,0.000000,0.074798,-0.198718,0.148002,-0.174465,0.314038,-0.131406
106646.128861,split,tool_wrist,tool_tip,follow,blend,local-angle,z,y,z,-0.018385,-0.046992,-0.056707,-0.260209,-0.025782,0.364140,-0.260774,-0.025689,0.365103,0.001120,0.001856,0.153344,0.149037,0.004311,-0.005564,0.000000,0.001887,0.000000,0.000000,0.000000,0.000000,0.000000,0.000000,0.000000,0.079685,-0.187589,-0.179246,0.000000,0.000000,0.069622,-0.194399,0.149037,-0.180206,0.309462,-0.142650
106646.209175,split,tool_wrist,tool_tip,follow,blend,local-angle,z,y,z,-0.017505,-0.045538,-0.058814,-0.259738,-0.024993,0.363199,-0.259482,-0.025234,0.363951,0.000830,0.001335,0.154294,0.149978,0.004320,-0.005564,0.000000,0.001887,0.000000,0.000000,0.000000,0.000000,0.000000,0.000000,0.000000,0.069571,-0.182952,-0.183579,0.000000,0.000000,0.079482,-0.184824,0.149978,-0.183814,0.305253,-0.136930
106646.289186,split,tool_wrist,tool_tip,follow,blend,local-angle,z,y,z,-0.016265,-0.044335,-0.059915,-0.259047,-0.024318,0.362689,-0.258047,-0.024603,0.363061,0.001103,0.002683,0.154964,0.150649,0.004317,-0.005564,0.000000,0.001887,0.000000,0.000000,0.000000,0.000000,0.000000,0.000000,0.000000,0.058688,-0.177460,-0.192197,0.000000,0.000000,0.062983,-0.165795,0.150649,-0.192621,0.302023,-0.136491
106646.369195,split,tool_wrist,tool_tip,follow,blend,local-angle,z,y,z,-0.015210,-0.044119,-0.059730,-0.258475,-0.024195,0.362765,-0.259084,-0.024485,0.362911,0.000690,0.001140,0.155155,0.150828,0.004327,-0.005564,0.000000,0.001887,0.000000,0.000000,0.000000,0.000000,0.000000,0.000000,0.000000,0.066156,-0.176359,-0.194365,0.000000,0.000000,0.070033,-0.164539,0.150828,-0.194548,0.302080,-0.129712
106646.449201,split,tool_wrist,tool_tip,follow,blend,local-angle,z,y,z,-0.014713,-0.044190,-0.058974,-0.258193,-0.024235,0.363103,-0.257336,-0.024185,0.362802,0.000909,0.002376,0.155107,0.150736,0.004370,-0.005564,0.000000,0.001887,0.000000,0.000000,0.000000,0.000000,0.000000,0.000000,0.000000,0.053410,-0.174237,-0.194097,0.000000,0.000000,0.053487,-0.161153,0.150736,-0.194440,0.301631,-0.131422
106646.529467,split,tool_wrist,tool_tip,follow,blend,local-angle,z,y,z,-0.014261,-0.044279,-0.057013,-0.257951,-0.024283,0.363953,-0.259013,-0.023858,0.363311,0.001312,0.003436,0.154648,0.150292,0.004354,-0.005564,0.000000,0.001887,0.000000,0.000000,0.000000,0.000000,0.000000,0.000000,0.000000,0.065830,-0.172430,-0.195412,0.000000,0.000000,0.058522,-0.167865,0.150292,-0.195919,0.299522,-0.132433
106646.609599,split,tool_wrist,tool_tip,follow,blend,local-angle,z,y,z,-0.012861,-0.044467,-0.051629,-0.257192,-0.024385,0.366361,-0.256934,-0.024095,0.364349,0.002050,0.003582,0.153549,0.149138,0.004402,-0.005564,0.000000,0.001887,0.000000,0.000000,0.000000,0.000000,0.000000,0.000000,0.000000,0.051062,-0.175557,-0.210225,0.000000,0.000000,0.045949,-0.171136,0.149138,-0.213445,0.296987,-0.157976
106646.689684,split,tool_wrist,tool_tip,follow,blend,local-angle,z,y,z,-0.009944,-0.044936,-0.040997,-0.255614,-0.024641,0.371049,-0.255962,-0.024833,0.367570,0.003501,0.002110,0.150470,0.146143,0.004307,-0.005564,0.000000,0.001887,0.000000,0.000000,0.000000,0.000000,0.000000,0.000000,0.000000,0.044982,-0.185172,-0.241383,0.000000,0.000000,0.050210,-0.184698,0.146143,-0.242462,0.281333,-0.201925
106646.769877,split,tool_wrist,tool_tip,follow,blend,local-angle,z,y,z,-0.006519,-0.044670,-0.026564,-0.253693,-0.024502,0.377656,-0.253397,-0.025033,0.372596,0.005097,0.002743,0.145485,0.141056,0.004408,-0.005564,0.000000,0.001887,0.000000,0.000000,0.000000,0.000000,0.000000,0.000000,0.000000,0.026643,-0.193940,-0.249350,0.000000,0.000000,0.028826,-0.201863,0.141056,-0.249471,0.264618,-0.200614
106646.850079,split,tool_wrist,tool_tip,follow,blend,local-angle,z,y,z,-0.003112,-0.042888,-0.008961,-0.251837,-0.023539,0.385491,-0.251911,-0.024862,0.377902,0.007704,0.003040,0.140218,0.135811,0.004379,-0.005564,0.000000,0.001887,0.000000,0.000000,0.000000,0.000000,0.000000,0.000000,0.000000,0.015635,-0.200845,-0.251293,0.000000,0.000000,0.016477,-0.197935,0.135811,-0.251491,0.252495,-0.184725
106646.930145,split,tool_wrist,tool_tip,follow,blend,local-angle,z,y,z,-0.000148,-0.040136,0.007773,-0.250201,-0.022029,0.393051,-0.250372,-0.023812,0.384786,0.008458,0.001949,0.133250,0.128821,0.004397,-0.005564,0.000000,0.001887,0.000000,0.000000,0.000000,0.000000,0.000000,0.000000,0.000000,0.003219,-0.203799,-0.255843,0.000000,0.000000,0.001716,-0.197112,0.128821,-0.256489,0.236065,-0.166844
106647.010168,split,tool_wrist,tool_tip,follow,blend,local-angle,z,y,z,0.001882,-0.037739,0.019569,-0.249085,-0.020714,0.398359,-0.249085,-0.022089,0.392404,0.006112,0.000762,0.125444,0.121008,0.004402,-0.005564,0.000000,0.001887,0.000000,0.000000,0.000000,0.000000,0.000000,0.000000,0.000000,-0.008518,-0.202466,-0.256324,0.000000,0.000000,-0.009633,-0.198156,0.121008,-0.256167,0.221604,-0.151565
106647.090446,split,tool_wrist,tool_tip,follow,blend,local-angle,z,y,z,0.002940,-0.036349,0.025366,-0.248485,-0.019931,0.401041,-0.248527,-0.020553,0.398533,0.002584,0.000466,0.119138,0.114736,0.004380,-0.005564,0.000000,0.001887,0.000000,0.000000,0.000000,0.000000,0.000000,0.000000,0.000000,-0.014536,-0.199823,-0.251779,0.000000,0.000000,-0.015113,-0.198686,0.114736,-0.251028,0.218709,-0.143299
106647.170594,split,tool_wrist,tool_tip,follow,blend,local-angle,z,y,z,0.003191,-0.036095,0.026098,-0.248343,-0.019784,0.401395,-0.248511,-0.019973,0.400954,0.000509,0.001116,0.116651,0.112287,0.004359,-0.005564,0.000000,0.001887,0.000000,0.000000,0.000000,0.000000,0.000000,0.000000,0.000000,-0.015048,-0.198957,-0.237773,0.000000,0.000000,-0.009382,-0.192764,0.112287,-0.235955,0.230996,-0.140071
106647.250668,split,tool_wrist,tool_tip,follow,blend,local-angle,z,y,z,0.003448,-0.036221,0.025252,-0.248207,-0.019853,0.401023,-0.248295,-0.019942,0.401160,0.000186,0.002143,0.116446,0.112110,0.004337,-0.005564,0.000000,0.001887,0.000000,0.000000,0.000000,0.000000,0.000000,0.000000,0.000000,-0.017263,-0.199054,-0.211301,0.000000,0.000000,-0.027370,-0.191175,0.112110,-0.208366,0.241253,-0.138896
106647.330838,split,tool_wrist,tool_tip,follow,blend,local-angle,z,y,z,0.004264,-0.035887,0.023910,-0.247763,-0.019676,0.400424,-0.247640,-0.019669,0.400798,0.000394,0.001913,0.116761,0.112464,0.004300,-0.005564,0.000000,0.001887,0.000000,0.000000,0.000000,0.000000,0.000000,0.000000,0.000000,-0.023800,-0.195672,-0.169726,0.000000,0.000000,-0.014443,-0.184780,0.112464,-0.167496,0.247654,-0.121497
106647.410915,split,tool_wrist,tool_tip,follow,blend,local-angle,z,y,z,0.005732,-0.034613,0.019907,-0.246958,-0.018983,0.398653,-0.246691,-0.018740,0.399737,0.001143,0.004527,0.117653,0.113383,0.004279,-0.005564,0.000000,0.001887,0.000000,0.000000,0.000000,0.000000,0.000000,0.000000,0.000000,-0.033011,-0.184670,-0.126688,0.000000,0.000000,-0.039367,-0.171391,0.113383,-0.120969,0.244015,-0.102554
106647.490995,split,tool_wrist,tool_tip,follow,blend,local-angle,z,y,z,0.007841,-0.033054,0.010609,-0.245823,-0.018130,0.394578,-0.245877,-0.017551,0.397384,0.002866,0.006309,0.119788,0.115493,0.004311,-0.005564,0.000000,0.001887,0.000000,0.000000,0.000000,0.000000,0.000000,0.000000,0.000000,-0.040171,-0.169258,-0.074022,0.000000,0.000000,-0.034604,-0.153819,0.115493,-0.068470,0.237552,-0.060330
106647.571108,split,tool_wrist,tool_tip,follow,blend,local-angle,z,y,z,0.011074,-0.032427,-0.004707,-0.244034,-0.017766,0.387649,-0.244193,-0.016825,0.392346,0.004794,0.003756,0.124715,0.120459,0.004286,-0.005564,0.000000,0.001887,0.000000,0.000000,0.000000,0.000000,0.000000,0.000000,0.000000,-0.053904,-0.154806,-0.020619,0.000000,0.000000,-0.059263,-0.146142,0.120459,-0.018043,0.229149,-0.002638
106647.651381,split,tool_wrist,tool_tip,follow,blend,local-angle,z,y,z,0.014845,-0.033342,-0.025507,-0.241983,-0.018243,0.378416,-0.242750,-0.016917,0.385621,0.007366,0.001352,0.131450,0.127194,0.004287,-0.005564,0.000000,0.001887,0.000000,0.000000,0.000000,0.000000,0.000000,0.000000,0.000000,-0.063313,-0.146546,0.001642,0.000000,0.000000,-0.063395,-0.143028,0.127194,0.001827,0.233463,0.037709
106647.731599,split,tool_wrist,tool_tip,follow,blend,local-angle,z,y,z,0.018072,-0.035782,-0.048943,-0.240163,-0.019606,0.367667,-0.241152,-0.018013,0.379920,0.012396,0.004802,0.137346,0.133087,0.004286,-0.005564,0.000000,0.001887,0.000000,0.000000,0.000000,0.000000,0.000000,0.000000,0.000000,-0.073560,-0.148495,0.002255,0.000000,0.000000,-0.074304,-0.143122,0.133087,0.003014,0.285018,0.061097
106647.811779,split,tool_wrist,tool_tip,follow,blend,local-angle,z,y,z,0.020020,-0.037153,-0.071513,-0.239093,-0.020363,0.357578,-0.240319,-0.018304,0.373275,0.015879,0.002100,0.144005,0.139744,0.004289,-0.005564,0.000000,0.001887,0.000000,0.000000,0.000000,0.000000,0.000000,0.000000,0.000000,-0.076257,-0.143027,-0.013866,0.000000,0.000000,-0.076709,-0.140024,0.139744,-0.016437,0.332805,0.058127
106647.891785,split,tool_wrist,tool_tip,follow,blend,local-angle,z,y,z,0.020021,-0.036570,-0.083233,-0.239078,-0.020055,0.352252,-0.240072,-0.018170,0.366819,0.014722,0.001423,0.150381,0.146110,0.004299,-0.005564,0.000000,0.001887,0.000000,0.000000,0.000000,0.000000,0.000000,0.000000,0.000000,-0.074420,-0.135215,-0.033218,0.000000,0.000000,-0.074068,-0.131756,0.146110,-0.034702,0.325871,0.047636
106647.972122,split,tool_wrist,tool_tip,follow,blend,local-angle,z,y,z,0.019740,-0.036612,-0.083667,-0.239239,-0.020061,0.351972,-0.239931,-0.018580,0.361338,0.009507,0.000446,0.155863,0.151588,0.004301,-0.005564,0.000000,0.001887,0.000000,0.000000,0.000000,0.000000,0.000000,0.000000,0.000000,-0.072500,-0.132849,-0.042831,0.000000,0.000000,-0.072742,-0.137184,0.151588,-0.042954,0.316960,0.045835
106648.052161,split,tool_wrist,tool_tip,follow,blend,local-angle,z,y,z,0.020044,-0.037644,-0.078526,-0.239076,-0.020625,0.354272,-0.239264,-0.020272,0.356338,0.002105,0.002225,0.161082,0.156748,0.004346,-0.005564,0.000000,0.001887,0.000000,0.000000,0.000000,0.000000,0.000000,0.000000,0.000000,-0.074602,-0.139795,-0.014165,0.000000,0.000000,-0.074846,-0.147626,0.156748,-0.009475,0.311589,0.058721
106648.132193,split,tool_wrist,tool_tip,follow,blend,local-angle,z,y,z,0.020499,-0.039286,-0.072535,-0.238826,-0.021524,0.356977,-0.238428,-0.021815,0.356171,0.000945,0.003753,0.161533,0.157154,0.004374,-0.005564,0.000000,0.001887,0.000000,0.000000,0.000000,0.000000,0.000000,0.000000,0.000000,-0.080292,-0.150045,0.049956,0.000000,0.000000,-0.079815,-0.156528,0.157154,0.056909,0.310133,0.082247
106648.212292,split,tool_wrist,tool_tip,follow,blend,local-angle,z,y,z,0.020622,-0.041836,-0.067079,-0.238752,-0.022910,0.359419,-0.239344,-0.023278,0.357847,0.001719,0.003356,0.160040,0.155675,0.004358,-0.005564,0.000000,0.001887,0.000000,0.000000,0.000000,0.000000,0.000000,0.000000,0.000000,-0.074835,-0.161856,0.109328,0.000000,0.000000,-0.084145,-0.159317,0.155675,0.112836,0.314712,0.102427
106648.292448,split,tool_wrist,tool_tip,follow,blend,local-angle,z,y,z,0.020431,-0.044552,-0.063617,-0.238860,-0.024416,0.361010,-0.238250,-0.024548,0.359717,0.001436,0.004332,0.158498,0.154146,0.004346,-0.005564,0.000000,0.001887,0.000000,0.000000,0.000000,0.000000,0.000000,0.000000,0.000000,-0.083575,-0.172639,0.185139,0.000000,0.000000,-0.075441,-0.169309,0.154146,0.189603,0.299775,0.126972
106648.372553,split,tool_wrist,tool_tip,follow,blend,local-angle,z,y,z,0.020502,-0.047401,-0.061455,-0.238818,-0.025971,0.361978,-0.238857,-0.026314,0.360881,0.001150,0.012455,0.157624,0.153265,0.004355,-0.005564,0.000000,0.001887,0.000000,0.000000,0.000000,0.000000,0.000000,0.000000,0.000000,-0.079934,-0.186346,0.257905,0.000000,0.000000,-0.077960,-0.185547,0.153265,0.264284,0.234197,0.135941
106648.452678,split,tool_wrist,tool_tip,follow,blend,local-angle,z,y,z,0.020360,-0.049599,-0.060184,-0.238897,-0.027189,0.362559,-0.238799,-0.027393,0.361549,0.001035,0.032236,0.157178,0.152833,0.004344,-0.005564,0.000000,0.001887,0.000000,0.000000,0.000000,0.000000,0.000000,0.000000,0.000000,-0.080734,-0.194706,0.354384,0.000000,0.000000,-0.081253,-0.200440,0.152833,0.363231,0.139058,0.149889
106648.532741,split,tool_wrist,tool_tip,follow,blend,local-angle,z,y,z,0.020588,-0.050728,-0.059779,-0.238779,-0.027828,0.362747,-0.238807,-0.027969,0.361796,0.000961,0.066894,0.157049,0.152723,0.004326,-0.005564,0.000000,0.001887,0.000000,0.000000,0.000000,0.000000,0.000000,0.000000,0.000000,-0.080821,-0.199038,0.467249,0.000000,0.000000,-0.081253,-0.200297,0.152723,0.475400,0.074043,0.216191
106648.612841,split,tool_wrist,tool_tip,follow,blend,local-angle,z,y,z,0.022221,-0.051008,-0.058696,-0.237880,-0.027984,0.363234,-0.238294,-0.028020,0.361857,0.001439,0.095307,0.157041,0.152723,0.004318,-0.005564,0.000000,0.001887,0.000000,0.000000,0.000000,0.000000,0.000000,0.000000,0.000000,-0.084544,-0.199415,0.570146,0.000000,0.000000,-0.085678,-0.200297,0.152723,0.578460,0.007008,0.271474
106648.692886,split,tool_wrist,tool_tip,follow,blend,local-angle,z,y,z,0.023488,-0.052063,-0.056565,-0.237170,-0.028560,0.364190,-0.237084,-0.028576,0.362215,0.001977,0.055453,0.156909,0.152577,0.004330,-0.005564,0.000000,0.001887,0.000000,0.000000,0.000000,0.000000,0.000000,0.000000,0.000000,-0.093475,-0.203619,0.678240,0.000000,0.000000,-0.094220,-0.208172,0.152577,0.685117,-0.081090,0.328361
106648.773118,split,tool_wrist,tool_tip,follow,blend,local-angle,z,y,z,0.021557,-0.052135,-0.057146,-0.238215,-0.028601,0.363945,-0.238056,-0.028993,0.362694,0.001321,0.008184,0.156441,0.152087,0.004348,-0.005564,0.000000,0.001887,0.000000,0.000000,0.000000,0.000000,0.000000,0.000000,0.000000,-0.086782,-0.207331,0.750036,0.000000,0.000000,-0.085992,-0.203712,0.152087,0.753301,-0.172652,0.397859
106648.853394,split,tool_wrist,tool_tip,follow,blend,local-angle,z,y,z,0.021184,-0.051743,-0.058927,-0.238448,-0.028398,0.363142,-0.238494,-0.028696,0.363127,0.000302,0.016685,0.155921,0.151601,0.004320,-0.005564,0.000000,0.001887,0.000000,0.000000,0.000000,0.000000,0.000000,0.000000,0.000000,-0.083876,-0.205950,0.647717,0.000000,0.000000,-0.084133,-0.203397,0.151601,0.637705,-0.130736,0.414882
106648.933448,split,tool_wrist,tool_tip,follow,blend,local-angle,z,y,z,0.021830,-0.050437,-0.061294,-0.238107,-0.027680,0.362112,-0.238213,-0.027520,0.362791,0.000706,0.014526,0.156037,0.151760,0.004279,-0.005564,0.000000,0.001887,0.000000,0.000000,0.000000,0.000000,0.000000,0.000000,0.000000,-0.085708,-0.197232,0.500173,0.000000,0.000000,-0.086618,-0.196663,0.151760,0.489739,-0.095389,0.409857
106649.013664,split,tool_wrist,tool_tip,follow,blend,local-angle,z,y,z,0.023002,-0.050150,-0.063537,-0.237466,-0.027518,0.361082,-0.237619,-0.027281,0.362029,0.000988,0.012198,0.156786,0.152502,0.004287,-0.005564,0.000000,0.001887,0.000000,0.000000,0.000000,0.000000,0.000000,0.000000,0.000000,-0.089505,-0.194443,0.370052,0.000000,0.000000,-0.090430,-0.194473,0.152502,0.363915,-0.037214,0.357702
106649.093707,split,tool_wrist,tool_tip,follow,blend,local-angle,z,y,z,0.023798,-0.050002,-0.064190,-0.237010,-0.027432,0.360764,-0.237150,-0.027290,0.361608,0.000868,0.034825,0.157241,0.152954,0.004288,-0.005564,0.000000,0.001887,0.000000,0.000000,0.000000,0.000000,0.000000,0.000000,0.000000,-0.092599,-0.193872,0.308551,0.000000,0.000000,-0.093170,-0.192208,0.152954,0.304484,0.017800,0.228242
106649.174005,split,tool_wrist,tool_tip,follow,blend,local-angle,z,y,z,0.023837,-0.049999,-0.064171,-0.236987,-0.027430,0.360773,-0.237125,-0.027232,0.361531,0.000795,0.051058,0.157307,0.153003,0.004305,-0.005564,0.000000,0.001887,0.000000,0.000000,0.000000,0.000000,0.000000,0.000000,0.000000,-0.092724,-0.193364,0.251875,0.000000,0.000000,-0.093170,-0.192208,0.153003,0.248135,0.068614,0.092614
106649.255046,split,tool_wrist,tool_tip,follow,blend,local-angle,z,y,z,0.023818,-0.050016,-0.064151,-0.236997,-0.027439,0.360779,-0.237115,-0.027217,0.361467,0.000733,0.027553,0.157368,0.153078,0.004291,-0.005564,0.000000,0.001887,0.000000,0.000000,0.000000,0.000000,0.000000,0.000000,0.000000,-0.092755,-0.193173,0.199119,0.000000,0.000000,-0.093170,-0.192266,0.153078,0.195333,0.128638,-0.042856
106649.335109,split,tool_wrist,tool_tip,follow,blend,local-angle,z,y,z,0.024000,-0.050157,-0.063499,-0.236903,-0.027518,0.361072,-0.236918,-0.027542,0.361226,0.000157,0.002071,0.157684,0.153387,0.004298,-0.005564,0.000000,0.001887,0.000000,0.000000,0.000000,0.000000,0.000000,0.000000,0.000000,-0.093999,-0.195074,0.144345,0.000000,0.000000,-0.094656,-0.192918,0.153387,0.143618,0.162083,-0.131426
106649.415369,split,tool_wrist,tool_tip,follow,blend,local-angle,z,y,z,0.024667,-0.050089,-0.062846,-0.236532,-0.027481,0.361369,-0.236442,-0.027520,0.361260,0.000147,0.007553,0.157691,0.153362,0.004329,-0.005564,0.000000,0.001887,0.000000,0.000000,0.000000,0.000000,0.000000,0.000000,0.000000,-0.097425,-0.194905,0.076967,0.000000,0.000000,-0.098512,-0.190505,0.153362,0.072041,0.146409,-0.075375
106649.495544,split,tool_wrist,tool_tip,follow,blend,local-angle,z,y,z,0.024779,-0.050115,-0.062017,-0.236468,-0.027494,0.361738,-0.236452,-0.027643,0.361297,0.000466,0.036507,0.157679,0.153362,0.004316,-0.005564,0.000000,0.001887,0.000000,0.000000,0.000000,0.000000,0.000000,0.000000,0.000000,-0.097377,-0.195801,0.052102,0.000000,0.000000,-0.097673,-0.197400,0.153362,0.051944,0.127467,0.071397
106649.575728,split,tool_wrist,tool_tip,follow,blend,local-angle,z,y,z,0.024575,-0.050199,-0.061079,-0.236579,-0.027540,0.362164,-0.236463,-0.027734,0.361318,0.000875,0.089184,0.157675,0.153362,0.004312,-0.005564,0.000000,0.001887,0.000000,0.000000,0.000000,0.000000,0.000000,0.000000,0.000000,-0.097316,-0.196459,0.054990,0.000000,0.000000,-0.097673,-0.197400,0.153362,0.055532,0.109835,0.196784
106649.655847,split,tool_wrist,tool_tip,follow,blend,local-angle,z,y,z,0.024137,-0.050321,-0.061030,-0.236808,-0.027606,0.362184,-0.236467,-0.027759,0.361325,0.000938,0.152074,0.157673,0.153362,0.004310,-0.005564,0.000000,0.001887,0.000000,0.000000,0.000000,0.000000,0.000000,0.000000,0.000000,-0.097292,-0.196646,0.063666,0.000000,0.000000,-0.097673,-0.197400,0.153362,0.064645,0.099050,0.332931
106649.735945,split,tool_wrist,tool_tip,follow,blend,local-angle,z,y,z,0.023728,-0.049315,-0.059493,-0.237045,-0.027059,0.362873,-0.236468,-0.027782,0.361330,0.001799,0.166854,0.157672,0.153362,0.004309,-0.005564,0.000000,0.001887,0.000000,0.000000,0.000000,0.000000,0.000000,0.000000,0.000000,-0.097285,-0.196814,0.071586,0.000000,0.000000,-0.097673,-0.197400,0.153362,0.072136,0.092625,0.486784
106649.815964,split,tool_wrist,tool_tip,follow,blend,local-angle,z,y,z,0.023365,-0.048590,-0.057928,-0.237241,-0.026657,0.363576,-0.236645,-0.027659,0.361288,0.002567,0.134488,0.157671,0.153362,0.004309,-0.005564,0.000000,0.001887,0.000000,0.000000,0.000000,0.000000,0.000000,0.000000,0.000000,-0.095997,-0.195930,0.073772,0.000000,0.000000,-0.095903,-0.193104,0.153362,0.073856,0.084997,0.639303
106649.896168,split,tool_wrist,tool_tip,follow,blend,local-angle,z,y,z,0.022902,-0.048646,-0.057337,-0.237500,-0.026686,0.363848,-0.236992,-0.027239,0.361336,0.002622,0.093771,0.157512,0.153171,0.004340,-0.005564,0.000000,0.001887,0.000000,0.000000,0.000000,0.000000,0.000000,0.000000,0.000000,-0.093545,-0.193134,0.068494,0.000000,0.000000,-0.093580,-0.191669,0.153171,0.067512,0.088331,0.789872
106649.976243,split,tool_wrist,tool_tip,follow,blend,local-angle,z,y,z,0.022513,-0.048796,-0.057394,-0.237713,-0.026768,0.363823,-0.237351,-0.027138,0.361574,0.002308,0.062460,0.157227,0.152884,0.004342,-0.005564,0.000000,0.001887,0.000000,0.000000,0.000000,0.000000,0.000000,0.000000,0.000000,-0.091136,-0.192798,0.053355,0.000000,0.000000,-0.091323,-0.191669,0.152884,0.052004,0.106520,0.941327
106650.056388,split,tool_wrist,tool_tip,follow,blend,local-angle,z,y,z,0.022313,-0.048953,-0.057377,-0.237824,-0.026852,0.363829,-0.237564,-0.027052,0.361930,0.001927,0.038382,0.156844,0.152498,0.004343,-0.005564,0.000000,0.001887,0.000000,0.000000,0.000000,0.000000,0.000000,0.000000,0.000000,-0.089836,-0.192711,0.039749,0.000000,0.000000,-0.090062,-0.193978,0.152498,0.039093,0.120343,1.095683
106650.136441,split,tool_wrist,tool_tip,follow,blend,local-angle,z,y,z,0.022109,-0.049045,-0.057419,-0.237937,-0.026905,0.363811,-0.237766,-0.027241,0.362434,0.001428,0.026049,0.156370,0.152025,0.004342,-0.005564,0.000000,0.001887,0.000000,0.000000,0.000000,0.000000,0.000000,0.000000,0.000000,-0.088708,-0.194738,0.037292,0.000000,0.000000,-0.088923,-0.195845,0.152025,0.037204,0.093080,1.245303
106650.216460,split,tool_wrist,tool_tip,follow,blend,local-angle,z,y,z,0.022080,-0.049115,-0.057318,-0.237953,-0.026944,0.363857,-0.237813,-0.027208,0.362818,0.001082,0.036479,0.155985,0.151644,0.004340,-0.005564,0.000000,0.001887,0.000000,0.000000,0.000000,0.000000,0.000000,0.000000,0.000000,-0.088618,-0.195038,0.037230,0.000000,0.000000,-0.088923,-0.195845,0.151644,0.037204,0.030355,1.334462
106650.296471,split,tool_wrist,tool_tip,follow,blend,local-angle,z,y,z,0.022063,-0.049118,-0.057278,-0.237960,-0.026946,0.363876,-0.237830,-0.027204,0.362962,0.000959,0.056587,0.155841,0.151515,0.004327,-0.005564,0.000000,0.001887,0.000000,0.000000,0.000000,0.000000,0.000000,0.000000,0.000000,-0.088588,-0.195211,0.037215,0.000000,0.000000,-0.088923,-0.195845,0.151515,0.037204,-0.027852,1.370657
106650.376550,split,tool_wrist,tool_tip,follow,blend,local-angle,z,y,z,0.021669,-0.049157,-0.057467,-0.238169,-0.026967,0.363794,-0.237955,-0.027223,0.362963,0.000895,0.053491,0.155833,0.151515,0.004318,-0.005564,0.000000,0.001887,0.000000,0.000000,0.000000,0.000000,0.000000,0.000000,0.000000,-0.087680,-0.195361,0.037212,0.000000,0.000000,-0.087873,-0.195845,0.151515,0.037294,-0.069892,1.388402
106650.456704,split,tool_wrist,tool_tip,follow,blend,local-angle,z,y,z,0.021157,-0.049207,-0.057720,-0.238456,-0.026994,0.363678,-0.238331,-0.027223,0.363009,0.000718,0.027819,0.155756,0.151410,0.004345,-0.005564,0.000000,0.001887,0.000000,0.000000,0.000000,0.000000,0.000000,0.000000,0.000000,-0.084990,-0.195466,0.047453,0.000000,0.000000,-0.084921,-0.195131,0.151410,0.049056,-0.066127,1.396300
106650.536876,split,tool_wrist,tool_tip,follow,blend,local-angle,z,y,z,0.020949,-0.049219,-0.058028,-0.238575,-0.027002,0.363538,-0.238487,-0.027025,0.363159,0.000390,0.043132,0.155558,0.151229,0.004329,-0.005564,0.000000,0.001887,0.000000,0.000000,0.000000,0.000000,0.000000,0.000000,0.000000,-0.083948,-0.194304,0.071433,0.000000,0.000000,-0.084207,-0.192935,0.151229,0.072003,0.046333,1.391933
106650.617074,split,tool_wrist,tool_tip,follow,blend,local-angle,z,y,z,0.020974,-0.049137,-0.058095,-0.238561,-0.026956,0.363507,-0.238495,-0.026987,0.363160,0.000355,0.127516,0.155550,0.151229,0.004321,-0.005564,0.000000,0.001887,0.000000,0.000000,0.000000,0.000000,0.000000,0.000000,0.000000,-0.083891,-0.194042,0.072076,0.000000,0.000000,-0.084207,-0.192935,0.151229,0.072127,0.112212,1.378355
106650.697368,split,tool_wrist,tool_tip,follow,blend,local-angle,z,y,z,0.020971,-0.049143,-0.057936,-0.238563,-0.026960,0.363578,-0.238497,-0.026965,0.363158,0.000425,0.180000,0.155547,0.151229,0.004318,-0.005564,0.000000,0.001887,0.000000,0.000000,0.000000,0.000000,0.000000,0.000000,0.000000,-0.083872,-0.193883,0.068567,0.000000,0.000000,-0.084207,-0.192935,0.151229,0.067841,0.159711,1.356613
106650.777501,split,tool_wrist,tool_tip,follow,blend,local-angle,z,y,z,0.020971,-0.049143,-0.057926,-0.238563,-0.026960,0.363583,-0.238498,-0.026945,0.363155,0.000433,0.180000,0.155546,0.151229,0.004317,-0.005564,0.000000,0.001887,0.000000,0.000000,0.000000,0.000000,0.000000,0.000000,0.000000,-0.083865,-0.193744,0.060154,0.000000,0.000000,-0.084207,-0.192935,0.151229,0.059390,0.204611,1.302100
106650.857677,split,tool_wrist,tool_tip,follow,blend,local-angle,z,y,z,0.020993,-0.049145,-0.057821,-0.238551,-0.026961,0.363631,-0.238498,-0.026930,0.363152,0.000482,0.180000,0.155546,0.151229,0.004317,-0.005564,0.000000,0.001887,0.000000,0.000000,0.000000,0.000000,0.000000,0.000000,0.000000,-0.083861,-0.193631,0.050851,0.000000,0.000000,-0.084207,-0.192935,0.151229,0.049917,0.247053,1.179659
106650.937759,split,tool_wrist,tool_tip,follow,blend,local-angle,z,y,z,0.021004,-0.049151,-0.057607,-0.238545,-0.026964,0.363727,-0.238499,-0.026917,0.363150,0.000581,0.180000,0.155546,0.151229,0.004317,-0.005564,0.000000,0.001887,0.000000,0.000000,0.000000,0.000000,0.000000,0.000000,0.000000,-0.083858,-0.193536,0.038538,0.000000,0.000000,-0.084207,-0.192935,0.151229,0.037419,0.290523,1.032208
106651.017954,split,tool_wrist,tool_tip,follow,blend,local-angle,z,y,z,0.021067,-0.049145,-0.057578,-0.238510,-0.026961,0.363740,-0.238499,-0.026907,0.363148,0.000595,0.180000,0.155546,0.151229,0.004317,-0.005564,0.000000,0.001887,0.000000,0.000000,0.000000,0.000000,0.000000,0.000000,0.000000,-0.083855,-0.193464,0.023489,0.000000,0.000000,-0.084207,-0.192935,0.151229,0.022020,0.331368,0.891645
106651.097982,split,tool_wrist,tool_tip,follow,blend,local-angle,z,y,z,0.021067,-0.049145,-0.057578,-0.238510,-0.026961,0.363740,-0.238499,-0.026899,0.363146,0.000597,0.180000,0.155546,0.151229,0.004317,-0.005564,0.000000,0.001887,0.000000,0.000000,0.000000,0.000000,0.000000,0.000000,0.000000,-0.083853,-0.193407,0.002851,0.000000,0.000000,-0.084207,-0.192935,0.151229,0.000937,0.368748,0.753542
106651.178078,split,tool_wrist,tool_tip,follow,blend,local-angle,z,y,z,0.021415,-0.049121,-0.057109,-0.238325,-0.026948,0.363943,-0.238499,-0.026892,0.363145,0.000819,0.180000,0.155546,0.151229,0.004317,-0.005891,0.000000,0.001887,0.000000,0.000000,0.000000,0.000000,0.000000,0.000000,0.000000,-0.083851,-0.193359,-0.025424,0.000000,0.000000,-0.084207,-0.192935,0.151229,-0.027897,0.405825,0.609351
106651.258180,split,tool_wrist,tool_tip,follow,blend,local-angle,z,y,z,0.022190,-0.049078,-0.055326,-0.237902,-0.026925,0.364733,-0.238390,-0.026887,0.363153,0.001654,0.180000,0.155546,0.151229,0.004317,-0.005891,0.000000,0.001887,0.000000,0.000000,0.000000,0.000000,0.000000,0.000000,0.000000,-0.084646,-0.193322,-0.062690,0.000000,0.000000,-0.085505,-0.192935,0.151229,-0.065833,0.438948,0.467052
106651.338429,split,tool_wrist,tool_tip,follow,blend,local-angle,z,y,z,0.023342,-0.048977,-0.051767,-0.237279,-0.026871,0.366308,-0.237721,-0.026883,0.363211,0.003128,0.180000,0.155545,0.151229,0.004316,-0.005891,0.000000,0.001887,0.000000,0.000000,0.000000,0.000000,0.000000,0.000000,0.000000,-0.089538,-0.193291,-0.109642,0.000000,0.000000,-0.090431,-0.192935,0.151229,-0.113238,0.465341,0.321479
106651.418455,split,tool_wrist,tool_tip,follow,blend,local-angle,z,y,z,0.025337,-0.048642,-0.046566,-0.236189,-0.026690,0.368639,-0.236870,-0.027073,0.363390,0.005307,0.180000,0.155484,0.151147,0.004336,-0.005891,0.000000,0.001887,0.000000,0.000000,0.000000,0.000000,0.000000,0.000000,0.000000,-0.095832,-0.194759,-0.160564,0.000000,0.000000,-0.096943,-0.197098,0.151147,-0.164523,0.481292,0.180637
106651.498751,split,tool_wrist,tool_tip,follow,blend,local-angle,z,y,z,0.028597,-0.047852,-0.039956,-0.234383,-0.026254,0.371649,-0.235621,-0.027263,0.363789,0.008021,0.180000,0.155254,0.150921,0.004332,-0.005891,0.000000,0.001887,0.000000,0.000000,0.000000,0.000000,0.000000,0.000000,0.000000,-0.105187,-0.196474,-0.216432,0.000000,0.000000,-0.106480,-0.197414,0.150921,-0.220838,0.485067,0.043862
106651.578878,split,tool_wrist,tool_tip,follow,blend,local-angle,z,y,z,0.031779,-0.046790,-0.032642,-0.232630,-0.025670,0.374925,-0.234132,-0.027249,0.364200,0.010944,0.180000,0.155013,0.150685,0.004327,-0.005891,0.000000,0.001887,0.000000,0.000000,0.000000,0.000000,0.000000,0.000000,0.000000,-0.116329,-0.196712,-0.277079,0.000000,0.000000,-0.117645,-0.197414,0.150685,-0.281269,0.472936,-0.096085
106651.658881,split,tool_wrist,tool_tip,follow,blend,local-angle,z,y,z,0.033692,-0.047755,-0.026491,-0.231590,-0.026160,0.377695,-0.232830,-0.027225,0.364617,0.013180,0.153387,0.154757,0.150434,0.004322,-0.005891,0.000000,0.001887,0.000000,0.000000,0.000000,0.000000,0.000000,0.000000,0.000000,-0.126159,-0.196902,-0.328302,0.000000,0.000000,-0.127528,-0.198136,0.150434,-0.331856,0.440951,-0.227762
106651.739094,split,tool_wrist,tool_tip,follow,blend,local-angle,z,y,z,0.033944,-0.052008,-0.023211,-0.231393,-0.028449,0.379165,-0.231360,-0.027973,0.365323,0.013851,0.118332,0.154409,0.150096,0.004311,-0.005891,0.000000,0.001887,0.000000,0.000000,0.000000,0.000000,0.000000,0.000000,0.000000,-0.137541,-0.202902,-0.370640,0.000000,0.000000,-0.138840,-0.208562,0.150096,-0.373385,0.388916,-0.361370
106651.819205,split,tool_wrist,tool_tip,follow,blend,local-angle,z,y,z,0.031272,-0.056962,-0.021632,-0.232849,-0.031184,0.379902,-0.230833,-0.030258,0.366425,0.013658,0.080973,0.153894,0.149598,0.004294,-0.005891,0.000000,0.001887,0.000000,0.000000,0.000000,0.000000,0.000000,0.000000,0.000000,-0.142532,-0.220573,-0.402533,0.000000,0.000000,-0.143090,-0.231513,0.149598,-0.404510,0.326923,-0.497202
106651.899477,split,tool_wrist,tool_tip,follow,blend,local-angle,z,y,z,0.027066,-0.062066,-0.020334,-0.235125,-0.033983,0.380483,-0.232106,-0.034269,0.368084,0.012765,0.045067,0.153064,0.148789,0.004271,-0.005891,0.000000,0.001887,0.000000,0.000000,0.000000,0.000000,0.000000,0.000000,0.000000,-0.134834,-0.251947,-0.424142,0.000000,0.000000,-0.133792,-0.268696,0.148789,-0.425422,0.272916,-0.633976
106651.979559,split,tool_wrist,tool_tip,follow,blend,local-angle,z,y,z,0.021804,-0.066589,-0.019203,-0.238062,-0.036521,0.381002,-0.236063,-0.038947,0.370627,0.010842,0.020250,0.151426,0.147165,0.004251,-0.005891,0.000000,0.001887,0.000000,0.000000,0.000000,0.000000,0.000000,0.000000,0.000000,-0.107327,-0.290815,-0.433421,0.000000,0.000000,-0.105135,-0.306697,0.147165,-0.433570,0.251455,-0.768486
106652.059827,split,tool_wrist,tool_tip,follow,blend,local-angle,z,y,z,0.015584,-0.070957,-0.018416,-0.241452,-0.038913,0.381359,-0.240705,-0.040842,0.374784,0.006893,0.007748,0.147636,0.143366,0.004249,-0.005891,0.000000,0.001887,0.000000,0.000000,0.000000,0.000000,0.000000,0.000000,0.000000,-0.074105,-0.314476,-0.421441,0.000000,0.000000,-0.072220,-0.323003,0.143366,-0.419671,0.260527,-0.889437
106652.140127,split,tool_wrist,tool_tip,follow,blend,local-angle,z,y,z,0.008247,-0.074653,-0.018531,-0.245492,-0.040962,0.381317,-0.245384,-0.041397,0.379640,0.001736,0.002573,0.142964,0.138750,0.004201,-0.005891,0.000000,0.001887,0.000000,0.000000,0.000000,0.000000,0.000000,0.000000,0.000000,-0.038343,-0.331036,-0.393959,0.000000,0.000000,-0.035152,-0.338732,0.138750,-0.391951,0.281209,-0.974151
106652.220410,split,tool_wrist,tool_tip,follow,blend,local-angle,z,y,z,0.000560,-0.077281,-0.020167,-0.249721,-0.042415,0.380592,-0.249586,-0.042397,0.380910,0.000346,0.002488,0.142012,0.137856,0.004159,-0.005891,0.000000,0.001887,0.000000,0.000000,0.000000,0.000000,0.000000,0.000000,0.000000,-0.003492,-0.342008,-0.371688,0.000000,0.000000,0.006873,-0.347034,0.137856,-0.370787,0.303677,-1.011255
106652.300490,split,tool_wrist,tool_tip,follow,blend,local-angle,z,y,z,-0.006108,-0.078942,-0.023236,-0.253427,-0.043343,0.379209,-0.252457,-0.043111,0.380153,0.001373,0.001781,0.142989,0.138869,0.004124,-0.005891,0.000000,0.001887,0.000000,0.000000,0.000000,0.000000,0.000000,0.000000,0.000000,0.020483,-0.345228,-0.358603,0.000000,0.000000,0.022576,-0.344487,0.138869,-0.357367,0.313742,-1.045745
106652.380710,split,tool_wrist,tool_tip,follow,blend,local-angle,z,y,z,-0.011884,-0.080164,-0.027182,-0.256581,-0.044005,0.377452,-0.257218,-0.043596,0.378874,0.001611,0.003514,0.144535,0.140458,0.004085,-0.005891,0.000000,0.001887,0.000000,0.000000,0.000000,0.000000,0.000000,0.000000,0.000000,0.059510,-0.344917,-0.347940,0.000000,0.000000,0.058092,-0.345277,0.140458,-0.346977,0.321911,-1.062911
106652.460864,split,tool_wrist,tool_tip,follow,blend,local-angle,z,y,z,-0.016893,-0.082474,-0.031735,-0.259362,-0.045275,0.375389,-0.258162,-0.044671,0.377116,0.002189,0.003398,0.146606,0.142502,0.004109,-0.005564,0.000000,0.001887,0.000000,0.000000,0.000000,0.000000,0.000000,0.000000,0.000000,0.066313,-0.347955,-0.334880,0.000000,0.000000,0.071153,-0.351492,0.142502,-0.333536,0.339646,-1.079413
106652.541178,split,tool_wrist,tool_tip,follow,blend,local-angle,z,y,z,-0.021259,-0.086969,-0.035775,-0.261761,-0.047725,0.373575,-0.262292,-0.046973,0.375632,0.002254,0.002988,0.149110,0.145036,0.004084,-0.005564,0.000000,0.001887,0.000000,0.000000,0.000000,0.000000,0.000000,0.000000,0.000000,0.098504,-0.359522,-0.319313,0.000000,0.000000,0.092782,-0.362048,0.145036,-0.318058,0.376886,-1.087167
106652.621573,split,tool_wrist,tool_tip,follow,blend,local-angle,z,y,z,-0.023813,-0.091265,-0.038730,-0.263185,-0.050107,0.372236,-0.262645,-0.049298,0.373909,0.001936,0.001870,0.151574,0.147517,0.004070,-0.005564,0.000000,0.001887,0.000000,0.000000,0.000000,0.000000,0.000000,0.000000,0.000000,0.099936,-0.370996,-0.303611,0.000000,0.000000,0.109720,-0.369879,0.147517,-0.302906,0.416978,-1.080734
106652.701807,split,tool_wrist,tool_tip,follow,blend,local-angle,z,y,z,-0.023955,-0.092536,-0.040308,-0.263285,-0.050825,0.371518,-0.262764,-0.050215,0.372348,0.001155,0.001467,0.153366,0.149334,0.004039,-0.005564,0.000000,0.001887,0.000000,0.000000,0.000000,0.000000,0.000000,0.000000,0.000000,0.099650,-0.373083,-0.300430,0.000000,0.000000,0.092853,-0.372784,0.149334,-0.300363,0.424093,-1.076871
106652.781872,split,tool_wrist,tool_tip,follow,blend,local-angle,z,y,z,-0.021743,-0.092672,-0.040216,-0.262072,-0.050900,0.371550,-0.263111,-0.050622,0.371775,0.001099,0.001602,0.154078,0.150015,0.004062,-0.005564,0.000000,0.001887,0.000000,0.000000,0.000000,0.000000,0.000000,0.000000,0.000000,0.101888,-0.374228,-0.302296,0.000000,0.000000,0.095820,-0.380859,0.150015,-0.302388,0.424881,-1.059053
106652.861891,split,tool_wrist,tool_tip,follow,blend,local-angle,z,y,z,-0.017668,-0.092960,-0.039345,-0.259823,-0.051059,0.371944,-0.259744,-0.051148,0.371668,0.000301,0.002481,0.154093,0.149959,0.004132,-0.005564,0.000000,0.001887,0.000000,0.000000,0.000000,0.000000,0.000000,0.000000,0.000000,0.075772,-0.378269,-0.308621,0.000000,0.000000,0.084717,-0.386566,0.149959,-0.309682,0.424932,-1.034034
106652.942177,split,tool_wrist,tool_tip,follow,blend,local-angle,z,y,z,-0.012542,-0.093402,-0.038045,-0.257029,-0.051299,0.372521,-0.256796,-0.051651,0.372152,0.000561,0.003820,0.153655,0.149523,0.004129,-0.005564,0.000000,0.001887,0.000000,0.000000,0.000000,0.000000,0.000000,0.000000,0.000000,0.053096,-0.383457,-0.319301,0.000000,0.000000,0.044683,-0.389741,0.149523,-0.320023,0.435577,-0.996269
106653.022335,split,tool_wrist,tool_tip,follow,blend,local-angle,z,y,z,-0.008072,-0.093709,-0.036341,-0.254571,-0.051469,0.373286,-0.255626,-0.051908,0.372906,0.001204,0.001130,0.153001,0.148889,0.004110,-0.005564,0.000000,0.001887,0.000000,0.000000,0.000000,0.000000,0.000000,0.000000,0.000000,0.044225,-0.387393,-0.327738,0.000000,0.000000,0.038670,-0.386482,0.148889,-0.328823,0.443787,-0.949011
106653.102473,split,tool_wrist,tool_tip,follow,blend,local-angle,z,y,z,-0.004180,-0.093924,-0.034667,-0.252420,-0.051587,0.374041,-0.251654,-0.052071,0.373565,0.001024,0.003518,0.152348,0.148216,0.004129,-0.005564,0.000000,0.001887,0.000000,0.000000,0.000000,0.000000,0.000000,0.000000,0.000000,0.013068,-0.390632,-0.340255,0.000000,0.000000,0.013506,-0.386654,0.148216,-0.341450,0.450458,-0.926887
106653.182603,split,tool_wrist,tool_tip,follow,blend,local-angle,z,y,z,-0.001080,-0.094215,-0.033677,-0.250750,-0.051746,0.374485,-0.251242,-0.051824,0.374137,0.000608,0.000739,0.151720,0.147615,0.004103,-0.005564,0.000000,0.001887,0.000000,0.000000,0.000000,0.000000,0.000000,0.000000,0.000000,0.009855,-0.390570,-0.350854,0.000000,0.000000,-0.000963,-0.381458,0.147615,-0.351505,0.463054,-0.912265
106653.262677,split,tool_wrist,tool_tip,follow,blend,local-angle,z,y,z,0.001815,-0.094343,-0.033477,-0.249120,-0.051820,0.374584,-0.249765,-0.051566,0.374312,0.000744,0.000960,0.151455,0.147343,0.004112,-0.005564,0.000000,0.001887,0.000000,0.000000,0.000000,0.000000,0.000000,0.000000,0.000000,-0.001882,-0.389322,-0.357039,0.000000,0.000000,0.001839,-0.388339,0.147343,-0.357713,0.468249,-0.896176
106653.342950,split,tool_wrist,tool_tip,follow,blend,local-angle,z,y,z,0.005616,-0.094134,-0.032279,-0.247031,-0.051707,0.375116,-0.246271,-0.051509,0.374611,0.000934,0.003845,0.151208,0.147087,0.004119,-0.005564,0.000000,0.001887,0.000000,0.000000,0.000000,0.000000,0.000000,0.000000,0.000000,-0.029745,-0.389610,-0.364369,0.000000,0.000000,-0.027605,-0.397670,0.147087,-0.364496,0.472046,-0.882843
106653.423263,split,tool_wrist,tool_tip,follow,blend,local-angle,z,y,z,0.010204,-0.093663,-0.029287,-0.244530,-0.051451,0.376440,-0.244550,-0.051913,0.375695,0.000877,0.002991,0.150420,0.146306,0.004108,-0.005564,0.000000,0.001887,0.000000,0.000000,0.000000,0.000000,0.000000,0.000000,0.000000,-0.043826,-0.395256,-0.368895,0.000000,0.000000,-0.053979,-0.408188,0.146306,-0.368669,0.478474,-0.841329
106653.503513,split,tool_wrist,tool_tip,follow,blend,local-angle,z,y,z,0.014032,-0.093095,-0.024085,-0.242399,-0.051137,0.378782,-0.242926,-0.052131,0.377451,0.001743,0.001205,0.148964,0.144851,0.004105,-0.005564,0.000000,0.001887,0.000000,0.000000,0.000000,0.000000,0.000000,0.000000,0.000000,-0.057672,-0.401595,-0.361488,0.000000,0.000000,-0.056624,-0.407935,0.144851,-0.361212,0.484036,-0.773491
106653.583789,split,tool_wrist,tool_tip,follow,blend,local-angle,z,y,z,0.017140,-0.092211,-0.015143,-0.240719,-0.050668,0.382688,-0.240103,-0.052057,0.380514,0.002653,0.003885,0.146309,0.142238,0.004059,-0.005564,0.000000,0.001887,0.000000,0.000000,0.000000,0.000000,0.000000,0.000000,0.000000,-0.082654,-0.409622,-0.348936,0.000000,0.000000,-0.076649,-0.405308,0.142238,-0.347792,0.480399,-0.723064
106653.663992,split,tool_wrist,tool_tip,follow,blend,local-angle,z,y,z,0.019647,-0.090884,-0.004011,-0.239300,-0.049922,0.387811,-0.238720,-0.051408,0.384529,0.003649,0.004618,0.142500,0.138384,0.004096,-0.005564,0.000000,0.001887,0.000000,0.000000,0.000000,0.000000,0.000000,0.000000,0.000000,-0.097393,-0.417089,-0.318819,0.000000,0.000000,-0.101051,-0.410695,0.138384,-0.316304,0.486047,-0.655094
106653.743993,split,tool_wrist,tool_tip,follow,blend,local-angle,z,y,z,0.021951,-0.089223,0.008584,-0.238038,-0.049015,0.393448,-0.238001,-0.050660,0.389505,0.004272,0.004096,0.137745,0.133675,0.004049,-0.005564,0.000000,0.001887,0.000000,0.000000,0.000000,0.000000,0.000000,0.000000,0.000000,-0.108180,-0.427663,-0.293865,0.000000,0.000000,-0.111062,-0.423142,0.133675,-0.292348,0.479702,-0.578145
106653.824019,split,tool_wrist,tool_tip,follow,blend,local-angle,z,y,z,0.023855,-0.087839,0.019382,-0.236989,-0.048248,0.398321,-0.236588,-0.049407,0.395124,0.003424,0.003571,0.132304,0.128282,0.004000,-0.005564,0.000000,0.001887,0.000000,0.000000,0.000000,0.000000,0.000000,0.000000,0.000000,-0.127212,-0.437133,-0.274748,0.000000,0.000000,-0.124823,-0.437540,0.128282,-0.273681,0.466166,-0.491783
106653.904052,split,tool_wrist,tool_tip,follow,blend,local-angle,z,y,z,0.025314,-0.085542,0.026929,-0.236181,-0.046989,0.401747,-0.235439,-0.047737,0.399522,0.002462,0.002848,0.127791,0.123703,0.004072,-0.005564,0.000000,0.001887,0.000000,0.000000,0.000000,0.000000,0.000000,0.000000,0.000000,-0.143934,-0.439510,-0.275408,0.000000,0.000000,-0.143342,-0.452086,0.123703,-0.276732,0.457544,-0.444922
106653.984135,split,tool_wrist,tool_tip,follow,blend,local-angle,z,y,z,0.026751,-0.083591,0.031639,-0.235405,-0.045927,0.403851,-0.235103,-0.046797,0.402751,0.001434,0.001818,0.124546,0.120563,0.003971,-0.005564,0.000000,0.001887,0.000000,0.000000,0.000000,0.000000,0.000000,0.000000,0.000000,-0.152015,-0.443978,-0.285321,0.000000,0.000000,-0.160120,-0.455783,0.120563,-0.286356,0.456022,-0.437401
106654.064162,split,tool_wrist,tool_tip,follow,blend,local-angle,z,y,z,0.028232,-0.082060,0.034737,-0.234588,-0.045082,0.405255,-0.235171,-0.045966,0.404434,0.001340,0.002301,0.122677,0.118712,0.003961,-0.005564,0.000000,0.001887,0.000000,0.000000,0.000000,0.000000,0.000000,0.000000,0.000000,-0.153959,-0.443685,-0.298549,0.000000,0.000000,-0.156785,-0.441927,0.118712,-0.300227,0.456121,-0.430424
106654.144453,split,tool_wrist,tool_tip,follow,blend,local-angle,z,y,z,0.029572,-0.080294,0.038317,-0.233847,-0.044115,0.406856,-0.233474,-0.045001,0.406043,0.001258,0.001971,0.121080,0.117115,0.003957,-0.005564,0.000000,0.001887,0.000000,0.000000,0.000000,0.000000,0.000000,0.000000,0.000000,-0.174122,-0.440758,-0.315367,0.000000,0.000000,-0.167578,-0.426488,0.117115,-0.317098,0.451634,-0.428736
106654.224871,split,tool_wrist,tool_tip,follow,blend,local-angle,z,y,z,0.030600,-0.077930,0.043224,-0.233271,-0.042806,0.409079,-0.232792,-0.043541,0.407702,0.001633,0.002498,0.119094,0.115058,0.004022,-0.005564,0.000000,0.001887,0.000000,0.000000,0.000000,0.000000,0.000000,0.000000,0.000000,-0.184333,-0.434221,-0.342353,0.000000,0.000000,-0.189830,-0.415162,0.115058,-0.344527,0.438966,-0.432238
106654.305161,split,tool_wrist,tool_tip,follow,blend,local-angle,z,y,z,0.031056,-0.074656,0.049967,-0.233022,-0.041069,0.412010,-0.233127,-0.041761,0.409955,0.002170,0.002922,0.116281,0.112273,0.003996,-0.005564,0.000000,0.001887,0.000000,0.000000,0.000000,0.000000,0.000000,0.000000,0.000000,-0.185255,-0.427697,-0.364214,0.000000,0.000000,-0.187944,-0.410548,0.112273,-0.365645,0.426264,-0.426080
106654.385402,split,tool_wrist,tool_tip,follow,blend,local-angle,z,y,z,0.031214,-0.071107,0.056691,-0.232930,-0.039050,0.415146,-0.232373,-0.039580,0.412931,0.002345,0.003090,0.112854,0.108893,0.003948,-0.005891,0.000000,0.001887,0.000000,0.000000,0.000000,0.000000,0.000000,0.000000,0.000000,-0.199764,-0.419133,-0.372534,0.000000,0.000000,-0.193625,-0.414303,0.108893,-0.372773,0.409272,-0.405187
106654.465482,split,tool_wrist,tool_tip,follow,blend,local-angle,z,y,z,0.031340,-0.067326,0.063165,-0.232860,-0.036967,0.418065,-0.232001,-0.037648,0.415922,0.002408,0.002525,0.109464,0.105402,0.004050,-0.005891,0.000000,0.001887,0.000000,0.000000,0.000000,0.000000,0.000000,0.000000,0.000000,-0.210904,-0.412700,-0.376727,0.000000,0.000000,-0.208635,-0.422473,0.105402,-0.377454,0.392234,-0.386323
106654.545487,split,tool_wrist,tool_tip,follow,blend,local-angle,z,y,z,0.031035,-0.063625,0.069131,-0.233012,-0.034989,0.420674,-0.232601,-0.035935,0.418770,0.002165,0.000620,0.106112,0.102109,0.003987,-0.005891,0.000000,0.001887,0.000000,0.000000,0.000000,0.000000,0.000000,0.000000,0.000000,-0.211027,-0.408262,-0.380682,0.000000,0.000000,-0.218820,-0.421355,0.102109,-0.380133,0.380839,-0.374626
106654.625668,split,tool_wrist,tool_tip,follow,blend,local-angle,z,y,z,0.030104,-0.060451,0.074171,-0.233533,-0.033201,0.422999,-0.233626,-0.034370,0.421224,0.002127,0.002370,0.103093,0.099104,0.003981,-0.005891,0.000000,0.001887,0.000000,0.000000,0.000000,0.000000,0.000000,0.000000,0.000000,-0.204949,-0.403698,-0.378253,0.000000,0.000000,-0.207138,-0.406988,0.099104,-0.378119,0.376690,-0.360381
106654.705911,split,tool_wrist,tool_tip,follow,blend,local-angle,z,y,z,0.028814,-0.057803,0.078332,-0.234242,-0.031735,0.424884,-0.233673,-0.032862,0.423409,0.001942,0.001363,0.100528,0.096500,0.004019,-0.005891,0.000000,0.001887,0.000000,0.000000,0.000000,0.000000,0.000000,0.000000,0.000000,-0.210051,-0.397310,-0.377052,0.000000,0.000000,-0.202698,-0.389192,0.096500,-0.377279,0.371764,-0.360741
106654.786152,split,tool_wrist,tool_tip,follow,blend,local-angle,z,y,z,0.026886,-0.055508,0.082077,-0.235294,-0.030475,0.426565,-0.234666,-0.031393,0.425137,0.001811,0.001696,0.098214,0.094133,0.004072,-0.005891,0.000000,0.001887,0.000000,0.000000,0.000000,0.000000,0.000000,0.000000,0.000000,-0.202047,-0.389779,-0.376367,0.000000,0.000000,-0.202868,-0.370065,0.094133,-0.376504,0.366568,-0.361557
106654.866433,split,tool_wrist,tool_tip,follow,blend,local-angle,z,y,z,0.025348,-0.054155,0.084341,-0.236142,-0.029728,0.427588,-0.235988,-0.029931,0.426514,0.001103,0.002054,0.096175,0.092133,0.004035,-0.005891,0.000000,0.001887,0.000000,0.000000,0.000000,0.000000,0.000000,0.000000,0.000000,-0.188428,-0.380587,-0.375644,0.000000,0.000000,-0.197089,-0.365887,0.092133,-0.375563,0.360443,-0.348649
106654.946434,split,tool_wrist,tool_tip,follow,blend,local-angle,z,y,z,0.025614,-0.054362,0.083981,-0.236034,-0.029809,0.427471,-0.236437,-0.029439,0.427109,0.000656,0.001868,0.095372,0.091329,0.004044,-0.005891,0.000000,0.001887,0.000000,0.000000,0.000000,0.000000,0.000000,0.000000,0.000000,-0.183985,-0.377962,-0.371582,0.000000,0.000000,-0.185735,-0.378921,0.091329,-0.369900,0.361207,-0.318553
106655.026458,split,tool_wrist,tool_tip,follow,blend,local-angle,z,y,z,0.028376,-0.056723,0.079912,-0.234502,-0.031119,0.425625,-0.234638,-0.030106,0.426962,0.001682,0.003030,0.096080,0.092137,0.003950,-0.005891,0.000000,0.001887,0.000000,0.000000,0.000000,0.000000,0.000000,0.000000,0.000000,-0.207321,-0.383406,-0.361052,0.000000,0.000000,-0.202838,-0.398084,0.092137,-0.360899,0.375836,-0.289309
106655.106593,split,tool_wrist,tool_tip,follow,blend,local-angle,z,y,z,0.034367,-0.061887,0.069947,-0.231311,-0.033870,0.421296,-0.232141,-0.032141,0.425032,0.004199,0.004427,0.099099,0.095263,0.003858,-0.005891,0.000000,0.001887,0.000000,0.000000,0.000000,0.000000,0.000000,0.000000,0.000000,-0.233883,-0.395120,-0.368217,0.000000,0.000000,-0.238912,-0.412902,0.095263,-0.369456,0.396570,-0.254715
106655.186756,split,tool_wrist,tool_tip,follow,blend,local-angle,z,y,z,0.042267,-0.068178,0.054656,-0.226923,-0.037375,0.414371,-0.228888,-0.034498,0.420990,0.007480,0.006434,0.104360,0.100520,0.003863,-0.005891,0.000000,0.001887,0.000000,0.000000,0.000000,0.000000,0.000000,0.000000,0.000000,-0.261127,-0.399177,-0.379910,0.000000,0.000000,-0.263629,-0.408415,0.100520,-0.380002,0.425710,-0.188823
106655.266884,split,tool_wrist,tool_tip,follow,blend,local-angle,z,y,z,0.049165,-0.073213,0.038083,-0.223069,-0.040189,0.406816,-0.225840,-0.036023,0.416153,0.010593,0.004913,0.110001,0.106174,0.003854,-0.005891,0.000000,0.001887,0.000000,0.000000,0.000000,0.000000,0.000000,0.000000,0.000000,-0.280558,-0.391516,-0.375683,0.000000,0.000000,-0.281872,-0.390653,0.106174,-0.374641,0.451824,-0.104739
106655.347102,split,tool_wrist,tool_tip,follow,blend,local-angle,z,y,z,0.053835,-0.076298,0.023896,-0.220501,-0.041886,0.400441,-0.223320,-0.037824,0.409836,0.010617,0.001653,0.116951,0.113133,0.003851,-0.005891,0.000000,0.001887,0.000000,0.000000,0.000000,0.000000,0.000000,0.000000,0.000000,-0.287708,-0.382454,-0.366701,0.000000,0.000000,-0.288512,-0.376295,0.113133,-0.366188,0.461628,-0.050812
106655.427319,split,tool_wrist,tool_tip,follow,blend,local-angle,z,y,z,0.055931,-0.077849,0.015004,-0.219345,-0.042743,0.396438,-0.221107,-0.040213,0.402351,0.006668,0.000862,0.125086,0.121255,0.003865,-0.005891,0.000000,0.001887,0.000000,0.000000,0.000000,0.000000,0.000000,0.000000,0.000000,-0.287689,-0.376088,-0.361016,0.000000,0.000000,-0.287929,-0.372534,0.121255,-0.359740,0.461535,-0.039430
106655.507403,split,tool_wrist,tool_tip,follow,blend,local-angle,z,y,z,0.056593,-0.078035,0.012494,-0.218974,-0.042852,0.395278,-0.219375,-0.042221,0.396624,0.001540,0.000752,0.131389,0.127490,0.003912,-0.005891,0.000000,0.001887,0.000000,0.000000,0.000000,0.000000,0.000000,0.000000,0.000000,-0.288024,-0.373233,-0.342497,0.000000,0.000000,-0.288584,-0.373988,0.127490,-0.340641,0.463375,-0.030962
106655.587790,split,tool_wrist,tool_tip,follow,blend,local-angle,z,y,z,0.056815,-0.077771,0.012243,-0.218847,-0.042704,0.395161,-0.218927,-0.042720,0.395381,0.000235,0.000576,0.132799,0.128887,0.003914,-0.005891,0.000000,0.001887,0.000000,0.000000,0.000000,0.000000,0.000000,0.000000,0.000000,-0.288724,-0.373098,-0.334329,0.000000,0.000000,-0.288927,-0.376125,0.128887,-0.333628,0.462275,-0.026204
106655.667807,split,tool_wrist,tool_tip,follow,blend,local-angle,z,y,z,0.056712,-0.077831,0.011439,-0.218904,-0.042738,0.394810,-0.219033,-0.042747,0.395060,0.000281,0.000895,0.133067,0.129148,0.003922,-0.005891,0.000000,0.001887,0.000000,0.000000,0.000000,0.000000,0.000000,0.000000,0.000000,-0.286964,-0.372448,-0.316673,0.000000,0.000000,-0.287501,-0.369318,0.129148,-0.314788,0.465234,-0.011426
106655.748048,split,tool_wrist,tool_tip,follow,blend,local-angle,z,y,z,0.056360,-0.078047,0.008427,-0.219097,-0.042857,0.393453,-0.219555,-0.042564,0.393863,0.000681,0.001898,0.133937,0.130014,0.003928,-0.005564,0.000000,0.001887,0.000000,0.000000,0.000000,0.000000,0.000000,0.000000,0.000000,-0.279363,-0.367921,-0.277494,0.000000,0.000000,-0.286555,-0.361024,0.130014,-0.273556,0.465219,0.019436
106655.828192,split,tool_wrist,tool_tip,follow,blend,local-angle,z,y,z,0.054832,-0.076900,0.002389,-0.219922,-0.042244,0.390777,-0.220482,-0.041641,0.391773,0.001293,0.001950,0.135259,0.131375,0.003894,-0.005564,0.000000,0.001887,0.000000,0.000000,0.000000,0.000000,0.000000,0.000000,0.000000,-0.266277,-0.355426,-0.239199,0.000000,0.000000,-0.260226,-0.349216,0.131375,-0.236949,0.458207,0.058197
106655.908340,split,tool_wrist,tool_tip,follow,blend,local-angle,z,y,z,0.050919,-0.072817,-0.009541,-0.222028,-0.040051,0.385511,-0.221632,-0.039716,0.387936,0.002479,0.004393,0.137831,0.133753,0.004086,-0.005564,0.000000,0.001887,0.000000,0.000000,0.000000,0.000000,0.000000,0.000000,0.000000,-0.247941,-0.330926,-0.212089,0.000000,0.000000,-0.241092,-0.324112,0.133753,-0.209730,0.440308,0.100318
106655.988800,split,tool_wrist,tool_tip,follow,blend,local-angle,z,y,z,0.044882,-0.064452,-0.027598,-0.225363,-0.035454,0.377347,-0.226173,-0.034979,0.380968,0.003741,0.003312,0.141932,0.137808,0.004142,-0.005564,0.000000,0.001887,0.000000,0.000000,0.000000,0.000000,0.000000,0.000000,0.000000,-0.197574,-0.280536,-0.200542,0.000000,0.000000,-0.200011,-0.257316,0.137808,-0.201929,0.416535,0.114992
106656.068898,split,tool_wrist,tool_tip,follow,blend,local-angle,z,y,z,0.037300,-0.052267,-0.048460,-0.229562,-0.028710,0.367884,-0.230194,-0.027851,0.373661,0.005874,0.005644,0.146480,0.142301,0.004199,-0.005564,0.000000,0.001887,0.000000,0.000000,0.000000,0.000000,0.000000,0.000000,0.000000,-0.155518,-0.214432,-0.207895,0.000000,0.000000,-0.151331,-0.187430,0.142301,-0.208658,0.362180,0.068598
106656.149188,split,tool_wrist,tool_tip,follow,blend,local-angle,z,y,z,0.029897,-0.039631,-0.067813,-0.233612,-0.021804,0.359233,-0.234271,-0.020847,0.366586,0.007444,0.004406,0.151546,0.147295,0.004274,-0.005564,0.000000,0.001887,0.000000,0.000000,0.000000,0.000000,0.000000,0.000000,0.000000,-0.117364,-0.153946,-0.223574,0.000000,0.000000,-0.115990,-0.135317,0.147295,-0.225925,0.302137,0.020913
106656.229360,split,tool_wrist,tool_tip,follow,blend,local-angle,z,y,z,0.026319,-0.031989,-0.080392,-0.235595,-0.017581,0.353558,-0.236192,-0.016712,0.360875,0.007393,0.006503,0.156404,0.152116,0.004308,-0.005891,0.000000,0.001887,0.000000,0.000000,0.000000,0.000000,0.000000,0.000000,0.000000,-0.098937,-0.118967,-0.292955,0.000000,0.000000,-0.098269,-0.111921,0.152116,-0.299132,0.275913,-0.015380
106656.309514,split,tool_wrist,tool_tip,follow,blend,local-angle,z,y,z,0.022497,-0.026853,-0.085087,-0.237647,-0.014779,0.351382,-0.237879,-0.014540,0.355065,0.003698,0.001036,0.161766,0.157466,0.004323,-0.005891,0.000000,0.001887,0.000000,0.000000,0.000000,0.000000,0.000000,0.000000,0.000000,-0.083449,-0.099635,-0.327943,0.000000,0.000000,-0.083465,-0.093559,0.157466,-0.325730,0.250263,-0.023372
106656.389822,split,tool_wrist,tool_tip,follow,blend,local-angle,z,y,z,0.018513,-0.023108,-0.084438,-0.239826,-0.012720,0.351617,-0.239424,-0.012670,0.352156,0.000674,0.001334,0.164363,0.160002,0.004364,-0.005891,0.000000,0.001887,0.000000,0.000000,0.000000,0.000000,0.000000,0.000000,0.000000,-0.071426,-0.085266,-0.334939,0.000000,0.000000,-0.078147,-0.072560,0.160002,-0.336245,0.235148,-0.032262
106656.470026,split,tool_wrist,tool_tip,follow,blend,local-angle,z,y,z,0.013531,-0.018451,-0.081323,-0.242580,-0.010155,0.353006,-0.243467,-0.009973,0.351956,0.001386,0.002919,0.164123,0.159665,0.004454,-0.005891,0.000000,0.001887,0.000000,0.000000,0.000000,0.000000,0.000000,0.000000,0.000000,-0.044110,-0.067189,-0.333582,0.000000,0.000000,-0.047626,-0.063152,0.159665,-0.332625,0.214050,-0.017457
106656.550295,split,tool_wrist,tool_tip,follow,blend,local-angle,z,y,z,0.008647,-0.012665,-0.077395,-0.245284,-0.006978,0.354782,-0.244281,-0.007202,0.353175,0.001908,0.002323,0.162713,0.158280,0.004427,-0.005891,0.000000,0.001887,0.000000,0.000000,0.000000,0.000000,0.000000,0.000000,0.000000,-0.038941,-0.048970,-0.329061,0.000000,0.000000,-0.029765,-0.045577,0.158280,-0.328911,0.176534,-0.013796
106656.630308,split,tool_wrist,tool_tip,follow,blend,local-angle,z,y,z,0.004832,-0.005467,-0.074764,-0.247395,-0.003067,0.355990,-0.247298,-0.003618,0.354670,0.001434,0.001663,0.161000,0.156569,0.004423,-0.005891,0.000000,0.001887,0.000000,0.000000,0.000000,0.000000,0.000000,0.000000,0.000000,-0.018598,-0.024875,-0.332491,0.000000,0.000000,-0.027296,-0.011344,0.156569,-0.333336,0.131386,-0.008040
106656.710530,split,tool_wrist,tool_tip,follow,blend,local-angle,z,y,z,0.003879,0.002490,-0.076818,-0.247964,0.001400,0.355099,-0.248994,0.001146,0.355303,0.001080,0.002411,0.160305,0.155879,0.004427,-0.005891,0.000000,0.001887,0.000000,0.000000,0.000000,0.000000,0.000000,0.000000,0.000000,-0.006964,0.007928,-0.340170,0.000000,0.000000,-0.010016,0.026947,0.155879,-0.339662,0.089651,0.024669
106656.790837,split,tool_wrist,tool_tip,follow,blend,local-angle,z,y,z,0.005277,0.008278,-0.084908,-0.247221,0.004589,0.351530,-0.246588,0.004716,0.354036,0.002587,0.004386,0.161680,0.157275,0.004414,-0.005891,0.000000,0.001887,0.000000,0.000000,0.000000,0.000000,0.000000,0.000000,0.000000,-0.023382,0.032294,-0.335973,0.000000,0.000000,-0.015019,0.041687,0.157275,-0.335277,0.072434,0.075512
106656.871124,split,tool_wrist,tool_tip,follow,blend,local-angle,z,y,z,0.008700,0.009739,-0.097136,-0.245332,0.005421,0.345989,-0.246018,0.005492,0.350774,0.004835,0.000590,0.164980,0.160595,0.004402,-0.005891,0.000000,0.001887,0.000000,0.000000,0.000000,0.000000,0.000000,0.000000,0.000000,-0.026691,0.036782,-0.332331,0.000000,0.000000,-0.035883,0.040896,0.160595,-0.332148,0.079578,0.100832
106656.951149,split,tool_wrist,tool_tip,follow,blend,local-angle,z,y,z,0.013176,0.010093,-0.108874,-0.242882,0.005629,0.340695,-0.242831,0.005713,0.346756,0.006062,0.007347,0.169118,0.164743,0.004390,-0.005891,0.000000,0.001887,0.000000,0.000000,0.000000,0.000000,0.000000,0.000000,0.000000,-0.046757,0.037232,-0.329169,0.000000,0.000000,-0.043232,0.038933,0.164743,-0.328861,0.085495,0.112088
106657.031349,split,tool_wrist,tool_tip,follow,blend,local-angle,z,y,z,0.017177,0.008100,-0.107456,-0.240661,0.004530,0.341290,-0.240045,0.004782,0.343379,0.002192,0.002750,0.172610,0.168290,0.004328,-0.005891,0.000000,0.001887,0.000000,0.000000,0.000000,0.000000,0.000000,0.000000,0.000000,-0.063484,0.030468,-0.332727,0.000000,0.000000,-0.067165,0.027518,0.168290,-0.332228,0.067494,0.142163
106657.111598,split,tool_wrist,tool_tip,follow,blend,local-angle,z,y,z,0.018842,0.007421,-0.107860,-0.239743,0.004156,0.341123,-0.240851,0.004309,0.342053,0.001455,0.002724,0.173870,0.169478,0.004395,-0.005891,0.000000,0.001887,0.000000,0.000000,0.000000,0.000000,0.000000,0.000000,0.000000,-0.057869,0.027236,-0.330732,0.000000,0.000000,-0.067422,0.019222,0.169478,-0.330524,0.070898,0.154364
106657.191600,split,tool_wrist,tool_tip,follow,blend,local-angle,z,y,z,0.019422,0.006350,-0.108016,-0.239418,0.003581,0.341038,-0.239655,0.003420,0.341441,0.000495,0.001601,0.174533,0.170154,0.004381,-0.005891,0.000000,0.001887,0.000000,0.000000,0.000000,0.000000,0.000000,0.000000,0.000000,-0.065162,0.021525,-0.329188,0.000000,0.000000,-0.055932,0.012629,0.170154,-0.329394,0.060678,0.145504
106657.271653,split,tool_wrist,tool_tip,follow,blend,local-angle,z,y,z,0.019653,0.004922,-0.107553,-0.239289,0.002785,0.341249,-0.238165,0.002394,0.341378,0.001197,0.002081,0.174680,0.170292,0.004389,-0.005891,0.000000,0.001887,0.000000,0.000000,0.000000,0.000000,0.000000,0.000000,0.000000,-0.074485,0.015057,-0.330405,0.000000,0.000000,-0.074446,0.014873,0.170292,-0.330474,0.062348,0.126221
106657.351929,split,tool_wrist,tool_tip,follow,blend,local-angle,z,y,z,0.019788,0.003582,-0.107132,-0.239214,0.002044,0.341439,-0.240193,0.001858,0.341223,0.001019,0.002589,0.174691,0.170283,0.004408,-0.005891,0.000000,0.001887,0.000000,0.000000,0.000000,0.000000,0.000000,0.000000,0.000000,-0.061699,0.011687,-0.331045,0.000000,0.000000,-0.071316,0.019325,0.170283,-0.331180,0.065021,0.116009
106657.432004,split,tool_wrist,tool_tip,follow,blend,local-angle,z,y,z,0.020246,0.001176,-0.106260,-0.238972,0.000762,0.341819,-0.239585,0.001131,0.341446,0.000807,0.001695,0.174500,0.170064,0.004434,-0.005891,0.000000,0.001887,0.000000,0.000000,0.000000,0.000000,0.000000,0.000000,0.000000,-0.065606,0.007122,-0.326101,0.000000,0.000000,-0.059611,0.009458,0.170064,-0.324300,0.068679,0.113060
106657.512040,split,tool_wrist,tool_tip,follow,blend,local-angle,z,y,z,0.021151,-0.002716,-0.104679,-0.238471,-0.001393,0.342534,-0.237294,-0.000749,0.342019,0.001437,0.003770,0.174093,0.169655,0.004437,-0.005891,0.000000,0.001887,0.000000,0.000000,0.000000,0.000000,0.000000,0.000000,0.000000,-0.080262,-0.004719,-0.294977,0.000000,0.000000,-0.078505,-0.014249,0.169655,-0.291462,0.074202,0.111466
106657.592111,split,tool_wrist,tool_tip,follow,blend,local-angle,z,y,z,0.021944,-0.007340,-0.102760,-0.238030,-0.003948,0.343401,-0.238320,-0.003682,0.342606,0.000887,0.003329,0.173470,0.169036,0.004430,-0.005564,0.000000,0.001887,0.000000,0.000000,0.000000,0.000000,0.000000,0.000000,0.000000,-0.074084,-0.023319,-0.239483,0.000000,0.000000,-0.083749,-0.041693,0.169036,-0.235998,0.082718,0.115312
106657.672191,split,tool_wrist,tool_tip,follow,blend,local-angle,z,y,z,0.022542,-0.012124,-0.100698,-0.237701,-0.006581,0.344329,-0.238747,-0.007063,0.343453,0.001448,0.003572,0.172710,0.168276,0.004432,-0.005564,0.000000,0.001887,0.000000,0.000000,0.000000,0.000000,0.000000,0.000000,0.000000,-0.071768,-0.044964,-0.185188,0.000000,0.000000,-0.074833,-0.056603,0.168276,-0.181416,0.098280,0.121236
106657.752195,split,tool_wrist,tool_tip,follow,blend,local-angle,z,y,z,0.023079,-0.016149,-0.098803,-0.237407,-0.008785,0.345177,-0.238208,-0.009115,0.344225,0.001287,0.003020,0.172086,0.167665,0.004419,-0.005564,0.000000,0.001887,0.000000,0.000000,0.000000,0.000000,0.000000,0.000000,0.000000,-0.075566,-0.058273,-0.149783,0.000000,0.000000,-0.083743,-0.078074,0.167665,-0.147673,0.105962,0.123422
106657.832331,split,tool_wrist,tool_tip,follow,blend,local-angle,z,y,z,0.023117,-0.018679,-0.097677,-0.237382,-0.010199,0.345694,-0.236439,-0.010874,0.345190,0.001264,0.003358,0.171382,0.166976,0.004405,-0.005564,0.000000,0.001887,0.000000,0.000000,0.000000,0.000000,0.000000,0.000000,0.000000,-0.087382,-0.069854,-0.168975,0.000000,0.000000,-0.079415,-0.077884,0.166976,-0.171239,0.122364,0.120554
106657.912618,split,tool_wrist,tool_tip,follow,blend,local-angle,z,y,z,0.023100,-0.019009,-0.097546,-0.237392,-0.010386,0.345755,-0.238270,-0.011099,0.345445,0.001172,0.003261,0.170997,0.166579,0.004417,-0.005564,0.000000,0.001887,0.000000,0.000000,0.000000,0.000000,0.000000,0.000000,0.000000,-0.075762,-0.071478,-0.195822,0.000000,0.000000,-0.084686,-0.069591,0.166579,-0.198031,0.129270,0.116306
106657.992821,split,tool_wrist,tool_tip,follow,blend,local-angle,z,y,z,0.023101,-0.018971,-0.097562,-0.237391,-0.010365,0.345747,-0.236680,-0.010976,0.345709,0.000939,0.001801,0.170853,0.166444,0.004409,-0.005564,0.000000,0.001887,0.000000,0.000000,0.000000,0.000000,0.000000,0.000000,0.000000,-0.086127,-0.070752,-0.222457,0.000000,0.000000,-0.077661,-0.061165,0.166444,-0.222846,0.133743,0.113946
106658.072925,split,tool_wrist,tool_tip,follow,blend,local-angle,z,y,z,0.023101,-0.018971,-0.097562,-0.237391,-0.010365,0.345747,-0.237348,-0.010559,0.345659,0.000217,0.000699,0.170818,0.166410,0.004408,-0.005564,0.000000,0.001887,0.000000,0.000000,0.000000,0.000000,0.000000,0.000000,0.000000,-0.081803,-0.068073,-0.223952,0.000000,0.000000,-0.091046,-0.051516,0.166410,-0.224026,0.133483,0.110966
106658.153066,split,tool_wrist,tool_tip,follow,blend,local-angle,z,y,z,0.023093,-0.018971,-0.097566,-0.237396,-0.010365,0.345746,-0.238379,-0.009675,0.345531,0.001220,0.002939,0.170808,0.166410,0.004397,-0.005564,0.000000,0.001887,0.000000,0.000000,0.000000,0.000000,0.000000,0.000000,0.000000,-0.075103,-0.062367,-0.224502,0.000000,0.000000,-0.083565,-0.056115,0.166410,-0.225223,0.129987,0.113523
106658.233311,split,tool_wrist,tool_tip,follow,blend,local-angle,z,y,z,0.023093,-0.018971,-0.097566,-0.237396,-0.010365,0.345746,-0.237833,-0.009671,0.345576,0.000838,0.001099,0.170804,0.166410,0.004394,-0.005564,0.000000,0.001887,0.000000,0.000000,0.000000,0.000000,0.000000,0.000000,0.000000,-0.078635,-0.062348,-0.238793,0.000000,0.000000,-0.073908,-0.073431,0.166410,-0.239502,0.128486,0.114548
106658.313501,split,tool_wrist,tool_tip,follow,blend,local-angle,z,y,z,0.023093,-0.018971,-0.097566,-0.237396,-0.010365,0.345746,-0.237003,-0.010618,0.345707,0.000469,0.001899,0.170803,0.166410,0.004392,-0.005564,0.000000,0.001887,0.000000,0.000000,0.000000,0.000000,0.000000,0.000000,0.000000,-0.084049,-0.068458,-0.241265,0.000000,0.000000,-0.074409,-0.085075,0.166410,-0.241330,0.129577,0.113679
106658.393601,split,tool_wrist,tool_tip,follow,blend,local-angle,z,y,z,0.023093,-0.018971,-0.097566,-0.237396,-0.010365,0.345746,-0.238032,-0.010787,0.345636,0.000771,0.002350,0.170803,0.166410,0.004392,-0.005564,0.000000,0.001887,0.000000,0.000000,0.000000,0.000000,0.000000,0.000000,0.000000,-0.077388,-0.069555,-0.241312,0.000000,0.000000,-0.087183,-0.084075,0.166410,-0.241330,0.129880,0.110978
106658.473825,split,tool_wrist,tool_tip,follow,blend,local-angle,z,y,z,0.023093,-0.018971,-0.097566,-0.237396,-0.010365,0.345746,-0.237657,-0.011164,0.345693,0.000843,0.001847,0.170802,0.166410,0.004392,-0.005564,0.000000,0.001887,0.000000,0.000000,0.000000,0.000000,0.000000,0.000000,0.000000,-0.079828,-0.071990,-0.241327,0.000000,0.000000,-0.073036,-0.073223,0.166410,-0.241330,0.133872,0.113164
106658.554607,split,tool_wrist,tool_tip,follow,blend,local-angle,z,y,z,0.023093,-0.018971,-0.097566,-0.237396,-0.010365,0.345746,-0.236392,-0.010982,0.345786,0.001179,0.002252,0.170802,0.166410,0.004392,-0.005564,0.000000,0.001887,0.000000,0.000000,0.000000,0.000000,0.000000,0.000000,0.000000,-0.088023,-0.070810,-0.241330,0.000000,0.000000,-0.083270,-0.056867,0.166410,-0.241330,0.136474,0.109816
106658.634846,split,tool_wrist,tool_tip,follow,blend,local-angle,z,y,z,0.023093,-0.018971,-0.097566,-0.237396,-0.010365,0.345746,-0.236938,-0.010101,0.345679,0.000532,0.001806,0.170802,0.166410,0.004392,-0.005564,0.000000,0.001887,0.000000,0.000000,0.000000,0.000000,0.000000,0.000000,0.000000,-0.084450,-0.065124,-0.241331,0.000000,0.000000,-0.091655,-0.048997,0.166410,-0.241330,0.134537,0.108516
106658.714939,split,tool_wrist,tool_tip,follow,blend,local-angle,z,y,z,0.023093,-0.018971,-0.097566,-0.237396,-0.010365,0.345746,-0.238545,-0.009566,0.345517,0.001418,0.003106,0.170802,0.166410,0.004392,-0.005564,0.000000,0.001887,0.000000,0.000000,0.000000,0.000000,0.000000,0.000000,0.000000,-0.074026,-0.061668,-0.241331,0.000000,0.000000,-0.080618,-0.058916,0.166410,-0.241330,0.130729,0.112370
106658.795247,split,tool_wrist,tool_tip,follow,blend,local-angle,z,y,z,0.023093,-0.018971,-0.097566,-0.237396,-0.010365,0.345746,-0.237394,-0.009688,0.345614,0.000690,0.000461,0.170802,0.166410,0.004392,-0.005564,0.000000,0.001887,0.000000,0.000000,0.000000,0.000000,0.000000,0.000000,0.000000,-0.081479,-0.062455,-0.241332,0.000000,0.000000,-0.074187,-0.074167,0.166410,-0.241330,0.128442,0.114205
106658.875512,split,tool_wrist,tool_tip,follow,blend,local-angle,z,y,z,0.023093,-0.018971,-0.097566,-0.237396,-0.010365,0.345746,-0.236428,-0.010442,0.345745,0.000971,0.002473,0.170802,0.166410,0.004392,-0.005564,0.000000,0.001887,0.000000,0.000000,0.000000,0.000000,0.000000,0.000000,0.000000,-0.087770,-0.067326,-0.241331,0.000000,0.000000,-0.082533,-0.085524,0.166410,-0.241330,0.128641,0.111868
106658.956178,split,tool_wrist,tool_tip,follow,blend,local-angle,z,y,z,0.023093,-0.018971,-0.097566,-0.237396,-0.010365,0.345746,-0.236664,-0.011188,0.345777,0.001101,0.002224,0.170802,0.166410,0.004392,-0.005564,0.000000,0.001887,0.000000,0.000000,0.000000,0.000000,0.000000,0.000000,0.000000,-0.086265,-0.072145,-0.241331,0.000000,0.000000,-0.090124,-0.071611,0.166410,-0.241330,0.133733,0.108987
106659.036442,split,tool_wrist,tool_tip,follow,blend,local-angle,z,y,z,0.023093,-0.018971,-0.097566,-0.237396,-0.010365,0.345746,-0.238379,-0.011067,0.345630,0.001213,0.002289,0.170802,0.166410,0.004391,-0.005564,0.000000,0.001887,0.000000,0.000000,0.000000,0.000000,0.000000,0.000000,0.000000,-0.075152,-0.071359,-0.241331,0.000000,0.000000,-0.081198,-0.058863,0.166410,-0.241330,0.136356,0.110814
106659.116649,split,tool_wrist,tool_tip,follow,blend,local-angle,z,y,z,0.023093,-0.018971,-0.097566,-0.237396,-0.010365,0.345746,-0.238274,-0.011212,0.345648,0.001224,0.002583,0.170802,0.166410,0.004392,-0.005564,0.000000,0.001887,0.000000,0.000000,0.000000,0.000000,0.000000,0.000000,0.000000,-0.075830,-0.072295,-0.241331,0.000000,0.000000,-0.084538,-0.072537,0.166410,-0.241330,0.134269,0.110521
106659.196967,split,tool_wrist,tool_tip,follow,blend,local-angle,z,y,z,0.023093,-0.018971,-0.097566,-0.237396,-0.010365,0.345746,-0.237827,-0.010833,0.345656,0.000643,0.002161,0.170802,0.166410,0.004392,-0.005564,0.000000,0.001887,0.000000,0.000000,0.000000,0.000000,0.000000,0.000000,0.000000,-0.078714,-0.069849,-0.241331,0.000000,0.000000,-0.088933,-0.083925,0.166410,-0.241330,0.129952,0.110502
106659.277151,split,tool_wrist,tool_tip,follow,blend,local-angle,z,y,z,0.023093,-0.018971,-0.097566,-0.237396,-0.010365,0.345746,-0.236397,-0.010638,0.345761,0.001035,0.002656,0.170802,0.166410,0.004392,-0.005564,0.000000,0.001887,0.000000,0.000000,0.000000,0.000000,0.000000,0.000000,0.000000,-0.087975,-0.068588,-0.241331,0.000000,0.000000,-0.086276,-0.084118,0.166410,-0.241330,0.129285,0.110842
106659.357249,split,tool_wrist,tool_tip,follow,blend,local-angle,z,y,z,0.023093,-0.018971,-0.097566,-0.237396,-0.010365,0.345746,-0.236909,-0.010336,0.345697,0.000490,0.001660,0.170802,0.166410,0.004392,-0.005564,0.000000,0.001887,0.000000,0.000000,0.000000,0.000000,0.000000,0.000000,0.000000,-0.084648,-0.066639,-0.241331,0.000000,0.000000,-0.075490,-0.084367,0.166410,-0.241330,0.128507,0.113680
106659.437654,split,tool_wrist,tool_tip,follow,blend,local-angle,z,y,z,0.023093,-0.018971,-0.097566,-0.237396,-0.010365,0.345746,-0.238078,-0.009977,0.345578,0.000803,0.001442,0.170802,0.166410,0.004392,-0.005564,0.000000,0.001887,0.000000,0.000000,0.000000,0.000000,0.000000,0.000000,0.000000,-0.077061,-0.064322,-0.241331,0.000000,0.000000,-0.075392,-0.082279,0.166410,-0.241330,0.128209,0.114214
106659.517740,split,tool_wrist,tool_tip,follow,blend,local-angle,z,y,z,0.023093,-0.018971,-0.097566,-0.237396,-0.010365,0.345746,-0.238199,-0.009722,0.345553,0.001047,0.001950,0.170802,0.166410,0.004392,-0.005564,0.000000,0.001887,0.000000,0.000000,0.000000,0.000000,0.000000,0.000000,0.000000,-0.076270,-0.062677,-0.241331,0.000000,0.000000,-0.084215,-0.075078,0.166410,-0.241330,0.127968,0.112133
106659.597795,split,tool_wrist,tool_tip,follow,blend,local-angle,z,y,z,0.023093,-0.018971,-0.097566,-0.237396,-0.010365,0.345746,-0.236415,-0.009712,0.345699,0.001179,0.002121,0.170802,0.166410,0.004392,-0.005564,0.000000,0.001887,0.000000,0.000000,0.000000,0.000000,0.000000,0.000000,0.000000,-0.087825,-0.062608,-0.241331,0.000000,0.000000,-0.085423,-0.076097,0.166410,-0.241330,0.127623,0.111494
106659.678183,split,tool_wrist,tool_tip,follow,blend,local-angle,z,y,z,0.023093,-0.018971,-0.097566,-0.237396,-0.010365,0.345746,-0.237792,-0.009712,0.345584,0.000781,0.000817,0.170802,0.166410,0.004392,-0.005564,0.000000,0.001887,0.000000,0.000000,0.000000,0.000000,0.000000,0.000000,0.000000,-0.078906,-0.062608,-0.241332,0.000000,0.000000,-0.073959,-0.075427,0.166410,-0.241330,0.128415,0.114389
106659.758511,split,tool_wrist,tool_tip,follow,blend,local-angle,z,y,z,0.023093,-0.018971,-0.097566,-0.237396,-0.010365,0.345746,-0.236499,-0.010169,0.345721,0.000918,0.002025,0.170802,0.166410,0.004392,-0.005564,0.000000,0.001887,0.000000,0.000000,0.000000,0.000000,0.000000,0.000000,0.000000,-0.087298,-0.065560,-0.241331,0.000000,0.000000,-0.086295,-0.084359,0.166410,-0.241330,0.127725,0.111229
106659.838615,split,tool_wrist,tool_tip,follow,blend,local-angle,z,y,z,0.023093,-0.018971,-0.097566,-0.237396,-0.010365,0.345746,-0.238141,-0.010820,0.345630,0.000881,0.002530,0.170802,0.166410,0.004392,-0.005564,0.000000,0.001887,0.000000,0.000000,0.000000,0.000000,0.000000,0.000000,0.000000,-0.076679,-0.069762,-0.241331,0.000000,0.000000,-0.085943,-0.083909,0.166410,-0.241330,0.130174,0.111238
106659.918713,split,tool_wrist,tool_tip,follow,blend,local-angle,z,y,z,0.023093,-0.018971,-0.097566,-0.237396,-0.010365,0.345746,-0.237982,-0.011215,0.345671,0.001035,0.002010,0.170802,0.166410,0.004391,-0.005564,0.000000,0.001887,0.000000,0.000000,0.000000,0.000000,0.000000,0.000000,0.000000,-0.077725,-0.072316,-0.241331,0.000000,0.000000,-0.073802,-0.069498,0.166410,-0.241330,0.134755,0.112867
106660.029524,split,tool_wrist,tool_tip,follow,blend,local-angle,z,y,z,0.023093,-0.018971,-0.097566,-0.237396,-0.010365,0.345746,-0.238192,-0.009563,0.345543,0.001148,0.002174,0.170802,0.166410,0.004392,-0.005564,0.000000,0.001887,0.000000,0.000000,0.000000,0.000000,0.000000,0.000000,0.000000,-0.076312,-0.061650,-0.241331,0.000000,0.000000,-0.085052,-0.067118,0.166410,-0.241330,0.128684,0.111744
